[tempo2Util.C:396] Warning: [TIM1] Please place MODE flags in the parameter file 
[preProcess.C:158] Warning: PSR J0030+0451 uses DM2+ but does not define DM_SERIES. Assume Taylor. This has behaviour has changed since June 2020!
See https://bitbucket.org/psrsoft/tempo2/issues/27/tempo2-dm-polynomial-is-not-a-taylor

[tempo2Util.C:401] Warning: [DUP1] duplicated warnings have been suppressed.
[preProcess.C:158] Warning: PSR J0030+0451 uses DM2+ but does not define DM_SERIES. Assume Taylor. This has behaviour has changed since June 2020!
See https://bitbucket.org/psrsoft/tempo2/issues/27/tempo2-dm-polynomial-is-not-a-taylor

[preProcess.C:158] Warning: PSR J0034-0534 uses DM2+ but does not define DM_SERIES. Assume Taylor. This has behaviour has changed since June 2020!
See https://bitbucket.org/psrsoft/tempo2/issues/27/tempo2-dm-polynomial-is-not-a-taylor

[preProcess.C:158] Warning: PSR J0218+4232 uses DM2+ but does not define DM_SERIES. Assume Taylor. This has behaviour has changed since June 2020!
See https://bitbucket.org/psrsoft/tempo2/issues/27/tempo2-dm-polynomial-is-not-a-taylor

[preProcess.C:158] Warning: PSR J0437-4715 uses DM2+ but does not define DM_SERIES. Assume Taylor. This has behaviour has changed since June 2020!
See https://bitbucket.org/psrsoft/tempo2/issues/27/tempo2-dm-polynomial-is-not-a-taylor

[preProcess.C:158] Warning: PSR J0613-0200 uses DM2+ but does not define DM_SERIES. Assume Taylor. This has behaviour has changed since June 2020!
See https://bitbucket.org/psrsoft/tempo2/issues/27/tempo2-dm-polynomial-is-not-a-taylor

[preProcess.C:158] Warning: PSR J0621+1002 uses DM2+ but does not define DM_SERIES. Assume Taylor. This has behaviour has changed since June 2020!
See https://bitbucket.org/psrsoft/tempo2/issues/27/tempo2-dm-polynomial-is-not-a-taylor

[preProcess.C:158] Warning: PSR J0711-6830 uses DM2+ but does not define DM_SERIES. Assume Taylor. This has behaviour has changed since June 2020!
See https://bitbucket.org/psrsoft/tempo2/issues/27/tempo2-dm-polynomial-is-not-a-taylor

[preProcess.C:158] Warning: PSR J0751+1807 uses DM2+ but does not define DM_SERIES. Assume Taylor. This has behaviour has changed since June 2020!
See https://bitbucket.org/psrsoft/tempo2/issues/27/tempo2-dm-polynomial-is-not-a-taylor

[preProcess.C:158] Warning: PSR J0900-3144 uses DM2+ but does not define DM_SERIES. Assume Taylor. This has behaviour has changed since June 2020!
See https://bitbucket.org/psrsoft/tempo2/issues/27/tempo2-dm-polynomial-is-not-a-taylor

[preProcess.C:158] Warning: PSR J1012+5307 uses DM2+ but does not define DM_SERIES. Assume Taylor. This has behaviour has changed since June 2020!
See https://bitbucket.org/psrsoft/tempo2/issues/27/tempo2-dm-polynomial-is-not-a-taylor

[preProcess.C:158] Warning: PSR J1022+1001 uses DM2+ but does not define DM_SERIES. Assume Taylor. This has behaviour has changed since June 2020!
See https://bitbucket.org/psrsoft/tempo2/issues/27/tempo2-dm-polynomial-is-not-a-taylor

[preProcess.C:158] Warning: PSR J1024-0719 uses DM2+ but does not define DM_SERIES. Assume Taylor. This has behaviour has changed since June 2020!
See https://bitbucket.org/psrsoft/tempo2/issues/27/tempo2-dm-polynomial-is-not-a-taylor

[preProcess.C:158] Warning: PSR J1045-4509 uses DM2+ but does not define DM_SERIES. Assume Taylor. This has behaviour has changed since June 2020!
See https://bitbucket.org/psrsoft/tempo2/issues/27/tempo2-dm-polynomial-is-not-a-taylor

[preProcess.C:158] Warning: PSR J1455-3330 uses DM2+ but does not define DM_SERIES. Assume Taylor. This has behaviour has changed since June 2020!
See https://bitbucket.org/psrsoft/tempo2/issues/27/tempo2-dm-polynomial-is-not-a-taylor

[preProcess.C:158] Warning: PSR J1600-3053 uses DM2+ but does not define DM_SERIES. Assume Taylor. This has behaviour has changed since June 2020!
See https://bitbucket.org/psrsoft/tempo2/issues/27/tempo2-dm-polynomial-is-not-a-taylor

[preProcess.C:158] Warning: PSR J1603-7202 uses DM2+ but does not define DM_SERIES. Assume Taylor. This has behaviour has changed since June 2020!
See https://bitbucket.org/psrsoft/tempo2/issues/27/tempo2-dm-polynomial-is-not-a-taylor

[preProcess.C:158] Warning: PSR J1614-2230 uses DM2+ but does not define DM_SERIES. Assume Taylor. This has behaviour has changed since June 2020!
See https://bitbucket.org/psrsoft/tempo2/issues/27/tempo2-dm-polynomial-is-not-a-taylor

[preProcess.C:158] Warning: PSR J1640+2224 uses DM2+ but does not define DM_SERIES. Assume Taylor. This has behaviour has changed since June 2020!
See https://bitbucket.org/psrsoft/tempo2/issues/27/tempo2-dm-polynomial-is-not-a-taylor

[preProcess.C:158] Warning: PSR J1643-1224 uses DM2+ but does not define DM_SERIES. Assume Taylor. This has behaviour has changed since June 2020!
See https://bitbucket.org/psrsoft/tempo2/issues/27/tempo2-dm-polynomial-is-not-a-taylor

[preProcess.C:158] Warning: PSR J1713+0747 uses DM2+ but does not define DM_SERIES. Assume Taylor. This has behaviour has changed since June 2020!
See https://bitbucket.org/psrsoft/tempo2/issues/27/tempo2-dm-polynomial-is-not-a-taylor

[preProcess.C:158] Warning: PSR J1730-2304 uses DM2+ but does not define DM_SERIES. Assume Taylor. This has behaviour has changed since June 2020!
See https://bitbucket.org/psrsoft/tempo2/issues/27/tempo2-dm-polynomial-is-not-a-taylor

[preProcess.C:158] Warning: PSR J1744-1134 uses DM2+ but does not define DM_SERIES. Assume Taylor. This has behaviour has changed since June 2020!
See https://bitbucket.org/psrsoft/tempo2/issues/27/tempo2-dm-polynomial-is-not-a-taylor

[preProcess.C:158] Warning: PSR J1857+0943 uses DM2+ but does not define DM_SERIES. Assume Taylor. This has behaviour has changed since June 2020!
See https://bitbucket.org/psrsoft/tempo2/issues/27/tempo2-dm-polynomial-is-not-a-taylor

[preProcess.C:158] Warning: PSR J1909-3744 uses DM2+ but does not define DM_SERIES. Assume Taylor. This has behaviour has changed since June 2020!
See https://bitbucket.org/psrsoft/tempo2/issues/27/tempo2-dm-polynomial-is-not-a-taylor

[preProcess.C:158] Warning: PSR J1918-0642 uses DM2+ but does not define DM_SERIES. Assume Taylor. This has behaviour has changed since June 2020!
See https://bitbucket.org/psrsoft/tempo2/issues/27/tempo2-dm-polynomial-is-not-a-taylor

[preProcess.C:158] Warning: PSR J1939+2134 uses DM2+ but does not define DM_SERIES. Assume Taylor. This has behaviour has changed since June 2020!
See https://bitbucket.org/psrsoft/tempo2/issues/27/tempo2-dm-polynomial-is-not-a-taylor

[preProcess.C:158] Warning: PSR J1944+0907 uses DM2+ but does not define DM_SERIES. Assume Taylor. This has behaviour has changed since June 2020!
See https://bitbucket.org/psrsoft/tempo2/issues/27/tempo2-dm-polynomial-is-not-a-taylor

[preProcess.C:158] Warning: PSR J2010-1323 uses DM2+ but does not define DM_SERIES. Assume Taylor. This has behaviour has changed since June 2020!
See https://bitbucket.org/psrsoft/tempo2/issues/27/tempo2-dm-polynomial-is-not-a-taylor

[preProcess.C:158] Warning: PSR J2124-3358 uses DM2+ but does not define DM_SERIES. Assume Taylor. This has behaviour has changed since June 2020!
See https://bitbucket.org/psrsoft/tempo2/issues/27/tempo2-dm-polynomial-is-not-a-taylor

[preProcess.C:158] Warning: PSR J2129-5721 uses DM2+ but does not define DM_SERIES. Assume Taylor. This has behaviour has changed since June 2020!
See https://bitbucket.org/psrsoft/tempo2/issues/27/tempo2-dm-polynomial-is-not-a-taylor

[preProcess.C:158] Warning: PSR J2145-0750 uses DM2+ but does not define DM_SERIES. Assume Taylor. This has behaviour has changed since June 2020!
See https://bitbucket.org/psrsoft/tempo2/issues/27/tempo2-dm-polynomial-is-not-a-taylor

[preProcess.C:158] Warning: PSR J2229+2643 uses DM2+ but does not define DM_SERIES. Assume Taylor. This has behaviour has changed since June 2020!
See https://bitbucket.org/psrsoft/tempo2/issues/27/tempo2-dm-polynomial-is-not-a-taylor

[preProcess.C:158] Warning: PSR J2317+1439 uses DM2+ but does not define DM_SERIES. Assume Taylor. This has behaviour has changed since June 2020!
See https://bitbucket.org/psrsoft/tempo2/issues/27/tempo2-dm-polynomial-is-not-a-taylor

=== JAX VERSION INFO ===
JAX version: 0.5.3

=== DEVICE INFO ===
Default device: gpu

=== JAX CONFIG SETTINGS ===
eager_constant_folding: False
jax2tf_associative_scan_reductions: False
jax2tf_default_native_serialization: True
jax_array_garbage_collection_guard: None
jax_backend_target: 
jax_bcoo_cusparse_lowering: False
jax_check_proxy_envs: True
jax_check_tracer_leaks: False
jax_compilation_cache_dir: None
jax_compilation_cache_expect_pgle: False
jax_compilation_cache_include_metadata_in_key: False
jax_compilation_cache_max_size: -1
jax_compiler_detailed_logging_min_ops: 10
jax_compiler_enable_remat_pass: True
jax_cpu_collectives_implementation: None
jax_cpu_enable_async_dispatch: True
jax_cpu_enable_gloo_collectives: False
jax_cuda_visible_devices: all
jax_custom_vjp_disable_shape_check: False
jax_data_dependent_tracing_fallback: False
jax_debug_infs: False
jax_debug_key_reuse: False
jax_debug_log_modules: 
jax_debug_nans: False
jax_default_device: None
jax_default_dtype_bits: 64
jax_default_matmul_precision: None
jax_default_prng_impl: threefry2x32
jax_disable_jit: False
jax_disable_most_optimizations: False
jax_disable_vmap_shmap_error: False
jax_disallow_mesh_context_manager: False
jax_distributed_debug: False
jax_dump_ir_to: 
jax_dynamic_shapes: False
jax_eager_pmap: True
jax_enable_checks: False
jax_enable_compilation_cache: True
jax_enable_custom_prng: False
jax_enable_custom_vjp_by_custom_transpose: False
jax_enable_empty_arrays: False
jax_enable_pgle: False
jax_enable_x64: True
jax_exec_time_optimization_effort: 0.0
jax_experimental_unsafe_xla_runtime_errors: False
jax_explain_cache_misses: False
jax_export_calling_convention_version: 9
jax_export_ignore_forward_compatibility: False
jax_high_dynamic_range_gumbel: False
jax_hlo_source_file_canonicalization_regex: None
jax_include_debug_info_in_dumps: True
jax_include_full_tracebacks_in_locations: True
jax_legacy_prng_key: allow
jax_log_checkpoint_residuals: False
jax_log_compiles: False
jax_logging_level: NOTSET
jax_memory_fitting_effort: 0.0
jax_memory_fitting_level: UNKNOWN
jax_mock_gpu_topology: 
jax_mutable_array_checks: False
jax_no_tracing: False
jax_num_cpu_devices: -1
jax_numpy_dtype_promotion: standard
jax_numpy_rank_promotion: allow
jax_optimization_level: UNKNOWN
jax_persistent_cache_enable_xla_caches: xla_gpu_per_fusion_autotune_cache_dir
jax_persistent_cache_min_compile_time_secs: 1.0
jax_persistent_cache_min_entry_size_bytes: 0
jax_pgle_aggregation_percentile: 90
jax_pgle_profiling_runs: 3
jax_pjrt_client_create_options: None
jax_platform_name: 
jax_platforms: None
jax_pmap_no_rank_reduction: True
jax_pmap_shmap_merge: False
jax_pprint_use_color: True
jax_raise_persistent_cache_errors: False
jax_random_seed_offset: 0
jax_remat_opt_barrier: True
jax_remove_custom_partitioning_ptr_from_cache_key: False
jax_rocm_visible_devices: all
jax_serialization_version: 0
jax_share_binary_between_hosts: False
jax_share_binary_between_hosts_timeout_ms: 1200000
jax_softmax_custom_jvp: False
jax_spmd_mode: allow_jit
jax_threefry_gpu_kernel_lowering: False
jax_threefry_partitionable: True
jax_traceback_filtering: auto
jax_traceback_in_locations_limit: 10
jax_tracer_error_num_traceback_frames: 5
jax_transfer_guard: None
jax_transfer_guard_device_to_device: None
jax_transfer_guard_device_to_host: None
jax_transfer_guard_host_to_device: None
jax_use_direct_linearize: False
jax_use_magma: auto
jax_use_shardy_partitioner: False
jax_varying_axes_in_types: False
jax_xla_backend: 
jax_xla_profile_version: 0
mock_num_gpu_processes: 0

JAX GPU acceleration is AVAILABLE!
GPU devices: [CudaDevice(id=0)]
-----------------------------------------------
Timespan: 14.957676828928976 years
Average cadence: 29.99753869537954 days
Getting the data. Loading 33 pulsars from ../data/IPTA_MockDataChallenge2/dataset_1b/
Timespan: 14.957676828928976 years
Average cadence: 29.99753869537954 days
J0030+0451 205.53069593846152
Timespan: 14.96402717264457 years
Average cadence: 30.010274274809166 days
J0034-0534 532.7134293952242
Timespan: 14.954550643158557 years
Average cadence: 29.99126914699381 days
J0218+4232 430.46105454575843
Timespan: 14.962514096871661 years
Average cadence: 30.0072398096602 days
J0437-4715 173.68794573751967
Timespan: 14.962670146186571 years
Average cadence: 30.00755276570384 days
J0613-0200 326.60056202349193
Timespan: 14.959550902330289 years
Average cadence: 30.001297139288766 days
J0621+1002 34.65740662142043
Timespan: 14.95891260121387 years
Average cadence: 30.00001702990694 days
J0711-6830 182.1172346472276
Timespan: 14.962043408002845 years
Average cadence: 30.006295845719993 days
J0751+1807 287.4578539950941
Timespan: 14.953947124000674 years
Average cadence: 29.990058792638717 days
J0900-3144 90.01184191936728
Timespan: 14.959802688931948 years
Average cadence: 30.00180209593495 days
J1012+5307 190.26783444155498
Timespan: 14.953730788380255 years
Average cadence: 29.98962493274062 days
J1022+1001 60.77944795669458
Timespan: 14.954078759076086 years
Average cadence: 29.990322786059185 days
J1024-0719 193.71568344854623
Timespan: 14.961219228341578 years
Average cadence: 30.00464295793778 days
J1045-4509 133.79314954119278
Timespan: 14.962116483107367 years
Average cadence: 30.006442397440598 days
J1455-3330 125.20024324499536
Timespan: 14.965494977535087 years
Average cadence: 30.013217949452233 days
J1600-3053 277.93770698961544
Timespan: 14.95665290628149 years
Average cadence: 29.995485224135955 days
J1603-7202 67.37658112877924
Timespan: 14.95892718052607 years
Average cadence: 30.00004626863745 days
J1614-2230 317.37893706872126
Timespan: 14.951574663087294 years
Average cadence: 29.985300835312433 days
J1640+2224 316.1239793318562
Timespan: 14.959757189825003 years
Average cadence: 30.001710847725967 days
J1643-1224 216.37333714263337
Timespan: 14.95860191225065 years
Average cadence: 29.99939394489828 days
J1713+0747 218.81184041715784
Timespan: 14.95601130433826 years
Average cadence: 29.994198494964092 days
J1730-2304 123.1102871473716
Timespan: 14.959452511327482 years
Average cadence: 30.001099816673246 days
J1744-1134 245.4261196898099
Timespan: 14.958782957192183 years
Average cadence: 29.99975702953377 days
J1857+0943 186.49407837798236
Timespan: 14.954082029214945 years
Average cadence: 29.990329344304698 days
J1909-3744 339.3156872184855
Timespan: 14.955715626613342 years
Average cadence: 29.993605514911373 days
J1918-0642 130.78951412337267
Timespan: 14.959304686063108 years
Average cadence: 30.00080335391777 days
J1939+2134 641.9282245822369
Timespan: 14.958123947137024 years
Average cadence: 29.998435388489085 days
J1944+0907 192.85651792018598
Timespan: 14.958125564966723 years
Average cadence: 29.99843863303766 days
J2010-1323 191.45090909263828
Timespan: 14.958654372444466 years
Average cadence: 29.999499153528735 days
J2124-3358 202.7938937460303
Timespan: 14.957290564648092 years
Average cadence: 29.99676404448656 days
J2129-5721 268.3592272938659
Timespan: 14.959160569811218 years
Average cadence: 30.000514329566457 days
J2145-0750 62.29588783738885
Timespan: 14.957813700870593 years
Average cadence: 29.99781319130641 days
J2229+2643 335.8162081968717
Timespan: 14.958736151822867 years
Average cadence: 29.99966316162278 days
J2317+1439 290.25460366486976
Shape of the hd_correlation_matrix is  (33, 33)
Total length of the data is  3019
Total number of pulsars is  33
Got the data
The number of pulsars is: 33
The frequencies are: [205.53069594 532.7134294  430.46105455 173.68794574 326.60056202
  34.65740662 182.11723465 287.457854    90.01184192 190.26783444
  60.77944796 193.71568345 133.79314954 125.20024324 277.93770699
  67.37658113 317.37893707 316.12397933 216.37333714 218.81184042
 123.11028715 245.42611969 186.49407838 339.31568722 130.78951412
 641.92822458 192.85651792 191.45090909 202.79389375 268.35922729
  62.29588784 335.8162082  290.25460366]
Initialized the model
HD matrix before the intialization is  (33, 33)
(33, 33)
(33, 33)
(66, 66)
Initialized the Kalman filter
Precomputing the observation matrices
This might take a few seconds, but only needs to be done once.
dt for the first 5 timesteps is: [ 5563.41197586 32399.22021103  8506.6115427   4760.21435547
   298.50439262]
-------------------------------------------
dt_idx: 0, pulsar: 1, dt: 168453.36527544347, is_first_obs: True
This is the update step.
log_likelihood: [[-2.82104612]], y: [[2.53170627e-06]], cov: [[44.89000565]]
-------------------------------------------
dt_idx: 1, pulsar: 4, dt: 168453.42966678579, is_first_obs: True
This is the update step.
log_likelihood: [[-2.82104618]], y: [[-2.34266825e-06]], cov: [[44.89001088]]
-------------------------------------------
dt_idx: 2, pulsar: 14, dt: 168453.80465776045, is_first_obs: True
This is the update step.
log_likelihood: [[-2.82104625]], y: [[1.14138913e-06]], cov: [[44.89001738]]
-------------------------------------------
dt_idx: 3, pulsar: 10, dt: 168453.90311391256, is_first_obs: True
This is the update step.
log_likelihood: [[-2.82104618]], y: [[3.53368951e-06]], cov: [[44.89001076]]
-------------------------------------------
dt_idx: 4, pulsar: 13, dt: 168453.95820898612, is_first_obs: True
This is the update step.
log_likelihood: [[-2.82104619]], y: [[-7.05108606e-06]], cov: [[44.89001215]]
-------------------------------------------
dt_idx: 5, pulsar: 7, dt: 168453.96166389808, is_first_obs: True
This is the update step.
log_likelihood: [[-2.82104617]], y: [[3.88178079e-06]], cov: [[44.89000977]]
-------------------------------------------
dt_idx: 6, pulsar: 3, dt: 168453.99185643345, is_first_obs: True
This is the update step.
log_likelihood: [[-2.82104631]], y: [[-1.6576224e-07]], cov: [[44.89002232]]
-------------------------------------------
dt_idx: 7, pulsar: 6, dt: 168454.36160796368, is_first_obs: True
This is the update step.
log_likelihood: [[-2.82104612]], y: [[7.46916366e-06]], cov: [[44.89000584]]
-------------------------------------------
dt_idx: 8, pulsar: 30, dt: 168454.3807450261, is_first_obs: True
This is the update step.
log_likelihood: [[-2.82104613]], y: [[-4.6812443e-06]], cov: [[44.89000629]]
-------------------------------------------
dt_idx: 9, pulsar: 18, dt: 168454.43299978913, is_first_obs: True
This is the update step.
log_likelihood: [[-2.82104616]], y: [[2.31818872e-06]], cov: [[44.89000898]]
-------------------------------------------
dt_idx: 10, pulsar: 22, dt: 168454.46693378422, is_first_obs: True
This is the update step.
log_likelihood: [[-2.82104618]], y: [[-2.64704644e-06]], cov: [[44.89001046]]
-------------------------------------------
dt_idx: 11, pulsar: 12, dt: 168454.48307705202, is_first_obs: True
This is the update step.
log_likelihood: [[-2.82104615]], y: [[-4.5687053e-06]], cov: [[44.89000839]]
-------------------------------------------
dt_idx: 12, pulsar: 26, dt: 168454.71758544107, is_first_obs: True
This is the update step.
log_likelihood: [[-2.82104613]], y: [[4.77983801e-07]], cov: [[44.89000589]]
-------------------------------------------
dt_idx: 13, pulsar: 5, dt: 168454.73064407488, is_first_obs: True
This is the update step.
log_likelihood: [[-2.82104615]], y: [[1.88771091e-05]], cov: [[44.8900081]]
-------------------------------------------
dt_idx: 14, pulsar: 16, dt: 168454.74741689707, is_first_obs: True
This is the update step.
log_likelihood: [[-2.82104629]], y: [[-2.91749044e-06]], cov: [[44.89002053]]
-------------------------------------------
dt_idx: 15, pulsar: 19, dt: 168454.75535599477, is_first_obs: True
This is the update step.
log_likelihood: [[-2.82104617]], y: [[-1.85760968e-06]], cov: [[44.89000975]]
-------------------------------------------
dt_idx: 16, pulsar: 28, dt: 168454.89589746925, is_first_obs: True
This is the update step.
log_likelihood: [[-2.82104614]], y: [[7.5494865e-06]], cov: [[44.89000725]]
-------------------------------------------
dt_idx: 17, pulsar: 32, dt: 168454.98182046422, is_first_obs: True
This is the update step.
log_likelihood: [[-2.82104613]], y: [[-1.77619307e-06]], cov: [[44.89000605]]
-------------------------------------------
dt_idx: 18, pulsar: 31, dt: 168455.1666593083, is_first_obs: True
This is the update step.
log_likelihood: [[-2.82104618]], y: [[-4.82064464e-05]], cov: [[44.89001038]]
-------------------------------------------
dt_idx: 19, pulsar: 23, dt: 168455.18680655115, is_first_obs: True
This is the update step.
log_likelihood: [[-2.82104622]], y: [[8.08006289e-07]], cov: [[44.89001443]]
-------------------------------------------
dt_idx: 20, pulsar: 25, dt: 168455.19721190236, is_first_obs: True
This is the update step.
log_likelihood: [[-2.82104613]], y: [[7.49907856e-07]], cov: [[44.89000602]]
-------------------------------------------
dt_idx: 21, pulsar: 9, dt: 168455.20964767103, is_first_obs: True
This is the update step.
log_likelihood: [[-2.82104616]], y: [[7.11836848e-06]], cov: [[44.89000925]]
-------------------------------------------
dt_idx: 22, pulsar: 15, dt: 168455.2649530909, is_first_obs: True
This is the update step.
log_likelihood: [[-2.82104616]], y: [[-1.65027488e-06]], cov: [[44.89000924]]
-------------------------------------------
dt_idx: 23, pulsar: 21, dt: 168455.2834871747, is_first_obs: True
This is the update step.
log_likelihood: [[-2.82104614]], y: [[9.48795142e-07]], cov: [[44.89000723]]
-------------------------------------------
dt_idx: 24, pulsar: 27, dt: 168455.4631973559, is_first_obs: True
This is the update step.
log_likelihood: [[-2.82104613]], y: [[2.15164149e-06]], cov: [[44.89000607]]
-------------------------------------------
dt_idx: 25, pulsar: 17, dt: 168455.66777039712, is_first_obs: True
This is the update step.
log_likelihood: [[-2.82104619]], y: [[-7.2674772e-06]], cov: [[44.89001147]]
-------------------------------------------
dt_idx: 26, pulsar: 8, dt: 168455.8747361124, is_first_obs: True
This is the update step.
log_likelihood: [[-2.82104618]], y: [[-1.01558605e-05]], cov: [[44.89001066]]
-------------------------------------------
dt_idx: 27, pulsar: 29, dt: 168455.89111236908, is_first_obs: True
This is the update step.
log_likelihood: [[-2.82104619]], y: [[-6.20467856e-06]], cov: [[44.89001157]]
-------------------------------------------
dt_idx: 28, pulsar: 20, dt: 168455.921335437, is_first_obs: True
This is the update step.
log_likelihood: [[-2.82104617]], y: [[6.89165195e-06]], cov: [[44.89001031]]
-------------------------------------------
dt_idx: 29, pulsar: 2, dt: 168456.09848761605, is_first_obs: True
This is the update step.
log_likelihood: [[-2.82104616]], y: [[1.38842867e-05]], cov: [[44.89000926]]
-------------------------------------------
dt_idx: 30, pulsar: 0, dt: 168456.17423126954, is_first_obs: True
This is the update step.
log_likelihood: [[-2.82104609]], y: [[-4.41271714e-07]], cov: [[44.89000302]]
-------------------------------------------
dt_idx: 31, pulsar: 24, dt: 168456.20633433826, is_first_obs: True
This is the update step.
log_likelihood: [[-2.82104617]], y: [[5.44316093e-06]], cov: [[44.89001005]]
-------------------------------------------
dt_idx: 32, pulsar: 11, dt: 168456.45091144825, is_first_obs: True
This is the update step.
log_likelihood: [[-2.8210461]], y: [[2.44955907e-06]], cov: [[44.89000346]]
-------------------------------------------
dt_idx: 33, pulsar: 4, dt: 29.599006543987326, is_first_obs: False
This is the predict step. Some useful numbers are surfaced below.
Max variance at index 74: 63752758349.48119
Pp max index: 74, value: 63752758349.48119
Pp max diag: 63752758349.48119
Pp eigs: [1.00000001e-02 1.00000001e-02 1.00000001e-02 6.52336001e+02
 6.37527583e+10]
This is the update step.
log_likelihood: [[-7.56992272]], y: [[-8.39781595e-06]], cov: [[598372.2729934]]
-------------------------------------------
dt_idx: 34, pulsar: 19, dt: 28.574082758172793, is_first_obs: False
This is the predict step. Some useful numbers are surfaced below.
Max variance at index 104: 59466486382.81678
Pp max index: 104, value: 59466486382.81678
Pp max diag: 59466486382.81678
Pp eigs: [1.00000001e-02 4.19994794e+01 6.07995153e+02 7.42856047e+07
 5.94664864e+10]
This is the update step.
log_likelihood: [[-7.93532848]], y: [[-4.49059219e-07]], cov: [[1242678.75205917]]
-------------------------------------------
dt_idx: 35, pulsar: 3, dt: 29.60819156917157, is_first_obs: False
This is the predict step. Some useful numbers are surfaced below.
Max variance at index 72: 63791827316.72889
Pp max index: 72, value: 63791827316.72889
Pp max diag: 63791827316.72889
Pp eigs: [4.19994804e+01 6.52740407e+02 3.12433842e+07 7.42856047e+07
 6.37918273e+10]
This is the update step.
log_likelihood: [[-8.20128865]], y: [[-4.7428729e-08]], cov: [[2115285.2509342]]
-------------------------------------------
dt_idx: 36, pulsar: 16, dt: 29.029946929293647, is_first_obs: False
This is the predict step. Some useful numbers are surfaced below.
Max variance at index 98: 61354980344.19198
Pp max index: 98, value: 61354980344.19198
Pp max diag: 61354980344.19198
Pp eigs: [6.27524819e+02 2.10394370e+07 3.12433842e+07 7.42856047e+07
 6.13549803e+10]
This is the update step.
log_likelihood: [[-7.57936484]], y: [[-5.87914723e-06]], cov: [[609779.45429944]]
-------------------------------------------
dt_idx: 37, pulsar: 9, dt: 28.833528561581062, is_first_obs: False
This is the predict step. Some useful numbers are surfaced below.
Max variance at index 84: 60537756093.92266
Pp max index: 84, value: 60537756093.92266
Pp max diag: 60537756093.92266
Pp eigs: [2.10394370e+07 3.12433842e+07 6.76578316e+07 7.42856047e+07
 6.05377561e+10]
This is the update step.
log_likelihood: [[-8.08397082]], y: [[-3.89907164e-06]], cov: [[1672892.26175555]]
-------------------------------------------
dt_idx: 38, pulsar: 20, dt: 28.15844760324116, is_first_obs: False
This is the predict step. Some useful numbers are surfaced below.
Max variance at index 106: 57769740993.59727
Pp max index: 106, value: 57769740993.59727
Pp max diag: 57769740993.59727
Pp eigs: [2.40277004e+07 3.12433842e+07 6.76578316e+07 7.42856047e+07
 5.77697410e+10]
This is the update step.
log_likelihood: [[-8.49580675]], y: [[-8.41462165e-08]], cov: [[3812274.08354849]]
-------------------------------------------
dt_idx: 39, pulsar: 21, dt: 28.875096220318916, is_first_obs: False
This is the predict step. Some useful numbers are surfaced below.
Max variance at index 108: 60710258238.19848
Pp max index: 108, value: 60710258238.19848
Pp max diag: 60710258238.19848
Pp eigs: [2.40277004e+07 3.12433842e+07 6.76578316e+07 7.42856047e+07
 6.07102582e+10]
This is the update step.
log_likelihood: [[-7.83096198]], y: [[-4.00291823e-07]], cov: [[1008572.87799546]]
-------------------------------------------
dt_idx: 40, pulsar: 31, dt: 28.997163623571396, is_first_obs: False
This is the predict step. Some useful numbers are surfaced below.
Max variance at index 128: 61218209856.79873
Pp max index: 128, value: 61218209856.79873
Pp max diag: 61218209856.79873
Pp eigs: [3.12433842e+07 4.00746602e+07 6.76578316e+07 7.42856047e+07
 6.12182099e+10]
This is the update step.
log_likelihood: [[-7.52184744]], y: [[-2.5352568e-05]], cov: [[543517.84583241]]
-------------------------------------------
dt_idx: 41, pulsar: 10, dt: 30.388335236785586, is_first_obs: False
This is the predict step. Some useful numbers are surfaced below.
Max variance at index 86: 67152722897.91832
Pp max index: 86, value: 67152722897.91832
Pp max diag: 67152722897.91832
Pp eigs: [4.00746602e+07 6.76578316e+07 7.42856047e+07 7.55775387e+07
 6.71527229e+10]
This is the update step.
log_likelihood: [[-9.27682463]], y: [[5.96689668e-06]], cov: [[18178900.93370531]]
-------------------------------------------
dt_idx: 42, pulsar: 27, dt: 28.85091376249437, is_first_obs: False
This is the predict step. Some useful numbers are surfaced below.
Max variance at index 120: 60609874051.648315
Pp max index: 120, value: 60609874051.648315
Pp max diag: 60609874051.648315
Pp eigs: [4.00746602e+07 6.76578316e+07 7.42856047e+07 7.55775387e+07
 6.06098741e+10]
This is the update step.
log_likelihood: [[-8.07836988]], y: [[3.14774119e-06]], cov: [[1654257.29144805]]
-------------------------------------------
dt_idx: 43, pulsar: 8, dt: 28.60010075914639, is_first_obs: False
This is the predict step. Some useful numbers are surfaced below.
Max variance at index 82: 59573495875.2609
Pp max index: 82, value: 59573495875.2609
Pp max diag: 59573495875.2609
Pp eigs: [4.00746602e+07 6.76578316e+07 7.42856047e+07 7.55775387e+07
 5.95734959e+10]
This is the update step.
log_likelihood: [[-8.82428007]], y: [[-1.70138822e-05]], cov: [[7353471.51981242]]
-------------------------------------------
dt_idx: 44, pulsar: 32, dt: 29.581188941608975, is_first_obs: False
This is the predict step. Some useful numbers are surfaced below.
Max variance at index 130: 63677003521.42529
Pp max index: 130, value: 63677003521.42529
Pp max diag: 63677003521.42529
Pp eigs: [4.00746602e+07 6.76578316e+07 7.42856047e+07 7.55775387e+07
 6.36770035e+10]
This is the update step.
log_likelihood: [[-7.68718521]], y: [[2.11808387e-06]], cov: [[756526.8931181]]
-------------------------------------------
dt_idx: 45, pulsar: 18, dt: 30.163483481981135, is_first_obs: False
This is the predict step. Some useful numbers are surfaced below.
Max variance at index 102: 66175434812.32905
Pp max index: 102, value: 66175434812.32905
Pp max diag: 66175434812.32905
Pp eigs: [5.86202468e+07 6.76578316e+07 7.42856047e+07 7.55775387e+07
 6.61754348e+10]
This is the update step.
log_likelihood: [[-7.99997623]], y: [[4.9550961e-06]], cov: [[1414201.1695141]]
-------------------------------------------
dt_idx: 46, pulsar: 0, dt: 28.431266750306992, is_first_obs: False
This is the predict step. Some useful numbers are surfaced below.
Max variance at index 66: 58880768713.04141
Pp max index: 66, value: 58880768713.04141
Pp max diag: 58880768713.04141
Pp eigs: [5.86202468e+07 6.76578316e+07 7.42856047e+07 7.55775387e+07
 5.88807687e+10]
This is the update step.
log_likelihood: [[-7.9929653]], y: [[7.01041944e-06]], cov: [[1394509.81654333]]
-------------------------------------------
dt_idx: 47, pulsar: 13, dt: 30.72002787031509, is_first_obs: False
This is the predict step. Some useful numbers are surfaced below.
Max variance at index 92: 68607107017.14088
Pp max index: 92, value: 68607107017.14088
Pp max diag: 68607107017.14088
Pp eigs: [5.86202468e+07 6.76578316e+07 7.42856047e+07 7.55775387e+07
 6.86071070e+10]
This is the update step.
log_likelihood: [[-8.5649405]], y: [[-6.6302238e-06]], cov: [[4377568.26286553]]
-------------------------------------------
dt_idx: 48, pulsar: 17, dt: 29.105985183384682, is_first_obs: False
This is the predict step. Some useful numbers are surfaced below.
Max variance at index 100: 61672781075.48992
Pp max index: 100, value: 61672781075.48992
Pp max diag: 61672781075.48992
Pp eigs: [5.86202468e+07 6.76578316e+07 7.42856047e+07 7.55775387e+07
 6.16727811e+10]
This is the update step.
log_likelihood: [[-7.58590547]], y: [[-2.53063274e-06]], cov: [[617808.53548745]]
-------------------------------------------
dt_idx: 49, pulsar: 25, dt: 29.790498709380625, is_first_obs: False
This is the predict step. Some useful numbers are surfaced below.
Max variance at index 116: 64569691461.21851
Pp max index: 116, value: 64569691461.21851
Pp max diag: 64569691461.21851
Pp eigs: [6.74526244e+07 6.76578316e+07 7.42856047e+07 7.55775387e+07
 6.45696915e+10]
This is the update step.
log_likelihood: [[-6.90221423]], y: [[2.53438143e-07]], cov: [[157400.91024762]]
-------------------------------------------
dt_idx: 50, pulsar: 22, dt: 30.53446124807552, is_first_obs: False
This is the predict step. Some useful numbers are surfaced below.
Max variance at index 110: 67791577879.8517
Pp max index: 110, value: 67791577879.8517
Pp max diag: 67791577879.8517
Pp eigs: [6.76578316e+07 7.42856047e+07 7.55775387e+07 2.89489004e+08
 6.77915779e+10]
This is the update step.
log_likelihood: [[-8.1605805]], y: [[-1.90390333e-06]], cov: [[1949890.79243811]]
-------------------------------------------
dt_idx: 51, pulsar: 26, dt: 30.297148875825933, is_first_obs: False
This is the predict step. Some useful numbers are surfaced below.
Max variance at index 118: 66755552988.02989
Pp max index: 118, value: 66755552988.02989
Pp max diag: 66755552988.02989
Pp eigs: [6.76578316e+07 7.42856047e+07 7.55775387e+07 2.89489004e+08
 6.67555530e+10]
This is the update step.
log_likelihood: [[-8.11934657]], y: [[2.09198335e-05]], cov: [[1795539.45666227]]
-------------------------------------------
dt_idx: 52, pulsar: 7, dt: 31.094154511866744, is_first_obs: False
This is the predict step. Some useful numbers are surfaced below.
Max variance at index 80: 70265742790.97118
Pp max index: 80, value: 70265742790.97118
Pp max diag: 70265742790.97118
Pp eigs: [6.76578316e+07 7.42856047e+07 7.55775387e+07 2.89489004e+08
 7.02657428e+10]
This is the update step.
log_likelihood: [[-7.74608683]], y: [[9.0446409e-06]], cov: [[851109.93820531]]
-------------------------------------------
dt_idx: 53, pulsar: 14, dt: 31.255274952926015, is_first_obs: False
This is the predict step. Some useful numbers are surfaced below.
Max variance at index 94: 70985982650.71223
Pp max index: 94, value: 70985982650.71223
Pp max diag: 70985982650.71223
Pp eigs: [6.76578316e+07 7.42856047e+07 7.55775387e+07 2.89489004e+08
 7.09859827e+10]
This is the update step.
log_likelihood: [[-7.78483563]], y: [[2.64751954e-06]], cov: [[919692.07313357]]
-------------------------------------------
dt_idx: 54, pulsar: 29, dt: 29.17684776153829, is_first_obs: False
This is the predict step. Some useful numbers are surfaced below.
Max variance at index 124: 61969670300.25732
Pp max index: 124, value: 61969670300.25732
Pp max diag: 61969670300.25732
Pp eigs: [6.76578316e+07 7.42856047e+07 7.55775387e+07 2.89489004e+08
 6.19696703e+10]
This is the update step.
log_likelihood: [[-7.75196176]], y: [[3.55739566e-06]], cov: [[861169.3533889]]
-------------------------------------------
dt_idx: 55, pulsar: 24, dt: 28.86197750377434, is_first_obs: False
This is the predict step. Some useful numbers are surfaced below.
Max variance at index 114: 60655790877.22397
Pp max index: 114, value: 60655790877.22397
Pp max diag: 60655790877.22397
Pp eigs: [6.76578316e+07 7.42856047e+07 7.55775387e+07 2.89489004e+08
 6.06557909e+10]
This is the update step.
log_likelihood: [[-8.45968353]], y: [[1.26498566e-06]], cov: [[3546564.63869955]]
-------------------------------------------
dt_idx: 56, pulsar: 12, dt: 30.619375376116345, is_first_obs: False
This is the predict step. Some useful numbers are surfaced below.
Max variance at index 90: 68164170016.863464
Pp max index: 90, value: 68164170016.863464
Pp max diag: 68164170016.863464
Pp eigs: [6.76578316e+07 7.42856047e+07 7.55775387e+07 2.89489004e+08
 6.81641700e+10]
This is the update step.
log_likelihood: [[-8.49533357]], y: [[1.36479951e-05]], cov: [[3808668.00651201]]
-------------------------------------------
dt_idx: 57, pulsar: 23, dt: 30.24658997564404, is_first_obs: False
This is the predict step. Some useful numbers are surfaced below.
Max variance at index 112: 66535833625.98356
Pp max index: 112, value: 66535833625.98356
Pp max diag: 66535833625.98356
Pp eigs: [6.76578316e+07 7.42856047e+07 7.55775387e+07 2.89489004e+08
 6.65358336e+10]
This is the update step.
log_likelihood: [[-7.55313866]], y: [[9.95592232e-07]], cov: [[578619.43288288]]
-------------------------------------------
dt_idx: 58, pulsar: 5, dt: 30.741770854106655, is_first_obs: False
This is the predict step. Some useful numbers are surfaced below.
Max variance at index 76: 68702973744.24331
Pp max index: 76, value: 68702973744.24331
Pp max diag: 68702973744.24331
Pp eigs: [7.42856047e+07 7.55775387e+07 8.34889820e+07 2.89489004e+08
 6.87029737e+10]
This is the update step.
log_likelihood: [[-9.84996278]], y: [[-6.4532785e-07]], cov: [[57199086.7856198]]
-------------------------------------------
dt_idx: 59, pulsar: 28, dt: 30.64462559260704, is_first_obs: False
This is the predict step. Some useful numbers are surfaced below.
Max variance at index 122: 68275156358.70391
Pp max index: 122, value: 68275156358.70391
Pp max diag: 68275156358.70391
Pp eigs: [7.42856047e+07 7.55775387e+07 8.34889820e+07 2.89489004e+08
 6.82751564e+10]
This is the update step.
log_likelihood: [[-8.08037831]], y: [[1.20314549e-05]], cov: [[1660915.57120014]]
-------------------------------------------
dt_idx: 60, pulsar: 30, dt: 31.20792509373691, is_first_obs: False
This is the predict step. Some useful numbers are surfaced below.
Max variance at index 126: 70773948891.32735
Pp max index: 126, value: 70773948891.32735
Pp max diag: 70773948891.32735
Pp eigs: [7.42856047e+07 7.55775387e+07 8.34889820e+07 2.89489004e+08
 7.07739489e+10]
This is the update step.
log_likelihood: [[-9.27844263]], y: [[-6.37843054e-06]], cov: [[18237823.3222525]]
-------------------------------------------
dt_idx: 61, pulsar: 1, dt: 32.713256992465915, is_first_obs: False
This is the predict step. Some useful numbers are surfaced below.
Max variance at index 68: 77665646624.62556
Pp max index: 68, value: 77665646624.62556
Pp max diag: 77665646624.62556
Pp eigs: [7.42856047e+07 7.55775387e+07 8.34889820e+07 2.89489004e+08
 7.76656466e+10]
This is the update step.
log_likelihood: [[-7.18032938]], y: [[-6.1290421e-06]], cov: [[274520.62842232]]
-------------------------------------------
dt_idx: 62, pulsar: 11, dt: 29.737024936918857, is_first_obs: False
This is the predict step. Some useful numbers are surfaced below.
Max variance at index 88: 64341054895.703186
Pp max index: 88, value: 64341054895.703186
Pp max diag: 64341054895.703186
Pp eigs: [7.55775387e+07 8.34889820e+07 2.38073724e+08 2.89489004e+08
 6.43410549e+10]
This is the update step.
log_likelihood: [[-8.09648393]], y: [[7.52411248e-06]], cov: [[1715286.70041167]]
-------------------------------------------
dt_idx: 63, pulsar: 6, dt: 32.26584431078699, is_first_obs: False
This is the predict step. Some useful numbers are surfaced below.
Max variance at index 78: 75584815410.40103
Pp max index: 78, value: 75584815410.40103
Pp max diag: 75584815410.40103
Pp eigs: [7.55775387e+07 8.34889820e+07 2.38073724e+08 2.89489004e+08
 7.55848154e+10]
This is the update step.
log_likelihood: [[-8.23872838]], y: [[-3.85725686e-06]], cov: [[2279757.64284396]]
-------------------------------------------
dt_idx: 64, pulsar: 2, dt: 30.902155191147767, is_first_obs: False
This is the predict step. Some useful numbers are surfaced below.
Max variance at index 70: 69412134215.61113
Pp max index: 70, value: 69412134215.61113
Pp max diag: 69412134215.61113
Pp eigs: [7.55775387e+07 8.34889820e+07 2.38073724e+08 2.89489004e+08
 6.94121342e+10]
This is the update step.
log_likelihood: [[-7.33675331]], y: [[2.51578191e-06]], cov: [[375355.75975861]]
-------------------------------------------
dt_idx: 65, pulsar: 15, dt: 31.762889945462895, is_first_obs: False
This is the predict step. Some useful numbers are surfaced below.
Max variance at index 96: 73278464831.37816
Pp max index: 96, value: 73278464831.37816
Pp max diag: 73278464831.37816
Pp eigs: [8.34889820e+07 1.39775342e+08 2.38073724e+08 2.89489004e+08
 7.32784648e+10]
This is the update step.
log_likelihood: [[-9.21743199]], y: [[-8.00244384e-06]], cov: [[16142836.07792261]]
-------------------------------------------
dt_idx: 66, pulsar: 8, dt: 27.97954183299232, is_first_obs: False
This is the predict step. Some useful numbers are surfaced below.
Max variance at index 116: 289488388.1205265
Pp max index: 116, value: 289488388.1205265
Pp max diag: 289488388.1205265
Pp eigs: [7.55775387e+07 8.34889820e+07 1.39775342e+08 2.38073724e+08
 2.89489004e+08]
This is the update step.
log_likelihood: [[-3.60814552]], y: [[2.69312034e-05]], cov: [[216.67834469]]
-------------------------------------------
dt_idx: 67, pulsar: 3, dt: 29.30489022871962, is_first_obs: False
This is the predict step. Some useful numbers are surfaced below.
Max variance at index 116: 289488388.1205265
Pp max index: 116, value: 289488388.1205265
Pp max diag: 289488388.1205265
Pp eigs: [8.12284410e+07 8.34889820e+07 1.39775342e+08 2.38073724e+08
 2.89489004e+08]
This is the update step.
log_likelihood: [[-3.61238563]], y: [[3.25760428e-07]], cov: [[218.52363892]]
-------------------------------------------
dt_idx: 68, pulsar: 24, dt: 27.966222300176266, is_first_obs: False
This is the predict step. Some useful numbers are surfaced below.
Max variance at index 116: 289488388.1205265
Pp max index: 116, value: 289488388.1205265
Pp max diag: 289488388.1205265
Pp eigs: [7.83424876e+07 8.34889820e+07 1.39775342e+08 2.38073724e+08
 2.89489004e+08]
This is the update step.
log_likelihood: [[-3.60441195]], y: [[3.32034532e-06]], cov: [[215.06640194]]
-------------------------------------------
dt_idx: 69, pulsar: 31, dt: 28.9671522504312, is_first_obs: False
This is the predict step. Some useful numbers are surfaced below.
Max variance at index 128: 294576758.3325276
Pp max index: 128, value: 294576758.3325276
Pp max diag: 294576758.3325276
Pp eigs: [8.34889820e+07 1.39775342e+08 2.38073724e+08 2.89489004e+08
 2.94579084e+08]
This is the update step.
log_likelihood: [[-3.61610795]], y: [[6.7108956e-05]], cov: [[220.15653702]]
-------------------------------------------
dt_idx: 70, pulsar: 22, dt: 28.144457730982037, is_first_obs: False
This is the predict step. Some useful numbers are surfaced below.
Max variance at index 116: 289488388.1205265
Pp max index: 116, value: 289488388.1205265
Pp max diag: 289488388.1205265
Pp eigs: [9.26283998e+07 1.39775342e+08 2.38073724e+08 2.83459415e+08
 2.89489004e+08]
This is the update step.
log_likelihood: [[-3.58532016]], y: [[1.54662108e-06]], cov: [[207.00920455]]
-------------------------------------------
dt_idx: 71, pulsar: 17, dt: 28.38107230040762, is_first_obs: False
This is the predict step. Some useful numbers are surfaced below.
Max variance at index 116: 289488388.12052643
Pp max index: 116, value: 289488388.12052643
Pp max diag: 289488388.12052643
Pp eigs: [1.39775342e+08 2.38073724e+08 2.56797883e+08 2.83459415e+08
 2.89489004e+08]
This is the update step.
log_likelihood: [[-3.60674624]], y: [[9.41474201e-07]], cov: [[216.07280379]]
-------------------------------------------
dt_idx: 72, pulsar: 16, dt: 29.48654409751848, is_first_obs: False
This is the predict step. Some useful numbers are surfaced below.
Max variance at index 116: 289488388.12052643
Pp max index: 116, value: 289488388.12052643
Pp max diag: 289488388.12052643
Pp eigs: [2.38073724e+08 2.47170344e+08 2.68032662e+08 2.83459415e+08
 2.89489004e+08]
This is the update step.
log_likelihood: [[-3.62261982]], y: [[4.36789578e-06]], cov: [[223.04255414]]
-------------------------------------------
dt_idx: 73, pulsar: 13, dt: 28.864392828521904, is_first_obs: False
This is the predict step. Some useful numbers are surfaced below.
Max variance at index 116: 289488388.12052643
Pp max index: 116, value: 289488388.12052643
Pp max diag: 289488388.12052643
Pp eigs: [2.38073724e+08 2.47170344e+08 2.57978657e+08 2.83459415e+08
 2.89489004e+08]
This is the update step.
log_likelihood: [[-3.59239075]], y: [[1.21264069e-05]], cov: [[209.95735292]]
-------------------------------------------
dt_idx: 74, pulsar: 12, dt: 28.443596973077014, is_first_obs: False
This is the predict step. Some useful numbers are surfaced below.
Max variance at index 116: 289488388.12052643
Pp max index: 116, value: 289488388.12052643
Pp max diag: 289488388.12052643
Pp eigs: [2.38073724e+08 2.47170344e+08 2.57978657e+08 2.83459415e+08
 2.89489004e+08]
This is the update step.
log_likelihood: [[-3.58817893]], y: [[-2.80367476e-05]], cov: [[208.19617741]]
-------------------------------------------
dt_idx: 75, pulsar: 21, dt: 29.540153559380105, is_first_obs: False
This is the predict step. Some useful numbers are surfaced below.
Max variance at index 116: 289488388.12052643
Pp max index: 116, value: 289488388.12052643
Pp max diag: 289488388.12052643
Pp eigs: [2.38073724e+08 2.47170344e+08 2.57978657e+08 2.83459415e+08
 2.89489004e+08]
This is the update step.
log_likelihood: [[-3.62549516]], y: [[-4.38394759e-07]], cov: [[224.3288922]]
-------------------------------------------
dt_idx: 76, pulsar: 29, dt: 28.686952008792645, is_first_obs: False
This is the predict step. Some useful numbers are surfaced below.
Max variance at index 116: 289488388.12052643
Pp max index: 116, value: 289488388.12052643
Pp max diag: 289488388.12052643
Pp eigs: [2.38073724e+08 2.47170344e+08 2.57978657e+08 2.83459415e+08
 2.89489004e+08]
This is the update step.
log_likelihood: [[-3.60991764]], y: [[-5.36877716e-06]], cov: [[217.44766775]]
-------------------------------------------
dt_idx: 77, pulsar: 11, dt: 27.632556620626538, is_first_obs: False
This is the predict step. Some useful numbers are surfaced below.
Max variance at index 116: 289488388.12052643
Pp max index: 116, value: 289488388.12052643
Pp max diag: 289488388.12052643
Pp eigs: [2.38073724e+08 2.47170344e+08 2.57978657e+08 2.83459415e+08
 2.89489004e+08]
This is the update step.
log_likelihood: [[-3.58848251]], y: [[-2.10182761e-06]], cov: [[208.32262352]]
-------------------------------------------
dt_idx: 78, pulsar: 4, dt: 30.81981287157094, is_first_obs: False
This is the predict step. Some useful numbers are surfaced below.
Max variance at index 74: 301440581.3113509
Pp max index: 74, value: 301440581.3113509
Pp max diag: 301440581.3113509
Pp eigs: [2.47170344e+08 2.57978657e+08 2.83459415e+08 2.89489004e+08
 3.01443115e+08]
This is the update step.
log_likelihood: [[-3.63233505]], y: [[2.10700537e-05]], cov: [[227.41875233]]
-------------------------------------------
dt_idx: 79, pulsar: 23, dt: 28.53240937868754, is_first_obs: False
This is the predict step. Some useful numbers are surfaced below.
Max variance at index 112: 307666194.163208
Pp max index: 112, value: 307666194.163208
Pp max diag: 307666194.163208
Pp eigs: [2.57978657e+08 2.83459415e+08 2.89489004e+08 2.90847377e+08
 3.07668599e+08]
This is the update step.
log_likelihood: [[-3.59395459]], y: [[-1.15506761e-06]], cov: [[210.61506263]]
-------------------------------------------
dt_idx: 80, pulsar: 15, dt: 27.308659683852284, is_first_obs: False
This is the predict step. Some useful numbers are surfaced below.
Max variance at index 112: 297338285.2477349
Pp max index: 112, value: 297338285.2477349
Pp max diag: 297338285.2477349
Pp eigs: [2.57978657e+08 2.83459415e+08 2.89489004e+08 2.90847377e+08
 2.97340810e+08]
This is the update step.
log_likelihood: [[-3.56013427]], y: [[6.71963692e-06]], cov: [[196.84004941]]
-------------------------------------------
dt_idx: 81, pulsar: 18, dt: 29.88694100299367, is_first_obs: False
This is the predict step. Some useful numbers are surfaced below.
Max variance at index 112: 297338285.2477349
Pp max index: 112, value: 297338285.2477349
Pp max diag: 297338285.2477349
Pp eigs: [2.57978657e+08 2.83459415e+08 2.89489004e+08 2.90847377e+08
 2.97340810e+08]
This is the update step.
log_likelihood: [[-3.61267438]], y: [[-9.86530366e-06]], cov: [[218.64987185]]
-------------------------------------------
dt_idx: 82, pulsar: 32, dt: 30.227218491479203, is_first_obs: False
This is the predict step. Some useful numbers are surfaced below.
Max variance at index 112: 297338285.2477349
Pp max index: 112, value: 297338285.2477349
Pp max diag: 297338285.2477349
Pp eigs: [2.57978657e+08 2.83459415e+08 2.89489004e+08 2.90847377e+08
 2.97340810e+08]
This is the update step.
log_likelihood: [[-3.62485716]], y: [[-3.55699652e-06]], cov: [[224.04283294]]
-------------------------------------------
dt_idx: 83, pulsar: 14, dt: 29.74645040159976, is_first_obs: False
This is the predict step. Some useful numbers are surfaced below.
Max variance at index 112: 297338285.2477349
Pp max index: 112, value: 297338285.2477349
Pp max diag: 297338285.2477349
Pp eigs: [2.57978657e+08 2.83459415e+08 2.89489004e+08 2.90847377e+08
 2.97340810e+08]
This is the update step.
log_likelihood: [[-3.59706875]], y: [[-2.81067914e-06]], cov: [[211.9309346]]
-------------------------------------------
dt_idx: 84, pulsar: 20, dt: 30.74649816677526, is_first_obs: False
This is the predict step. Some useful numbers are surfaced below.
Max variance at index 112: 297338285.2477349
Pp max index: 112, value: 297338285.2477349
Pp max diag: 297338285.2477349
Pp eigs: [2.57978657e+08 2.83459415e+08 2.89489004e+08 2.90847377e+08
 2.97340810e+08]
This is the update step.
log_likelihood: [[-3.65206496]], y: [[1.3635764e-06]], cov: [[236.5720581]]
-------------------------------------------
dt_idx: 85, pulsar: 1, dt: 28.7882783882927, is_first_obs: False
This is the predict step. Some useful numbers are surfaced below.
Max variance at index 68: 820928770.1477386
Pp max index: 68, value: 820928770.1477386
Pp max diag: 820928770.1477386
Pp eigs: [2.83459415e+08 2.89489004e+08 2.90847377e+08 2.97340810e+08
 8.20931421e+08]
This is the update step.
log_likelihood: [[-3.56811555]], y: [[5.49758845e-07]], cov: [[200.00733288]]
-------------------------------------------
dt_idx: 86, pulsar: 6, dt: 28.378330825622434, is_first_obs: False
This is the predict step. Some useful numbers are surfaced below.
Max variance at index 68: 799209334.8310145
Pp max index: 68, value: 799209334.8310145
Pp max diag: 799209334.8310145
Pp eigs: [2.83459415e+08 2.89489004e+08 2.90847377e+08 2.97340810e+08
 7.99212096e+08]
This is the update step.
log_likelihood: [[-3.56803261]], y: [[6.00249335e-06]], cov: [[199.97416002]]
-------------------------------------------
dt_idx: 87, pulsar: 25, dt: 30.087240324241144, is_first_obs: False
This is the predict step. Some useful numbers are surfaced below.
Max variance at index 116: 1139697575.1378407
Pp max index: 116, value: 1139697575.1378407
Pp max diag: 1139697575.1378407
Pp eigs: [2.83459415e+08 2.90847377e+08 2.97340810e+08 7.99212096e+08
 1.13970006e+09]
This is the update step.
log_likelihood: [[-3.62014132]], y: [[-2.96014346e-07]], cov: [[221.93966623]]
-------------------------------------------
dt_idx: 88, pulsar: 27, dt: 30.851848141804886, is_first_obs: False
This is the predict step. Some useful numbers are surfaced below.
Max variance at index 116: 1100293317.3297904
Pp max index: 116, value: 1100293317.3297904
Pp max diag: 1100293317.3297904
Pp eigs: [2.83459415e+08 2.90847377e+08 2.97340810e+08 7.99212096e+08
 1.10029593e+09]
This is the update step.
log_likelihood: [[-3.64330249]], y: [[-6.34631135e-06]], cov: [[232.46226496]]
-------------------------------------------
dt_idx: 89, pulsar: 2, dt: 28.38369757837719, is_first_obs: False
This is the predict step. Some useful numbers are surfaced below.
Max variance at index 116: 1100293317.3297904
Pp max index: 116, value: 1100293317.3297904
Pp max diag: 1100293317.3297904
Pp eigs: [2.90847377e+08 2.97340810e+08 5.02081181e+08 7.99212096e+08
 1.10029593e+09]
This is the update step.
log_likelihood: [[-3.58392979]], y: [[1.05252838e-06]], cov: [[206.4343633]]
-------------------------------------------
dt_idx: 90, pulsar: 26, dt: 30.434917592086173, is_first_obs: False
This is the predict step. Some useful numbers are surfaced below.
Max variance at index 116: 1100293317.3297904
Pp max index: 116, value: 1100293317.3297904
Pp max diag: 1100293317.3297904
Pp eigs: [2.90847377e+08 2.97340810e+08 4.86240738e+08 7.99212096e+08
 1.10029593e+09]
This is the update step.
log_likelihood: [[-3.61799064]], y: [[-2.14485477e-05]], cov: [[220.98707541]]
-------------------------------------------
dt_idx: 91, pulsar: 19, dt: 32.247855846186475, is_first_obs: False
This is the predict step. Some useful numbers are surfaced below.
Max variance at index 116: 1100293317.3297904
Pp max index: 116, value: 1100293317.3297904
Pp max diag: 1100293317.3297904
Pp eigs: [2.90847377e+08 2.97340810e+08 4.86240738e+08 7.99212096e+08
 1.10029593e+09]
This is the update step.
log_likelihood: [[-3.66575847]], y: [[-9.95429017e-08]], cov: [[243.14060145]]
-------------------------------------------
dt_idx: 92, pulsar: 0, dt: 31.303043675135683, is_first_obs: False
This is the predict step. Some useful numbers are surfaced below.
Max variance at index 116: 1100293317.3297904
Pp max index: 116, value: 1100293317.3297904
Pp max diag: 1100293317.3297904
Pp eigs: [2.90847377e+08 2.97340810e+08 4.86240738e+08 7.99212096e+08
 1.10029593e+09]
This is the update step.
log_likelihood: [[-3.65542823]], y: [[-1.5806217e-05]], cov: [[238.16873547]]
-------------------------------------------
dt_idx: 93, pulsar: 9, dt: 31.91840013422348, is_first_obs: False
This is the predict step. Some useful numbers are surfaced below.
Max variance at index 116: 1100293317.3297904
Pp max index: 116, value: 1100293317.3297904
Pp max diag: 1100293317.3297904
Pp eigs: [2.90847377e+08 2.97340810e+08 4.86240738e+08 7.99212096e+08
 1.10029593e+09]
This is the update step.
log_likelihood: [[-3.65758046]], y: [[1.07208877e-05]], cov: [[239.19613334]]
-------------------------------------------
dt_idx: 94, pulsar: 7, dt: 31.02197914554013, is_first_obs: False
This is the predict step. Some useful numbers are surfaced below.
Max variance at index 116: 1100293317.3297904
Pp max index: 116, value: 1100293317.3297904
Pp max diag: 1100293317.3297904
Pp eigs: [2.90847377e+08 2.97340810e+08 4.86240738e+08 7.99212096e+08
 1.10029593e+09]
This is the update step.
log_likelihood: [[-3.61513116]], y: [[-2.09199779e-05]], cov: [[219.7268669]]
-------------------------------------------
dt_idx: 95, pulsar: 28, dt: 30.595189624616392, is_first_obs: False
This is the predict step. Some useful numbers are surfaced below.
Max variance at index 116: 1100293317.3297904
Pp max index: 116, value: 1100293317.3297904
Pp max diag: 1100293317.3297904
Pp eigs: [2.90847377e+08 2.97340810e+08 4.86240738e+08 7.99212096e+08
 1.10029593e+09]
This is the update step.
log_likelihood: [[-3.61551342]], y: [[-1.3882968e-05]], cov: [[219.89491557]]
-------------------------------------------
dt_idx: 96, pulsar: 30, dt: 30.754325164909716, is_first_obs: False
This is the predict step. Some useful numbers are surfaced below.
Max variance at index 116: 1100293317.3297904
Pp max index: 116, value: 1100293317.3297904
Pp max diag: 1100293317.3297904
Pp eigs: [2.90847377e+08 2.97340810e+08 4.86240738e+08 7.99212096e+08
 1.10029593e+09]
This is the update step.
log_likelihood: [[-3.61035241]], y: [[9.17598328e-06]], cov: [[217.6368283]]
-------------------------------------------
dt_idx: 97, pulsar: 5, dt: 31.187640467551017, is_first_obs: False
This is the predict step. Some useful numbers are surfaced below.
Max variance at index 116: 1100293317.3297904
Pp max index: 116, value: 1100293317.3297904
Pp max diag: 1100293317.3297904
Pp eigs: [2.90847377e+08 2.97340810e+08 4.86240738e+08 7.99212096e+08
 1.10029593e+09]
This is the update step.
log_likelihood: [[-3.62176166]], y: [[-2.04145611e-05]], cov: [[222.66006836]]
-------------------------------------------
dt_idx: 98, pulsar: 10, dt: 32.62848801165819, is_first_obs: False
This is the predict step. Some useful numbers are surfaced below.
Max variance at index 116: 1100293317.3297904
Pp max index: 116, value: 1100293317.3297904
Pp max diag: 1100293317.3297904
Pp eigs: [2.90847377e+08 2.97340810e+08 4.86240738e+08 7.99212096e+08
 1.10029593e+09]
This is the update step.
log_likelihood: [[-3.64459007]], y: [[-1.11082099e-05]], cov: [[233.06166268]]
-------------------------------------------
dt_idx: 99, pulsar: 23, dt: 27.947728004775666, is_first_obs: False
This is the predict step. Some useful numbers are surfaced below.
Max variance at index 116: 1100293317.3297904
Pp max index: 116, value: 1100293317.3297904
Pp max diag: 1100293317.3297904
Pp eigs: [2.90847377e+08 4.86240738e+08 6.32032133e+08 7.99212096e+08
 1.10029593e+09]
This is the update step.
log_likelihood: [[-3.31634831]], y: [[-1.15946216e-06]], cov: [[120.88256809]]
-------------------------------------------
dt_idx: 100, pulsar: 0, dt: 26.525672946704756, is_first_obs: False
This is the predict step. Some useful numbers are surfaced below.
Max variance at index 116: 1100293317.3297904
Pp max index: 116, value: 1100293317.3297904
Pp max diag: 1100293317.3297904
Pp eigs: [2.90847377e+08 4.86240738e+08 6.32019342e+08 7.99212096e+08
 1.10029593e+09]
This is the update step.
log_likelihood: [[-3.31255928]], y: [[-2.32824433e-06]], cov: [[119.96997387]]
-------------------------------------------
dt_idx: 101, pulsar: 7, dt: 27.94775503841815, is_first_obs: False
This is the predict step. Some useful numbers are surfaced below.
Max variance at index 116: 1100293317.3297904
Pp max index: 116, value: 1100293317.3297904
Pp max diag: 1100293317.3297904
Pp eigs: [4.86240738e+08 4.88310557e+08 6.32019342e+08 7.99212096e+08
 1.10029593e+09]
This is the update step.
log_likelihood: [[-3.3093505]], y: [[-1.36626793e-06]], cov: [[119.2025242]]
-------------------------------------------
dt_idx: 102, pulsar: 6, dt: 29.039976324461122, is_first_obs: False
This is the predict step. Some useful numbers are surfaced below.
Max variance at index 116: 1100293317.3297904
Pp max index: 116, value: 1100293317.3297904
Pp max diag: 1100293317.3297904
Pp eigs: [4.86240738e+08 4.88298486e+08 6.32019342e+08 7.99212096e+08
 1.10029593e+09]
This is the update step.
log_likelihood: [[-3.31357013]], y: [[-1.86768156e-06]], cov: [[120.21276312]]
-------------------------------------------
dt_idx: 103, pulsar: 24, dt: 31.033297986697267, is_first_obs: False
This is the predict step. Some useful numbers are surfaced below.
Max variance at index 116: 1100293317.3297904
Pp max index: 116, value: 1100293317.3297904
Pp max diag: 1100293317.3297904
Pp eigs: [4.86240738e+08 4.88298486e+08 6.32019342e+08 7.99212096e+08
 1.10029593e+09]
This is the update step.
log_likelihood: [[-3.34759443]], y: [[4.36830926e-06]], cov: [[128.6778247]]
-------------------------------------------
dt_idx: 104, pulsar: 25, dt: 29.131015654581564, is_first_obs: False
This is the predict step. Some useful numbers are surfaced below.
Max variance at index 116: 2371534590.829888
Pp max index: 116, value: 2371534590.829888
Pp max diag: 2371534590.829888
Pp eigs: [4.86240738e+08 4.88298486e+08 6.32019342e+08 7.99212096e+08
 2.37154035e+09]
This is the update step.
log_likelihood: [[-3.32545846]], y: [[9.18560129e-09]], cov: [[123.10527068]]
-------------------------------------------
dt_idx: 105, pulsar: 27, dt: 29.064460067771098, is_first_obs: False
This is the predict step. Some useful numbers are surfaced below.
Max variance at index 116: 2371533568.7983513
Pp max index: 116, value: 2371533568.7983513
Pp max diag: 2371533568.7983513
Pp eigs: [4.86240738e+08 4.88298486e+08 6.32019342e+08 7.99212096e+08
 2.37153932e+09]
This is the update step.
log_likelihood: [[-3.32911847]], y: [[-1.38284856e-06]], cov: [[124.00971038]]
-------------------------------------------
dt_idx: 106, pulsar: 19, dt: 28.711393716843038, is_first_obs: False
This is the predict step. Some useful numbers are surfaced below.
Max variance at index 116: 2371533568.7983513
Pp max index: 116, value: 2371533568.7983513
Pp max diag: 2371533568.7983513
Pp eigs: [4.86240738e+08 4.88298486e+08 6.32019342e+08 7.99212096e+08
 2.37153932e+09]
This is the update step.
log_likelihood: [[-3.32621001]], y: [[-2.74015961e-06]], cov: [[123.29044932]]
-------------------------------------------
dt_idx: 107, pulsar: 18, dt: 29.832860890671057, is_first_obs: False
This is the predict step. Some useful numbers are surfaced below.
Max variance at index 116: 2371533568.7983513
Pp max index: 116, value: 2371533568.7983513
Pp max diag: 2371533568.7983513
Pp eigs: [4.86240738e+08 4.88298486e+08 6.32019342e+08 7.99212096e+08
 2.37153932e+09]
This is the update step.
log_likelihood: [[-3.32865756]], y: [[-1.21048786e-07]], cov: [[123.8954494]]
-------------------------------------------
dt_idx: 108, pulsar: 29, dt: 30.67741799154767, is_first_obs: False
This is the predict step. Some useful numbers are surfaced below.
Max variance at index 116: 2371533568.7983513
Pp max index: 116, value: 2371533568.7983513
Pp max diag: 2371533568.7983513
Pp eigs: [4.86240738e+08 4.88298486e+08 6.32019342e+08 7.99212096e+08
 2.37153932e+09]
This is the update step.
log_likelihood: [[-3.34198352]], y: [[-4.01590701e-06]], cov: [[127.24189741]]
-------------------------------------------
dt_idx: 109, pulsar: 31, dt: 31.32151469481212, is_first_obs: False
This is the predict step. Some useful numbers are surfaced below.
Max variance at index 116: 2371533568.7983513
Pp max index: 116, value: 2371533568.7983513
Pp max diag: 2371533568.7983513
Pp eigs: [4.88298486e+08 6.32019342e+08 6.54796642e+08 7.99212096e+08
 2.37153932e+09]
This is the update step.
log_likelihood: [[-3.34730991]], y: [[4.43431123e-05]], cov: [[128.60462234]]
-------------------------------------------
dt_idx: 110, pulsar: 30, dt: 28.177611022602626, is_first_obs: False
This is the predict step. Some useful numbers are surfaced below.
Max variance at index 116: 2371533568.7983513
Pp max index: 116, value: 2371533568.7983513
Pp max diag: 2371533568.7983513
Pp eigs: [4.88298486e+08 6.32019342e+08 6.54796638e+08 7.99212096e+08
 2.37153932e+09]
This is the update step.
log_likelihood: [[-3.31064]], y: [[1.32008738e-05]], cov: [[119.51034477]]
-------------------------------------------
dt_idx: 111, pulsar: 14, dt: 29.869512007291668, is_first_obs: False
This is the predict step. Some useful numbers are surfaced below.
Max variance at index 116: 2371533568.7983513
Pp max index: 116, value: 2371533568.7983513
Pp max diag: 2371533568.7983513
Pp eigs: [4.88298486e+08 6.32019342e+08 6.54796638e+08 7.99212096e+08
 2.37153932e+09]
This is the update step.
log_likelihood: [[-3.32321425]], y: [[-2.73456619e-06]], cov: [[122.55396225]]
-------------------------------------------
dt_idx: 112, pulsar: 22, dt: 31.54300185991658, is_first_obs: False
This is the predict step. Some useful numbers are surfaced below.
Max variance at index 116: 2371533568.7983513
Pp max index: 116, value: 2371533568.7983513
Pp max diag: 2371533568.7983513
Pp eigs: [4.88298486e+08 6.32019342e+08 6.54796638e+08 7.99212096e+08
 2.37153932e+09]
This is the update step.
log_likelihood: [[-3.34103088]], y: [[5.92393908e-06]], cov: [[126.99969636]]
-------------------------------------------
dt_idx: 113, pulsar: 28, dt: 28.575781513629135, is_first_obs: False
This is the predict step. Some useful numbers are surfaced below.
Max variance at index 116: 2371533568.7983513
Pp max index: 116, value: 2371533568.7983513
Pp max diag: 2371533568.7983513
Pp eigs: [4.88298486e+08 6.32019342e+08 6.54796638e+08 7.99212096e+08
 2.37153932e+09]
This is the update step.
log_likelihood: [[-3.31643051]], y: [[-2.03764775e-05]], cov: [[120.90244289]]
-------------------------------------------
dt_idx: 114, pulsar: 11, dt: 30.891184436115953, is_first_obs: False
This is the predict step. Some useful numbers are surfaced below.
Max variance at index 116: 2371533568.7983513
Pp max index: 116, value: 2371533568.7983513
Pp max diag: 2371533568.7983513
Pp eigs: [4.88298486e+08 6.32019342e+08 6.54796638e+08 7.99212096e+08
 2.37153932e+09]
This is the update step.
log_likelihood: [[-3.34174772]], y: [[-2.38303965e-05]], cov: [[127.18190267]]
-------------------------------------------
dt_idx: 115, pulsar: 16, dt: 31.608528782040985, is_first_obs: False
This is the predict step. Some useful numbers are surfaced below.
Max variance at index 116: 2371533568.7983513
Pp max index: 116, value: 2371533568.7983513
Pp max diag: 2371533568.7983513
Pp eigs: [5.95640910e+08 6.32019342e+08 6.54796638e+08 7.99212096e+08
 2.37153932e+09]
This is the update step.
log_likelihood: [[-3.34837479]], y: [[7.62827428e-06]], cov: [[128.87881166]]
-------------------------------------------
dt_idx: 116, pulsar: 32, dt: 30.111211975525926, is_first_obs: False
This is the predict step. Some useful numbers are surfaced below.
Max variance at index 116: 2371533568.7983513
Pp max index: 116, value: 2371533568.7983513
Pp max diag: 2371533568.7983513
Pp eigs: [5.95637557e+08 6.32019342e+08 6.54796638e+08 7.99212096e+08
 2.37153932e+09]
This is the update step.
log_likelihood: [[-3.33339619]], y: [[-2.79281819e-06]], cov: [[125.07522076]]
-------------------------------------------
dt_idx: 117, pulsar: 10, dt: 28.173035785633104, is_first_obs: False
This is the predict step. Some useful numbers are surfaced below.
Max variance at index 116: 2371533568.7983513
Pp max index: 116, value: 2371533568.7983513
Pp max diag: 2371533568.7983513
Pp eigs: [5.95637557e+08 6.32019342e+08 6.54796638e+08 7.99212096e+08
 2.37153932e+09]
This is the update step.
log_likelihood: [[-3.31271725]], y: [[-7.13052026e-06]], cov: [[120.0078822]]
-------------------------------------------
dt_idx: 118, pulsar: 4, dt: 31.53518328071744, is_first_obs: False
This is the predict step. Some useful numbers are surfaced below.
Max variance at index 116: 2371533568.7983513
Pp max index: 116, value: 2371533568.7983513
Pp max diag: 2371533568.7983513
Pp eigs: [6.32019342e+08 6.54796638e+08 6.55781111e+08 7.99212096e+08
 2.37153932e+09]
This is the update step.
log_likelihood: [[-3.34252907]], y: [[-3.29782223e-06]], cov: [[127.3808052]]
-------------------------------------------
dt_idx: 119, pulsar: 13, dt: 31.84356357162749, is_first_obs: False
This is the predict step. Some useful numbers are surfaced below.
Max variance at index 116: 2371533568.7983513
Pp max index: 116, value: 2371533568.7983513
Pp max diag: 2371533568.7983513
Pp eigs: [6.32019342e+08 6.54796638e+08 6.55737540e+08 7.99212096e+08
 2.37153932e+09]
This is the update step.
log_likelihood: [[-3.34111069]], y: [[-8.89403424e-06]], cov: [[127.0199706]]
-------------------------------------------
dt_idx: 120, pulsar: 15, dt: 31.11328788646945, is_first_obs: False
This is the predict step. Some useful numbers are surfaced below.
Max variance at index 116: 2371533568.7983513
Pp max index: 116, value: 2371533568.7983513
Pp max diag: 2371533568.7983513
Pp eigs: [6.32019342e+08 6.54796638e+08 6.55737540e+08 7.99212096e+08
 2.37153932e+09]
This is the update step.
log_likelihood: [[-3.33200494]], y: [[1.06417921e-05]], cov: [[124.7276815]]
-------------------------------------------
dt_idx: 121, pulsar: 21, dt: 31.790134852142245, is_first_obs: False
This is the predict step. Some useful numbers are surfaced below.
Max variance at index 116: 2371533568.7983513
Pp max index: 116, value: 2371533568.7983513
Pp max diag: 2371533568.7983513
Pp eigs: [6.32019342e+08 6.54796638e+08 6.55737540e+08 7.99212096e+08
 2.37153932e+09]
This is the update step.
log_likelihood: [[-3.3505238]], y: [[9.23172953e-07]], cov: [[129.43392648]]
-------------------------------------------
dt_idx: 122, pulsar: 20, dt: 30.703779206298016, is_first_obs: False
This is the predict step. Some useful numbers are surfaced below.
Max variance at index 116: 2371533568.7983513
Pp max index: 116, value: 2371533568.7983513
Pp max diag: 2371533568.7983513
Pp eigs: [6.32019342e+08 6.54796638e+08 6.55737540e+08 7.99212096e+08
 2.37153932e+09]
This is the update step.
log_likelihood: [[-3.3449807]], y: [[5.69659875e-07]], cov: [[128.00692009]]
-------------------------------------------
dt_idx: 123, pulsar: 9, dt: 29.58482433149108, is_first_obs: False
This is the predict step. Some useful numbers are surfaced below.
Max variance at index 116: 2371533568.7983513
Pp max index: 116, value: 2371533568.7983513
Pp max diag: 2371533568.7983513
Pp eigs: [6.32019342e+08 6.54796638e+08 6.55737540e+08 7.99212096e+08
 2.37153932e+09]
This is the update step.
log_likelihood: [[-3.3314416]], y: [[-1.43091149e-07]], cov: [[124.58723206]]
-------------------------------------------
dt_idx: 124, pulsar: 12, dt: 32.065219652012544, is_first_obs: False
This is the predict step. Some useful numbers are surfaced below.
Max variance at index 116: 2371533568.7983513
Pp max index: 116, value: 2371533568.7983513
Pp max diag: 2371533568.7983513
Pp eigs: [6.32019342e+08 6.54796638e+08 6.55737540e+08 7.99212096e+08
 2.37153932e+09]
This is the update step.
log_likelihood: [[-3.34384473]], y: [[-2.48380056e-07]], cov: [[127.71642599]]
-------------------------------------------
dt_idx: 125, pulsar: 17, dt: 32.4749014819441, is_first_obs: False
This is the predict step. Some useful numbers are surfaced below.
Max variance at index 116: 2371533568.7983513
Pp max index: 116, value: 2371533568.7983513
Pp max diag: 2371533568.7983513
Pp eigs: [6.32019342e+08 6.54796638e+08 6.55737540e+08 7.99212096e+08
 2.37153932e+09]
This is the update step.
log_likelihood: [[-3.35597759]], y: [[1.87286072e-06]], cov: [[130.85346487]]
-------------------------------------------
dt_idx: 126, pulsar: 2, dt: 30.768609787689314, is_first_obs: False
This is the predict step. Some useful numbers are surfaced below.
Max variance at index 116: 2371533568.7983513
Pp max index: 116, value: 2371533568.7983513
Pp max diag: 2371533568.7983513
Pp eigs: [6.54796638e+08 6.55737540e+08 7.99212096e+08 1.09279461e+09
 2.37153932e+09]
This is the update step.
log_likelihood: [[-3.33309299]], y: [[-5.29037739e-05]], cov: [[124.9993969]]
-------------------------------------------
dt_idx: 127, pulsar: 8, dt: 33.76074170706448, is_first_obs: False
This is the predict step. Some useful numbers are surfaced below.
Max variance at index 116: 2371533568.7983513
Pp max index: 116, value: 2371533568.7983513
Pp max diag: 2371533568.7983513
Pp eigs: [6.54796638e+08 6.55737540e+08 7.99212096e+08 1.09276544e+09
 2.37153932e+09]
This is the update step.
log_likelihood: [[-3.36930696]], y: [[1.14421023e-05]], cov: [[134.38876901]]
-------------------------------------------
dt_idx: 128, pulsar: 26, dt: 30.788596618561833, is_first_obs: False
This is the predict step. Some useful numbers are surfaced below.
Max variance at index 116: 2371533568.7983513
Pp max index: 116, value: 2371533568.7983513
Pp max diag: 2371533568.7983513
Pp eigs: [6.54796638e+08 6.55737540e+08 7.99212096e+08 1.09276544e+09
 2.37153932e+09]
This is the update step.
log_likelihood: [[-3.33394572]], y: [[-4.08436293e-05]], cov: [[125.21276028]]
-------------------------------------------
dt_idx: 129, pulsar: 3, dt: 33.40239286245019, is_first_obs: False
This is the predict step. Some useful numbers are surfaced below.
Max variance at index 116: 2371533568.79835
Pp max index: 116, value: 2371533568.79835
Pp max diag: 2371533568.79835
Pp eigs: [6.54796638e+08 6.55737540e+08 7.99212096e+08 1.09276544e+09
 2.37153932e+09]
This is the update step.
log_likelihood: [[-3.35805504]], y: [[-7.58017072e-07]], cov: [[131.39827907]]
-------------------------------------------
dt_idx: 130, pulsar: 1, dt: 31.8020988344815, is_first_obs: False
This is the predict step. Some useful numbers are surfaced below.
Max variance at index 116: 2371533568.79835
Pp max index: 116, value: 2371533568.79835
Pp max diag: 2371533568.79835
Pp eigs: [6.54796638e+08 6.55737540e+08 1.09276544e+09 1.79014071e+09
 2.37153932e+09]
This is the update step.
log_likelihood: [[-3.32990304]], y: [[8.45443967e-06]], cov: [[124.20445291]]
-------------------------------------------
dt_idx: 131, pulsar: 5, dt: 30.358993456264336, is_first_obs: False
This is the predict step. Some useful numbers are surfaced below.
Max variance at index 116: 2371533568.79835
Pp max index: 116, value: 2371533568.79835
Pp max diag: 2371533568.79835
Pp eigs: [6.54796638e+08 6.55737540e+08 1.09276544e+09 1.78965697e+09
 2.37153932e+09]
This is the update step.
log_likelihood: [[-3.32761835]], y: [[5.02045098e-05]], cov: [[123.63820804]]
-------------------------------------------
dt_idx: 132, pulsar: 17, dt: 27.26180255744192, is_first_obs: False
This is the predict step. Some useful numbers are surfaced below.
Max variance at index 116: 2371533568.79835
Pp max index: 116, value: 2371533568.79835
Pp max diag: 2371533568.79835
Pp eigs: [6.55737540e+08 9.76681619e+08 1.09276544e+09 1.78965697e+09
 2.37153932e+09]
This is the update step.
log_likelihood: [[-3.20078802]], y: [[-6.26144691e-07]], cov: [[95.93769443]]
-------------------------------------------
dt_idx: 133, pulsar: 7, dt: 29.233463176599255, is_first_obs: False
This is the predict step. Some useful numbers are surfaced below.
Max variance at index 116: 2371533568.79835
Pp max index: 116, value: 2371533568.79835
Pp max diag: 2371533568.79835
Pp eigs: [8.35683364e+08 9.65546585e+08 1.09276544e+09 1.78965697e+09
 2.37153932e+09]
This is the update step.
log_likelihood: [[-3.19695892]], y: [[-4.80844132e-06]], cov: [[95.20579072]]
-------------------------------------------
dt_idx: 134, pulsar: 11, dt: 28.657290508515302, is_first_obs: False
This is the predict step. Some useful numbers are surfaced below.
Max variance at index 116: 2371533568.79835
Pp max index: 116, value: 2371533568.79835
Pp max diag: 2371533568.79835
Pp eigs: [8.23924811e+08 9.65546585e+08 1.09276544e+09 1.78965697e+09
 2.37153932e+09]
This is the update step.
log_likelihood: [[-3.20577178]], y: [[3.32817969e-06]], cov: [[96.89873747]]
-------------------------------------------
dt_idx: 135, pulsar: 22, dt: 28.957308789436464, is_first_obs: False
This is the predict step. Some useful numbers are surfaced below.
Max variance at index 116: 2371533568.79835
Pp max index: 116, value: 2371533568.79835
Pp max diag: 2371533568.79835
Pp eigs: [8.23924811e+08 9.65546585e+08 1.09276544e+09 1.78965697e+09
 2.37153932e+09]
This is the update step.
log_likelihood: [[-3.20483124]], y: [[-4.92746361e-06]], cov: [[96.71663405]]
-------------------------------------------
dt_idx: 136, pulsar: 12, dt: 28.079774043140585, is_first_obs: False
This is the predict step. Some useful numbers are surfaced below.
Max variance at index 116: 2371533568.7983494
Pp max index: 116, value: 2371533568.7983494
Pp max diag: 2371533568.7983494
Pp eigs: [8.23924811e+08 9.65546585e+08 1.09276544e+09 1.78965697e+09
 2.37153932e+09]
This is the update step.
log_likelihood: [[-3.20032159]], y: [[-5.03529162e-06]], cov: [[95.84824069]]
-------------------------------------------
dt_idx: 137, pulsar: 29, dt: 29.32913161282186, is_first_obs: False
This is the predict step. Some useful numbers are surfaced below.
Max variance at index 116: 2371533568.7983494
Pp max index: 116, value: 2371533568.7983494
Pp max diag: 2371533568.7983494
Pp eigs: [8.23924811e+08 9.65546585e+08 1.09276544e+09 1.78965697e+09
 2.37153932e+09]
This is the update step.
log_likelihood: [[-3.20879847]], y: [[-8.15679141e-06]], cov: [[97.48708168]]
-------------------------------------------
dt_idx: 138, pulsar: 1, dt: 27.237928448297357, is_first_obs: False
This is the predict step. Some useful numbers are surfaced below.
Max variance at index 68: 2918647308.3761764
Pp max index: 68, value: 2918647308.3761764
Pp max diag: 2918647308.3761764
Pp eigs: [8.23924811e+08 9.65546585e+08 1.09276544e+09 2.37153932e+09
 2.91865783e+09]
This is the update step.
log_likelihood: [[-3.19021883]], y: [[4.15271693e-06]], cov: [[93.93101159]]
-------------------------------------------
dt_idx: 139, pulsar: 26, dt: 27.98750765735352, is_first_obs: False
This is the predict step. Some useful numbers are surfaced below.
Max variance at index 68: 2877785242.844802
Pp max index: 68, value: 2877785242.844802
Pp max diag: 2877785242.844802
Pp eigs: [8.23924811e+08 9.65546585e+08 1.09276544e+09 2.37153932e+09
 2.87779550e+09]
This is the update step.
log_likelihood: [[-3.19660794]], y: [[-1.6953435e-05]], cov: [[95.13898374]]
-------------------------------------------
dt_idx: 140, pulsar: 19, dt: 29.958262056907017, is_first_obs: False
This is the predict step. Some useful numbers are surfaced below.
Max variance at index 68: 2877785242.844802
Pp max index: 68, value: 2877785242.844802
Pp max diag: 2877785242.844802
Pp eigs: [8.23924811e+08 9.65546585e+08 1.09276544e+09 2.37153932e+09
 2.87779550e+09]
This is the update step.
log_likelihood: [[-3.2060425]], y: [[5.12103959e-06]], cov: [[96.951217]]
-------------------------------------------
dt_idx: 141, pulsar: 5, dt: 27.260906510353088, is_first_obs: False
This is the predict step. Some useful numbers are surfaced below.
Max variance at index 68: 2877785242.8448014
Pp max index: 68, value: 2877785242.8448014
Pp max diag: 2877785242.8448014
Pp eigs: [8.23924811e+08 9.65546585e+08 1.09276544e+09 2.37153932e+09
 2.87779550e+09]
This is the update step.
log_likelihood: [[-3.1905161]], y: [[7.85702021e-06]], cov: [[93.98687418]]
-------------------------------------------
dt_idx: 142, pulsar: 14, dt: 29.608464349706967, is_first_obs: False
This is the predict step. Some useful numbers are surfaced below.
Max variance at index 68: 2877785242.8448005
Pp max index: 68, value: 2877785242.8448005
Pp max diag: 2877785242.8448005
Pp eigs: [8.23924811e+08 9.65546585e+08 1.09276544e+09 2.37153932e+09
 2.87779550e+09]
This is the update step.
log_likelihood: [[-3.20214352]], y: [[-9.65724656e-07]], cov: [[96.19813614]]
-------------------------------------------
dt_idx: 143, pulsar: 32, dt: 29.403025268846086, is_first_obs: False
This is the predict step. Some useful numbers are surfaced below.
Max variance at index 68: 2877785242.8448005
Pp max index: 68, value: 2877785242.8448005
Pp max diag: 2877785242.8448005
Pp eigs: [8.52130027e+08 9.65546585e+08 1.09276544e+09 2.37153932e+09
 2.87779550e+09]
This is the update step.
log_likelihood: [[-3.20507844]], y: [[7.34089152e-06]], cov: [[96.76446375]]
-------------------------------------------
dt_idx: 144, pulsar: 21, dt: 28.855616873061216, is_first_obs: False
This is the predict step. Some useful numbers are surfaced below.
Max variance at index 68: 2877785242.8448
Pp max index: 68, value: 2877785242.8448
Pp max diag: 2877785242.8448
Pp eigs: [8.40451142e+08 9.65546585e+08 1.09276544e+09 2.37153932e+09
 2.87779550e+09]
This is the update step.
log_likelihood: [[-3.20686353]], y: [[1.84632146e-06]], cov: [[97.11054658]]
-------------------------------------------
dt_idx: 145, pulsar: 8, dt: 28.165724173938784, is_first_obs: False
This is the predict step. Some useful numbers are surfaced below.
Max variance at index 68: 2877785242.8448
Pp max index: 68, value: 2877785242.8448
Pp max diag: 2877785242.8448
Pp eigs: [8.40451142e+08 9.65546585e+08 1.09276544e+09 2.37153932e+09
 2.87779550e+09]
This is the update step.
log_likelihood: [[-3.2083422]], y: [[3.93360211e-06]], cov: [[97.39816129]]
-------------------------------------------
dt_idx: 146, pulsar: 24, dt: 30.428305595693764, is_first_obs: False
This is the predict step. Some useful numbers are surfaced below.
Max variance at index 68: 2877785242.8448
Pp max index: 68, value: 2877785242.8448
Pp max diag: 2877785242.8448
Pp eigs: [8.40451142e+08 9.65546585e+08 1.09276544e+09 2.37153932e+09
 2.87779550e+09]
This is the update step.
log_likelihood: [[-3.21673313]], y: [[-1.34473295e-05]], cov: [[99.04647538]]
-------------------------------------------
dt_idx: 147, pulsar: 13, dt: 29.13400916500224, is_first_obs: False
This is the predict step. Some useful numbers are surfaced below.
Max variance at index 68: 2877785242.844799
Pp max index: 68, value: 2877785242.844799
Pp max diag: 2877785242.844799
Pp eigs: [8.40451142e+08 9.65546585e+08 1.09276544e+09 2.37153932e+09
 2.87779550e+09]
This is the update step.
log_likelihood: [[-3.20438574]], y: [[9.77285029e-06]], cov: [[96.63049886]]
-------------------------------------------
dt_idx: 148, pulsar: 4, dt: 29.146567598724804, is_first_obs: False
This is the predict step. Some useful numbers are surfaced below.
Max variance at index 68: 2877785242.844799
Pp max index: 68, value: 2877785242.844799
Pp max diag: 2877785242.844799
Pp eigs: [9.65546585e+08 1.09276544e+09 1.10946167e+09 2.37153932e+09
 2.87779550e+09]
This is the update step.
log_likelihood: [[-3.20415678]], y: [[-1.77080222e-06]], cov: [[96.58625944]]
-------------------------------------------
dt_idx: 149, pulsar: 6, dt: 30.509484759127652, is_first_obs: False
This is the predict step. Some useful numbers are surfaced below.
Max variance at index 68: 2877785242.844799
Pp max index: 68, value: 2877785242.844799
Pp max diag: 2877785242.844799
Pp eigs: [9.65546585e+08 1.09276544e+09 1.09332588e+09 2.37153932e+09
 2.87779550e+09]
This is the update step.
log_likelihood: [[-3.20509268]], y: [[1.15071866e-06]], cov: [[96.7672192]]
-------------------------------------------
dt_idx: 150, pulsar: 18, dt: 30.347296427698044, is_first_obs: False
This is the predict step. Some useful numbers are surfaced below.
Max variance at index 68: 2877785242.8447986
Pp max index: 68, value: 2877785242.8447986
Pp max diag: 2877785242.8447986
Pp eigs: [9.65546585e+08 1.09276544e+09 1.09332588e+09 2.37153932e+09
 2.87779550e+09]
This is the update step.
log_likelihood: [[-3.20843938]], y: [[-3.7644249e-06]], cov: [[97.41709257]]
-------------------------------------------
dt_idx: 151, pulsar: 31, dt: 30.29440541250838, is_first_obs: False
This is the predict step. Some useful numbers are surfaced below.
Max variance at index 68: 2877785242.8447986
Pp max index: 68, value: 2877785242.8447986
Pp max diag: 2877785242.8447986
Pp eigs: [1.09276544e+09 1.09332588e+09 1.14462650e+09 2.37153932e+09
 2.87779550e+09]
This is the update step.
log_likelihood: [[-3.21420072]], y: [[-8.53681137e-05]], cov: [[98.54609109]]
-------------------------------------------
dt_idx: 152, pulsar: 9, dt: 29.387412185668943, is_first_obs: False
This is the predict step. Some useful numbers are surfaced below.
Max variance at index 68: 2877785242.8447986
Pp max index: 68, value: 2877785242.8447986
Pp max diag: 2877785242.8447986
Pp eigs: [1.09276544e+09 1.09332588e+09 1.12861189e+09 2.37153932e+09
 2.87779550e+09]
This is the update step.
log_likelihood: [[-3.20387648]], y: [[-1.15515137e-06]], cov: [[96.53212819]]
-------------------------------------------
dt_idx: 153, pulsar: 25, dt: 30.798463960908077, is_first_obs: False
This is the predict step. Some useful numbers are surfaced below.
Max variance at index 116: 4185496692.502116
Pp max index: 116, value: 4185496692.502116
Pp max diag: 4185496692.502116
Pp eigs: [1.09276544e+09 1.09332588e+09 1.12861189e+09 2.87779550e+09
 4.18550709e+09]
This is the update step.
log_likelihood: [[-3.21070739]], y: [[7.86323249e-08]], cov: [[97.85998335]]
-------------------------------------------
dt_idx: 154, pulsar: 3, dt: 28.860287911737405, is_first_obs: False
This is the predict step. Some useful numbers are surfaced below.
Max variance at index 116: 4124169036.0443416
Pp max index: 116, value: 4124169036.0443416
Pp max diag: 4124169036.0443416
Pp eigs: [1.09276544e+09 1.09332588e+09 1.12861189e+09 2.87779550e+09
 4.12417916e+09]
This is the update step.
log_likelihood: [[-3.20666791]], y: [[4.11522757e-07]], cov: [[97.07256064]]
-------------------------------------------
dt_idx: 155, pulsar: 28, dt: 30.503713676432767, is_first_obs: False
This is the predict step. Some useful numbers are surfaced below.
Max variance at index 116: 4124169036.0443416
Pp max index: 116, value: 4124169036.0443416
Pp max diag: 4124169036.0443416
Pp eigs: [1.09276544e+09 1.09332588e+09 1.12861189e+09 2.87779550e+09
 4.12417916e+09]
This is the update step.
log_likelihood: [[-3.20562687]], y: [[8.52420421e-09]], cov: [[96.87065777]]
-------------------------------------------
dt_idx: 156, pulsar: 2, dt: 29.095224192153523, is_first_obs: False
This is the predict step. Some useful numbers are surfaced below.
Max variance at index 116: 4124169036.044341
Pp max index: 116, value: 4124169036.044341
Pp max diag: 4124169036.044341
Pp eigs: [1.09332588e+09 1.12861189e+09 1.86616202e+09 2.87779550e+09
 4.12417916e+09]
This is the update step.
log_likelihood: [[-3.20343754]], y: [[8.60479303e-06]], cov: [[96.44742257]]
-------------------------------------------
dt_idx: 157, pulsar: 15, dt: 29.799991739977287, is_first_obs: False
This is the predict step. Some useful numbers are surfaced below.
Max variance at index 116: 4124169036.04434
Pp max index: 116, value: 4124169036.04434
Pp max diag: 4124169036.04434
Pp eigs: [1.09332588e+09 1.12861189e+09 1.84056956e+09 2.87779550e+09
 4.12417916e+09]
This is the update step.
log_likelihood: [[-3.20653497]], y: [[8.76657434e-06]], cov: [[97.04675473]]
-------------------------------------------
dt_idx: 158, pulsar: 30, dt: 30.883588171744787, is_first_obs: False
This is the predict step. Some useful numbers are surfaced below.
Max variance at index 116: 4124169036.0443397
Pp max index: 116, value: 4124169036.0443397
Pp max diag: 4124169036.0443397
Pp eigs: [1.09332588e+09 1.12861189e+09 1.84056956e+09 2.87779550e+09
 4.12417916e+09]
This is the update step.
log_likelihood: [[-3.20536389]], y: [[-1.08764159e-06]], cov: [[96.81972248]]
-------------------------------------------
dt_idx: 159, pulsar: 16, dt: 30.587996724501803, is_first_obs: False
This is the predict step. Some useful numbers are surfaced below.
Max variance at index 116: 4124169036.0443397
Pp max index: 116, value: 4124169036.0443397
Pp max diag: 4124169036.0443397
Pp eigs: [1.09332588e+09 1.12861189e+09 1.84056956e+09 2.87779550e+09
 4.12417916e+09]
This is the update step.
log_likelihood: [[-3.21494753]], y: [[5.37263223e-06]], cov: [[98.69339269]]
-------------------------------------------
dt_idx: 160, pulsar: 0, dt: 33.320830890238284, is_first_obs: False
This is the predict step. Some useful numbers are surfaced below.
Max variance at index 116: 4124169036.044339
Pp max index: 116, value: 4124169036.044339
Pp max diag: 4124169036.044339
Pp eigs: [1.09332588e+09 1.12861189e+09 1.84056956e+09 2.87779550e+09
 4.12417916e+09]
This is the update step.
log_likelihood: [[-3.22287503]], y: [[-3.47485339e-07]], cov: [[100.27064545]]
-------------------------------------------
dt_idx: 161, pulsar: 27, dt: 31.526323999961214, is_first_obs: False
This is the predict step. Some useful numbers are surfaced below.
Max variance at index 116: 4124169036.044338
Pp max index: 116, value: 4124169036.044338
Pp max diag: 4124169036.044338
Pp eigs: [1.09332588e+09 1.12861189e+09 1.84056956e+09 2.87779550e+09
 4.12417916e+09]
This is the update step.
log_likelihood: [[-3.21567168]], y: [[-5.71738517e-06]], cov: [[98.83643382]]
-------------------------------------------
dt_idx: 162, pulsar: 10, dt: 30.774042952248344, is_first_obs: False
This is the predict step. Some useful numbers are surfaced below.
Max variance at index 116: 4124169036.0443373
Pp max index: 116, value: 4124169036.0443373
Pp max diag: 4124169036.0443373
Pp eigs: [1.09332588e+09 1.12861189e+09 1.84056956e+09 2.87779550e+09
 4.12417916e+09]
This is the update step.
log_likelihood: [[-3.20416515]], y: [[2.0591908e-06]], cov: [[96.58787729]]
-------------------------------------------
dt_idx: 163, pulsar: 20, dt: 30.581272651873252, is_first_obs: False
This is the predict step. Some useful numbers are surfaced below.
Max variance at index 116: 4124169036.0443373
Pp max index: 116, value: 4124169036.0443373
Pp max diag: 4124169036.0443373
Pp eigs: [1.09332588e+09 1.12861189e+09 1.84056956e+09 2.87779550e+09
 4.12417916e+09]
This is the update step.
log_likelihood: [[-3.21449748]], y: [[4.55592822e-06]], cov: [[98.60459715]]
-------------------------------------------
dt_idx: 164, pulsar: 23, dt: 34.20593077543709, is_first_obs: False
This is the predict step. Some useful numbers are surfaced below.
Max variance at index 116: 4124169036.0443373
Pp max index: 116, value: 4124169036.0443373
Pp max diag: 4124169036.0443373
Pp eigs: [1.12861189e+09 1.19362669e+09 1.84056956e+09 2.87779550e+09
 4.12417916e+09]
This is the update step.
log_likelihood: [[-3.22811725]], y: [[1.0265342e-07]], cov: [[101.32745832]]
-------------------------------------------
dt_idx: 165, pulsar: 30, dt: 27.620938525806974, is_first_obs: False
This is the predict step. Some useful numbers are surfaced below.
Max variance at index 116: 4124169036.044337
Pp max index: 116, value: 4124169036.044337
Pp max diag: 4124169036.044337
Pp eigs: [1.12861189e+09 1.17325589e+09 1.84056956e+09 2.87779550e+09
 4.12417916e+09]
This is the update step.
log_likelihood: [[-3.13822938]], y: [[5.20283216e-06]], cov: [[84.65479075]]
-------------------------------------------
dt_idx: 166, pulsar: 20, dt: 27.402460294421072, is_first_obs: False
This is the predict step. Some useful numbers are surfaced below.
Max variance at index 116: 4124169036.0443363
Pp max index: 116, value: 4124169036.0443363
Pp max diag: 4124169036.0443363
Pp eigs: [1.12861189e+09 1.17325589e+09 1.84056956e+09 2.87779550e+09
 4.12417916e+09]
This is the update step.
log_likelihood: [[-3.14043369]], y: [[3.65284935e-06]], cov: [[85.02882485]]
-------------------------------------------
dt_idx: 167, pulsar: 12, dt: 30.217733831571206, is_first_obs: False
This is the predict step. Some useful numbers are surfaced below.
Max variance at index 116: 4124169036.0443363
Pp max index: 116, value: 4124169036.0443363
Pp max diag: 4124169036.0443363
Pp eigs: [1.12861189e+09 1.17325589e+09 1.84056956e+09 2.87779550e+09
 4.12417916e+09]
This is the update step.
log_likelihood: [[-3.14743792]], y: [[-8.03181554e-07]], cov: [[86.22832931]]
-------------------------------------------
dt_idx: 168, pulsar: 10, dt: 28.24575948641256, is_first_obs: False
This is the predict step. Some useful numbers are surfaced below.
Max variance at index 116: 4124169036.0443363
Pp max index: 116, value: 4124169036.0443363
Pp max diag: 4124169036.0443363
Pp eigs: [1.12861189e+09 1.17325589e+09 1.84056956e+09 2.87779550e+09
 4.12417916e+09]
This is the update step.
log_likelihood: [[-3.14012445]], y: [[6.34866132e-06]], cov: [[84.97625309]]
-------------------------------------------
dt_idx: 169, pulsar: 3, dt: 28.96313177755585, is_first_obs: False
This is the predict step. Some useful numbers are surfaced below.
Max variance at index 116: 4124169036.0443363
Pp max index: 116, value: 4124169036.0443363
Pp max diag: 4124169036.0443363
Pp eigs: [1.12861189e+09 1.17325589e+09 1.84056956e+09 2.87779550e+09
 4.12417916e+09]
This is the update step.
log_likelihood: [[-3.14377422]], y: [[-5.08276208e-07]], cov: [[85.59880885]]
-------------------------------------------
dt_idx: 170, pulsar: 17, dt: 31.337119786055, is_first_obs: False
This is the predict step. Some useful numbers are surfaced below.
Max variance at index 116: 4124169036.0443363
Pp max index: 116, value: 4124169036.0443363
Pp max diag: 4124169036.0443363
Pp eigs: [1.17325589e+09 1.51014029e+09 1.84056956e+09 2.87779550e+09
 4.12417916e+09]
This is the update step.
log_likelihood: [[-3.15282726]], y: [[1.0607531e-05]], cov: [[87.1627846]]
-------------------------------------------
dt_idx: 171, pulsar: 28, dt: 29.060025505346278, is_first_obs: False
This is the predict step. Some useful numbers are surfaced below.
Max variance at index 116: 4124169036.0443363
Pp max index: 116, value: 4124169036.0443363
Pp max diag: 4124169036.0443363
Pp eigs: [1.17325589e+09 1.43388838e+09 1.84056956e+09 2.87779550e+09
 4.12417916e+09]
This is the update step.
log_likelihood: [[-3.14455095]], y: [[-5.71170346e-06]], cov: [[85.73188769]]
-------------------------------------------
dt_idx: 172, pulsar: 8, dt: 29.93296698692772, is_first_obs: False
This is the predict step. Some useful numbers are surfaced below.
Max variance at index 116: 4124169036.044336
Pp max index: 116, value: 4124169036.044336
Pp max diag: 4124169036.044336
Pp eigs: [1.17325589e+09 1.43388838e+09 1.84056956e+09 2.87779550e+09
 4.12417916e+09]
This is the update step.
log_likelihood: [[-3.14915259]], y: [[5.25258223e-06]], cov: [[86.52454344]]
-------------------------------------------
dt_idx: 173, pulsar: 2, dt: 29.103722460843898, is_first_obs: False
This is the predict step. Some useful numbers are surfaced below.
Max variance at index 116: 4124169036.044335
Pp max index: 116, value: 4124169036.044335
Pp max diag: 4124169036.044335
Pp eigs: [1.17325589e+09 1.43388838e+09 2.78013229e+09 2.87779550e+09
 4.12417916e+09]
This is the update step.
log_likelihood: [[-3.14399621]], y: [[4.54825028e-05]], cov: [[85.63682234]]
-------------------------------------------
dt_idx: 174, pulsar: 24, dt: 29.86948076782403, is_first_obs: False
This is the predict step. Some useful numbers are surfaced below.
Max variance at index 116: 4124169036.0443344
Pp max index: 116, value: 4124169036.0443344
Pp max diag: 4124169036.0443344
Pp eigs: [1.17325589e+09 1.43388838e+09 2.64581851e+09 2.87779550e+09
 4.12417916e+09]
This is the update step.
log_likelihood: [[-3.15242769]], y: [[-7.31754903e-06]], cov: [[87.09315618]]
-------------------------------------------
dt_idx: 175, pulsar: 18, dt: 29.789871080440502, is_first_obs: False
This is the predict step. Some useful numbers are surfaced below.
Max variance at index 116: 4124169036.044333
Pp max index: 116, value: 4124169036.044333
Pp max diag: 4124169036.044333
Pp eigs: [1.17325589e+09 1.43388838e+09 2.64581851e+09 2.87779550e+09
 4.12417916e+09]
This is the update step.
log_likelihood: [[-3.14864261]], y: [[-3.36499438e-06]], cov: [[86.43633707]]
-------------------------------------------
dt_idx: 176, pulsar: 29, dt: 30.775292719326636, is_first_obs: False
This is the predict step. Some useful numbers are surfaced below.
Max variance at index 116: 4124169036.044333
Pp max index: 116, value: 4124169036.044333
Pp max diag: 4124169036.044333
Pp eigs: [1.17325589e+09 1.43388838e+09 2.64581851e+09 2.87779550e+09
 4.12417916e+09]
This is the update step.
log_likelihood: [[-3.15352797]], y: [[8.45342531e-06]], cov: [[87.28502133]]
-------------------------------------------
dt_idx: 177, pulsar: 13, dt: 30.024591276303482, is_first_obs: False
This is the predict step. Some useful numbers are surfaced below.
Max variance at index 116: 4124169036.044332
Pp max index: 116, value: 4124169036.044332
Pp max diag: 4124169036.044332
Pp eigs: [1.17325589e+09 1.43388838e+09 2.64581851e+09 2.87779550e+09
 4.12417916e+09]
This is the update step.
log_likelihood: [[-3.14788501]], y: [[5.93674291e-07]], cov: [[86.30546724]]
-------------------------------------------
dt_idx: 178, pulsar: 19, dt: 30.374683995092354, is_first_obs: False
This is the predict step. Some useful numbers are surfaced below.
Max variance at index 116: 4124169036.0443316
Pp max index: 116, value: 4124169036.0443316
Pp max diag: 4124169036.0443316
Pp eigs: [1.17325589e+09 1.43388838e+09 2.64581851e+09 2.87779550e+09
 4.12417916e+09]
This is the update step.
log_likelihood: [[-3.15036958]], y: [[1.92747624e-06]], cov: [[86.73539898]]
-------------------------------------------
dt_idx: 179, pulsar: 6, dt: 30.23420611155254, is_first_obs: False
This is the predict step. Some useful numbers are surfaced below.
Max variance at index 116: 4124169036.044331
Pp max index: 116, value: 4124169036.044331
Pp max diag: 4124169036.044331
Pp eigs: [1.17325589e+09 1.43388838e+09 2.64581851e+09 2.87779550e+09
 4.12417916e+09]
This is the update step.
log_likelihood: [[-3.14959954]], y: [[-9.92818082e-07]], cov: [[86.60192227]]
-------------------------------------------
dt_idx: 180, pulsar: 22, dt: 31.16320550907541, is_first_obs: False
This is the predict step. Some useful numbers are surfaced below.
Max variance at index 116: 4124169036.044331
Pp max index: 116, value: 4124169036.044331
Pp max diag: 4124169036.044331
Pp eigs: [1.17325589e+09 1.43388838e+09 2.64581851e+09 2.87779550e+09
 4.12417916e+09]
This is the update step.
log_likelihood: [[-3.15337894]], y: [[8.80046042e-07]], cov: [[87.25900994]]
-------------------------------------------
dt_idx: 181, pulsar: 27, dt: 29.126916364663174, is_first_obs: False
This is the predict step. Some useful numbers are surfaced below.
Max variance at index 116: 4124169036.0443263
Pp max index: 116, value: 4124169036.0443263
Pp max diag: 4124169036.0443263
Pp eigs: [1.17325589e+09 1.43388838e+09 2.64581851e+09 2.87779550e+09
 4.12417916e+09]
This is the update step.
log_likelihood: [[-3.14842964]], y: [[-1.07412244e-05]], cov: [[86.39952753]]
-------------------------------------------
dt_idx: 182, pulsar: 21, dt: 30.567164321541785, is_first_obs: False
This is the predict step. Some useful numbers are surfaced below.
Max variance at index 116: 4124169036.044326
Pp max index: 116, value: 4124169036.044326
Pp max diag: 4124169036.044326
Pp eigs: [1.17325589e+09 1.43388838e+09 2.64581851e+09 2.87779550e+09
 4.12417916e+09]
This is the update step.
log_likelihood: [[-3.15138477]], y: [[2.9145495e-06]], cov: [[86.91168336]]
-------------------------------------------
dt_idx: 183, pulsar: 11, dt: 31.602474695664863, is_first_obs: False
This is the predict step. Some useful numbers are surfaced below.
Max variance at index 116: 4124169036.044326
Pp max index: 116, value: 4124169036.044326
Pp max diag: 4124169036.044326
Pp eigs: [1.17325589e+09 1.43388838e+09 2.64581851e+09 2.87779550e+09
 4.12417916e+09]
This is the update step.
log_likelihood: [[-3.15631656]], y: [[-4.80200737e-07]], cov: [[87.77318634]]
-------------------------------------------
dt_idx: 184, pulsar: 1, dt: 31.122152537173694, is_first_obs: False
This is the predict step. Some useful numbers are surfaced below.
Max variance at index 68: 4437097475.332533
Pp max index: 68, value: 4437097475.332533
Pp max diag: 4437097475.332533
Pp eigs: [1.17325589e+09 1.43388838e+09 2.64581851e+09 4.12417916e+09
 4.43711366e+09]
This is the update step.
log_likelihood: [[-3.14713044]], y: [[1.02893949e-05]], cov: [[86.17531942]]
-------------------------------------------
dt_idx: 185, pulsar: 5, dt: 30.770400541115688, is_first_obs: False
This is the predict step. Some useful numbers are surfaced below.
Max variance at index 68: 4191789694.0268126
Pp max index: 68, value: 4191789694.0268126
Pp max diag: 4191789694.0268126
Pp eigs: [1.17325589e+09 1.43388838e+09 2.64581851e+09 4.12417916e+09
 4.19180475e+09]
This is the update step.
log_likelihood: [[-3.14595379]], y: [[-4.94007202e-05]], cov: [[85.97276058]]
-------------------------------------------
dt_idx: 186, pulsar: 15, dt: 29.977219119193375, is_first_obs: False
This is the predict step. Some useful numbers are surfaced below.
Max variance at index 68: 4191789694.0268073
Pp max index: 68, value: 4191789694.0268073
Pp max diag: 4191789694.0268073
Pp eigs: [1.17325589e+09 1.43388838e+09 2.64581851e+09 4.12417916e+09
 4.19180475e+09]
This is the update step.
log_likelihood: [[-3.14885578]], y: [[7.21423548e-06]], cov: [[86.47319588]]
-------------------------------------------
dt_idx: 187, pulsar: 9, dt: 30.317250597808094, is_first_obs: False
This is the predict step. Some useful numbers are surfaced below.
Max variance at index 68: 4191789694.026804
Pp max index: 68, value: 4191789694.026804
Pp max diag: 4191789694.026804
Pp eigs: [1.17325589e+09 1.43388838e+09 2.64581851e+09 4.12417916e+09
 4.19180475e+09]
This is the update step.
log_likelihood: [[-3.14916314]], y: [[-2.52766543e-06]], cov: [[86.52636992]]
-------------------------------------------
dt_idx: 188, pulsar: 7, dt: 32.154558048259325, is_first_obs: False
This is the predict step. Some useful numbers are surfaced below.
Max variance at index 68: 4191789694.026804
Pp max index: 68, value: 4191789694.026804
Pp max diag: 4191789694.026804
Pp eigs: [1.29224659e+09 1.43388838e+09 2.64581851e+09 4.12417916e+09
 4.19180475e+09]
This is the update step.
log_likelihood: [[-3.15495832]], y: [[3.51256213e-06]], cov: [[87.53507455]]
-------------------------------------------
dt_idx: 189, pulsar: 4, dt: 30.901545011721275, is_first_obs: False
This is the predict step. Some useful numbers are surfaced below.
Max variance at index 68: 4191789694.0268025
Pp max index: 68, value: 4191789694.0268025
Pp max diag: 4191789694.0268025
Pp eigs: [1.43388838e+09 1.67798996e+09 2.64581851e+09 4.12417916e+09
 4.19180475e+09]
This is the update step.
log_likelihood: [[-3.15134435]], y: [[-2.40276036e-06]], cov: [[86.90465893]]
-------------------------------------------
dt_idx: 190, pulsar: 23, dt: 29.3310219036429, is_first_obs: False
This is the predict step. Some useful numbers are surfaced below.
Max variance at index 68: 4191789694.026798
Pp max index: 68, value: 4191789694.026798
Pp max diag: 4191789694.026798
Pp eigs: [1.58634915e+09 1.76694339e+09 2.64581851e+09 4.12417916e+09
 4.19180475e+09]
This is the update step.
log_likelihood: [[-3.15392568]], y: [[-1.02766834e-06]], cov: [[87.3544778]]
-------------------------------------------
dt_idx: 191, pulsar: 25, dt: 30.473323218800402, is_first_obs: False
This is the predict step. Some useful numbers are surfaced below.
Max variance at index 116: 6323591103.984797
Pp max index: 116, value: 6323591103.984797
Pp max diag: 6323591103.984797
Pp eigs: [1.58634915e+09 1.67608982e+09 2.64581851e+09 4.19180475e+09
 6.32360698e+09]
This is the update step.
log_likelihood: [[-3.15252762]], y: [[-6.10501333e-07]], cov: [[87.11056578]]
-------------------------------------------
dt_idx: 192, pulsar: 32, dt: 31.301320987145104, is_first_obs: False
This is the predict step. Some useful numbers are surfaced below.
Max variance at index 116: 5991803711.876097
Pp max index: 116, value: 5991803711.876097
Pp max diag: 5991803711.876097
Pp eigs: [1.58634915e+09 1.67608982e+09 2.64581851e+09 4.19180475e+09
 5.99181853e+09]
This is the update step.
log_likelihood: [[-3.15405693]], y: [[-4.5785701e-06]], cov: [[87.37741045]]
-------------------------------------------
dt_idx: 193, pulsar: 16, dt: 30.17829880406459, is_first_obs: False
This is the predict step. Some useful numbers are surfaced below.
Max variance at index 116: 5991803711.876097
Pp max index: 116, value: 5991803711.876097
Pp max diag: 5991803711.876097
Pp eigs: [1.58634915e+09 1.67608982e+09 2.64581851e+09 4.19180475e+09
 5.99181853e+09]
This is the update step.
log_likelihood: [[-3.1523772]], y: [[1.47765298e-06]], cov: [[87.08436269]]
-------------------------------------------
dt_idx: 194, pulsar: 14, dt: 31.669201977363336, is_first_obs: False
This is the predict step. Some useful numbers are surfaced below.
Max variance at index 116: 5991803711.876094
Pp max index: 116, value: 5991803711.876094
Pp max diag: 5991803711.876094
Pp eigs: [1.58634915e+09 1.67608982e+09 2.64581851e+09 4.19180475e+09
 5.99181853e+09]
This is the update step.
log_likelihood: [[-3.15443165]], y: [[-1.26843495e-06]], cov: [[87.44291878]]
-------------------------------------------
dt_idx: 195, pulsar: 0, dt: 30.517870114600214, is_first_obs: False
This is the predict step. Some useful numbers are surfaced below.
Max variance at index 116: 5991803711.876086
Pp max index: 116, value: 5991803711.876086
Pp max diag: 5991803711.876086
Pp eigs: [1.58634915e+09 1.67608982e+09 2.64581851e+09 4.19180475e+09
 5.99181853e+09]
This is the update step.
log_likelihood: [[-3.15751526]], y: [[-1.31078645e-07]], cov: [[87.9838658]]
-------------------------------------------
dt_idx: 196, pulsar: 26, dt: 32.212707243109186, is_first_obs: False
This is the predict step. Some useful numbers are surfaced below.
Max variance at index 116: 5991803711.8760805
Pp max index: 116, value: 5991803711.8760805
Pp max diag: 5991803711.8760805
Pp eigs: [1.58634915e+09 1.67608982e+09 2.64581851e+09 4.19180475e+09
 5.99181853e+09]
This is the update step.
log_likelihood: [[-3.15464791]], y: [[-1.24446926e-05]], cov: [[87.48074791]]
-------------------------------------------
dt_idx: 197, pulsar: 31, dt: 32.225737872123716, is_first_obs: False
This is the predict step. Some useful numbers are surfaced below.
Max variance at index 116: 5991803711.876024
Pp max index: 116, value: 5991803711.876024
Pp max diag: 5991803711.876024
Pp eigs: [1.67608982e+09 1.76989611e+09 2.64581851e+09 4.19180475e+09
 5.99181853e+09]
This is the update step.
log_likelihood: [[-3.16139742]], y: [[4.00367701e-06]], cov: [[88.66965967]]
-------------------------------------------
dt_idx: 198, pulsar: 31, dt: 26.43753943369344, is_first_obs: False
This is the predict step. Some useful numbers are surfaced below.
Max variance at index 116: 5991803711.876022
Pp max index: 116, value: 5991803711.876022
Pp max diag: 5991803711.876022
Pp eigs: [1.67608982e+09 2.25261751e+09 2.64581851e+09 4.19180475e+09
 5.99181853e+09]
This is the update step.
log_likelihood: [[-3.11783034]], y: [[8.28100973e-06]], cov: [[81.27054224]]
-------------------------------------------
dt_idx: 199, pulsar: 6, dt: 28.874981746221028, is_first_obs: False
This is the predict step. Some useful numbers are surfaced below.
Max variance at index 116: 5991803711.876021
Pp max index: 116, value: 5991803711.876021
Pp max diag: 5991803711.876021
Pp eigs: [1.67608982e+09 2.03785431e+09 2.64581851e+09 4.19180475e+09
 5.99181853e+09]
This is the update step.
log_likelihood: [[-3.1237806]], y: [[1.20822489e-05]], cov: [[82.24348117]]
-------------------------------------------
dt_idx: 200, pulsar: 22, dt: 29.013808866452287, is_first_obs: False
This is the predict step. Some useful numbers are surfaced below.
Max variance at index 116: 5991803711.87602
Pp max index: 116, value: 5991803711.87602
Pp max diag: 5991803711.87602
Pp eigs: [1.67608982e+09 2.03785431e+09 2.64581851e+09 4.19180475e+09
 5.99181853e+09]
This is the update step.
log_likelihood: [[-3.1258356]], y: [[9.13791383e-06]], cov: [[82.58219708]]
-------------------------------------------
dt_idx: 201, pulsar: 0, dt: 27.58340768083378, is_first_obs: False
This is the predict step. Some useful numbers are surfaced below.
Max variance at index 116: 5991803711.875999
Pp max index: 116, value: 5991803711.875999
Pp max diag: 5991803711.875999
Pp eigs: [1.67608982e+09 2.03785431e+09 2.64581851e+09 4.19180475e+09
 5.99181853e+09]
This is the update step.
log_likelihood: [[-3.12093883]], y: [[1.09919902e-06]], cov: [[81.77737308]]
-------------------------------------------
dt_idx: 202, pulsar: 4, dt: 28.637174808195343, is_first_obs: False
This is the predict step. Some useful numbers are surfaced below.
Max variance at index 116: 5991803711.875998
Pp max index: 116, value: 5991803711.875998
Pp max diag: 5991803711.875998
Pp eigs: [2.03785431e+09 2.18693448e+09 2.64581851e+09 4.19180475e+09
 5.99181853e+09]
This is the update step.
log_likelihood: [[-3.12344532]], y: [[1.02107349e-05]], cov: [[82.18835104]]
-------------------------------------------
dt_idx: 203, pulsar: 28, dt: 29.97849440373756, is_first_obs: False
This is the predict step. Some useful numbers are surfaced below.
Max variance at index 116: 5991803711.875995
Pp max index: 116, value: 5991803711.875995
Pp max diag: 5991803711.875995
Pp eigs: [1.95780934e+09 2.03785431e+09 2.64581851e+09 4.19180475e+09
 5.99181853e+09]
This is the update step.
log_likelihood: [[-3.12617968]], y: [[-3.30953035e-06]], cov: [[82.6390465]]
-------------------------------------------
dt_idx: 204, pulsar: 2, dt: 29.917781702732597, is_first_obs: False
This is the predict step. Some useful numbers are surfaced below.
Max variance at index 116: 5991803711.875993
Pp max index: 116, value: 5991803711.875993
Pp max diag: 5991803711.875993
Pp eigs: [1.95780934e+09 2.03785431e+09 3.72617616e+09 4.19180475e+09
 5.99181853e+09]
This is the update step.
log_likelihood: [[-3.12540672]], y: [[3.14407222e-05]], cov: [[82.51139252]]
-------------------------------------------
dt_idx: 205, pulsar: 20, dt: 30.838607030709582, is_first_obs: False
This is the predict step. Some useful numbers are surfaced below.
Max variance at index 116: 5991803711.87599
Pp max index: 116, value: 5991803711.87599
Pp max diag: 5991803711.87599
Pp eigs: [1.95780934e+09 2.03785431e+09 3.33906204e+09 4.19180475e+09
 5.99181853e+09]
This is the update step.
log_likelihood: [[-3.12733815]], y: [[-9.87356878e-06]], cov: [[82.83073862]]
-------------------------------------------
dt_idx: 206, pulsar: 18, dt: 29.94733088220711, is_first_obs: False
This is the predict step. Some useful numbers are surfaced below.
Max variance at index 116: 5991803711.87599
Pp max index: 116, value: 5991803711.87599
Pp max diag: 5991803711.87599
Pp eigs: [1.95780934e+09 2.03785431e+09 3.33906204e+09 4.19180475e+09
 5.99181853e+09]
This is the update step.
log_likelihood: [[-3.12780255]], y: [[-3.34722727e-08]], cov: [[82.90770786]]
-------------------------------------------
dt_idx: 207, pulsar: 5, dt: 29.444877683310594, is_first_obs: False
This is the predict step. Some useful numbers are surfaced below.
Max variance at index 116: 5991803711.87599
Pp max index: 116, value: 5991803711.87599
Pp max diag: 5991803711.87599
Pp eigs: [1.95780934e+09 2.03785431e+09 3.33906204e+09 4.19180475e+09
 5.99181853e+09]
This is the update step.
log_likelihood: [[-3.12495627]], y: [[-2.43400274e-06]], cov: [[82.43709131]]
-------------------------------------------
dt_idx: 208, pulsar: 19, dt: 30.041639619966347, is_first_obs: False
This is the predict step. Some useful numbers are surfaced below.
Max variance at index 116: 5991803711.875988
Pp max index: 116, value: 5991803711.875988
Pp max diag: 5991803711.875988
Pp eigs: [1.95780934e+09 2.03785431e+09 3.33906204e+09 4.19180475e+09
 5.99181853e+09]
This is the update step.
log_likelihood: [[-3.12902621]], y: [[-3.51936369e-07]], cov: [[83.1108582]]
-------------------------------------------
dt_idx: 209, pulsar: 9, dt: 29.562172272978003, is_first_obs: False
This is the predict step. Some useful numbers are surfaced below.
Max variance at index 116: 5991803711.875986
Pp max index: 116, value: 5991803711.875986
Pp max diag: 5991803711.875986
Pp eigs: [1.95780934e+09 2.03785431e+09 3.33906204e+09 4.19180475e+09
 5.99181853e+09]
This is the update step.
log_likelihood: [[-3.12640781]], y: [[-1.97536997e-06]], cov: [[82.67676077]]
-------------------------------------------
dt_idx: 210, pulsar: 24, dt: 30.53656004929984, is_first_obs: False
This is the predict step. Some useful numbers are surfaced below.
Max variance at index 116: 5991803711.875985
Pp max index: 116, value: 5991803711.875985
Pp max diag: 5991803711.875985
Pp eigs: [1.95780934e+09 2.03785431e+09 3.33906204e+09 4.19180475e+09
 5.99181853e+09]
This is the update step.
log_likelihood: [[-3.131501]], y: [[7.26885551e-06]], cov: [[83.52324128]]
-------------------------------------------
dt_idx: 211, pulsar: 26, dt: 28.49552470191761, is_first_obs: False
This is the predict step. Some useful numbers are surfaced below.
Max variance at index 116: 5991803711.8759775
Pp max index: 116, value: 5991803711.8759775
Pp max diag: 5991803711.8759775
Pp eigs: [1.95780934e+09 2.03785431e+09 3.33906204e+09 4.19180475e+09
 5.99181853e+09]
This is the update step.
log_likelihood: [[-3.12454594]], y: [[2.94729181e-05]], cov: [[82.36946603]]
-------------------------------------------
dt_idx: 212, pulsar: 11, dt: 30.006568855875067, is_first_obs: False
This is the predict step. Some useful numbers are surfaced below.
Max variance at index 116: 5991803711.87596
Pp max index: 116, value: 5991803711.87596
Pp max diag: 5991803711.87596
Pp eigs: [1.95780934e+09 2.03785431e+09 3.33906204e+09 4.19180475e+09
 5.99181853e+09]
This is the update step.
log_likelihood: [[-3.13126489]], y: [[-1.28469577e-07]], cov: [[83.48381013]]
-------------------------------------------
dt_idx: 213, pulsar: 27, dt: 30.159610079383405, is_first_obs: False
This is the predict step. Some useful numbers are surfaced below.
Max variance at index 116: 5991803711.875959
Pp max index: 116, value: 5991803711.875959
Pp max diag: 5991803711.875959
Pp eigs: [1.95780934e+09 2.03785431e+09 3.33906204e+09 4.19180475e+09
 5.99181853e+09]
This is the update step.
log_likelihood: [[-3.12832209]], y: [[1.28635851e-05]], cov: [[82.9938995]]
-------------------------------------------
dt_idx: 214, pulsar: 16, dt: 29.450612488786376, is_first_obs: False
This is the predict step. Some useful numbers are surfaced below.
Max variance at index 116: 5991803711.8759575
Pp max index: 116, value: 5991803711.8759575
Pp max diag: 5991803711.8759575
Pp eigs: [2.03785431e+09 2.06346784e+09 3.33906204e+09 4.19180475e+09
 5.99181853e+09]
This is the update step.
log_likelihood: [[-3.12700037]], y: [[5.78868558e-06]], cov: [[82.77479992]]
-------------------------------------------
dt_idx: 215, pulsar: 15, dt: 29.892265065787015, is_first_obs: False
This is the predict step. Some useful numbers are surfaced below.
Max variance at index 116: 5991803711.875957
Pp max index: 116, value: 5991803711.875957
Pp max diag: 5991803711.875957
Pp eigs: [1.95780934e+09 2.03785431e+09 3.33906204e+09 4.19180475e+09
 5.99181853e+09]
This is the update step.
log_likelihood: [[-3.12773704]], y: [[8.52853922e-07]], cov: [[82.89684584]]
-------------------------------------------
dt_idx: 216, pulsar: 17, dt: 30.897518515631003, is_first_obs: False
This is the predict step. Some useful numbers are surfaced below.
Max variance at index 116: 5991803711.875956
Pp max index: 116, value: 5991803711.875956
Pp max diag: 5991803711.875956
Pp eigs: [2.03785431e+09 2.03851602e+09 3.33906204e+09 4.19180475e+09
 5.99181853e+09]
This is the update step.
log_likelihood: [[-3.1337327]], y: [[7.16275326e-06]], cov: [[83.89687184]]
-------------------------------------------
dt_idx: 217, pulsar: 12, dt: 31.26559862644584, is_first_obs: False
This is the predict step. Some useful numbers are surfaced below.
Max variance at index 116: 5991803711.875955
Pp max index: 116, value: 5991803711.875955
Pp max diag: 5991803711.875955
Pp eigs: [1.95780934e+09 2.03785431e+09 3.33906204e+09 4.19180475e+09
 5.99181853e+09]
This is the update step.
log_likelihood: [[-3.13326396]], y: [[-1.5185375e-05]], cov: [[83.81825797]]
-------------------------------------------
dt_idx: 218, pulsar: 32, dt: 29.605281246326587, is_first_obs: False
This is the predict step. Some useful numbers are surfaced below.
Max variance at index 116: 5991803711.875954
Pp max index: 116, value: 5991803711.875954
Pp max diag: 5991803711.875954
Pp eigs: [1.95780934e+09 2.03785431e+09 3.33906204e+09 4.19180475e+09
 5.99181853e+09]
This is the update step.
log_likelihood: [[-3.12880607]], y: [[-3.16420549e-06]], cov: [[83.07427362]]
-------------------------------------------
dt_idx: 219, pulsar: 21, dt: 30.427477710103545, is_first_obs: False
This is the predict step. Some useful numbers are surfaced below.
Max variance at index 116: 5991803711.875954
Pp max index: 116, value: 5991803711.875954
Pp max diag: 5991803711.875954
Pp eigs: [1.95780934e+09 2.03785431e+09 3.33906204e+09 4.19180475e+09
 5.99181853e+09]
This is the update step.
log_likelihood: [[-3.13098871]], y: [[-3.36652271e-06]], cov: [[83.43770957]]
-------------------------------------------
dt_idx: 220, pulsar: 29, dt: 30.939784084867547, is_first_obs: False
This is the predict step. Some useful numbers are surfaced below.
Max variance at index 116: 5991803711.875954
Pp max index: 116, value: 5991803711.875954
Pp max diag: 5991803711.875954
Pp eigs: [1.95780934e+09 2.03785431e+09 3.33906204e+09 4.19180475e+09
 5.99181853e+09]
This is the update step.
log_likelihood: [[-3.1341255]], y: [[-6.78479711e-06]], cov: [[83.96280804]]
-------------------------------------------
dt_idx: 221, pulsar: 1, dt: 30.460245068426484, is_first_obs: False
This is the predict step. Some useful numbers are surfaced below.
Max variance at index 116: 5991803711.87595
Pp max index: 116, value: 5991803711.87595
Pp max diag: 5991803711.87595
Pp eigs: [1.95780934e+09 2.03785431e+09 3.33906204e+09 5.89137747e+09
 5.99181853e+09]
This is the update step.
log_likelihood: [[-3.13016922]], y: [[2.59728306e-05]], cov: [[83.30106911]]
-------------------------------------------
dt_idx: 222, pulsar: 13, dt: 30.99036141352521, is_first_obs: False
This is the predict step. Some useful numbers are surfaced below.
Max variance at index 116: 5991803711.875947
Pp max index: 116, value: 5991803711.875947
Pp max diag: 5991803711.875947
Pp eigs: [1.95780934e+09 2.03785431e+09 3.33906204e+09 5.22315996e+09
 5.99181853e+09]
This is the update step.
log_likelihood: [[-3.13228982]], y: [[4.0897527e-07]], cov: [[83.65511496]]
-------------------------------------------
dt_idx: 223, pulsar: 7, dt: 30.242893187988685, is_first_obs: False
This is the predict step. Some useful numbers are surfaced below.
Max variance at index 116: 5991803711.875944
Pp max index: 116, value: 5991803711.875944
Pp max diag: 5991803711.875944
Pp eigs: [1.95780934e+09 2.03785431e+09 3.33906204e+09 5.22315996e+09
 5.99181853e+09]
This is the update step.
log_likelihood: [[-3.13263261]], y: [[-5.00541188e-07]], cov: [[83.71248777]]
-------------------------------------------
dt_idx: 224, pulsar: 23, dt: 30.27591815089738, is_first_obs: False
This is the predict step. Some useful numbers are surfaced below.
Max variance at index 116: 5991803711.875942
Pp max index: 116, value: 5991803711.875942
Pp max diag: 5991803711.875942
Pp eigs: [2.03785431e+09 2.35854583e+09 3.33906204e+09 5.22315996e+09
 5.99181853e+09]
This is the update step.
log_likelihood: [[-3.13112227]], y: [[-4.07817508e-07]], cov: [[83.45999949]]
-------------------------------------------
dt_idx: 225, pulsar: 8, dt: 31.548379011772294, is_first_obs: False
This is the predict step. Some useful numbers are surfaced below.
Max variance at index 116: 5991803711.875941
Pp max index: 116, value: 5991803711.875941
Pp max diag: 5991803711.875941
Pp eigs: [2.03785431e+09 2.10558756e+09 3.33906204e+09 5.22315996e+09
 5.99181853e+09]
This is the update step.
log_likelihood: [[-3.13470676]], y: [[6.76953759e-06]], cov: [[84.06047219]]
-------------------------------------------
dt_idx: 226, pulsar: 10, dt: 32.11341172530695, is_first_obs: False
This is the predict step. Some useful numbers are surfaced below.
Max variance at index 116: 5991803711.875936
Pp max index: 116, value: 5991803711.875936
Pp max diag: 5991803711.875936
Pp eigs: [2.03785431e+09 2.10558756e+09 3.33906204e+09 5.22315996e+09
 5.99181853e+09]
This is the update step.
log_likelihood: [[-3.13395656]], y: [[-1.6780135e-06]], cov: [[83.93444266]]
-------------------------------------------
dt_idx: 227, pulsar: 3, dt: 32.15080883265645, is_first_obs: False
This is the predict step. Some useful numbers are surfaced below.
Max variance at index 116: 5991803711.875936
Pp max index: 116, value: 5991803711.875936
Pp max diag: 5991803711.875936
Pp eigs: [2.03785431e+09 2.10558756e+09 3.33906204e+09 5.22315996e+09
 5.99181853e+09]
This is the update step.
log_likelihood: [[-3.13536248]], y: [[4.76505229e-07]], cov: [[84.17078535]]
-------------------------------------------
dt_idx: 228, pulsar: 25, dt: 30.95189289715555, is_first_obs: False
This is the predict step. Some useful numbers are surfaced below.
Max variance at index 116: 8489594586.114711
Pp max index: 116, value: 8489594586.114711
Pp max diag: 8489594586.114711
Pp eigs: [2.03785431e+09 2.10558756e+09 3.33906204e+09 5.22315996e+09
 8.48961607e+09]
This is the update step.
log_likelihood: [[-3.13388729]], y: [[4.33198531e-08]], cov: [[83.92281543]]
-------------------------------------------
dt_idx: 229, pulsar: 14, dt: 30.70349939726017, is_first_obs: False
This is the predict step. Some useful numbers are surfaced below.
Max variance at index 116: 7545506295.87799
Pp max index: 116, value: 7545506295.87799
Pp max diag: 7545506295.87799
Pp eigs: [2.03785431e+09 2.10558756e+09 3.33906204e+09 5.22315996e+09
 7.54552508e+09]
This is the update step.
log_likelihood: [[-3.13434659]], y: [[-2.87226226e-08]], cov: [[83.99994232]]
-------------------------------------------
dt_idx: 230, pulsar: 30, dt: 33.8287226418323, is_first_obs: False
This is the predict step. Some useful numbers are surfaced below.
Max variance at index 116: 7545506295.87797
Pp max index: 116, value: 7545506295.87797
Pp max diag: 7545506295.87797
Pp eigs: [2.03785431e+09 2.10558756e+09 3.33906204e+09 5.22315996e+09
 7.54552508e+09]
This is the update step.
log_likelihood: [[-3.14069103]], y: [[-1.69056177e-05]], cov: [[85.07259905]]
-------------------------------------------
dt_idx: 231, pulsar: 13, dt: 27.277711204996812, is_first_obs: False
This is the predict step. Some useful numbers are surfaced below.
Max variance at index 116: 7545506295.877962
Pp max index: 116, value: 7545506295.877962
Pp max diag: 7545506295.877962
Pp eigs: [2.03785431e+09 2.10558756e+09 3.33906204e+09 5.22315996e+09
 7.54552508e+09]
This is the update step.
log_likelihood: [[-3.11792431]], y: [[3.30788526e-05]], cov: [[81.28581695]]
-------------------------------------------
dt_idx: 232, pulsar: 14, dt: 26.229241540343672, is_first_obs: False
This is the predict step. Some useful numbers are surfaced below.
Max variance at index 116: 7545506295.877955
Pp max index: 116, value: 7545506295.877955
Pp max diag: 7545506295.877955
Pp eigs: [2.03785431e+09 2.10558756e+09 3.33906204e+09 5.22315996e+09
 7.54552508e+09]
This is the update step.
log_likelihood: [[-3.11397935]], y: [[-2.336057e-07]], cov: [[80.64700188]]
-------------------------------------------
dt_idx: 233, pulsar: 31, dt: 30.224266349441475, is_first_obs: False
This is the predict step. Some useful numbers are surfaced below.
Max variance at index 116: 7545506295.877952
Pp max index: 116, value: 7545506295.877952
Pp max diag: 7545506295.877952
Pp eigs: [2.10558756e+09 2.71767924e+09 3.33906204e+09 5.22315996e+09
 7.54552508e+09]
This is the update step.
log_likelihood: [[-3.12342622]], y: [[3.15112349e-06]], cov: [[82.18521062]]
-------------------------------------------
dt_idx: 234, pulsar: 6, dt: 30.128404999607138, is_first_obs: False
This is the predict step. Some useful numbers are surfaced below.
Max variance at index 116: 7545506295.877946
Pp max index: 116, value: 7545506295.877946
Pp max diag: 7545506295.877946
Pp eigs: [2.10558756e+09 2.27310953e+09 3.33906204e+09 5.22315996e+09
 7.54552508e+09]
This is the update step.
log_likelihood: [[-3.12691878]], y: [[5.20851053e-06]], cov: [[82.76129447]]
-------------------------------------------
dt_idx: 235, pulsar: 26, dt: 29.238037043721587, is_first_obs: False
This is the predict step. Some useful numbers are surfaced below.
Max variance at index 116: 7545506295.877943
Pp max index: 116, value: 7545506295.877943
Pp max diag: 7545506295.877943
Pp eigs: [2.10558756e+09 2.27310953e+09 3.33906204e+09 5.22315996e+09
 7.54552508e+09]
This is the update step.
log_likelihood: [[-3.12310016]], y: [[-1.76296989e-06]], cov: [[82.13163325]]
-------------------------------------------
dt_idx: 236, pulsar: 11, dt: 29.21017618852633, is_first_obs: False
This is the predict step. Some useful numbers are surfaced below.
Max variance at index 116: 7545506295.8778925
Pp max index: 116, value: 7545506295.8778925
Pp max diag: 7545506295.8778925
Pp eigs: [2.10558756e+09 2.27310953e+09 3.33906204e+09 5.22315996e+09
 7.54552508e+09]
This is the update step.
log_likelihood: [[-3.12555817]], y: [[-1.640479e-06]], cov: [[82.53638868]]
-------------------------------------------
dt_idx: 237, pulsar: 23, dt: 28.518932185161994, is_first_obs: False
This is the predict step. Some useful numbers are surfaced below.
Max variance at index 116: 7545506295.877889
Pp max index: 116, value: 7545506295.877889
Pp max diag: 7545506295.877889
Pp eigs: [2.27310953e+09 2.75653239e+09 3.33906204e+09 5.22315996e+09
 7.54552508e+09]
This is the update step.
log_likelihood: [[-3.1224157]], y: [[9.05328212e-09]], cov: [[82.01927899]]
-------------------------------------------
dt_idx: 238, pulsar: 28, dt: 30.298545394363224, is_first_obs: False
This is the predict step. Some useful numbers are surfaced below.
Max variance at index 116: 7545506295.877888
Pp max index: 116, value: 7545506295.877888
Pp max diag: 7545506295.877888
Pp eigs: [2.27310953e+09 2.31087464e+09 3.33906204e+09 5.22315996e+09
 7.54552508e+09]
This is the update step.
log_likelihood: [[-3.12914026]], y: [[-4.25129772e-06]], cov: [[83.12981735]]
-------------------------------------------
dt_idx: 239, pulsar: 16, dt: 29.526477207022683, is_first_obs: False
This is the predict step. Some useful numbers are surfaced below.
Max variance at index 116: 7545506295.877883
Pp max index: 116, value: 7545506295.877883
Pp max diag: 7545506295.877883
Pp eigs: [2.31087464e+09 2.43933777e+09 3.33906204e+09 5.22315996e+09
 7.54552508e+09]
This is the update step.
log_likelihood: [[-3.12545429]], y: [[4.98800239e-06]], cov: [[82.51924366]]
-------------------------------------------
dt_idx: 240, pulsar: 2, dt: 30.416823976735273, is_first_obs: False
This is the predict step. Some useful numbers are surfaced below.
Max variance at index 116: 7545506295.877879
Pp max index: 116, value: 7545506295.877879
Pp max diag: 7545506295.877879
Pp eigs: [2.27310953e+09 2.31087464e+09 4.46100425e+09 5.22315996e+09
 7.54552508e+09]
This is the update step.
log_likelihood: [[-3.12901476]], y: [[-2.253815e-05]], cov: [[83.10895417]]
-------------------------------------------
dt_idx: 241, pulsar: 22, dt: 30.872260439980913, is_first_obs: False
This is the predict step. Some useful numbers are surfaced below.
Max variance at index 116: 7545506295.877869
Pp max index: 116, value: 7545506295.877869
Pp max diag: 7545506295.877869
Pp eigs: [2.27310953e+09 2.31087464e+09 3.70361995e+09 5.22315996e+09
 7.54552508e+09]
This is the update step.
log_likelihood: [[-3.13129355]], y: [[-1.39191918e-06]], cov: [[83.48859478]]
-------------------------------------------
dt_idx: 242, pulsar: 32, dt: 29.65585149572955, is_first_obs: False
This is the predict step. Some useful numbers are surfaced below.
Max variance at index 116: 7545506295.877797
Pp max index: 116, value: 7545506295.877797
Pp max diag: 7545506295.877797
Pp eigs: [2.27310953e+09 2.31087464e+09 3.70361995e+09 5.22315996e+09
 7.54552508e+09]
This is the update step.
log_likelihood: [[-3.12701258]], y: [[2.78052074e-06]], cov: [[82.77682205]]
-------------------------------------------
dt_idx: 243, pulsar: 10, dt: 28.661731826751318, is_first_obs: False
This is the predict step. Some useful numbers are surfaced below.
Max variance at index 116: 7545506295.877797
Pp max index: 116, value: 7545506295.877797
Pp max diag: 7545506295.877797
Pp eigs: [2.27310953e+09 2.31087464e+09 3.70361995e+09 5.22315996e+09
 7.54552508e+09]
This is the update step.
log_likelihood: [[-3.12581393]], y: [[-4.01829775e-06]], cov: [[82.57861938]]
-------------------------------------------
dt_idx: 244, pulsar: 0, dt: 31.135395979870246, is_first_obs: False
This is the predict step. Some useful numbers are surfaced below.
Max variance at index 116: 7545506295.877796
Pp max index: 116, value: 7545506295.877796
Pp max diag: 7545506295.877796
Pp eigs: [2.27310953e+09 2.31087464e+09 3.70361995e+09 5.22315996e+09
 7.54552508e+09]
This is the update step.
log_likelihood: [[-3.1293677]], y: [[-9.02130896e-07]], cov: [[83.16764016]]
-------------------------------------------
dt_idx: 245, pulsar: 24, dt: 30.12077747200374, is_first_obs: False
This is the predict step. Some useful numbers are surfaced below.
Max variance at index 116: 7545506295.8777895
Pp max index: 116, value: 7545506295.8777895
Pp max diag: 7545506295.8777895
Pp eigs: [2.27310953e+09 2.31087464e+09 3.70361995e+09 5.22315996e+09
 7.54552508e+09]
This is the update step.
log_likelihood: [[-3.13008266]], y: [[-2.93817142e-06]], cov: [[83.28664831]]
-------------------------------------------
dt_idx: 246, pulsar: 5, dt: 30.540882472440046, is_first_obs: False
This is the predict step. Some useful numbers are surfaced below.
Max variance at index 116: 7545506295.877768
Pp max index: 116, value: 7545506295.877768
Pp max diag: 7545506295.877768
Pp eigs: [2.27310953e+09 2.31087464e+09 3.70361995e+09 5.22315996e+09
 7.54552508e+09]
This is the update step.
log_likelihood: [[-3.12999553]], y: [[-1.66669616e-05]], cov: [[83.27213692]]
-------------------------------------------
dt_idx: 247, pulsar: 18, dt: 30.665474277370503, is_first_obs: False
This is the predict step. Some useful numbers are surfaced below.
Max variance at index 116: 7545506295.877761
Pp max index: 116, value: 7545506295.877761
Pp max diag: 7545506295.877761
Pp eigs: [2.27310953e+09 2.31087464e+09 3.70361995e+09 5.22315996e+09
 7.54552508e+09]
This is the update step.
log_likelihood: [[-3.13156834]], y: [[2.15910151e-06]], cov: [[83.53449112]]
-------------------------------------------
dt_idx: 248, pulsar: 8, dt: 29.349032323194873, is_first_obs: False
This is the predict step. Some useful numbers are surfaced below.
Max variance at index 116: 7545506295.87776
Pp max index: 116, value: 7545506295.87776
Pp max diag: 7545506295.87776
Pp eigs: [2.27310953e+09 2.31087464e+09 3.70361995e+09 5.22315996e+09
 7.54552508e+09]
This is the update step.
log_likelihood: [[-3.12838958]], y: [[-6.27938245e-06]], cov: [[83.00510385]]
-------------------------------------------
dt_idx: 249, pulsar: 7, dt: 29.637137413433305, is_first_obs: False
This is the predict step. Some useful numbers are surfaced below.
Max variance at index 116: 7545506295.877747
Pp max index: 116, value: 7545506295.877747
Pp max diag: 7545506295.877747
Pp eigs: [2.27310953e+09 2.31087464e+09 3.70361995e+09 5.22315996e+09
 7.54552508e+09]
This is the update step.
log_likelihood: [[-3.12915313]], y: [[1.49931256e-05]], cov: [[83.13195727]]
-------------------------------------------
dt_idx: 250, pulsar: 21, dt: 30.09458310983799, is_first_obs: False
This is the predict step. Some useful numbers are surfaced below.
Max variance at index 116: 7545506295.877743
Pp max index: 116, value: 7545506295.877743
Pp max diag: 7545506295.877743
Pp eigs: [2.27310953e+09 2.31087464e+09 3.70361995e+09 5.22315996e+09
 7.54552508e+09]
This is the update step.
log_likelihood: [[-3.13019318]], y: [[-2.71797213e-06]], cov: [[83.30505987]]
-------------------------------------------
dt_idx: 251, pulsar: 12, dt: 30.378145402416035, is_first_obs: False
This is the predict step. Some useful numbers are surfaced below.
Max variance at index 116: 7545506295.877742
Pp max index: 116, value: 7545506295.877742
Pp max diag: 7545506295.877742
Pp eigs: [2.27310953e+09 2.31087464e+09 3.70361995e+09 5.22315996e+09
 7.54552508e+09]
This is the update step.
log_likelihood: [[-3.1330704]], y: [[1.51949398e-05]], cov: [[83.78581535]]
-------------------------------------------
dt_idx: 252, pulsar: 3, dt: 29.345155924084008, is_first_obs: False
This is the predict step. Some useful numbers are surfaced below.
Max variance at index 116: 7545506295.877739
Pp max index: 116, value: 7545506295.877739
Pp max diag: 7545506295.877739
Pp eigs: [2.27310953e+09 2.31087464e+09 3.70361995e+09 5.22315996e+09
 7.54552508e+09]
This is the update step.
log_likelihood: [[-3.12944201]], y: [[1.9020792e-07]], cov: [[83.18000128]]
-------------------------------------------
dt_idx: 253, pulsar: 15, dt: 30.518322814658834, is_first_obs: False
This is the predict step. Some useful numbers are surfaced below.
Max variance at index 116: 7545506295.877737
Pp max index: 116, value: 7545506295.877737
Pp max diag: 7545506295.877737
Pp eigs: [2.27310953e+09 2.31087464e+09 3.70361995e+09 5.22315996e+09
 7.54552508e+09]
This is the update step.
log_likelihood: [[-3.13081491]], y: [[1.08263343e-05]], cov: [[83.40871081]]
-------------------------------------------
dt_idx: 254, pulsar: 30, dt: 28.81130167012965, is_first_obs: False
This is the predict step. Some useful numbers are surfaced below.
Max variance at index 116: 7545506295.877733
Pp max index: 116, value: 7545506295.877733
Pp max diag: 7545506295.877733
Pp eigs: [2.27310953e+09 2.31087464e+09 3.70361995e+09 5.22315996e+09
 7.54552508e+09]
This is the update step.
log_likelihood: [[-3.12966064]], y: [[9.44938878e-06]], cov: [[83.21638086]]
-------------------------------------------
dt_idx: 255, pulsar: 29, dt: 30.263822403770906, is_first_obs: False
This is the predict step. Some useful numbers are surfaced below.
Max variance at index 116: 7545506295.877732
Pp max index: 116, value: 7545506295.877732
Pp max diag: 7545506295.877732
Pp eigs: [2.27310953e+09 2.31087464e+09 3.70361995e+09 5.22315996e+09
 7.54552508e+09]
This is the update step.
log_likelihood: [[-3.13224516]], y: [[4.13515632e-06]], cov: [[83.64764352]]
-------------------------------------------
dt_idx: 256, pulsar: 19, dt: 31.141327495144473, is_first_obs: False
This is the predict step. Some useful numbers are surfaced below.
Max variance at index 116: 7545506295.877725
Pp max index: 116, value: 7545506295.877725
Pp max diag: 7545506295.877725
Pp eigs: [2.27310953e+09 2.31087464e+09 3.70361995e+09 5.22315996e+09
 7.54552508e+09]
This is the update step.
log_likelihood: [[-3.13443229]], y: [[-1.70135548e-06]], cov: [[84.01434081]]
-------------------------------------------
dt_idx: 257, pulsar: 4, dt: 31.759743615885576, is_first_obs: False
This is the predict step. Some useful numbers are surfaced below.
Max variance at index 116: 7545506295.877719
Pp max index: 116, value: 7545506295.877719
Pp max diag: 7545506295.877719
Pp eigs: [2.31087464e+09 2.63554837e+09 3.70361995e+09 5.22315996e+09
 7.54552508e+09]
This is the update step.
log_likelihood: [[-3.13484256]], y: [[-6.20209441e-06]], cov: [[84.08330594]]
-------------------------------------------
dt_idx: 258, pulsar: 25, dt: 29.50620517717467, is_first_obs: False
This is the predict step. Some useful numbers are surfaced below.
Max variance at index 116: 9952806664.737526
Pp max index: 116, value: 9952806664.737526
Pp max diag: 9952806664.737526
Pp eigs: [2.27310953e+09 2.31087464e+09 3.70361995e+09 5.22315996e+09
 9.95283200e+09]
This is the update step.
log_likelihood: [[-3.12872226]], y: [[6.32797742e-07]], cov: [[83.06035069]]
-------------------------------------------
dt_idx: 259, pulsar: 17, dt: 30.91506895755176, is_first_obs: False
This is the predict step. Some useful numbers are surfaced below.
Max variance at index 116: 8267626446.791662
Pp max index: 116, value: 8267626446.791662
Pp max diag: 8267626446.791662
Pp eigs: [2.31087464e+09 2.43311157e+09 3.70361995e+09 5.22315996e+09
 8.26764715e+09]
This is the update step.
log_likelihood: [[-3.13530209]], y: [[3.01663029e-06]], cov: [[84.1606192]]
-------------------------------------------
dt_idx: 260, pulsar: 9, dt: 31.298775958683756, is_first_obs: False
This is the predict step. Some useful numbers are surfaced below.
Max variance at index 116: 8267626446.791649
Pp max index: 116, value: 8267626446.791649
Pp max diag: 8267626446.791649
Pp eigs: [2.27310953e+09 2.31087464e+09 3.70361995e+09 5.22315996e+09
 8.26764715e+09]
This is the update step.
log_likelihood: [[-3.13396331]], y: [[2.12843814e-06]], cov: [[83.93557652]]
-------------------------------------------
dt_idx: 261, pulsar: 1, dt: 30.906840661444043, is_first_obs: False
This is the predict step. Some useful numbers are surfaced below.
Max variance at index 116: 8267626446.791617
Pp max index: 116, value: 8267626446.791617
Pp max diag: 8267626446.791617
Pp eigs: [2.27310953e+09 2.31087464e+09 3.70361995e+09 6.96332391e+09
 8.26764715e+09]
This is the update step.
log_likelihood: [[-3.13457112]], y: [[4.97107822e-06]], cov: [[84.03767228]]
-------------------------------------------
dt_idx: 262, pulsar: 20, dt: 32.143990691922326, is_first_obs: False
This is the predict step. Some useful numbers are surfaced below.
Max variance at index 116: 8267626446.79158
Pp max index: 116, value: 8267626446.79158
Pp max diag: 8267626446.79158
Pp eigs: [2.27310953e+09 2.31087464e+09 3.70361995e+09 5.71006011e+09
 8.26764715e+09]
This is the update step.
log_likelihood: [[-3.13850503]], y: [[-9.39768709e-06]], cov: [[84.70147309]]
-------------------------------------------
dt_idx: 263, pulsar: 27, dt: 32.191350271635585, is_first_obs: False
This is the predict step. Some useful numbers are surfaced below.
Max variance at index 116: 8267626446.791575
Pp max index: 116, value: 8267626446.791575
Pp max diag: 8267626446.791575
Pp eigs: [2.27310953e+09 2.31087464e+09 3.70361995e+09 5.71006011e+09
 8.26764715e+09]
This is the update step.
log_likelihood: [[-3.1390951]], y: [[2.3484656e-06]], cov: [[84.80149099]]
-------------------------------------------
dt_idx: 264, pulsar: 22, dt: 28.702424447966944, is_first_obs: False
This is the predict step. Some useful numbers are surfaced below.
Max variance at index 116: 8267626446.791536
Pp max index: 116, value: 8267626446.791536
Pp max diag: 8267626446.791536
Pp eigs: [2.27310953e+09 2.31087464e+09 3.70361995e+09 5.71006011e+09
 8.26764715e+09]
This is the update step.
log_likelihood: [[-3.13067998]], y: [[-1.73693139e-06]], cov: [[83.38620502]]
-------------------------------------------
dt_idx: 265, pulsar: 10, dt: 28.642397428320514, is_first_obs: False
This is the predict step. Some useful numbers are surfaced below.
Max variance at index 116: 8267626446.791451
Pp max index: 116, value: 8267626446.791451
Pp max diag: 8267626446.791451
Pp eigs: [2.27310953e+09 2.31087464e+09 3.70361995e+09 5.71006011e+09
 8.26764715e+09]
This is the update step.
log_likelihood: [[-3.12780582]], y: [[-4.66732828e-06]], cov: [[82.90825043]]
-------------------------------------------
dt_idx: 266, pulsar: 23, dt: 29.330491866723253, is_first_obs: False
This is the predict step. Some useful numbers are surfaced below.
Max variance at index 116: 8267626446.7914505
Pp max index: 116, value: 8267626446.7914505
Pp max diag: 8267626446.7914505
Pp eigs: [2.27310953e+09 2.93198563e+09 3.70361995e+09 5.71006011e+09
 8.26764715e+09]
This is the update step.
log_likelihood: [[-3.12903879]], y: [[-7.96516216e-07]], cov: [[83.1129483]]
-------------------------------------------
dt_idx: 267, pulsar: 28, dt: 29.048428368700872, is_first_obs: False
This is the predict step. Some useful numbers are surfaced below.
Max variance at index 116: 8267626446.791449
Pp max index: 116, value: 8267626446.791449
Pp max diag: 8267626446.791449
Pp eigs: [2.27310953e+09 2.29658624e+09 3.70361995e+09 5.71006011e+09
 8.26764715e+09]
This is the update step.
log_likelihood: [[-3.13148178]], y: [[1.57165191e-06]], cov: [[83.52003021]]
-------------------------------------------
dt_idx: 268, pulsar: 24, dt: 28.85359016366579, is_first_obs: False
This is the predict step. Some useful numbers are surfaced below.
Max variance at index 116: 8267626446.791444
Pp max index: 116, value: 8267626446.791444
Pp max diag: 8267626446.791444
Pp eigs: [2.27310953e+09 2.29658624e+09 3.70361995e+09 5.71006011e+09
 8.26764715e+09]
This is the update step.
log_likelihood: [[-3.13045372]], y: [[-8.79398681e-06]], cov: [[83.34848081]]
-------------------------------------------
dt_idx: 269, pulsar: 27, dt: 26.773891921098585, is_first_obs: False
This is the predict step. Some useful numbers are surfaced below.
Max variance at index 116: 8267626446.791421
Pp max index: 116, value: 8267626446.791421
Pp max diag: 8267626446.791421
Pp eigs: [2.27310953e+09 2.29658624e+09 3.70361995e+09 5.71006011e+09
 8.26764715e+09]
This is the update step.
log_likelihood: [[-3.12485635]], y: [[6.76544662e-06]], cov: [[82.42061858]]
-------------------------------------------
dt_idx: 270, pulsar: 11, dt: 30.11976393505379, is_first_obs: False
This is the predict step. Some useful numbers are surfaced below.
Max variance at index 116: 8267626446.791417
Pp max index: 116, value: 8267626446.791417
Pp max diag: 8267626446.791417
Pp eigs: [2.27310953e+09 2.29658624e+09 3.70361995e+09 5.71006011e+09
 8.26764715e+09]
This is the update step.
log_likelihood: [[-3.1344068]], y: [[-2.20059231e-06]], cov: [[84.01005777]]
-------------------------------------------
dt_idx: 271, pulsar: 29, dt: 28.607743744530058, is_first_obs: False
This is the predict step. Some useful numbers are surfaced below.
Max variance at index 116: 8267626446.791412
Pp max index: 116, value: 8267626446.791412
Pp max diag: 8267626446.791412
Pp eigs: [2.27310953e+09 2.29658624e+09 3.70361995e+09 5.71006011e+09
 8.26764715e+09]
This is the update step.
log_likelihood: [[-3.13018432]], y: [[-2.0180226e-06]], cov: [[83.30358379]]
-------------------------------------------
dt_idx: 272, pulsar: 14, dt: 31.482077496272545, is_first_obs: False
This is the predict step. Some useful numbers are surfaced below.
Max variance at index 116: 8267626446.791407
Pp max index: 116, value: 8267626446.791407
Pp max diag: 8267626446.791407
Pp eigs: [2.27310953e+09 2.29658624e+09 3.70361995e+09 5.71006011e+09
 8.26764715e+09]
This is the update step.
log_likelihood: [[-3.13555732]], y: [[-2.56450898e-06]], cov: [[84.20359196]]
-------------------------------------------
dt_idx: 273, pulsar: 2, dt: 29.790359065974197, is_first_obs: False
This is the predict step. Some useful numbers are surfaced below.
Max variance at index 116: 8267626446.791401
Pp max index: 116, value: 8267626446.791401
Pp max diag: 8267626446.791401
Pp eigs: [2.27310953e+09 2.29658624e+09 4.71805211e+09 5.71006011e+09
 8.26764715e+09]
This is the update step.
log_likelihood: [[-3.13499512]], y: [[1.41021542e-05]], cov: [[84.10896648]]
-------------------------------------------
dt_idx: 274, pulsar: 5, dt: 29.660624209554104, is_first_obs: False
This is the predict step. Some useful numbers are surfaced below.
Max variance at index 116: 8267626446.7913885
Pp max index: 116, value: 8267626446.7913885
Pp max diag: 8267626446.7913885
Pp eigs: [2.27310953e+09 2.29658624e+09 3.66424461e+09 5.71006011e+09
 8.26764715e+09]
This is the update step.
log_likelihood: [[-3.1351479]], y: [[-8.38598024e-07]], cov: [[84.13467004]]
-------------------------------------------
dt_idx: 275, pulsar: 0, dt: 29.801290604030644, is_first_obs: False
This is the predict step. Some useful numbers are surfaced below.
Max variance at index 116: 8267626446.791382
Pp max index: 116, value: 8267626446.791382
Pp max diag: 8267626446.791382
Pp eigs: [2.27310953e+09 2.29658624e+09 3.66424461e+09 5.71006011e+09
 8.26764715e+09]
This is the update step.
log_likelihood: [[-3.13520776]], y: [[-3.57786725e-06]], cov: [[84.14474345]]
-------------------------------------------
dt_idx: 276, pulsar: 13, dt: 31.98707847310437, is_first_obs: False
This is the predict step. Some useful numbers are surfaced below.
Max variance at index 116: 8267626446.791374
Pp max index: 116, value: 8267626446.791374
Pp max diag: 8267626446.791374
Pp eigs: [2.27310953e+09 2.29658624e+09 3.66424461e+09 5.71006011e+09
 8.26764715e+09]
This is the update step.
log_likelihood: [[-3.14042356]], y: [[-1.79347762e-05]], cov: [[85.02710238]]
-------------------------------------------
dt_idx: 277, pulsar: 20, dt: 28.41365924419076, is_first_obs: False
This is the predict step. Some useful numbers are surfaced below.
Max variance at index 116: 8267626446.791364
Pp max index: 116, value: 8267626446.791364
Pp max diag: 8267626446.791364
Pp eigs: [2.27310953e+09 2.29658624e+09 3.66424461e+09 5.71006011e+09
 8.26764715e+09]
This is the update step.
log_likelihood: [[-3.13281969]], y: [[7.11074232e-07]], cov: [[83.74381432]]
-------------------------------------------
dt_idx: 278, pulsar: 31, dt: 31.359926669288562, is_first_obs: False
This is the predict step. Some useful numbers are surfaced below.
Max variance at index 116: 8267626446.791363
Pp max index: 116, value: 8267626446.791363
Pp max diag: 8267626446.791363
Pp eigs: [2.29658624e+09 2.93058052e+09 3.66424461e+09 5.71006011e+09
 8.26764715e+09]
This is the update step.
log_likelihood: [[-3.14032126]], y: [[-9.02446605e-06]], cov: [[85.00970717]]
-------------------------------------------
dt_idx: 279, pulsar: 26, dt: 30.91151507395285, is_first_obs: False
This is the predict step. Some useful numbers are surfaced below.
Max variance at index 116: 8267626446.791357
Pp max index: 116, value: 8267626446.791357
Pp max diag: 8267626446.791357
Pp eigs: [2.25623424e+09 2.29658624e+09 3.66424461e+09 5.71006011e+09
 8.26764715e+09]
This is the update step.
log_likelihood: [[-3.13786714]], y: [[-3.38624488e-06]], cov: [[84.59348173]]
-------------------------------------------
dt_idx: 280, pulsar: 4, dt: 29.317998125840116, is_first_obs: False
This is the predict step. Some useful numbers are surfaced below.
Max variance at index 116: 8267626446.791285
Pp max index: 116, value: 8267626446.791285
Pp max diag: 8267626446.791285
Pp eigs: [2.29658624e+09 2.73410849e+09 3.66424461e+09 5.71006011e+09
 8.26764715e+09]
This is the update step.
log_likelihood: [[-3.13581505]], y: [[7.43796237e-06]], cov: [[84.24700691]]
-------------------------------------------
dt_idx: 281, pulsar: 17, dt: 29.24335497246848, is_first_obs: False
This is the predict step. Some useful numbers are surfaced below.
Max variance at index 116: 8267626446.791275
Pp max index: 116, value: 8267626446.791275
Pp max diag: 8267626446.791275
Pp eigs: [2.29658624e+09 2.54316043e+09 3.66424461e+09 5.71006011e+09
 8.26764715e+09]
This is the update step.
log_likelihood: [[-3.13487237]], y: [[-8.28147563e-06]], cov: [[84.08832049]]
-------------------------------------------
dt_idx: 282, pulsar: 15, dt: 29.774106464761275, is_first_obs: False
This is the predict step. Some useful numbers are surfaced below.
Max variance at index 116: 8267626446.791273
Pp max index: 116, value: 8267626446.791273
Pp max diag: 8267626446.791273
Pp eigs: [2.25623424e+09 2.29658624e+09 3.66424461e+09 5.71006011e+09
 8.26764715e+09]
This is the update step.
log_likelihood: [[-3.13578749]], y: [[-7.37217412e-06]], cov: [[84.2423619]]
-------------------------------------------
dt_idx: 283, pulsar: 19, dt: 29.680508474840057, is_first_obs: False
This is the predict step. Some useful numbers are surfaced below.
Max variance at index 116: 8267626446.79127
Pp max index: 116, value: 8267626446.79127
Pp max diag: 8267626446.79127
Pp eigs: [2.25623424e+09 2.29658624e+09 3.66424461e+09 5.71006011e+09
 8.26764715e+09]
This is the update step.
log_likelihood: [[-3.13704152]], y: [[1.93139169e-06]], cov: [[84.45391237]]
-------------------------------------------
dt_idx: 284, pulsar: 1, dt: 29.208597359039164, is_first_obs: False
This is the predict step. Some useful numbers are surfaced below.
Max variance at index 116: 8267626446.791266
Pp max index: 116, value: 8267626446.791266
Pp max diag: 8267626446.791266
Pp eigs: [2.25623424e+09 2.29658624e+09 3.66424461e+09 7.20517522e+09
 8.26764715e+09]
This is the update step.
log_likelihood: [[-3.13480003]], y: [[-7.5925071e-06]], cov: [[84.07615439]]
-------------------------------------------
dt_idx: 285, pulsar: 18, dt: 30.58585640452526, is_first_obs: False
This is the predict step. Some useful numbers are surfaced below.
Max variance at index 116: 8267626446.791264
Pp max index: 116, value: 8267626446.791264
Pp max diag: 8267626446.791264
Pp eigs: [2.25623424e+09 2.29658624e+09 3.66424461e+09 5.57662774e+09
 8.26764715e+09]
This is the update step.
log_likelihood: [[-3.14028282]], y: [[-2.95155654e-06]], cov: [[85.00317242]]
-------------------------------------------
dt_idx: 286, pulsar: 12, dt: 30.122670554794645, is_first_obs: False
This is the predict step. Some useful numbers are surfaced below.
Max variance at index 116: 8267626446.791263
Pp max index: 116, value: 8267626446.791263
Pp max diag: 8267626446.791263
Pp eigs: [2.25623424e+09 2.29658624e+09 3.66424461e+09 5.57662774e+09
 8.26764715e+09]
This is the update step.
log_likelihood: [[-3.1384748]], y: [[-9.56795535e-07]], cov: [[84.69635172]]
-------------------------------------------
dt_idx: 287, pulsar: 7, dt: 30.428771483765708, is_first_obs: False
This is the predict step. Some useful numbers are surfaced below.
Max variance at index 116: 8267626446.791261
Pp max index: 116, value: 8267626446.791261
Pp max diag: 8267626446.791261
Pp eigs: [2.25623424e+09 2.29658624e+09 3.66424461e+09 5.57662774e+09
 8.26764715e+09]
This is the update step.
log_likelihood: [[-3.13798951]], y: [[-1.74706609e-05]], cov: [[84.61418681]]
-------------------------------------------
dt_idx: 288, pulsar: 21, dt: 30.29116019202603, is_first_obs: False
This is the predict step. Some useful numbers are surfaced below.
Max variance at index 116: 8267626446.791258
Pp max index: 116, value: 8267626446.791258
Pp max diag: 8267626446.791258
Pp eigs: [2.25623424e+09 2.29658624e+09 3.66424461e+09 5.57662774e+09
 8.26764715e+09]
This is the update step.
log_likelihood: [[-3.13793314]], y: [[2.94545063e-06]], cov: [[84.60464824]]
-------------------------------------------
dt_idx: 289, pulsar: 8, dt: 30.586491950341948, is_first_obs: False
This is the predict step. Some useful numbers are surfaced below.
Max variance at index 116: 8267626446.791257
Pp max index: 116, value: 8267626446.791257
Pp max diag: 8267626446.791257
Pp eigs: [2.25623424e+09 2.29658624e+09 3.66424461e+09 5.57662774e+09
 8.26764715e+09]
This is the update step.
log_likelihood: [[-3.13838084]], y: [[3.85217977e-06]], cov: [[84.68043815]]
-------------------------------------------
dt_idx: 290, pulsar: 3, dt: 30.293502221780795, is_first_obs: False
This is the predict step. Some useful numbers are surfaced below.
Max variance at index 116: 8267626446.7912445
Pp max index: 116, value: 8267626446.7912445
Pp max diag: 8267626446.7912445
Pp eigs: [2.25623424e+09 2.29658624e+09 3.66424461e+09 5.57662774e+09
 8.26764715e+09]
This is the update step.
log_likelihood: [[-3.13773406]], y: [[6.74214802e-07]], cov: [[84.57096938]]
-------------------------------------------
dt_idx: 291, pulsar: 9, dt: 29.82393524016495, is_first_obs: False
This is the predict step. Some useful numbers are surfaced below.
Max variance at index 116: 8267626446.791243
Pp max index: 116, value: 8267626446.791243
Pp max diag: 8267626446.791243
Pp eigs: [2.25623424e+09 2.29658624e+09 3.66424461e+09 5.57662774e+09
 8.26764715e+09]
This is the update step.
log_likelihood: [[-3.13771231]], y: [[5.81717855e-06]], cov: [[84.56729103]]
-------------------------------------------
dt_idx: 292, pulsar: 32, dt: 31.43887248933315, is_first_obs: False
This is the predict step. Some useful numbers are surfaced below.
Max variance at index 116: 8267626446.791239
Pp max index: 116, value: 8267626446.791239
Pp max diag: 8267626446.791239
Pp eigs: [2.25623424e+09 2.29658624e+09 3.66424461e+09 5.57662774e+09
 8.26764715e+09]
This is the update step.
log_likelihood: [[-3.14220657]], y: [[-5.79484989e-06]], cov: [[85.33085213]]
-------------------------------------------
dt_idx: 293, pulsar: 6, dt: 32.6636293909064, is_first_obs: False
This is the predict step. Some useful numbers are surfaced below.
Max variance at index 116: 8267626446.791238
Pp max index: 116, value: 8267626446.791238
Pp max diag: 8267626446.791238
Pp eigs: [2.25623424e+09 2.29658624e+09 3.66424461e+09 5.57662774e+09
 8.26764715e+09]
This is the update step.
log_likelihood: [[-3.14866505]], y: [[-9.76628763e-06]], cov: [[86.44021652]]
-------------------------------------------
dt_idx: 294, pulsar: 30, dt: 30.817698136733636, is_first_obs: False
This is the predict step. Some useful numbers are surfaced below.
Max variance at index 116: 8267626446.791235
Pp max index: 116, value: 8267626446.791235
Pp max diag: 8267626446.791235
Pp eigs: [2.25623424e+09 2.29658624e+09 3.66424461e+09 5.57662774e+09
 8.26764715e+09]
This is the update step.
log_likelihood: [[-3.14014539]], y: [[9.58976463e-06]], cov: [[84.97981186]]
-------------------------------------------
dt_idx: 295, pulsar: 16, dt: 32.09786152085772, is_first_obs: False
This is the predict step. Some useful numbers are surfaced below.
Max variance at index 116: 8267626446.791234
Pp max index: 116, value: 8267626446.791234
Pp max diag: 8267626446.791234
Pp eigs: [2.29658624e+09 2.63106237e+09 3.66424461e+09 5.57662774e+09
 8.26764715e+09]
This is the update step.
log_likelihood: [[-3.14497544]], y: [[7.73935323e-07]], cov: [[85.80470341]]
-------------------------------------------
dt_idx: 296, pulsar: 25, dt: 31.191637928607285, is_first_obs: False
This is the predict step. Some useful numbers are surfaced below.
Max variance at index 116: 10615736083.801315
Pp max index: 116, value: 10615736083.801315
Pp max diag: 10615736083.801315
Pp eigs: [2.25623424e+09 2.29658624e+09 3.66424461e+09 5.57662774e+09
 1.06157633e+10]
This is the update step.
log_likelihood: [[-3.14140505]], y: [[-2.4159856e-07]], cov: [[85.19417296]]
-------------------------------------------
dt_idx: 297, pulsar: 18, dt: 26.02620349354214, is_first_obs: False
This is the predict step. Some useful numbers are surfaced below.
Max variance at index 116: 8162360323.638887
Pp max index: 116, value: 8162360323.638887
Pp max diag: 8162360323.638887
Pp eigs: [2.25623424e+09 2.29658624e+09 3.66424461e+09 5.57662774e+09
 8.16238089e+09]
This is the update step.
log_likelihood: [[-3.12214197]], y: [[3.53395396e-06]], cov: [[81.97438897]]
-------------------------------------------
dt_idx: 298, pulsar: 15, dt: 27.215853952633008, is_first_obs: False
This is the predict step. Some useful numbers are surfaced below.
Max variance at index 116: 8162360323.638886
Pp max index: 116, value: 8162360323.638886
Pp max diag: 8162360323.638886
Pp eigs: [2.25623424e+09 2.29658624e+09 3.66424461e+09 5.57662774e+09
 8.16238089e+09]
This is the update step.
log_likelihood: [[-3.12588627]], y: [[-3.43414294e-06]], cov: [[82.59056771]]
-------------------------------------------
dt_idx: 299, pulsar: 29, dt: 28.87097912711126, is_first_obs: False
This is the predict step. Some useful numbers are surfaced below.
Max variance at index 116: 8162360323.638885
Pp max index: 116, value: 8162360323.638885
Pp max diag: 8162360323.638885
Pp eigs: [2.25623424e+09 2.29658624e+09 3.66424461e+09 5.57662774e+09
 8.16238089e+09]
This is the update step.
log_likelihood: [[-3.13122995]], y: [[-1.88038269e-06]], cov: [[83.47797596]]
-------------------------------------------
dt_idx: 300, pulsar: 31, dt: 28.390731085461596, is_first_obs: False
This is the predict step. Some useful numbers are surfaced below.
Max variance at index 116: 8162360323.638879
Pp max index: 116, value: 8162360323.638879
Pp max diag: 8162360323.638879
Pp eigs: [2.29658624e+09 2.75612634e+09 3.66424461e+09 5.57662774e+09
 8.16238089e+09]
This is the update step.
log_likelihood: [[-3.13432983]], y: [[5.43651549e-05]], cov: [[83.99712661]]
-------------------------------------------
dt_idx: 301, pulsar: 28, dt: 29.88216575929412, is_first_obs: False
This is the predict step. Some useful numbers are surfaced below.
Max variance at index 116: 8162360323.638872
Pp max index: 116, value: 8162360323.638872
Pp max diag: 8162360323.638872
Pp eigs: [2.11484009e+09 2.29658624e+09 3.66424461e+09 5.57662774e+09
 8.16238089e+09]
This is the update step.
log_likelihood: [[-3.13714294]], y: [[8.88052982e-06]], cov: [[84.47104518]]
-------------------------------------------
dt_idx: 302, pulsar: 27, dt: 29.752996258691503, is_first_obs: False
This is the predict step. Some useful numbers are surfaced below.
Max variance at index 116: 8162360323.638868
Pp max index: 116, value: 8162360323.638868
Pp max diag: 8162360323.638868
Pp eigs: [2.11484009e+09 2.29658624e+09 3.66424461e+09 5.57662774e+09
 8.16238089e+09]
This is the update step.
log_likelihood: [[-3.13291757]], y: [[6.25212174e-06]], cov: [[83.76020979]]
-------------------------------------------
dt_idx: 303, pulsar: 24, dt: 30.0680906302951, is_first_obs: False
This is the predict step. Some useful numbers are surfaced below.
Max variance at index 116: 8162360323.638864
Pp max index: 116, value: 8162360323.638864
Pp max diag: 8162360323.638864
Pp eigs: [2.11484009e+09 2.29658624e+09 3.66424461e+09 5.57662774e+09
 8.16238089e+09]
This is the update step.
log_likelihood: [[-3.13755092]], y: [[2.10799235e-06]], cov: [[84.53999746]]
-------------------------------------------
dt_idx: 304, pulsar: 32, dt: 27.67004296287342, is_first_obs: False
This is the predict step. Some useful numbers are surfaced below.
Max variance at index 116: 8162360323.638838
Pp max index: 116, value: 8162360323.638838
Pp max diag: 8162360323.638838
Pp eigs: [2.11484009e+09 2.29658624e+09 3.66424461e+09 5.57662774e+09
 8.16238089e+09]
This is the update step.
log_likelihood: [[-3.13109493]], y: [[-2.50779244e-06]], cov: [[83.45543702]]
-------------------------------------------
dt_idx: 305, pulsar: 0, dt: 29.187347604996628, is_first_obs: False
This is the predict step. Some useful numbers are surfaced below.
Max variance at index 116: 8162360323.638838
Pp max index: 116, value: 8162360323.638838
Pp max diag: 8162360323.638838
Pp eigs: [2.11484009e+09 2.29658624e+09 3.66424461e+09 5.57662774e+09
 8.16238089e+09]
This is the update step.
log_likelihood: [[-3.13559177]], y: [[-1.69551869e-06]], cov: [[84.2093933]]
-------------------------------------------
dt_idx: 306, pulsar: 11, dt: 29.80191223805701, is_first_obs: False
This is the predict step. Some useful numbers are surfaced below.
Max variance at index 116: 8162360323.63883
Pp max index: 116, value: 8162360323.63883
Pp max diag: 8162360323.63883
Pp eigs: [2.11484009e+09 2.29658624e+09 3.66424461e+09 5.57662774e+09
 8.16238089e+09]
This is the update step.
log_likelihood: [[-3.13816255]], y: [[-9.20882808e-06]], cov: [[84.64347503]]
-------------------------------------------
dt_idx: 307, pulsar: 13, dt: 29.310906474148783, is_first_obs: False
This is the predict step. Some useful numbers are surfaced below.
Max variance at index 116: 8162360323.638825
Pp max index: 116, value: 8162360323.638825
Pp max diag: 8162360323.638825
Pp eigs: [2.11484009e+09 2.29658624e+09 3.66424461e+09 5.57662774e+09
 8.16238089e+09]
This is the update step.
log_likelihood: [[-3.13879995]], y: [[-1.32013192e-06]], cov: [[84.75144764]]
-------------------------------------------
dt_idx: 308, pulsar: 25, dt: 27.07779180979287, is_first_obs: False
This is the predict step. Some useful numbers are surfaced below.
Max variance at index 116: 9866860579.089344
Pp max index: 116, value: 9866860579.089344
Pp max diag: 9866860579.089344
Pp eigs: [2.11484009e+09 2.29658624e+09 3.66424461e+09 5.57662774e+09
 9.86688595e+09]
This is the update step.
log_likelihood: [[-3.12751081]], y: [[-8.5637737e-07]], cov: [[82.85934611]]
-------------------------------------------
dt_idx: 309, pulsar: 22, dt: 30.907297825758103, is_first_obs: False
This is the predict step. Some useful numbers are surfaced below.
Max variance at index 116: 7420572852.97736
Pp max index: 116, value: 7420572852.97736
Pp max diag: 7420572852.97736
Pp eigs: [2.11484009e+09 2.29658624e+09 3.66424461e+09 5.57662774e+09
 7.42059163e+09]
This is the update step.
log_likelihood: [[-3.14177379]], y: [[7.80435026e-07]], cov: [[85.25702481]]
-------------------------------------------
dt_idx: 310, pulsar: 26, dt: 29.25148280137115, is_first_obs: False
This is the predict step. Some useful numbers are surfaced below.
Max variance at index 116: 7420572852.977034
Pp max index: 116, value: 7420572852.977034
Pp max diag: 7420572852.977034
Pp eigs: [2.11484009e+09 2.29658624e+09 3.66424461e+09 5.57662774e+09
 7.42059163e+09]
This is the update step.
log_likelihood: [[-3.13723573]], y: [[4.61913662e-06]], cov: [[84.4867233]]
-------------------------------------------
dt_idx: 311, pulsar: 2, dt: 29.982864739111175, is_first_obs: False
This is the predict step. Some useful numbers are surfaced below.
Max variance at index 116: 7420572852.976788
Pp max index: 116, value: 7420572852.976788
Pp max diag: 7420572852.976788
Pp eigs: [2.11484009e+09 2.29658624e+09 4.52949774e+09 5.57662774e+09
 7.42059163e+09]
This is the update step.
log_likelihood: [[-3.1392614]], y: [[2.69130404e-06]], cov: [[84.82970143]]
-------------------------------------------
dt_idx: 312, pulsar: 9, dt: 28.571599545809956, is_first_obs: False
This is the predict step. Some useful numbers are surfaced below.
Max variance at index 116: 7420572852.976751
Pp max index: 116, value: 7420572852.976751
Pp max diag: 7420572852.976751
Pp eigs: [2.11484009e+09 2.29658624e+09 3.34467132e+09 5.57662774e+09
 7.42059163e+09]
This is the update step.
log_likelihood: [[-3.13331629]], y: [[5.42942658e-06]], cov: [[83.8270303]]
-------------------------------------------
dt_idx: 313, pulsar: 12, dt: 28.8893738366829, is_first_obs: False
This is the predict step. Some useful numbers are surfaced below.
Max variance at index 116: 7420572852.976742
Pp max index: 116, value: 7420572852.976742
Pp max diag: 7420572852.976742
Pp eigs: [2.11484009e+09 2.29658624e+09 3.34467132e+09 5.57662774e+09
 7.42059163e+09]
This is the update step.
log_likelihood: [[-3.13502978]], y: [[-1.05699402e-05]], cov: [[84.11479595]]
-------------------------------------------
dt_idx: 314, pulsar: 16, dt: 27.959883279800415, is_first_obs: False
This is the predict step. Some useful numbers are surfaced below.
Max variance at index 116: 7420572852.976735
Pp max index: 116, value: 7420572852.976735
Pp max diag: 7420572852.976735
Pp eigs: [2.29658624e+09 2.44411373e+09 3.34467132e+09 5.57662774e+09
 7.42059163e+09]
This is the update step.
log_likelihood: [[-3.13394816]], y: [[-1.11606866e-06]], cov: [[83.93303336]]
-------------------------------------------
dt_idx: 315, pulsar: 7, dt: 29.112857656136704, is_first_obs: False
This is the predict step. Some useful numbers are surfaced below.
Max variance at index 116: 7420572852.976723
Pp max index: 116, value: 7420572852.976723
Pp max diag: 7420572852.976723
Pp eigs: [2.11484009e+09 2.29658624e+09 3.34467132e+09 5.57662774e+09
 7.42059163e+09]
This is the update step.
log_likelihood: [[-3.13589128]], y: [[1.02066625e-05]], cov: [[84.25985179]]
-------------------------------------------
dt_idx: 316, pulsar: 14, dt: 30.506444843179647, is_first_obs: False
This is the predict step. Some useful numbers are surfaced below.
Max variance at index 116: 7420572852.976712
Pp max index: 116, value: 7420572852.976712
Pp max diag: 7420572852.976712
Pp eigs: [2.11484009e+09 2.29658624e+09 3.34467132e+09 5.57662774e+09
 7.42059163e+09]
This is the update step.
log_likelihood: [[-3.14254349]], y: [[-1.58257816e-06]], cov: [[85.38836965]]
-------------------------------------------
dt_idx: 317, pulsar: 20, dt: 30.014108056867563, is_first_obs: False
This is the predict step. Some useful numbers are surfaced below.
Max variance at index 116: 7420572852.97668
Pp max index: 116, value: 7420572852.97668
Pp max diag: 7420572852.97668
Pp eigs: [2.11484009e+09 2.29658624e+09 3.34467132e+09 5.57662774e+09
 7.42059163e+09]
This is the update step.
log_likelihood: [[-3.13813399]], y: [[2.14208603e-06]], cov: [[84.63864181]]
-------------------------------------------
dt_idx: 318, pulsar: 4, dt: 29.781599447131157, is_first_obs: False
This is the predict step. Some useful numbers are surfaced below.
Max variance at index 116: 7420572852.976678
Pp max index: 116, value: 7420572852.976678
Pp max diag: 7420572852.976678
Pp eigs: [2.29658624e+09 2.60277151e+09 3.34467132e+09 5.57662774e+09
 7.42059163e+09]
This is the update step.
log_likelihood: [[-3.13840574]], y: [[-3.0663684e-06]], cov: [[84.6846556]]
-------------------------------------------
dt_idx: 319, pulsar: 1, dt: 29.389326686196856, is_first_obs: False
This is the predict step. Some useful numbers are surfaced below.
Max variance at index 116: 7420572852.976644
Pp max index: 116, value: 7420572852.976644
Pp max diag: 7420572852.976644
Pp eigs: [2.05022508e+09 2.29658624e+09 3.34467132e+09 6.84247827e+09
 7.42059163e+09]
This is the update step.
log_likelihood: [[-3.13554655]], y: [[-3.2664213e-05]], cov: [[84.20177806]]
-------------------------------------------
dt_idx: 320, pulsar: 17, dt: 29.841481154550003, is_first_obs: False
This is the predict step. Some useful numbers are surfaced below.
Max variance at index 116: 7420572852.97663
Pp max index: 116, value: 7420572852.97663
Pp max diag: 7420572852.97663
Pp eigs: [2.29658624e+09 2.44184987e+09 3.34467132e+09 5.06691109e+09
 7.42059163e+09]
This is the update step.
log_likelihood: [[-3.13801149]], y: [[4.21293991e-07]], cov: [[84.61790702]]
-------------------------------------------
dt_idx: 321, pulsar: 30, dt: 28.77301268134956, is_first_obs: False
This is the predict step. Some useful numbers are surfaced below.
Max variance at index 116: 7420572852.9766245
Pp max index: 116, value: 7420572852.9766245
Pp max diag: 7420572852.9766245
Pp eigs: [2.05022508e+09 2.29658624e+09 3.34467132e+09 5.06691109e+09
 7.42059163e+09]
This is the update step.
log_likelihood: [[-3.13510007]], y: [[-7.28569559e-06]], cov: [[84.12662319]]
-------------------------------------------
dt_idx: 322, pulsar: 6, dt: 28.901464421009575, is_first_obs: False
This is the predict step. Some useful numbers are surfaced below.
Max variance at index 116: 7420572852.976623
Pp max index: 116, value: 7420572852.976623
Pp max diag: 7420572852.976623
Pp eigs: [2.05022508e+09 2.29658624e+09 3.34467132e+09 5.06691109e+09
 7.42059163e+09]
This is the update step.
log_likelihood: [[-3.13994724]], y: [[4.94153725e-06]], cov: [[84.94614127]]
-------------------------------------------
dt_idx: 323, pulsar: 10, dt: 31.843936670875106, is_first_obs: False
This is the predict step. Some useful numbers are surfaced below.
Max variance at index 116: 7420572852.976618
Pp max index: 116, value: 7420572852.976618
Pp max diag: 7420572852.976618
Pp eigs: [2.05022508e+09 2.29658624e+09 3.34467132e+09 5.06691109e+09
 7.42059163e+09]
This is the update step.
log_likelihood: [[-3.14519421]], y: [[5.7739961e-08]], cov: [[85.84225457]]
-------------------------------------------
dt_idx: 324, pulsar: 3, dt: 29.937112100621064, is_first_obs: False
This is the predict step. Some useful numbers are surfaced below.
Max variance at index 116: 7420572852.976614
Pp max index: 116, value: 7420572852.976614
Pp max diag: 7420572852.976614
Pp eigs: [2.05022508e+09 2.29658624e+09 3.34467132e+09 5.06691109e+09
 7.42059163e+09]
This is the update step.
log_likelihood: [[-3.14012582]], y: [[-2.1072539e-07]], cov: [[84.97648554]]
-------------------------------------------
dt_idx: 325, pulsar: 19, dt: 30.52221939780094, is_first_obs: False
This is the predict step. Some useful numbers are surfaced below.
Max variance at index 116: 7420572852.976608
Pp max index: 116, value: 7420572852.976608
Pp max diag: 7420572852.976608
Pp eigs: [2.05022508e+09 2.29658624e+09 3.34467132e+09 5.06691109e+09
 7.42059163e+09]
This is the update step.
log_likelihood: [[-3.14253389]], y: [[-2.21883274e-06]], cov: [[85.38673116]]
-------------------------------------------
dt_idx: 326, pulsar: 21, dt: 30.335744024746948, is_first_obs: False
This is the predict step. Some useful numbers are surfaced below.
Max variance at index 116: 7420572852.976596
Pp max index: 116, value: 7420572852.976596
Pp max diag: 7420572852.976596
Pp eigs: [2.05022508e+09 2.29658624e+09 3.34467132e+09 5.06691109e+09
 7.42059163e+09]
This is the update step.
log_likelihood: [[-3.14224652]], y: [[1.11303974e-06]], cov: [[85.33766964]]
-------------------------------------------
dt_idx: 327, pulsar: 5, dt: 31.79967970004788, is_first_obs: False
This is the predict step. Some useful numbers are surfaced below.
Max variance at index 116: 7420572852.976593
Pp max index: 116, value: 7420572852.976593
Pp max diag: 7420572852.976593
Pp eigs: [2.05022508e+09 2.29658624e+09 3.34467132e+09 5.06691109e+09
 7.42059163e+09]
This is the update step.
log_likelihood: [[-3.14836857]], y: [[8.41724753e-05]], cov: [[86.38897517]]
-------------------------------------------
dt_idx: 328, pulsar: 8, dt: 31.046224488472497, is_first_obs: False
This is the predict step. Some useful numbers are surfaced below.
Max variance at index 116: 7420572852.976572
Pp max index: 116, value: 7420572852.976572
Pp max diag: 7420572852.976572
Pp eigs: [2.05022508e+09 2.29658624e+09 3.34467132e+09 5.06691109e+09
 7.42059163e+09]
This is the update step.
log_likelihood: [[-3.14612053]], y: [[1.18138987e-05]], cov: [[86.00143624]]
-------------------------------------------
dt_idx: 329, pulsar: 23, dt: 33.90307648982163, is_first_obs: False
This is the predict step. Some useful numbers are surfaced below.
Max variance at index 116: 7420572852.976538
Pp max index: 116, value: 7420572852.976538
Pp max diag: 7420572852.976538
Pp eigs: [2.05022508e+09 2.91290514e+09 3.34467132e+09 5.06691109e+09
 7.42059163e+09]
This is the update step.
log_likelihood: [[-3.15650853]], y: [[7.64566936e-08]], cov: [[87.80689116]]
-------------------------------------------
dt_idx: 330, pulsar: 13, dt: 29.177428889451203, is_first_obs: False
This is the predict step. Some useful numbers are surfaced below.
Max variance at index 116: 7420572852.976527
Pp max index: 116, value: 7420572852.976527
Pp max diag: 7420572852.976527
Pp eigs: [2.05022508e+09 2.09060837e+09 3.34467132e+09 5.06691109e+09
 7.42059163e+09]
This is the update step.
log_likelihood: [[-3.1321007]], y: [[2.22738389e-06]], cov: [[83.62347935]]
-------------------------------------------
dt_idx: 331, pulsar: 30, dt: 28.199418739411566, is_first_obs: False
This is the predict step. Some useful numbers are surfaced below.
Max variance at index 116: 7420572852.976527
Pp max index: 116, value: 7420572852.976527
Pp max diag: 7420572852.976527
Pp eigs: [2.05022508e+09 2.09060837e+09 3.34467132e+09 5.06691109e+09
 7.42059163e+09]
This is the update step.
log_likelihood: [[-3.12521954]], y: [[1.10366762e-05]], cov: [[82.48050865]]
-------------------------------------------
dt_idx: 332, pulsar: 2, dt: 29.114603344080624, is_first_obs: False
This is the predict step. Some useful numbers are surfaced below.
Max variance at index 116: 7420572852.976526
Pp max index: 116, value: 7420572852.976526
Pp max diag: 7420572852.976526
Pp eigs: [2.05022508e+09 2.09060837e+09 4.01178153e+09 5.06691109e+09
 7.42059163e+09]
This is the update step.
log_likelihood: [[-3.13213176]], y: [[-5.31779867e-06]], cov: [[83.62867353]]
-------------------------------------------
dt_idx: 333, pulsar: 31, dt: 30.364104441139432, is_first_obs: False
This is the predict step. Some useful numbers are surfaced below.
Max variance at index 116: 7420572852.976526
Pp max index: 116, value: 7420572852.976526
Pp max diag: 7420572852.976526
Pp eigs: [2.09060837e+09 2.47755990e+09 2.90135212e+09 5.06691109e+09
 7.42059163e+09]
This is the update step.
log_likelihood: [[-3.13605958]], y: [[-4.55067991e-06]], cov: [[84.28821741]]
-------------------------------------------
dt_idx: 334, pulsar: 18, dt: 32.07978226027003, is_first_obs: False
This is the predict step. Some useful numbers are surfaced below.
Max variance at index 116: 7420572852.976526
Pp max index: 116, value: 7420572852.976526
Pp max diag: 7420572852.976526
Pp eigs: [1.91986993e+09 2.09060837e+09 2.90135212e+09 5.06691109e+09
 7.42059163e+09]
This is the update step.
log_likelihood: [[-3.13795514]], y: [[-1.46585444e-06]], cov: [[84.60837144]]
-------------------------------------------
dt_idx: 335, pulsar: 29, dt: 30.816654970623826, is_first_obs: False
This is the predict step. Some useful numbers are surfaced below.
Max variance at index 116: 7420572852.976526
Pp max index: 116, value: 7420572852.976526
Pp max diag: 7420572852.976526
Pp eigs: [1.91986993e+09 2.09060837e+09 2.90135212e+09 5.06691109e+09
 7.42059163e+09]
This is the update step.
log_likelihood: [[-3.13681576]], y: [[-3.0618542e-06]], cov: [[84.41578816]]
-------------------------------------------
dt_idx: 336, pulsar: 28, dt: 30.65945997573711, is_first_obs: False
This is the predict step. Some useful numbers are surfaced below.
Max variance at index 116: 7420572852.976526
Pp max index: 116, value: 7420572852.976526
Pp max diag: 7420572852.976526
Pp eigs: [1.91986993e+09 2.09060837e+09 2.90135212e+09 5.06691109e+09
 7.42059163e+09]
This is the update step.
log_likelihood: [[-3.13858237]], y: [[-7.89433474e-06]], cov: [[84.71457505]]
-------------------------------------------
dt_idx: 337, pulsar: 1, dt: 29.190425490770075, is_first_obs: False
This is the predict step. Some useful numbers are surfaced below.
Max variance at index 116: 7420572852.976526
Pp max index: 116, value: 7420572852.976526
Pp max diag: 7420572852.976526
Pp eigs: [1.91986993e+09 2.09060837e+09 2.90135212e+09 6.06597673e+09
 7.42059163e+09]
This is the update step.
log_likelihood: [[-3.12998561]], y: [[-2.1718647e-05]], cov: [[83.27048361]]
-------------------------------------------
dt_idx: 338, pulsar: 7, dt: 29.46610696804744, is_first_obs: False
This is the predict step. Some useful numbers are surfaced below.
Max variance at index 116: 7420572852.976522
Pp max index: 116, value: 7420572852.976522
Pp max diag: 7420572852.976522
Pp eigs: [1.91986993e+09 2.09060837e+09 2.90135212e+09 4.39048912e+09
 7.42059163e+09]
This is the update step.
log_likelihood: [[-3.13160834]], y: [[-8.36567652e-06]], cov: [[83.54117354]]
-------------------------------------------
dt_idx: 339, pulsar: 14, dt: 29.477254910215184, is_first_obs: False
This is the predict step. Some useful numbers are surfaced below.
Max variance at index 116: 7420572852.976521
Pp max index: 116, value: 7420572852.976521
Pp max diag: 7420572852.976521
Pp eigs: [1.91986993e+09 2.09060837e+09 2.90135212e+09 4.39048912e+09
 7.42059163e+09]
This is the update step.
log_likelihood: [[-3.13526559]], y: [[-3.94486808e-07]], cov: [[84.15447547]]
-------------------------------------------
dt_idx: 340, pulsar: 17, dt: 29.331601130200756, is_first_obs: False
This is the predict step. Some useful numbers are surfaced below.
Max variance at index 116: 7420572852.976521
Pp max index: 116, value: 7420572852.976521
Pp max diag: 7420572852.976521
Pp eigs: [2.09060837e+09 2.17051069e+09 2.90135212e+09 4.39048912e+09
 7.42059163e+09]
This is the update step.
log_likelihood: [[-3.13234241]], y: [[-3.06104258e-06]], cov: [[83.66391477]]
-------------------------------------------
dt_idx: 341, pulsar: 27, dt: 30.780045515232615, is_first_obs: False
This is the predict step. Some useful numbers are surfaced below.
Max variance at index 116: 7420572852.976521
Pp max index: 116, value: 7420572852.976521
Pp max diag: 7420572852.976521
Pp eigs: [1.91986993e+09 2.09060837e+09 2.90135212e+09 4.39048912e+09
 7.42059163e+09]
This is the update step.
log_likelihood: [[-3.13743786]], y: [[-4.86733059e-06]], cov: [[84.52088413]]
-------------------------------------------
dt_idx: 342, pulsar: 16, dt: 29.912005104047278, is_first_obs: False
This is the predict step. Some useful numbers are surfaced below.
Max variance at index 116: 7420572852.97652
Pp max index: 116, value: 7420572852.97652
Pp max diag: 7420572852.97652
Pp eigs: [2.09060837e+09 2.18930786e+09 2.90135212e+09 4.39048912e+09
 7.42059163e+09]
This is the update step.
log_likelihood: [[-3.13312509]], y: [[-9.72848593e-07]], cov: [[83.79498074]]
-------------------------------------------
dt_idx: 343, pulsar: 11, dt: 30.531671718325878, is_first_obs: False
This is the predict step. Some useful numbers are surfaced below.
Max variance at index 116: 7420572852.976519
Pp max index: 116, value: 7420572852.976519
Pp max diag: 7420572852.976519
Pp eigs: [1.91986993e+09 2.09060837e+09 2.90135212e+09 4.39048912e+09
 7.42059163e+09]
This is the update step.
log_likelihood: [[-3.138625]], y: [[4.49341735e-07]], cov: [[84.72179941]]
-------------------------------------------
dt_idx: 344, pulsar: 21, dt: 28.76776098627735, is_first_obs: False
This is the predict step. Some useful numbers are surfaced below.
Max variance at index 116: 7420572852.976519
Pp max index: 116, value: 7420572852.976519
Pp max diag: 7420572852.976519
Pp eigs: [1.91986993e+09 2.09060837e+09 2.90135212e+09 4.39048912e+09
 7.42059163e+09]
This is the update step.
log_likelihood: [[-3.13153209]], y: [[-2.89440797e-07]], cov: [[83.52843512]]
-------------------------------------------
dt_idx: 345, pulsar: 26, dt: 30.532777238918673, is_first_obs: False
This is the predict step. Some useful numbers are surfaced below.
Max variance at index 116: 7420572852.976519
Pp max index: 116, value: 7420572852.976519
Pp max diag: 7420572852.976519
Pp eigs: [1.91986993e+09 2.09060837e+09 2.90135212e+09 4.39048912e+09
 7.42059163e+09]
This is the update step.
log_likelihood: [[-3.13782883]], y: [[-1.29526486e-05]], cov: [[84.58700081]]
-------------------------------------------
dt_idx: 346, pulsar: 9, dt: 30.571678787282217, is_first_obs: False
This is the predict step. Some useful numbers are surfaced below.
Max variance at index 116: 7420572852.976513
Pp max index: 116, value: 7420572852.976513
Pp max diag: 7420572852.976513
Pp eigs: [1.91986993e+09 2.09060837e+09 2.90135212e+09 4.39048912e+09
 7.42059163e+09]
This is the update step.
log_likelihood: [[-3.13598193]], y: [[-4.15119614e-06]], cov: [[84.27512847]]
-------------------------------------------
dt_idx: 347, pulsar: 3, dt: 29.2386419111711, is_first_obs: False
This is the predict step. Some useful numbers are surfaced below.
Max variance at index 116: 7420572852.97651
Pp max index: 116, value: 7420572852.97651
Pp max diag: 7420572852.97651
Pp eigs: [1.91986993e+09 2.09060837e+09 2.90135212e+09 4.39048912e+09
 7.42059163e+09]
This is the update step.
log_likelihood: [[-3.13262034]], y: [[-5.23333675e-07]], cov: [[83.71043337]]
-------------------------------------------
dt_idx: 348, pulsar: 32, dt: 31.21598170177804, is_first_obs: False
This is the predict step. Some useful numbers are surfaced below.
Max variance at index 116: 7420572852.976509
Pp max index: 116, value: 7420572852.976509
Pp max diag: 7420572852.976509
Pp eigs: [1.91986993e+09 2.09060837e+09 2.90135212e+09 4.39048912e+09
 7.42059163e+09]
This is the update step.
log_likelihood: [[-3.13796673]], y: [[4.30589323e-06]], cov: [[84.61033324]]
-------------------------------------------
dt_idx: 349, pulsar: 15, dt: 32.613077112116194, is_first_obs: False
This is the predict step. Some useful numbers are surfaced below.
Max variance at index 116: 7420572852.976509
Pp max index: 116, value: 7420572852.976509
Pp max diag: 7420572852.976509
Pp eigs: [1.91986993e+09 2.09060837e+09 2.90135212e+09 4.39048912e+09
 7.42059163e+09]
This is the update step.
log_likelihood: [[-3.14250386]], y: [[-6.91988018e-06]], cov: [[85.38160195]]
-------------------------------------------
dt_idx: 350, pulsar: 4, dt: 30.471007918980384, is_first_obs: False
This is the predict step. Some useful numbers are surfaced below.
Max variance at index 116: 7420572852.976508
Pp max index: 116, value: 7420572852.976508
Pp max diag: 7420572852.976508
Pp eigs: [2.09060837e+09 2.31580046e+09 2.90135212e+09 4.39048912e+09
 7.42059163e+09]
This is the update step.
log_likelihood: [[-3.13765035]], y: [[5.79807835e-07]], cov: [[84.55681205]]
-------------------------------------------
dt_idx: 351, pulsar: 0, dt: 31.635854928526612, is_first_obs: False
This is the predict step. Some useful numbers are surfaced below.
Max variance at index 116: 7420572852.976506
Pp max index: 116, value: 7420572852.976506
Pp max diag: 7420572852.976506
Pp eigs: [1.77870671e+09 2.09060837e+09 2.90135212e+09 4.39048912e+09
 7.42059163e+09]
This is the update step.
log_likelihood: [[-3.14272759]], y: [[4.36957718e-06]], cov: [[85.41981544]]
-------------------------------------------
dt_idx: 352, pulsar: 23, dt: 28.273891386731904, is_first_obs: False
This is the predict step. Some useful numbers are surfaced below.
Max variance at index 116: 7420572852.976506
Pp max index: 116, value: 7420572852.976506
Pp max diag: 7420572852.976506
Pp eigs: [1.77870671e+09 2.48834319e+09 2.90135212e+09 4.39048912e+09
 7.42059163e+09]
This is the update step.
log_likelihood: [[-3.13576686]], y: [[5.04873891e-07]], cov: [[84.2388863]]
-------------------------------------------
dt_idx: 353, pulsar: 22, dt: 31.463521756386314, is_first_obs: False
This is the predict step. Some useful numbers are surfaced below.
Max variance at index 116: 7420572852.976506
Pp max index: 116, value: 7420572852.976506
Pp max diag: 7420572852.976506
Pp eigs: [1.77870671e+09 1.78968466e+09 2.90135212e+09 4.39048912e+09
 7.42059163e+09]
This is the update step.
log_likelihood: [[-3.14441712]], y: [[-4.2661261e-06]], cov: [[85.70894341]]
-------------------------------------------
dt_idx: 354, pulsar: 12, dt: 31.242187366066155, is_first_obs: False
This is the predict step. Some useful numbers are surfaced below.
Max variance at index 116: 7420572852.976506
Pp max index: 116, value: 7420572852.976506
Pp max diag: 7420572852.976506
Pp eigs: [1.77870671e+09 1.78968466e+09 2.90135212e+09 4.39048912e+09
 7.42059163e+09]
This is the update step.
log_likelihood: [[-3.13967223]], y: [[1.55541403e-05]], cov: [[84.89943139]]
-------------------------------------------
dt_idx: 355, pulsar: 25, dt: 31.63857972225657, is_first_obs: False
This is the predict step. Some useful numbers are surfaced below.
Max variance at index 116: 9028887149.02022
Pp max index: 116, value: 9028887149.02022
Pp max diag: 9028887149.02022
Pp eigs: [1.77870671e+09 1.78968466e+09 2.90135212e+09 4.39048912e+09
 9.02891054e+09]
This is the update step.
log_likelihood: [[-3.13806764]], y: [[-2.76170846e-07]], cov: [[84.62740969]]
-------------------------------------------
dt_idx: 356, pulsar: 6, dt: 30.491943022663946, is_first_obs: False
This is the predict step. Some useful numbers are surfaced below.
Max variance at index 116: 6457604460.544457
Pp max index: 116, value: 6457604460.544457
Pp max diag: 6457604460.544457
Pp eigs: [1.77870671e+09 1.78968466e+09 2.90135212e+09 4.39048912e+09
 6.45762091e+09]
This is the update step.
log_likelihood: [[-3.1379068]], y: [[4.4417974e-06]], cov: [[84.60019141]]
-------------------------------------------
dt_idx: 357, pulsar: 8, dt: 29.119862738869806, is_first_obs: False
This is the predict step. Some useful numbers are surfaced below.
Max variance at index 116: 6457604460.544456
Pp max index: 116, value: 6457604460.544456
Pp max diag: 6457604460.544456
Pp eigs: [1.77870671e+09 1.78968466e+09 2.90135212e+09 4.39048912e+09
 6.45762091e+09]
This is the update step.
log_likelihood: [[-3.1349448]], y: [[1.39051082e-06]], cov: [[84.100501]]
-------------------------------------------
dt_idx: 358, pulsar: 10, dt: 30.626419621926765, is_first_obs: False
This is the predict step. Some useful numbers are surfaced below.
Max variance at index 116: 6457604460.544439
Pp max index: 116, value: 6457604460.544439
Pp max diag: 6457604460.544439
Pp eigs: [1.77870671e+09 1.78968466e+09 2.90135212e+09 4.39048912e+09
 6.45762091e+09]
This is the update step.
log_likelihood: [[-3.14182291]], y: [[2.58085564e-06]], cov: [[85.26540064]]
-------------------------------------------
dt_idx: 359, pulsar: 5, dt: 29.585496557663987, is_first_obs: False
This is the predict step. Some useful numbers are surfaced below.
Max variance at index 116: 6457604460.544437
Pp max index: 116, value: 6457604460.544437
Pp max diag: 6457604460.544437
Pp eigs: [1.77870671e+09 1.78968466e+09 2.90135212e+09 4.39048912e+09
 6.45762091e+09]
This is the update step.
log_likelihood: [[-3.13785578]], y: [[-1.64390668e-05]], cov: [[84.59155926]]
-------------------------------------------
dt_idx: 360, pulsar: 20, dt: 31.311402952969072, is_first_obs: False
This is the predict step. Some useful numbers are surfaced below.
Max variance at index 116: 6457604460.54443
Pp max index: 116, value: 6457604460.54443
Pp max diag: 6457604460.54443
Pp eigs: [1.77870671e+09 1.78968466e+09 2.90135212e+09 4.39048912e+09
 6.45762091e+09]
This is the update step.
log_likelihood: [[-3.14195901]], y: [[5.58761132e-07]], cov: [[85.28861391]]
-------------------------------------------
dt_idx: 361, pulsar: 24, dt: 32.35205113493734, is_first_obs: False
This is the predict step. Some useful numbers are surfaced below.
Max variance at index 116: 6457604460.544429
Pp max index: 116, value: 6457604460.544429
Pp max diag: 6457604460.544429
Pp eigs: [1.77870671e+09 1.78968466e+09 2.90135212e+09 4.39048912e+09
 6.45762091e+09]
This is the update step.
log_likelihood: [[-3.14722381]], y: [[-3.24221638e-06]], cov: [[86.19141309]]
-------------------------------------------
dt_idx: 362, pulsar: 19, dt: 30.830782819644167, is_first_obs: False
This is the predict step. Some useful numbers are surfaced below.
Max variance at index 116: 6457604460.544362
Pp max index: 116, value: 6457604460.544362
Pp max diag: 6457604460.544362
Pp eigs: [1.77870671e+09 1.78968466e+09 2.90135212e+09 4.39048912e+09
 6.45762091e+09]
This is the update step.
log_likelihood: [[-3.14111753]], y: [[1.2026783e-06]], cov: [[85.14519674]]
-------------------------------------------
dt_idx: 363, pulsar: 14, dt: 29.177005751188155, is_first_obs: False
This is the predict step. Some useful numbers are surfaced below.
Max variance at index 116: 6457604460.544356
Pp max index: 116, value: 6457604460.544356
Pp max diag: 6457604460.544356
Pp eigs: [1.77870671e+09 1.78968466e+09 2.90135212e+09 4.39048912e+09
 6.45762091e+09]
This is the update step.
log_likelihood: [[-3.12247558]], y: [[3.98097053e-06]], cov: [[82.02910184]]
-------------------------------------------
dt_idx: 364, pulsar: 23, dt: 28.015345179140567, is_first_obs: False
This is the predict step. Some useful numbers are surfaced below.
Max variance at index 116: 6457604460.544355
Pp max index: 116, value: 6457604460.544355
Pp max diag: 6457604460.544355
Pp eigs: [1.77870671e+09 2.08999908e+09 2.90135212e+09 4.39048912e+09
 6.45762091e+09]
This is the update step.
log_likelihood: [[-3.11744966]], y: [[1.05433843e-07]], cov: [[81.2086897]]
-------------------------------------------
dt_idx: 365, pulsar: 1, dt: 29.76367710513097, is_first_obs: False
This is the predict step. Some useful numbers are surfaced below.
Max variance at index 116: 6457604460.544354
Pp max index: 116, value: 6457604460.544354
Pp max diag: 6457604460.544354
Pp eigs: [1.65622487e+09 1.77870671e+09 2.90135212e+09 5.17370201e+09
 6.45762091e+09]
This is the update step.
log_likelihood: [[-3.12228795]], y: [[2.08903333e-05]], cov: [[81.99832662]]
-------------------------------------------
dt_idx: 366, pulsar: 9, dt: 28.91909601472042, is_first_obs: False
This is the predict step. Some useful numbers are surfaced below.
Max variance at index 116: 6457604460.54435
Pp max index: 116, value: 6457604460.54435
Pp max diag: 6457604460.54435
Pp eigs: [1.65622487e+09 1.77870671e+09 2.90135212e+09 3.70299894e+09
 6.45762091e+09]
This is the update step.
log_likelihood: [[-3.12195514]], y: [[-4.36387624e-06]], cov: [[81.94376415]]
-------------------------------------------
dt_idx: 367, pulsar: 3, dt: 28.935117247502006, is_first_obs: False
This is the predict step. Some useful numbers are surfaced below.
Max variance at index 116: 6457604460.544345
Pp max index: 116, value: 6457604460.544345
Pp max diag: 6457604460.544345
Pp eigs: [1.65622487e+09 1.77870671e+09 2.90135212e+09 3.70299894e+09
 6.45762091e+09]
This is the update step.
log_likelihood: [[-3.12008655]], y: [[2.51334108e-07]], cov: [[81.63809793]]
-------------------------------------------
dt_idx: 368, pulsar: 28, dt: 29.935976095155432, is_first_obs: False
This is the predict step. Some useful numbers are surfaced below.
Max variance at index 116: 6457604460.544343
Pp max index: 116, value: 6457604460.544343
Pp max diag: 6457604460.544343
Pp eigs: [1.65622487e+09 1.77870671e+09 2.90135212e+09 3.70299894e+09
 6.45762091e+09]
This is the update step.
log_likelihood: [[-3.12759782]], y: [[4.40833444e-06]], cov: [[82.87376738]]
-------------------------------------------
dt_idx: 369, pulsar: 17, dt: 29.762871541811357, is_first_obs: False
This is the predict step. Some useful numbers are surfaced below.
Max variance at index 116: 6457604460.544343
Pp max index: 116, value: 6457604460.544343
Pp max diag: 6457604460.544343
Pp eigs: [1.77870671e+09 1.85224435e+09 2.90135212e+09 3.70299894e+09
 6.45762091e+09]
This is the update step.
log_likelihood: [[-3.12403071]], y: [[-7.09292721e-06]], cov: [[82.28463209]]
-------------------------------------------
dt_idx: 370, pulsar: 0, dt: 28.748127313322488, is_first_obs: False
This is the predict step. Some useful numbers are surfaced below.
Max variance at index 116: 6457604460.544342
Pp max index: 116, value: 6457604460.544342
Pp max diag: 6457604460.544342
Pp eigs: [1.65622487e+09 1.77870671e+09 2.90135212e+09 3.70299894e+09
 6.45762091e+09]
This is the update step.
log_likelihood: [[-3.12453699]], y: [[1.77961745e-06]], cov: [[82.36799144]]
-------------------------------------------
dt_idx: 371, pulsar: 5, dt: 28.43441679169734, is_first_obs: False
This is the predict step. Some useful numbers are surfaced below.
Max variance at index 116: 6457604460.544339
Pp max index: 116, value: 6457604460.544339
Pp max diag: 6457604460.544339
Pp eigs: [1.65622487e+09 1.77870671e+09 2.90135212e+09 3.70299894e+09
 6.45762091e+09]
This is the update step.
log_likelihood: [[-3.11980634]], y: [[1.40570679e-05]], cov: [[81.59235833]]
-------------------------------------------
dt_idx: 372, pulsar: 16, dt: 30.016085238081438, is_first_obs: False
This is the predict step. Some useful numbers are surfaced below.
Max variance at index 116: 6457604460.544332
Pp max index: 116, value: 6457604460.544332
Pp max diag: 6457604460.544332
Pp eigs: [1.77870671e+09 1.86408483e+09 2.90135212e+09 3.70299894e+09
 6.45762091e+09]
This is the update step.
log_likelihood: [[-3.12541675]], y: [[-5.9499972e-06]], cov: [[82.51304824]]
-------------------------------------------
dt_idx: 373, pulsar: 7, dt: 30.31339415444268, is_first_obs: False
This is the predict step. Some useful numbers are surfaced below.
Max variance at index 116: 6457604460.54433
Pp max index: 116, value: 6457604460.54433
Pp max diag: 6457604460.54433
Pp eigs: [1.65622487e+09 1.77870671e+09 2.90135212e+09 3.70299894e+09
 6.45762091e+09]
This is the update step.
log_likelihood: [[-3.12560329]], y: [[5.31649967e-07]], cov: [[82.54383735]]
-------------------------------------------
dt_idx: 374, pulsar: 22, dt: 28.943195573146696, is_first_obs: False
This is the predict step. Some useful numbers are surfaced below.
Max variance at index 116: 6457604460.544328
Pp max index: 116, value: 6457604460.544328
Pp max diag: 6457604460.544328
Pp eigs: [1.65622487e+09 1.77870671e+09 2.90135212e+09 3.70299894e+09
 6.45762091e+09]
This is the update step.
log_likelihood: [[-3.1254762]], y: [[-9.26887461e-07]], cov: [[82.52285893]]
-------------------------------------------
dt_idx: 375, pulsar: 31, dt: 30.988437266636776, is_first_obs: False
This is the predict step. Some useful numbers are surfaced below.
Max variance at index 116: 6457604460.544314
Pp max index: 116, value: 6457604460.544314
Pp max diag: 6457604460.544314
Pp eigs: [1.65622487e+09 2.11237481e+09 2.90135212e+09 3.70299894e+09
 6.45762091e+09]
This is the update step.
log_likelihood: [[-3.13147409]], y: [[-4.68532075e-05]], cov: [[83.51874681]]
-------------------------------------------
dt_idx: 376, pulsar: 2, dt: 31.21394972250417, is_first_obs: False
This is the predict step. Some useful numbers are surfaced below.
Max variance at index 116: 6457604460.544314
Pp max index: 116, value: 6457604460.544314
Pp max diag: 6457604460.544314
Pp eigs: [1.51214829e+09 1.65622487e+09 3.45210899e+09 3.70299894e+09
 6.45762091e+09]
This is the update step.
log_likelihood: [[-3.13033731]], y: [[-2.50586495e-05]], cov: [[83.32907642]]
-------------------------------------------
dt_idx: 377, pulsar: 8, dt: 28.918723736504713, is_first_obs: False
This is the predict step. Some useful numbers are surfaced below.
Max variance at index 116: 6457604460.544312
Pp max index: 116, value: 6457604460.544312
Pp max diag: 6457604460.544312
Pp eigs: [1.51214829e+09 1.65622487e+09 2.44338475e+09 3.70299894e+09
 6.45762091e+09]
This is the update step.
log_likelihood: [[-3.12114651]], y: [[-8.76428234e-06]], cov: [[81.81134745]]
-------------------------------------------
dt_idx: 378, pulsar: 12, dt: 29.13937097041695, is_first_obs: False
This is the predict step. Some useful numbers are surfaced below.
Max variance at index 116: 6457604460.544293
Pp max index: 116, value: 6457604460.544293
Pp max diag: 6457604460.544293
Pp eigs: [1.51214829e+09 1.65622487e+09 2.44338475e+09 3.70299894e+09
 6.45762091e+09]
This is the update step.
log_likelihood: [[-3.12414934]], y: [[-2.07366526e-06]], cov: [[82.30415748]]
-------------------------------------------
dt_idx: 379, pulsar: 15, dt: 29.71689690073331, is_first_obs: False
This is the predict step. Some useful numbers are surfaced below.
Max variance at index 116: 6457604460.544291
Pp max index: 116, value: 6457604460.544291
Pp max diag: 6457604460.544291
Pp eigs: [1.51214829e+09 1.65622487e+09 2.44338475e+09 3.70299894e+09
 6.45762091e+09]
This is the update step.
log_likelihood: [[-3.12864295]], y: [[-6.47444499e-06]], cov: [[83.04717538]]
-------------------------------------------
dt_idx: 380, pulsar: 29, dt: 31.09378585362876, is_first_obs: False
This is the predict step. Some useful numbers are surfaced below.
Max variance at index 116: 6457604460.544288
Pp max index: 116, value: 6457604460.544288
Pp max diag: 6457604460.544288
Pp eigs: [1.51214829e+09 1.65622487e+09 2.44338475e+09 3.70299894e+09
 6.45762091e+09]
This is the update step.
log_likelihood: [[-3.13251702]], y: [[9.62110244e-06]], cov: [[83.69313726]]
-------------------------------------------
dt_idx: 381, pulsar: 25, dt: 29.311124618196928, is_first_obs: False
This is the predict step. Some useful numbers are surfaced below.
Max variance at index 116: 7592341905.721022
Pp max index: 116, value: 7592341905.721022
Pp max diag: 7592341905.721022
Pp eigs: [1.51214829e+09 1.65622487e+09 2.44338475e+09 3.70299894e+09
 7.59236167e+09]
This is the update step.
log_likelihood: [[-3.12457021]], y: [[1.70531755e-07]], cov: [[82.37346403]]
-------------------------------------------
dt_idx: 382, pulsar: 4, dt: 29.826443404842305, is_first_obs: False
This is the predict step. Some useful numbers are surfaced below.
Max variance at index 116: 5421750886.357407
Pp max index: 116, value: 5421750886.357407
Pp max diag: 5421750886.357407
Pp eigs: [1.51214829e+09 1.95098357e+09 2.44338475e+09 3.70299894e+09
 5.42176477e+09]
This is the update step.
log_likelihood: [[-3.12606866]], y: [[-1.67141229e-06]], cov: [[82.62069925]]
-------------------------------------------
dt_idx: 383, pulsar: 32, dt: 30.068432630134954, is_first_obs: False
This is the predict step. Some useful numbers are surfaced below.
Max variance at index 116: 5421750886.357403
Pp max index: 116, value: 5421750886.357403
Pp max diag: 5421750886.357403
Pp eigs: [1.51214829e+09 1.55815975e+09 2.44338475e+09 3.70299894e+09
 5.42176477e+09]
This is the update step.
log_likelihood: [[-3.12782124]], y: [[5.49074914e-06]], cov: [[82.91080727]]
-------------------------------------------
dt_idx: 384, pulsar: 10, dt: 29.30319920345589, is_first_obs: False
This is the predict step. Some useful numbers are surfaced below.
Max variance at index 116: 5421750886.357403
Pp max index: 116, value: 5421750886.357403
Pp max diag: 5421750886.357403
Pp eigs: [1.49154060e+09 1.51214829e+09 2.44338475e+09 3.70299894e+09
 5.42176477e+09]
This is the update step.
log_likelihood: [[-3.12554876]], y: [[-5.07517871e-06]], cov: [[82.53483583]]
-------------------------------------------
dt_idx: 385, pulsar: 21, dt: 30.714006053717046, is_first_obs: False
This is the predict step. Some useful numbers are surfaced below.
Max variance at index 116: 5421750886.357403
Pp max index: 116, value: 5421750886.357403
Pp max diag: 5421750886.357403
Pp eigs: [1.49154060e+09 1.51214829e+09 2.44338475e+09 3.70299894e+09
 5.42176477e+09]
This is the update step.
log_likelihood: [[-3.12746951]], y: [[8.83730333e-07]], cov: [[82.85250217]]
-------------------------------------------
dt_idx: 386, pulsar: 27, dt: 31.041844507753847, is_first_obs: False
This is the predict step. Some useful numbers are surfaced below.
Max variance at index 116: 5421750886.357403
Pp max index: 116, value: 5421750886.357403
Pp max diag: 5421750886.357403
Pp eigs: [1.49154060e+09 1.51214829e+09 2.44338475e+09 3.70299894e+09
 5.42176477e+09]
This is the update step.
log_likelihood: [[-3.13236386]], y: [[-3.39779719e-06]], cov: [[83.6675043]]
-------------------------------------------
dt_idx: 387, pulsar: 20, dt: 29.52469828741418, is_first_obs: False
This is the predict step. Some useful numbers are surfaced below.
Max variance at index 116: 5421750886.357395
Pp max index: 116, value: 5421750886.357395
Pp max diag: 5421750886.357395
Pp eigs: [1.49154060e+09 1.51214829e+09 2.44338475e+09 3.70299894e+09
 5.42176477e+09]
This is the update step.
log_likelihood: [[-3.12713664]], y: [[-3.28982726e-06]], cov: [[82.79736258]]
-------------------------------------------
dt_idx: 388, pulsar: 24, dt: 30.136435890871063, is_first_obs: False
This is the predict step. Some useful numbers are surfaced below.
Max variance at index 116: 5421750886.357395
Pp max index: 116, value: 5421750886.357395
Pp max diag: 5421750886.357395
Pp eigs: [1.49154060e+09 1.51214829e+09 2.44338475e+09 3.70299894e+09
 5.42176477e+09]
This is the update step.
log_likelihood: [[-3.13246833]], y: [[-1.32054865e-06]], cov: [[83.68498642]]
-------------------------------------------
dt_idx: 389, pulsar: 26, dt: 31.60818495027445, is_first_obs: False
This is the predict step. Some useful numbers are surfaced below.
Max variance at index 116: 5421750886.357387
Pp max index: 116, value: 5421750886.357387
Pp max diag: 5421750886.357387
Pp eigs: [1.49154060e+09 1.51214829e+09 2.44338475e+09 3.70299894e+09
 5.42176477e+09]
This is the update step.
log_likelihood: [[-3.13433289]], y: [[5.47585253e-07]], cov: [[83.99764064]]
-------------------------------------------
dt_idx: 390, pulsar: 18, dt: 32.80562195956707, is_first_obs: False
This is the predict step. Some useful numbers are surfaced below.
Max variance at index 116: 5421750886.35736
Pp max index: 116, value: 5421750886.35736
Pp max diag: 5421750886.35736
Pp eigs: [1.49154060e+09 1.51214829e+09 2.44338475e+09 3.70299894e+09
 5.42176477e+09]
This is the update step.
log_likelihood: [[-3.1403312]], y: [[-8.54520095e-07]], cov: [[85.01139794]]
-------------------------------------------
dt_idx: 391, pulsar: 30, dt: 33.1186935590042, is_first_obs: False
This is the predict step. Some useful numbers are surfaced below.
Max variance at index 116: 5421750886.357359
Pp max index: 116, value: 5421750886.357359
Pp max diag: 5421750886.357359
Pp eigs: [1.49154060e+09 1.51214829e+09 2.44338475e+09 3.70299894e+09
 5.42176477e+09]
This is the update step.
log_likelihood: [[-3.13492598]], y: [[-1.44140041e-05]], cov: [[84.09733683]]
-------------------------------------------
dt_idx: 392, pulsar: 11, dt: 32.45641059160232, is_first_obs: False
This is the predict step. Some useful numbers are surfaced below.
Max variance at index 116: 5421750886.357358
Pp max index: 116, value: 5421750886.357358
Pp max diag: 5421750886.357358
Pp eigs: [1.49154060e+09 1.51214829e+09 2.44338475e+09 3.70299894e+09
 5.42176477e+09]
This is the update step.
log_likelihood: [[-3.13899463]], y: [[-5.00251731e-07]], cov: [[84.78445294]]
-------------------------------------------
dt_idx: 393, pulsar: 6, dt: 31.368882215298985, is_first_obs: False
This is the predict step. Some useful numbers are surfaced below.
Max variance at index 116: 5421750886.357355
Pp max index: 116, value: 5421750886.357355
Pp max diag: 5421750886.357355
Pp eigs: [1.49154060e+09 1.51214829e+09 2.44338475e+09 3.70299894e+09
 5.42176477e+09]
This is the update step.
log_likelihood: [[-3.13240909]], y: [[7.46141148e-06]], cov: [[83.67507326]]
-------------------------------------------
dt_idx: 394, pulsar: 13, dt: 33.98977314582577, is_first_obs: False
This is the predict step. Some useful numbers are surfaced below.
Max variance at index 116: 5421750886.357355
Pp max index: 116, value: 5421750886.357355
Pp max diag: 5421750886.357355
Pp eigs: [1.49154060e+09 1.51214829e+09 2.44338475e+09 3.70299894e+09
 5.42176477e+09]
This is the update step.
log_likelihood: [[-3.14227641]], y: [[-6.62957513e-06]], cov: [[85.34277132]]
-------------------------------------------
dt_idx: 395, pulsar: 19, dt: 31.03727923343579, is_first_obs: False
This is the predict step. Some useful numbers are surfaced below.
Max variance at index 116: 5421750886.357343
Pp max index: 116, value: 5421750886.357343
Pp max diag: 5421750886.357343
Pp eigs: [1.49154060e+09 1.51214829e+09 2.44338475e+09 3.70299894e+09
 5.42176477e+09]
This is the update step.
log_likelihood: [[-3.13261869]], y: [[2.15726879e-06]], cov: [[83.71015628]]
-------------------------------------------
dt_idx: 396, pulsar: 24, dt: 26.51194359973625, is_first_obs: False
This is the predict step. Some useful numbers are surfaced below.
Max variance at index 116: 5421750886.357343
Pp max index: 116, value: 5421750886.357343
Pp max diag: 5421750886.357343
Pp eigs: [1.49154060e+09 1.51214829e+09 2.44338475e+09 3.70299894e+09
 5.42176477e+09]
This is the update step.
log_likelihood: [[-3.10214222]], y: [[6.68950501e-06]], cov: [[78.76016636]]
-------------------------------------------
dt_idx: 397, pulsar: 26, dt: 26.60516749815808, is_first_obs: False
This is the predict step. Some useful numbers are surfaced below.
Max variance at index 116: 5421750886.35731
Pp max index: 116, value: 5421750886.35731
Pp max diag: 5421750886.35731
Pp eigs: [1.49154060e+09 1.51214829e+09 2.44338475e+09 3.70299894e+09
 5.42176477e+09]
This is the update step.
log_likelihood: [[-3.10307885]], y: [[-8.06705339e-06]], cov: [[78.90784328]]
-------------------------------------------
dt_idx: 398, pulsar: 15, dt: 28.1695383815081, is_first_obs: False
This is the predict step. Some useful numbers are surfaced below.
Max variance at index 116: 5421750886.357192
Pp max index: 116, value: 5421750886.357192
Pp max diag: 5421750886.357192
Pp eigs: [1.49154060e+09 1.51214829e+09 2.44338475e+09 3.70299894e+09
 5.42176477e+09]
This is the update step.
log_likelihood: [[-3.10698213]], y: [[-8.45974152e-07]], cov: [[79.52625235]]
-------------------------------------------
dt_idx: 399, pulsar: 23, dt: 29.562575016860606, is_first_obs: False
This is the predict step. Some useful numbers are surfaced below.
Max variance at index 116: 5421750886.3571825
Pp max index: 116, value: 5421750886.3571825
Pp max diag: 5421750886.3571825
Pp eigs: [1.49154060e+09 1.75339080e+09 2.44338475e+09 3.70299894e+09
 5.42176477e+09]
This is the update step.
log_likelihood: [[-3.10707807]], y: [[5.46776825e-07]], cov: [[79.54151395]]
-------------------------------------------
dt_idx: 400, pulsar: 17, dt: 29.731650098319406, is_first_obs: False
This is the predict step. Some useful numbers are surfaced below.
Max variance at index 116: 5421750886.357178
Pp max index: 116, value: 5421750886.357178
Pp max diag: 5421750886.357178
Pp eigs: [1.49154060e+09 1.53781515e+09 2.44338475e+09 3.70299894e+09
 5.42176477e+09]
This is the update step.
log_likelihood: [[-3.11130371]], y: [[-1.57106637e-06]], cov: [[80.21659047]]
-------------------------------------------
dt_idx: 401, pulsar: 3, dt: 29.96605383771437, is_first_obs: False
This is the predict step. Some useful numbers are surfaced below.
Max variance at index 116: 5421750886.357175
Pp max index: 116, value: 5421750886.357175
Pp max diag: 5421750886.357175
Pp eigs: [1.38896453e+09 1.49154060e+09 2.44338475e+09 3.70299894e+09
 5.42176477e+09]
This is the update step.
log_likelihood: [[-3.1099002]], y: [[1.41739457e-07]], cov: [[79.99173598]]
-------------------------------------------
dt_idx: 402, pulsar: 28, dt: 29.938247718601314, is_first_obs: False
This is the predict step. Some useful numbers are surfaced below.
Max variance at index 116: 5421750886.35717
Pp max index: 116, value: 5421750886.35717
Pp max diag: 5421750886.35717
Pp eigs: [1.38896453e+09 1.49154060e+09 2.44338475e+09 3.70299894e+09
 5.42176477e+09]
This is the update step.
log_likelihood: [[-3.11333701]], y: [[1.1497923e-05]], cov: [[80.54346262]]
-------------------------------------------
dt_idx: 403, pulsar: 31, dt: 29.432377671775992, is_first_obs: False
This is the predict step. Some useful numbers are surfaced below.
Max variance at index 116: 5421750886.357168
Pp max index: 116, value: 5421750886.357168
Pp max diag: 5421750886.357168
Pp eigs: [1.38896453e+09 1.72757560e+09 2.44338475e+09 3.70299894e+09
 5.42176477e+09]
This is the update step.
log_likelihood: [[-3.11344952]], y: [[-3.33407044e-05]], cov: [[80.56158899]]
-------------------------------------------
dt_idx: 404, pulsar: 1, dt: 30.245225112559616, is_first_obs: False
This is the predict step. Some useful numbers are surfaced below.
Max variance at index 116: 5421750886.357166
Pp max index: 116, value: 5421750886.357166
Pp max diag: 5421750886.357166
Pp eigs: [1.32894651e+09 1.38896453e+09 2.44338475e+09 4.30337143e+09
 5.42176477e+09]
This is the update step.
log_likelihood: [[-3.11182401]], y: [[7.75496439e-06]], cov: [[80.3001068]]
-------------------------------------------
dt_idx: 405, pulsar: 29, dt: 29.085608271382473, is_first_obs: False
This is the predict step. Some useful numbers are surfaced below.
Max variance at index 116: 5421750886.357154
Pp max index: 116, value: 5421750886.357154
Pp max diag: 5421750886.357154
Pp eigs: [1.32894651e+09 1.38896453e+09 2.44338475e+09 3.07782481e+09
 5.42176477e+09]
This is the update step.
log_likelihood: [[-3.11273592]], y: [[-2.82483006e-06]], cov: [[80.44669342]]
-------------------------------------------
dt_idx: 406, pulsar: 13, dt: 26.98498401928831, is_first_obs: False
This is the predict step. Some useful numbers are surfaced below.
Max variance at index 116: 5421750886.357146
Pp max index: 116, value: 5421750886.357146
Pp max diag: 5421750886.357146
Pp eigs: [1.32894651e+09 1.38896453e+09 2.44338475e+09 3.07782481e+09
 5.42176477e+09]
This is the update step.
log_likelihood: [[-3.10792919]], y: [[-1.40533294e-05]], cov: [[79.67702852]]
-------------------------------------------
dt_idx: 407, pulsar: 2, dt: 29.487588110731707, is_first_obs: False
This is the predict step. Some useful numbers are surfaced below.
Max variance at index 116: 5421750886.357139
Pp max index: 116, value: 5421750886.357139
Pp max diag: 5421750886.357139
Pp eigs: [1.32894651e+09 1.38896453e+09 2.83202800e+09 3.07782481e+09
 5.42176477e+09]
This is the update step.
log_likelihood: [[-3.11307985]], y: [[-2.2637249e-05]], cov: [[80.50204851]]
-------------------------------------------
dt_idx: 408, pulsar: 8, dt: 29.41963824662897, is_first_obs: False
This is the predict step. Some useful numbers are surfaced below.
Max variance at index 116: 5421750886.357125
Pp max index: 116, value: 5421750886.357125
Pp max diag: 5421750886.357125
Pp eigs: [1.32894651e+09 1.38896453e+09 2.02606728e+09 3.07782481e+09
 5.42176477e+09]
This is the update step.
log_likelihood: [[-3.10838792]], y: [[5.71715704e-06]], cov: [[79.75016184]]
-------------------------------------------
dt_idx: 409, pulsar: 18, dt: 27.779713618876755, is_first_obs: False
This is the predict step. Some useful numbers are surfaced below.
Max variance at index 116: 5421750886.357078
Pp max index: 116, value: 5421750886.357078
Pp max diag: 5421750886.357078
Pp eigs: [1.32894651e+09 1.38896453e+09 2.02606728e+09 3.07782481e+09
 5.42176477e+09]
This is the update step.
log_likelihood: [[-3.11049059]], y: [[5.12601384e-08]], cov: [[80.08624486]]
-------------------------------------------
dt_idx: 410, pulsar: 21, dt: 28.988992561245404, is_first_obs: False
This is the predict step. Some useful numbers are surfaced below.
Max variance at index 116: 5421750886.357077
Pp max index: 116, value: 5421750886.357077
Pp max diag: 5421750886.357077
Pp eigs: [1.32894651e+09 1.38896453e+09 2.02606728e+09 3.07782481e+09
 5.42176477e+09]
This is the update step.
log_likelihood: [[-3.10959107]], y: [[-2.5658683e-06]], cov: [[79.94229632]]
-------------------------------------------
dt_idx: 411, pulsar: 0, dt: 30.24813997251016, is_first_obs: False
This is the predict step. Some useful numbers are surfaced below.
Max variance at index 116: 5421750886.357074
Pp max index: 116, value: 5421750886.357074
Pp max diag: 5421750886.357074
Pp eigs: [1.32894651e+09 1.38896453e+09 2.02606728e+09 3.07782481e+09
 5.42176477e+09]
This is the update step.
log_likelihood: [[-3.11342701]], y: [[1.91766396e-06]], cov: [[80.55796151]]
-------------------------------------------
dt_idx: 412, pulsar: 14, dt: 31.146535792041707, is_first_obs: False
This is the predict step. Some useful numbers are surfaced below.
Max variance at index 116: 5421750886.357061
Pp max index: 116, value: 5421750886.357061
Pp max diag: 5421750886.357061
Pp eigs: [1.32894651e+09 1.38896453e+09 2.02606728e+09 3.07782481e+09
 5.42176477e+09]
This is the update step.
log_likelihood: [[-3.1155867]], y: [[2.02614038e-06]], cov: [[80.90667533]]
-------------------------------------------
dt_idx: 413, pulsar: 16, dt: 30.347287205788824, is_first_obs: False
This is the predict step. Some useful numbers are surfaced below.
Max variance at index 116: 5421750886.357053
Pp max index: 116, value: 5421750886.357053
Pp max diag: 5421750886.357053
Pp eigs: [1.38896453e+09 1.54572511e+09 2.02606728e+09 3.07782481e+09
 5.42176477e+09]
This is the update step.
log_likelihood: [[-3.11412127]], y: [[-4.8369181e-06]], cov: [[80.66989674]]
-------------------------------------------
dt_idx: 414, pulsar: 9, dt: 31.10672806372245, is_first_obs: False
This is the predict step. Some useful numbers are surfaced below.
Max variance at index 116: 5421750886.357044
Pp max index: 116, value: 5421750886.357044
Pp max diag: 5421750886.357044
Pp eigs: [1.26627216e+09 1.38896453e+09 2.02606728e+09 3.07782481e+09
 5.42176477e+09]
This is the update step.
log_likelihood: [[-3.11550571]], y: [[-9.85434338e-06]], cov: [[80.89357115]]
-------------------------------------------
dt_idx: 415, pulsar: 19, dt: 27.25996514841362, is_first_obs: False
This is the predict step. Some useful numbers are surfaced below.
Max variance at index 116: 5421750886.357033
Pp max index: 116, value: 5421750886.357033
Pp max diag: 5421750886.357033
Pp eigs: [1.26627216e+09 1.38896453e+09 2.02606728e+09 3.07782481e+09
 5.42176477e+09]
This is the update step.
log_likelihood: [[-3.10432958]], y: [[-7.18126928e-07]], cov: [[79.10547515]]
-------------------------------------------
dt_idx: 416, pulsar: 4, dt: 29.910826926518368, is_first_obs: False
This is the predict step. Some useful numbers are surfaced below.
Max variance at index 116: 5421750886.357017
Pp max index: 116, value: 5421750886.357017
Pp max diag: 5421750886.357017
Pp eigs: [1.26627216e+09 1.61063998e+09 2.02606728e+09 3.07782481e+09
 5.42176477e+09]
This is the update step.
log_likelihood: [[-3.11197741]], y: [[3.43095318e-06]], cov: [[80.32474638]]
-------------------------------------------
dt_idx: 417, pulsar: 22, dt: 30.542189575025326, is_first_obs: False
This is the predict step. Some useful numbers are surfaced below.
Max variance at index 116: 5421750886.356989
Pp max index: 116, value: 5421750886.356989
Pp max diag: 5421750886.356989
Pp eigs: [1.23470119e+09 1.26627216e+09 2.02606728e+09 3.07782481e+09
 5.42176477e+09]
This is the update step.
log_likelihood: [[-3.1142746]], y: [[-1.7974822e-06]], cov: [[80.69463861]]
-------------------------------------------
dt_idx: 418, pulsar: 11, dt: 28.33745285818974, is_first_obs: False
This is the predict step. Some useful numbers are surfaced below.
Max variance at index 116: 5421750886.356899
Pp max index: 116, value: 5421750886.356899
Pp max diag: 5421750886.356899
Pp eigs: [1.23470119e+09 1.26627216e+09 2.02606728e+09 3.07782481e+09
 5.42176477e+09]
This is the update step.
log_likelihood: [[-3.1121851]], y: [[-1.56522271e-06]], cov: [[80.35811913]]
-------------------------------------------
dt_idx: 419, pulsar: 6, dt: 28.367978000431147, is_first_obs: False
This is the predict step. Some useful numbers are surfaced below.
Max variance at index 116: 5421750886.356894
Pp max index: 116, value: 5421750886.356894
Pp max diag: 5421750886.356894
Pp eigs: [1.23470119e+09 1.26627216e+09 2.02606728e+09 3.07782481e+09
 5.42176477e+09]
This is the update step.
log_likelihood: [[-3.10839424]], y: [[-5.0440702e-06]], cov: [[79.75117004]]
-------------------------------------------
dt_idx: 420, pulsar: 12, dt: 31.05241128982217, is_first_obs: False
This is the predict step. Some useful numbers are surfaced below.
Max variance at index 116: 5421750886.356887
Pp max index: 116, value: 5421750886.356887
Pp max diag: 5421750886.356887
Pp eigs: [1.23470119e+09 1.26627216e+09 2.02606728e+09 3.07782481e+09
 5.42176477e+09]
This is the update step.
log_likelihood: [[-3.11574699]], y: [[-7.45183115e-06]], cov: [[80.93261634]]
-------------------------------------------
dt_idx: 421, pulsar: 30, dt: 29.621516763987362, is_first_obs: False
This is the predict step. Some useful numbers are surfaced below.
Max variance at index 116: 5421750886.356879
Pp max index: 116, value: 5421750886.356879
Pp max diag: 5421750886.356879
Pp eigs: [1.23470119e+09 1.26627216e+09 2.02606728e+09 3.07782481e+09
 5.42176477e+09]
This is the update step.
log_likelihood: [[-3.11518209]], y: [[-7.04473338e-06]], cov: [[80.84123025]]
-------------------------------------------
dt_idx: 422, pulsar: 32, dt: 31.089225065090037, is_first_obs: False
This is the predict step. Some useful numbers are surfaced below.
Max variance at index 116: 5421750886.356875
Pp max index: 116, value: 5421750886.356875
Pp max diag: 5421750886.356875
Pp eigs: [1.26627216e+09 1.29163876e+09 2.02606728e+09 3.07782481e+09
 5.42176477e+09]
This is the update step.
log_likelihood: [[-3.11789568]], y: [[1.79567067e-06]], cov: [[81.28116379]]
-------------------------------------------
dt_idx: 423, pulsar: 20, dt: 30.672279862331017, is_first_obs: False
This is the predict step. Some useful numbers are surfaced below.
Max variance at index 116: 5421750886.356874
Pp max index: 116, value: 5421750886.356874
Pp max diag: 5421750886.356874
Pp eigs: [1.23470119e+09 1.26627216e+09 2.02606728e+09 3.07782481e+09
 5.42176477e+09]
This is the update step.
log_likelihood: [[-3.11581962]], y: [[1.28030468e-05]], cov: [[80.94437379]]
-------------------------------------------
dt_idx: 424, pulsar: 5, dt: 31.965787476819973, is_first_obs: False
This is the predict step. Some useful numbers are surfaced below.
Max variance at index 116: 5421750886.356872
Pp max index: 116, value: 5421750886.356872
Pp max diag: 5421750886.356872
Pp eigs: [1.23470119e+09 1.26627216e+09 2.02606728e+09 3.07782481e+09
 5.42176477e+09]
This is the update step.
log_likelihood: [[-3.11697551]], y: [[-8.19594806e-06]], cov: [[81.13171584]]
-------------------------------------------
dt_idx: 425, pulsar: 7, dt: 31.898257834127655, is_first_obs: False
This is the predict step. Some useful numbers are surfaced below.
Max variance at index 116: 5421750886.356847
Pp max index: 116, value: 5421750886.356847
Pp max diag: 5421750886.356847
Pp eigs: [1.26627216e+09 1.26740005e+09 2.02606728e+09 3.07782481e+09
 5.42176477e+09]
This is the update step.
log_likelihood: [[-3.11993427]], y: [[1.59314648e-05]], cov: [[81.61323817]]
-------------------------------------------
dt_idx: 426, pulsar: 27, dt: 31.10453500539064, is_first_obs: False
This is the predict step. Some useful numbers are surfaced below.
Max variance at index 116: 5421750886.356838
Pp max index: 116, value: 5421750886.356838
Pp max diag: 5421750886.356838
Pp eigs: [1.23470119e+09 1.26627216e+09 2.02606728e+09 3.07782481e+09
 5.42176477e+09]
This is the update step.
log_likelihood: [[-3.12035712]], y: [[-1.25987199e-05]], cov: [[81.68228625]]
-------------------------------------------
dt_idx: 427, pulsar: 10, dt: 31.59713623445343, is_first_obs: False
This is the predict step. Some useful numbers are surfaced below.
Max variance at index 116: 5421750886.356825
Pp max index: 116, value: 5421750886.356825
Pp max diag: 5421750886.356825
Pp eigs: [1.23470119e+09 1.26627216e+09 2.02606728e+09 3.07782481e+09
 5.42176477e+09]
This is the update step.
log_likelihood: [[-3.11807454]], y: [[2.71192546e-06]], cov: [[81.31024451]]
-------------------------------------------
dt_idx: 428, pulsar: 25, dt: 32.007749449412024, is_first_obs: False
This is the predict step. Some useful numbers are surfaced below.
Max variance at index 116: 6355422158.22579
Pp max index: 116, value: 6355422158.22579
Pp max diag: 6355422158.22579
Pp eigs: [1.23470119e+09 1.26627216e+09 2.02606728e+09 3.07782481e+09
 6.35543882e+09]
This is the update step.
log_likelihood: [[-3.1201016]], y: [[-5.52864829e-07]], cov: [[81.64055519]]
-------------------------------------------
dt_idx: 429, pulsar: 4, dt: 28.264433143701815, is_first_obs: False
This is the predict step. Some useful numbers are surfaced below.
Max variance at index 116: 4487920842.010067
Pp max index: 116, value: 4487920842.010067
Pp max diag: 4487920842.010067
Pp eigs: [1.26627216e+09 1.30940763e+09 2.02606728e+09 3.07782481e+09
 4.48793241e+09]
This is the update step.
log_likelihood: [[-3.09086305]], y: [[1.64169145e-06]], cov: [[77.00335815]]
-------------------------------------------
dt_idx: 430, pulsar: 0, dt: 28.960276225010553, is_first_obs: False
This is the predict step. Some useful numbers are surfaced below.
Max variance at index 116: 4487920842.01004
Pp max index: 116, value: 4487920842.01004
Pp max diag: 4487920842.01004
Pp eigs: [1.23470119e+09 1.26627216e+09 2.02606728e+09 3.07782481e+09
 4.48793241e+09]
This is the update step.
log_likelihood: [[-3.09475548]], y: [[-4.77072039e-06]], cov: [[77.60515798]]
-------------------------------------------
dt_idx: 431, pulsar: 30, dt: 27.653481017373224, is_first_obs: False
This is the predict step. Some useful numbers are surfaced below.
Max variance at index 116: 4487920842.010027
Pp max index: 116, value: 4487920842.010027
Pp max diag: 4487920842.010027
Pp eigs: [1.23470119e+09 1.26627216e+09 2.02606728e+09 3.07782481e+09
 4.48793241e+09]
This is the update step.
log_likelihood: [[-3.09021993]], y: [[-1.01496654e-05]], cov: [[76.90437781]]
-------------------------------------------
dt_idx: 432, pulsar: 23, dt: 30.534849540105572, is_first_obs: False
This is the predict step. Some useful numbers are surfaced below.
Max variance at index 116: 4487920842.010023
Pp max index: 116, value: 4487920842.010023
Pp max diag: 4487920842.010023
Pp eigs: [1.23470119e+09 1.45462498e+09 2.02606728e+09 3.07782481e+09
 4.48793241e+09]
This is the update step.
log_likelihood: [[-3.09730074]], y: [[5.70925607e-07]], cov: [[78.00121599]]
-------------------------------------------
dt_idx: 433, pulsar: 14, dt: 29.369974381658764, is_first_obs: False
This is the predict step. Some useful numbers are surfaced below.
Max variance at index 116: 4487920842.010019
Pp max index: 116, value: 4487920842.010019
Pp max diag: 4487920842.010019
Pp eigs: [1.10296273e+09 1.23470119e+09 2.02606728e+09 3.07782481e+09
 4.48793241e+09]
This is the update step.
log_likelihood: [[-3.09672088]], y: [[-5.17347125e-08]], cov: [[77.91080866]]
-------------------------------------------
dt_idx: 434, pulsar: 10, dt: 27.179108225416254, is_first_obs: False
This is the predict step. Some useful numbers are surfaced below.
Max variance at index 116: 4487920842.01001
Pp max index: 116, value: 4487920842.01001
Pp max diag: 4487920842.01001
Pp eigs: [1.10296273e+09 1.23470119e+09 2.02606728e+09 3.07782481e+09
 4.48793241e+09]
This is the update step.
log_likelihood: [[-3.08961496]], y: [[-1.17259799e-06]], cov: [[76.81138343]]
-------------------------------------------
dt_idx: 435, pulsar: 9, dt: 29.011677655268596, is_first_obs: False
This is the predict step. Some useful numbers are surfaced below.
Max variance at index 116: 4487920842.010007
Pp max index: 116, value: 4487920842.010007
Pp max diag: 4487920842.010007
Pp eigs: [1.10296273e+09 1.23470119e+09 2.02606728e+09 3.07782481e+09
 4.48793241e+09]
This is the update step.
log_likelihood: [[-3.09575251]], y: [[-8.20579684e-06]], cov: [[77.76006104]]
-------------------------------------------
dt_idx: 436, pulsar: 6, dt: 28.55007688301581, is_first_obs: False
This is the predict step. Some useful numbers are surfaced below.
Max variance at index 116: 4487920842.009995
Pp max index: 116, value: 4487920842.009995
Pp max diag: 4487920842.009995
Pp eigs: [1.10296273e+09 1.23470119e+09 2.02606728e+09 3.07782481e+09
 4.48793241e+09]
This is the update step.
log_likelihood: [[-3.08975213]], y: [[-1.02678077e-05]], cov: [[76.83245819]]
-------------------------------------------
dt_idx: 437, pulsar: 25, dt: 27.003648693407023, is_first_obs: False
This is the predict step. Some useful numbers are surfaced below.
Max variance at index 116: 5069386817.414316
Pp max index: 116, value: 5069386817.414316
Pp max diag: 5069386817.414316
Pp eigs: [1.10296273e+09 1.23470119e+09 2.02606728e+09 3.07782481e+09
 5.06940015e+09]
This is the update step.
log_likelihood: [[-3.09055365]], y: [[1.96246765e-07]], cov: [[76.95572396]]
-------------------------------------------
dt_idx: 438, pulsar: 13, dt: 29.94418735573689, is_first_obs: False
This is the predict step. Some useful numbers are surfaced below.
Max variance at index 116: 3711189042.4140058
Pp max index: 116, value: 3711189042.4140058
Pp max diag: 3711189042.4140058
Pp eigs: [1.10296273e+09 1.23470119e+09 2.02606728e+09 3.07782481e+09
 3.71119865e+09]
This is the update step.
log_likelihood: [[-3.09456149]], y: [[-1.14134575e-05]], cov: [[77.5750547]]
-------------------------------------------
dt_idx: 439, pulsar: 5, dt: 27.925829938219653, is_first_obs: False
This is the predict step. Some useful numbers are surfaced below.
Max variance at index 116: 3711189042.414005
Pp max index: 116, value: 3711189042.414005
Pp max diag: 3711189042.414005
Pp eigs: [1.10296273e+09 1.23470119e+09 2.02606728e+09 3.07782481e+09
 3.71119865e+09]
This is the update step.
log_likelihood: [[-3.09198081]], y: [[-1.72762605e-05]], cov: [[77.17569404]]
-------------------------------------------
dt_idx: 440, pulsar: 21, dt: 30.016733534578922, is_first_obs: False
This is the predict step. Some useful numbers are surfaced below.
Max variance at index 116: 3711189042.413998
Pp max index: 116, value: 3711189042.413998
Pp max diag: 3711189042.413998
Pp eigs: [1.10296273e+09 1.23470119e+09 2.02606728e+09 3.07782481e+09
 3.71119865e+09]
This is the update step.
log_likelihood: [[-3.09640229]], y: [[1.36058775e-06]], cov: [[77.86118049]]
-------------------------------------------
dt_idx: 441, pulsar: 27, dt: 27.88651425819706, is_first_obs: False
This is the predict step. Some useful numbers are surfaced below.
Max variance at index 116: 3711189042.4139977
Pp max index: 116, value: 3711189042.4139977
Pp max diag: 3711189042.4139977
Pp eigs: [1.10296273e+09 1.23470119e+09 2.02606728e+09 3.07782481e+09
 3.71119865e+09]
This is the update step.
log_likelihood: [[-3.09373501]], y: [[4.46762046e-06]], cov: [[77.44693141]]
-------------------------------------------
dt_idx: 442, pulsar: 11, dt: 29.14149867385626, is_first_obs: False
This is the predict step. Some useful numbers are surfaced below.
Max variance at index 116: 3711189042.4139934
Pp max index: 116, value: 3711189042.4139934
Pp max diag: 3711189042.4139934
Pp eigs: [1.10296273e+09 1.23470119e+09 2.02606728e+09 3.07782481e+09
 3.71119865e+09]
This is the update step.
log_likelihood: [[-3.0942814]], y: [[1.1045102e-05]], cov: [[77.53161122]]
-------------------------------------------
dt_idx: 443, pulsar: 28, dt: 30.56527020238064, is_first_obs: False
This is the predict step. Some useful numbers are surfaced below.
Max variance at index 116: 3711189042.4139915
Pp max index: 116, value: 3711189042.4139915
Pp max diag: 3711189042.4139915
Pp eigs: [1.10296273e+09 1.23470119e+09 2.02606728e+09 3.07782481e+09
 3.71119865e+09]
This is the update step.
log_likelihood: [[-3.09995713]], y: [[-5.40836865e-06]], cov: [[78.41672251]]
-------------------------------------------
dt_idx: 444, pulsar: 8, dt: 30.36564666337437, is_first_obs: False
This is the predict step. Some useful numbers are surfaced below.
Max variance at index 116: 3711189042.4139915
Pp max index: 116, value: 3711189042.4139915
Pp max diag: 3711189042.4139915
Pp eigs: [1.10296273e+09 1.23470119e+09 2.02606728e+09 3.07782481e+09
 3.71119865e+09]
This is the update step.
log_likelihood: [[-3.09732949]], y: [[-1.09700334e-05]], cov: [[78.00570125]]
-------------------------------------------
dt_idx: 445, pulsar: 12, dt: 28.698783890317987, is_first_obs: False
This is the predict step. Some useful numbers are surfaced below.
Max variance at index 116: 3711189042.4139857
Pp max index: 116, value: 3711189042.4139857
Pp max diag: 3711189042.4139857
Pp eigs: [1.10296273e+09 1.23470119e+09 2.02606728e+09 3.07782481e+09
 3.71119865e+09]
This is the update step.
log_likelihood: [[-3.09426716]], y: [[-3.48531572e-06]], cov: [[77.52940201]]
-------------------------------------------
dt_idx: 446, pulsar: 7, dt: 28.20039873971983, is_first_obs: False
This is the predict step. Some useful numbers are surfaced below.
Max variance at index 116: 3711189042.4139843
Pp max index: 116, value: 3711189042.4139843
Pp max diag: 3711189042.4139843
Pp eigs: [1.10296273e+09 1.23470119e+09 2.02606728e+09 3.07782481e+09
 3.71119865e+09]
This is the update step.
log_likelihood: [[-3.09439583]], y: [[-1.52429354e-05]], cov: [[77.5493559]]
-------------------------------------------
dt_idx: 447, pulsar: 16, dt: 29.94839108481451, is_first_obs: False
This is the predict step. Some useful numbers are surfaced below.
Max variance at index 116: 3711189042.413983
Pp max index: 116, value: 3711189042.413983
Pp max diag: 3711189042.413983
Pp eigs: [1.23470119e+09 1.26216247e+09 2.02606728e+09 3.07782481e+09
 3.71119865e+09]
This is the update step.
log_likelihood: [[-3.09832352]], y: [[-2.96623846e-06]], cov: [[78.16093511]]
-------------------------------------------
dt_idx: 448, pulsar: 22, dt: 29.71256325839846, is_first_obs: False
This is the predict step. Some useful numbers are surfaced below.
Max variance at index 116: 3711189042.4139824
Pp max index: 116, value: 3711189042.4139824
Pp max diag: 3711189042.4139824
Pp eigs: [1.10296273e+09 1.23470119e+09 2.02606728e+09 3.07782481e+09
 3.71119865e+09]
This is the update step.
log_likelihood: [[-3.09707247]], y: [[1.74020396e-06]], cov: [[77.9656138]]
-------------------------------------------
dt_idx: 449, pulsar: 26, dt: 31.95917625441595, is_first_obs: False
This is the predict step. Some useful numbers are surfaced below.
Max variance at index 116: 3711189042.413972
Pp max index: 116, value: 3711189042.413972
Pp max diag: 3711189042.413972
Pp eigs: [1.10296273e+09 1.23470119e+09 2.02606728e+09 3.07782481e+09
 3.71119865e+09]
This is the update step.
log_likelihood: [[-3.09966034]], y: [[1.48592522e-05]], cov: [[78.37018882]]
-------------------------------------------
dt_idx: 450, pulsar: 1, dt: 30.867864371527123, is_first_obs: False
This is the predict step. Some useful numbers are surfaced below.
Max variance at index 116: 3711189042.4139543
Pp max index: 116, value: 3711189042.4139543
Pp max diag: 3711189042.4139543
Pp eigs: [1.10296273e+09 1.23470119e+09 2.02606728e+09 3.53659501e+09
 3.71119865e+09]
This is the update step.
log_likelihood: [[-3.10014568]], y: [[-1.09620635e-05]], cov: [[78.44629901]]
-------------------------------------------
dt_idx: 451, pulsar: 19, dt: 29.99812252683772, is_first_obs: False
This is the predict step. Some useful numbers are surfaced below.
Max variance at index 116: 3711189042.413954
Pp max index: 116, value: 3711189042.413954
Pp max diag: 3711189042.413954
Pp eigs: [1.10296273e+09 1.23470119e+09 2.02606728e+09 2.54318917e+09
 3.71119865e+09]
This is the update step.
log_likelihood: [[-3.09298467]], y: [[-1.88127771e-06]], cov: [[77.3307962]]
-------------------------------------------
dt_idx: 452, pulsar: 24, dt: 32.25803214545603, is_first_obs: False
This is the predict step. Some useful numbers are surfaced below.
Max variance at index 116: 3711189042.413948
Pp max index: 116, value: 3711189042.413948
Pp max diag: 3711189042.413948
Pp eigs: [1.10296273e+09 1.23470119e+09 2.02606728e+09 2.54318917e+09
 3.71119865e+09]
This is the update step.
log_likelihood: [[-3.1007343]], y: [[-8.77718284e-06]], cov: [[78.53870363]]
-------------------------------------------
dt_idx: 453, pulsar: 31, dt: 31.047871630125574, is_first_obs: False
This is the predict step. Some useful numbers are surfaced below.
Max variance at index 116: 3711189042.4139447
Pp max index: 116, value: 3711189042.4139447
Pp max diag: 3711189042.4139447
Pp eigs: [1.10296273e+09 1.42097145e+09 2.02606728e+09 2.54318917e+09
 3.71119865e+09]
This is the update step.
log_likelihood: [[-3.10192384]], y: [[1.77812034e-05]], cov: [[78.72577513]]
-------------------------------------------
dt_idx: 454, pulsar: 15, dt: 32.139738822270324, is_first_obs: False
This is the predict step. Some useful numbers are surfaced below.
Max variance at index 116: 3711189042.4139447
Pp max index: 116, value: 3711189042.4139447
Pp max diag: 3711189042.4139447
Pp eigs: [1.05205191e+09 1.10296273e+09 2.02606728e+09 2.54318917e+09
 3.71119865e+09]
This is the update step.
log_likelihood: [[-3.10269581]], y: [[4.77016494e-06]], cov: [[78.84741747]]
-------------------------------------------
dt_idx: 455, pulsar: 17, dt: 31.34428242810346, is_first_obs: False
This is the predict step. Some useful numbers are surfaced below.
Max variance at index 116: 3711189042.413944
Pp max index: 116, value: 3711189042.413944
Pp max diag: 3711189042.413944
Pp eigs: [1.05205191e+09 1.27138738e+09 2.02606728e+09 2.54318917e+09
 3.71119865e+09]
This is the update step.
log_likelihood: [[-3.10232946]], y: [[9.05184014e-07]], cov: [[78.78966735]]
-------------------------------------------
dt_idx: 456, pulsar: 29, dt: 31.209263032961772, is_first_obs: False
This is the predict step. Some useful numbers are surfaced below.
Max variance at index 116: 3711189042.413944
Pp max index: 116, value: 3711189042.413944
Pp max diag: 3711189042.413944
Pp eigs: [1.02044713e+09 1.05205191e+09 2.02606728e+09 2.54318917e+09
 3.71119865e+09]
This is the update step.
log_likelihood: [[-3.10235103]], y: [[-9.64156439e-07]], cov: [[78.79306529]]
-------------------------------------------
dt_idx: 457, pulsar: 18, dt: 31.107283862950624, is_first_obs: False
This is the predict step. Some useful numbers are surfaced below.
Max variance at index 116: 3711189042.4139433
Pp max index: 116, value: 3711189042.4139433
Pp max diag: 3711189042.4139433
Pp eigs: [1.02044713e+09 1.05205191e+09 2.02606728e+09 2.54318917e+09
 3.71119865e+09]
This is the update step.
log_likelihood: [[-3.10014672]], y: [[3.69416294e-06]], cov: [[78.44646087]]
-------------------------------------------
dt_idx: 458, pulsar: 20, dt: 29.06245749120359, is_first_obs: False
This is the predict step. Some useful numbers are surfaced below.
Max variance at index 116: 3711189042.4139433
Pp max index: 116, value: 3711189042.4139433
Pp max diag: 3711189042.4139433
Pp eigs: [1.02044713e+09 1.05205191e+09 2.02606728e+09 2.54318917e+09
 3.71119865e+09]
This is the update step.
log_likelihood: [[-3.09568702]], y: [[1.15169159e-06]], cov: [[77.74987661]]
-------------------------------------------
dt_idx: 459, pulsar: 32, dt: 29.284644321611633, is_first_obs: False
This is the predict step. Some useful numbers are surfaced below.
Max variance at index 116: 3711189042.4139423
Pp max index: 116, value: 3711189042.4139423
Pp max diag: 3711189042.4139423
Pp eigs: [1.04503343e+09 1.05205191e+09 2.02606728e+09 2.54318917e+09
 3.71119865e+09]
This is the update step.
log_likelihood: [[-3.09738413]], y: [[-1.78051529e-06]], cov: [[78.01422669]]
-------------------------------------------
dt_idx: 460, pulsar: 3, dt: 31.89834397099636, is_first_obs: False
This is the predict step. Some useful numbers are surfaced below.
Max variance at index 116: 3711189042.4139423
Pp max index: 116, value: 3711189042.4139423
Pp max diag: 3711189042.4139423
Pp eigs: [1.02044713e+09 1.05205191e+09 2.02606728e+09 2.54318917e+09
 3.71119865e+09]
This is the update step.
log_likelihood: [[-3.10321588]], y: [[-6.15943135e-07]], cov: [[78.92947122]]
-------------------------------------------
dt_idx: 461, pulsar: 2, dt: 31.722471917271612, is_first_obs: False
This is the predict step. Some useful numbers are surfaced below.
Max variance at index 116: 3711189042.4139423
Pp max index: 116, value: 3711189042.4139423
Pp max diag: 3711189042.4139423
Pp eigs: [1.02044713e+09 1.05205191e+09 2.33937867e+09 2.54318917e+09
 3.71119865e+09]
This is the update step.
log_likelihood: [[-3.10413652]], y: [[-1.42490266e-05]], cov: [[79.07493748]]
-------------------------------------------
dt_idx: 462, pulsar: 9, dt: 29.559692029367994, is_first_obs: False
This is the predict step. Some useful numbers are surfaced below.
Max variance at index 116: 3711189042.4139404
Pp max index: 116, value: 3711189042.4139404
Pp max diag: 3711189042.4139404
Pp eigs: [1.02044713e+09 1.05205191e+09 1.67418127e+09 2.54318917e+09
 3.71119865e+09]
This is the update step.
log_likelihood: [[-3.08014952]], y: [[1.31027763e-05]], cov: [[75.37095376]]
-------------------------------------------
dt_idx: 463, pulsar: 12, dt: 29.1623441467241, is_first_obs: False
This is the predict step. Some useful numbers are surfaced below.
Max variance at index 116: 3711189042.413912
Pp max index: 116, value: 3711189042.413912
Pp max diag: 3711189042.413912
Pp eigs: [1.02044713e+09 1.05205191e+09 1.67418127e+09 2.54318917e+09
 3.71119865e+09]
This is the update step.
log_likelihood: [[-3.07777719]], y: [[1.38778935e-05]], cov: [[75.01419169]]
-------------------------------------------
dt_idx: 464, pulsar: 14, dt: 29.885041257330663, is_first_obs: False
This is the predict step. Some useful numbers are surfaced below.
Max variance at index 116: 3711189042.413896
Pp max index: 116, value: 3711189042.413896
Pp max diag: 3711189042.413896
Pp eigs: [1.02044713e+09 1.05205191e+09 1.67418127e+09 2.54318917e+09
 3.71119865e+09]
This is the update step.
log_likelihood: [[-3.0812937]], y: [[-1.04376037e-06]], cov: [[75.54362799]]
-------------------------------------------
dt_idx: 465, pulsar: 17, dt: 28.734159079580394, is_first_obs: False
This is the predict step. Some useful numbers are surfaced below.
Max variance at index 116: 3711189042.4138637
Pp max index: 116, value: 3711189042.4138637
Pp max diag: 3711189042.4138637
Pp eigs: [1.02730508e+09 1.05205191e+09 1.67418127e+09 2.54318917e+09
 3.71119865e+09]
This is the update step.
log_likelihood: [[-3.08097642]], y: [[2.99914494e-06]], cov: [[75.49570618]]
-------------------------------------------
dt_idx: 466, pulsar: 22, dt: 29.079659264142865, is_first_obs: False
This is the predict step. Some useful numbers are surfaced below.
Max variance at index 116: 3711189042.4138556
Pp max index: 116, value: 3711189042.4138556
Pp max diag: 3711189042.4138556
Pp eigs: [1.02044713e+09 1.05205191e+09 1.67418127e+09 2.54318917e+09
 3.71119865e+09]
This is the update step.
log_likelihood: [[-3.07884221]], y: [[-5.43298784e-06]], cov: [[75.17414561]]
-------------------------------------------
dt_idx: 467, pulsar: 3, dt: 28.202460237388255, is_first_obs: False
This is the predict step. Some useful numbers are surfaced below.
Max variance at index 116: 3711189042.41358
Pp max index: 116, value: 3711189042.41358
Pp max diag: 3711189042.41358
Pp eigs: [1.02044713e+09 1.05205191e+09 1.67418127e+09 2.54318917e+09
 3.71119865e+09]
This is the update step.
log_likelihood: [[-3.07935514]], y: [[-1.84318439e-07]], cov: [[75.25130265]]
-------------------------------------------
dt_idx: 468, pulsar: 25, dt: 29.970742294976002, is_first_obs: False
This is the predict step. Some useful numbers are surfaced below.
Max variance at index 116: 4201390998.763598
Pp max index: 116, value: 4201390998.763598
Pp max diag: 4201390998.763598
Pp eigs: [1.02044713e+09 1.05205191e+09 1.67418127e+09 2.54318917e+09
 4.20140211e+09]
This is the update step.
log_likelihood: [[-3.07858037]], y: [[1.03659913e-06]], cov: [[75.13478815]]
-------------------------------------------
dt_idx: 469, pulsar: 32, dt: 28.79535371389654, is_first_obs: False
This is the predict step. Some useful numbers are surfaced below.
Max variance at index 116: 3100328653.4270334
Pp max index: 116, value: 3100328653.4270334
Pp max diag: 3100328653.4270334
Pp eigs: [1.02044713e+09 1.05205191e+09 1.67418127e+09 2.54318917e+09
 3.10033672e+09]
This is the update step.
log_likelihood: [[-3.07810864]], y: [[-1.91166924e-06]], cov: [[75.06393454]]
-------------------------------------------
dt_idx: 470, pulsar: 29, dt: 29.129824257261223, is_first_obs: False
This is the predict step. Some useful numbers are surfaced below.
Max variance at index 116: 3100328653.427033
Pp max index: 116, value: 3100328653.427033
Pp max diag: 3100328653.427033
Pp eigs: [1.02044713e+09 1.05205191e+09 1.67418127e+09 2.54318917e+09
 3.10033672e+09]
This is the update step.
log_likelihood: [[-3.08206763]], y: [[5.14227808e-06]], cov: [[75.66064818]]
-------------------------------------------
dt_idx: 471, pulsar: 15, dt: 29.365018273790675, is_first_obs: False
This is the predict step. Some useful numbers are surfaced below.
Max variance at index 116: 3100328653.427024
Pp max index: 116, value: 3100328653.427024
Pp max diag: 3100328653.427024
Pp eigs: [1.02044713e+09 1.05205191e+09 1.67418127e+09 2.54318917e+09
 3.10033672e+09]
This is the update step.
log_likelihood: [[-3.08289709]], y: [[-8.713988e-06]], cov: [[75.78626758]]
-------------------------------------------
dt_idx: 472, pulsar: 31, dt: 29.427321277967206, is_first_obs: False
This is the predict step. Some useful numbers are surfaced below.
Max variance at index 116: 3100328653.4270167
Pp max index: 116, value: 3100328653.4270167
Pp max diag: 3100328653.4270167
Pp eigs: [1.05205191e+09 1.15230402e+09 1.67418127e+09 2.54318917e+09
 3.10033672e+09]
This is the update step.
log_likelihood: [[-3.08261215]], y: [[-3.08437954e-05]], cov: [[75.7430914]]
-------------------------------------------
dt_idx: 473, pulsar: 19, dt: 29.524712409785497, is_first_obs: False
This is the predict step. Some useful numbers are surfaced below.
Max variance at index 116: 3100328653.427013
Pp max index: 116, value: 3100328653.427013
Pp max diag: 3100328653.427013
Pp eigs: [9.57352142e+08 1.05205191e+09 1.67418127e+09 2.54318917e+09
 3.10033672e+09]
This is the update step.
log_likelihood: [[-3.07827244]], y: [[-1.30828043e-06]], cov: [[75.08852917]]
-------------------------------------------
dt_idx: 474, pulsar: 0, dt: 31.301115910333614, is_first_obs: False
This is the predict step. Some useful numbers are surfaced below.
Max variance at index 116: 3100328653.427
Pp max index: 116, value: 3100328653.427
Pp max diag: 3100328653.427
Pp eigs: [9.57352142e+08 1.05205191e+09 1.67418127e+09 2.54318917e+09
 3.10033672e+09]
This is the update step.
log_likelihood: [[-3.08541555]], y: [[-2.05588879e-06]], cov: [[76.16896093]]
-------------------------------------------
dt_idx: 475, pulsar: 8, dt: 30.246977765361468, is_first_obs: False
This is the predict step. Some useful numbers are surfaced below.
Max variance at index 116: 3100328653.4269924
Pp max index: 116, value: 3100328653.4269924
Pp max diag: 3100328653.4269924
Pp eigs: [9.57352142e+08 1.05205191e+09 1.67418127e+09 2.54318917e+09
 3.10033672e+09]
This is the update step.
log_likelihood: [[-3.0834069]], y: [[-7.70773055e-06]], cov: [[75.86358001]]
-------------------------------------------
dt_idx: 476, pulsar: 28, dt: 30.35141162884456, is_first_obs: False
This is the predict step. Some useful numbers are surfaced below.
Max variance at index 116: 3100328653.4269686
Pp max index: 116, value: 3100328653.4269686
Pp max diag: 3100328653.4269686
Pp eigs: [9.57352142e+08 1.05205191e+09 1.67418127e+09 2.54318917e+09
 3.10033672e+09]
This is the update step.
log_likelihood: [[-3.08443051]], y: [[-1.90318145e-06]], cov: [[76.01904917]]
-------------------------------------------
dt_idx: 477, pulsar: 26, dt: 29.919941338146174, is_first_obs: False
This is the predict step. Some useful numbers are surfaced below.
Max variance at index 116: 3100328653.426966
Pp max index: 116, value: 3100328653.426966
Pp max diag: 3100328653.426966
Pp eigs: [9.57352142e+08 1.05205191e+09 1.67418127e+09 2.54318917e+09
 3.10033672e+09]
This is the update step.
log_likelihood: [[-3.08296011]], y: [[-4.19128437e-06]], cov: [[75.79582021]]
-------------------------------------------
dt_idx: 478, pulsar: 10, dt: 30.910536170292783, is_first_obs: False
This is the predict step. Some useful numbers are surfaced below.
Max variance at index 116: 3100328653.4268613
Pp max index: 116, value: 3100328653.4268613
Pp max diag: 3100328653.4268613
Pp eigs: [9.57352142e+08 1.05205191e+09 1.67418127e+09 2.54318917e+09
 3.10033672e+09]
This is the update step.
log_likelihood: [[-3.08046577]], y: [[8.51572774e-06]], cov: [[75.41864139]]
-------------------------------------------
dt_idx: 479, pulsar: 7, dt: 30.43359250857874, is_first_obs: False
This is the predict step. Some useful numbers are surfaced below.
Max variance at index 116: 3100328653.4268594
Pp max index: 116, value: 3100328653.4268594
Pp max diag: 3100328653.4268594
Pp eigs: [9.57352142e+08 1.05205191e+09 1.67418127e+09 2.54318917e+09
 3.10033672e+09]
This is the update step.
log_likelihood: [[-3.08159256]], y: [[-3.20756083e-07]], cov: [[75.58879529]]
-------------------------------------------
dt_idx: 480, pulsar: 4, dt: 31.807557622260514, is_first_obs: False
This is the predict step. Some useful numbers are surfaced below.
Max variance at index 116: 3100328653.4268513
Pp max index: 116, value: 3100328653.4268513
Pp max diag: 3100328653.4268513
Pp eigs: [1.05205191e+09 1.09128227e+09 1.67418127e+09 2.54318917e+09
 3.10033672e+09]
This is the update step.
log_likelihood: [[-3.0843439]], y: [[-1.08222559e-05]], cov: [[76.00588145]]
-------------------------------------------
dt_idx: 481, pulsar: 5, dt: 30.838123272502862, is_first_obs: False
This is the predict step. Some useful numbers are surfaced below.
Max variance at index 116: 3100328653.4268365
Pp max index: 116, value: 3100328653.4268365
Pp max diag: 3100328653.4268365
Pp eigs: [9.11358862e+08 1.05205191e+09 1.67418127e+09 2.54318917e+09
 3.10033672e+09]
This is the update step.
log_likelihood: [[-3.0817078]], y: [[-4.64068741e-05]], cov: [[75.60621838]]
-------------------------------------------
dt_idx: 482, pulsar: 11, dt: 30.688827630910605, is_first_obs: False
This is the predict step. Some useful numbers are surfaced below.
Max variance at index 116: 3100328653.42682
Pp max index: 116, value: 3100328653.42682
Pp max diag: 3100328653.42682
Pp eigs: [9.11358862e+08 1.05205191e+09 1.67418127e+09 2.54318917e+09
 3.10033672e+09]
This is the update step.
log_likelihood: [[-3.08284976]], y: [[1.07069887e-05]], cov: [[75.77909493]]
-------------------------------------------
dt_idx: 483, pulsar: 16, dt: 30.47492119801265, is_first_obs: False
This is the predict step. Some useful numbers are surfaced below.
Max variance at index 116: 3100328653.426812
Pp max index: 116, value: 3100328653.426812
Pp max diag: 3100328653.426812
Pp eigs: [1.03334982e+09 1.05205191e+09 1.67418127e+09 2.54318917e+09
 3.10033672e+09]
This is the update step.
log_likelihood: [[-3.08417037]], y: [[-1.80460378e-06]], cov: [[75.97950864]]
-------------------------------------------
dt_idx: 484, pulsar: 18, dt: 29.95998914661231, is_first_obs: False
This is the predict step. Some useful numbers are surfaced below.
Max variance at index 116: 3100328653.426805
Pp max index: 116, value: 3100328653.426805
Pp max diag: 3100328653.426805
Pp eigs: [8.45216531e+08 1.05205191e+09 1.67418127e+09 2.54318917e+09
 3.10033672e+09]
This is the update step.
log_likelihood: [[-3.0830501]], y: [[-3.44246345e-07]], cov: [[75.80946356]]
-------------------------------------------
dt_idx: 485, pulsar: 1, dt: 30.462720366594965, is_first_obs: False
This is the predict step. Some useful numbers are surfaced below.
Max variance at index 116: 3100328653.4268036
Pp max index: 116, value: 3100328653.4268036
Pp max diag: 3100328653.4268036
Pp eigs: [8.45216531e+08 1.05205191e+09 1.67418127e+09 2.88183994e+09
 3.10033672e+09]
This is the update step.
log_likelihood: [[-3.08467084]], y: [[1.28166024e-05]], cov: [[76.05559783]]
-------------------------------------------
dt_idx: 486, pulsar: 21, dt: 31.068454625474082, is_first_obs: False
This is the predict step. Some useful numbers are surfaced below.
Max variance at index 116: 3100328653.426794
Pp max index: 116, value: 3100328653.426794
Pp max diag: 3100328653.426794
Pp eigs: [8.45216531e+08 1.05205191e+09 1.67418127e+09 2.10341409e+09
 3.10033672e+09]
This is the update step.
log_likelihood: [[-3.0852786]], y: [[8.26539789e-07]], cov: [[76.1481002]]
-------------------------------------------
dt_idx: 487, pulsar: 6, dt: 31.62456179210433, is_first_obs: False
This is the predict step. Some useful numbers are surfaced below.
Max variance at index 116: 3100328653.426792
Pp max index: 116, value: 3100328653.426792
Pp max diag: 3100328653.426792
Pp eigs: [8.45216531e+08 1.05205191e+09 1.67418127e+09 2.10341409e+09
 3.10033672e+09]
This is the update step.
log_likelihood: [[-3.0829981]], y: [[-1.17975067e-05]], cov: [[75.80157937]]
-------------------------------------------
dt_idx: 488, pulsar: 2, dt: 29.767337875288945, is_first_obs: False
This is the predict step. Some useful numbers are surfaced below.
Max variance at index 116: 3100328653.426788
Pp max index: 116, value: 3100328653.426788
Pp max diag: 3100328653.426788
Pp eigs: [8.45216531e+08 1.05205191e+09 1.89315666e+09 2.10341409e+09
 3.10033672e+09]
This is the update step.
log_likelihood: [[-3.08469396]], y: [[-1.08567436e-05]], cov: [[76.05911331]]
-------------------------------------------
dt_idx: 489, pulsar: 27, dt: 31.340175747396767, is_first_obs: False
This is the predict step. Some useful numbers are surfaced below.
Max variance at index 116: 3100328653.42677
Pp max index: 116, value: 3100328653.42677
Pp max diag: 3100328653.42677
Pp eigs: [8.45216531e+08 1.05205191e+09 1.38428878e+09 2.10341409e+09
 3.10033672e+09]
This is the update step.
log_likelihood: [[-3.08439031]], y: [[-1.08714024e-05]], cov: [[76.01293765]]
-------------------------------------------
dt_idx: 490, pulsar: 13, dt: 31.71533015663977, is_first_obs: False
This is the predict step. Some useful numbers are surfaced below.
Max variance at index 116: 3100328653.426753
Pp max index: 116, value: 3100328653.426753
Pp max diag: 3100328653.426753
Pp eigs: [8.45216531e+08 1.05205191e+09 1.38428878e+09 2.10341409e+09
 3.10033672e+09]
This is the update step.
log_likelihood: [[-3.08576478]], y: [[2.39369982e-05]], cov: [[76.22218003]]
-------------------------------------------
dt_idx: 491, pulsar: 23, dt: 32.09157819062471, is_first_obs: False
This is the predict step. Some useful numbers are surfaced below.
Max variance at index 116: 3100328653.426742
Pp max index: 116, value: 3100328653.426742
Pp max diag: 3100328653.426742
Pp eigs: [8.45216531e+08 1.20117010e+09 1.38428878e+09 2.10341409e+09
 3.10033672e+09]
This is the update step.
log_likelihood: [[-3.0892639]], y: [[-2.60525807e-08]], cov: [[76.75747129]]
-------------------------------------------
dt_idx: 492, pulsar: 24, dt: 30.97837287486703, is_first_obs: False
This is the predict step. Some useful numbers are surfaced below.
Max variance at index 116: 3100328653.42674
Pp max index: 116, value: 3100328653.42674
Pp max diag: 3100328653.42674
Pp eigs: [8.45216531e+08 8.70191905e+08 1.38428878e+09 2.10341409e+09
 3.10033672e+09]
This is the update step.
log_likelihood: [[-3.08729221]], y: [[1.19468806e-06]], cov: [[76.45538358]]
-------------------------------------------
dt_idx: 493, pulsar: 30, dt: 32.674061006086845, is_first_obs: False
This is the predict step. Some useful numbers are surfaced below.
Max variance at index 116: 3100328653.426711
Pp max index: 116, value: 3100328653.426711
Pp max diag: 3100328653.426711
Pp eigs: [8.45216531e+08 8.70191905e+08 1.38428878e+09 2.10341409e+09
 3.10033672e+09]
This is the update step.
log_likelihood: [[-3.08666883]], y: [[3.95303335e-06]], cov: [[76.36012124]]
-------------------------------------------
dt_idx: 494, pulsar: 20, dt: 31.154962376278856, is_first_obs: False
This is the predict step. Some useful numbers are surfaced below.
Max variance at index 116: 3100328653.4267073
Pp max index: 116, value: 3100328653.4267073
Pp max diag: 3100328653.4267073
Pp eigs: [8.45216531e+08 8.70191905e+08 1.38428878e+09 2.10341409e+09
 3.10033672e+09]
This is the update step.
log_likelihood: [[-3.08480613]], y: [[1.24472512e-05]], cov: [[76.07617946]]
-------------------------------------------
dt_idx: 495, pulsar: 31, dt: 28.475524115683854, is_first_obs: False
This is the predict step. Some useful numbers are surfaced below.
Max variance at index 116: 3100328653.4267044
Pp max index: 116, value: 3100328653.4267044
Pp max diag: 3100328653.4267044
Pp eigs: [8.70191905e+08 9.41881830e+08 1.38428878e+09 2.10341409e+09
 3.10033672e+09]
This is the update step.
log_likelihood: [[-3.06328717]], y: [[-1.79439727e-05]], cov: [[72.87147435]]
-------------------------------------------
dt_idx: 496, pulsar: 13, dt: 27.671536380670688, is_first_obs: False
This is the predict step. Some useful numbers are surfaced below.
Max variance at index 116: 3100328653.426678
Pp max index: 116, value: 3100328653.426678
Pp max diag: 3100328653.426678
Pp eigs: [7.96905092e+08 8.70191905e+08 1.38428878e+09 2.10341409e+09
 3.10033672e+09]
This is the update step.
log_likelihood: [[-3.06234072]], y: [[-7.68365631e-06]], cov: [[72.73366746]]
-------------------------------------------
dt_idx: 497, pulsar: 30, dt: 27.107348374382212, is_first_obs: False
This is the predict step. Some useful numbers are surfaced below.
Max variance at index 116: 3100328653.426623
Pp max index: 116, value: 3100328653.426623
Pp max diag: 3100328653.426623
Pp eigs: [7.96905092e+08 8.70191905e+08 1.38428878e+09 2.10341409e+09
 3.10033672e+09]
This is the update step.
log_likelihood: [[-3.06133317]], y: [[-1.77223924e-06]], cov: [[72.58724903]]
-------------------------------------------
dt_idx: 498, pulsar: 3, dt: 29.533253108561038, is_first_obs: False
This is the predict step. Some useful numbers are surfaced below.
Max variance at index 116: 3100328653.426611
Pp max index: 116, value: 3100328653.426611
Pp max diag: 3100328653.426611
Pp eigs: [7.96905092e+08 8.70191905e+08 1.38428878e+09 2.10341409e+09
 3.10033672e+09]
This is the update step.
log_likelihood: [[-3.06452697]], y: [[-5.42551208e-07]], cov: [[73.0523914]]
-------------------------------------------
dt_idx: 499, pulsar: 12, dt: 30.077293595550234, is_first_obs: False
This is the predict step. Some useful numbers are surfaced below.
Max variance at index 116: 3100328653.4265924
Pp max index: 116, value: 3100328653.4265924
Pp max diag: 3100328653.4265924
Pp eigs: [7.96905092e+08 8.70191905e+08 1.38428878e+09 2.10341409e+09
 3.10033672e+09]
This is the update step.
log_likelihood: [[-3.06529204]], y: [[4.48839441e-06]], cov: [[73.16425738]]
-------------------------------------------
dt_idx: 500, pulsar: 21, dt: 28.35877079854409, is_first_obs: False
This is the predict step. Some useful numbers are surfaced below.
Max variance at index 116: 3100328653.4265714
Pp max index: 116, value: 3100328653.4265714
Pp max diag: 3100328653.4265714
Pp eigs: [7.96905092e+08 8.70191905e+08 1.38428878e+09 2.10341409e+09
 3.10033672e+09]
This is the update step.
log_likelihood: [[-3.06447492]], y: [[-5.16782435e-07]], cov: [[73.04478671]]
-------------------------------------------
dt_idx: 501, pulsar: 0, dt: 29.28736983771677, is_first_obs: False
This is the predict step. Some useful numbers are surfaced below.
Max variance at index 116: 3100328653.4265633
Pp max index: 116, value: 3100328653.4265633
Pp max diag: 3100328653.4265633
Pp eigs: [7.96905092e+08 8.70191905e+08 1.38428878e+09 2.10341409e+09
 3.10033672e+09]
This is the update step.
log_likelihood: [[-3.06737526]], y: [[8.34148208e-06]], cov: [[73.46972786]]
-------------------------------------------
dt_idx: 502, pulsar: 6, dt: 28.4655569601942, is_first_obs: False
This is the predict step. Some useful numbers are surfaced below.
Max variance at index 116: 3100328653.426514
Pp max index: 116, value: 3100328653.426514
Pp max diag: 3100328653.426514
Pp eigs: [7.96905092e+08 8.70191905e+08 1.38428878e+09 2.10341409e+09
 3.10033672e+09]
This is the update step.
log_likelihood: [[-3.06326994]], y: [[-9.97088917e-07]], cov: [[72.86896463]]
-------------------------------------------
dt_idx: 503, pulsar: 27, dt: 28.401223674383427, is_first_obs: False
This is the predict step. Some useful numbers are surfaced below.
Max variance at index 116: 3100328653.426499
Pp max index: 116, value: 3100328653.426499
Pp max diag: 3100328653.426499
Pp eigs: [7.96905092e+08 8.70191905e+08 1.38428878e+09 2.10341409e+09
 3.10033672e+09]
This is the update step.
log_likelihood: [[-3.06391379]], y: [[5.79877928e-08]], cov: [[72.9628576]]
-------------------------------------------
dt_idx: 504, pulsar: 25, dt: 30.24220810269868, is_first_obs: False
This is the predict step. Some useful numbers are surfaced below.
Max variance at index 116: 3477835341.517802
Pp max index: 116, value: 3477835341.517802
Pp max diag: 3477835341.517802
Pp eigs: [7.96905092e+08 8.70191905e+08 1.38428878e+09 2.10341409e+09
 3.47784459e+09]
This is the update step.
log_likelihood: [[-3.06634917]], y: [[2.91619222e-08]], cov: [[73.31910949]]
-------------------------------------------
dt_idx: 505, pulsar: 16, dt: 29.017291307648023, is_first_obs: False
This is the predict step. Some useful numbers are surfaced below.
Max variance at index 116: 2594077761.811887
Pp max index: 116, value: 2594077761.811887
Pp max diag: 2594077761.811887
Pp eigs: [8.43089501e+08 8.70191905e+08 1.38428878e+09 2.10341409e+09
 2.59408455e+09]
This is the update step.
log_likelihood: [[-3.06558905]], y: [[4.26589573e-06]], cov: [[73.20773156]]
-------------------------------------------
dt_idx: 506, pulsar: 10, dt: 29.472266856553375, is_first_obs: False
This is the predict step. Some useful numbers are surfaced below.
Max variance at index 116: 2594077761.8118753
Pp max index: 116, value: 2594077761.8118753
Pp max diag: 2594077761.8118753
Pp eigs: [7.96905092e+08 8.70191905e+08 1.38428878e+09 2.10341409e+09
 2.59408455e+09]
This is the update step.
log_likelihood: [[-3.06463586]], y: [[9.82189363e-06]], cov: [[73.06830224]]
-------------------------------------------
dt_idx: 507, pulsar: 20, dt: 27.820759763695573, is_first_obs: False
This is the predict step. Some useful numbers are surfaced below.
Max variance at index 116: 2594077761.811873
Pp max index: 116, value: 2594077761.811873
Pp max diag: 2594077761.811873
Pp eigs: [7.96905092e+08 8.70191905e+08 1.38428878e+09 2.10341409e+09
 2.59408455e+09]
This is the update step.
log_likelihood: [[-3.06249661]], y: [[7.17897509e-07]], cov: [[72.75634698]]
-------------------------------------------
dt_idx: 508, pulsar: 26, dt: 29.70355583825597, is_first_obs: False
This is the predict step. Some useful numbers are surfaced below.
Max variance at index 116: 2594077761.8118696
Pp max index: 116, value: 2594077761.8118696
Pp max diag: 2594077761.8118696
Pp eigs: [7.96905092e+08 8.70191905e+08 1.38428878e+09 2.10341409e+09
 2.59408455e+09]
This is the update step.
log_likelihood: [[-3.06679463]], y: [[1.05306453e-05]], cov: [[73.38446025]]
-------------------------------------------
dt_idx: 509, pulsar: 4, dt: 29.569428226616647, is_first_obs: False
This is the predict step. Some useful numbers are surfaced below.
Max variance at index 116: 2594077761.81171
Pp max index: 116, value: 2594077761.81171
Pp max diag: 2594077761.81171
Pp eigs: [8.70191905e+08 8.90966109e+08 1.38428878e+09 2.10341409e+09
 2.59408455e+09]
This is the update step.
log_likelihood: [[-3.06708539]], y: [[5.74900159e-06]], cov: [[73.42714742]]
-------------------------------------------
dt_idx: 510, pulsar: 24, dt: 28.640056581728988, is_first_obs: False
This is the predict step. Some useful numbers are surfaced below.
Max variance at index 116: 2594077761.8116884
Pp max index: 116, value: 2594077761.8116884
Pp max diag: 2594077761.8116884
Pp eigs: [7.55446970e+08 8.70191905e+08 1.38428878e+09 2.10341409e+09
 2.59408455e+09]
This is the update step.
log_likelihood: [[-3.06629972]], y: [[1.01199798e-05]], cov: [[73.3118588]]
-------------------------------------------
dt_idx: 511, pulsar: 15, dt: 30.198053695106946, is_first_obs: False
This is the predict step. Some useful numbers are surfaced below.
Max variance at index 116: 2594077761.8116407
Pp max index: 116, value: 2594077761.8116407
Pp max diag: 2594077761.8116407
Pp eigs: [7.55446970e+08 8.70191905e+08 1.38428878e+09 2.10341409e+09
 2.59408455e+09]
This is the update step.
log_likelihood: [[-3.06828446]], y: [[-1.1505893e-05]], cov: [[73.60344654]]
-------------------------------------------
dt_idx: 512, pulsar: 28, dt: 29.940201160212357, is_first_obs: False
This is the predict step. Some useful numbers are surfaced below.
Max variance at index 116: 2594077761.811629
Pp max index: 116, value: 2594077761.811629
Pp max diag: 2594077761.811629
Pp eigs: [7.55446970e+08 8.70191905e+08 1.38428878e+09 2.10341409e+09
 2.59408455e+09]
This is the update step.
log_likelihood: [[-3.0681532]], y: [[7.52325867e-06]], cov: [[73.58412663]]
-------------------------------------------
dt_idx: 513, pulsar: 17, dt: 30.847931097635517, is_first_obs: False
This is the predict step. Some useful numbers are surfaced below.
Max variance at index 116: 2594077761.8116236
Pp max index: 116, value: 2594077761.8116236
Pp max diag: 2594077761.8116236
Pp eigs: [8.49463008e+08 8.70191905e+08 1.38428878e+09 2.10341409e+09
 2.59408455e+09]
This is the update step.
log_likelihood: [[-3.06943189]], y: [[1.08278373e-06]], cov: [[73.77254991]]
-------------------------------------------
dt_idx: 514, pulsar: 19, dt: 30.31148591051499, is_first_obs: False
This is the predict step. Some useful numbers are surfaced below.
Max variance at index 116: 2594077761.81162
Pp max index: 116, value: 2594077761.81162
Pp max diag: 2594077761.81162
Pp eigs: [7.06950433e+08 8.70191905e+08 1.38428878e+09 2.10341409e+09
 2.59408455e+09]
This is the update step.
log_likelihood: [[-3.06621926]], y: [[-7.34505776e-07]], cov: [[73.30006144]]
-------------------------------------------
dt_idx: 515, pulsar: 9, dt: 31.36837792987073, is_first_obs: False
This is the predict step. Some useful numbers are surfaced below.
Max variance at index 116: 2594077761.8116055
Pp max index: 116, value: 2594077761.8116055
Pp max diag: 2594077761.8116055
Pp eigs: [7.06950433e+08 8.70191905e+08 1.38428878e+09 2.10341409e+09
 2.59408455e+09]
This is the update step.
log_likelihood: [[-3.07041123]], y: [[-4.21690428e-06]], cov: [[73.9171883]]
-------------------------------------------
dt_idx: 516, pulsar: 22, dt: 31.054967447861475, is_first_obs: False
This is the predict step. Some useful numbers are surfaced below.
Max variance at index 116: 2594077761.8115964
Pp max index: 116, value: 2594077761.8115964
Pp max diag: 2594077761.8115964
Pp eigs: [7.06950433e+08 8.70191905e+08 1.38428878e+09 2.10341409e+09
 2.59408455e+09]
This is the update step.
log_likelihood: [[-3.06845292]], y: [[8.34442322e-07]], cov: [[73.62824889]]
-------------------------------------------
dt_idx: 517, pulsar: 18, dt: 29.921209815420486, is_first_obs: False
This is the predict step. Some useful numbers are surfaced below.
Max variance at index 116: 2594077761.811496
Pp max index: 116, value: 2594077761.811496
Pp max diag: 2594077761.811496
Pp eigs: [7.06950433e+08 8.70191905e+08 1.38428878e+09 2.10341409e+09
 2.59408455e+09]
This is the update step.
log_likelihood: [[-3.06721884]], y: [[1.58464893e-06]], cov: [[73.44674658]]
-------------------------------------------
dt_idx: 518, pulsar: 14, dt: 31.445567855481748, is_first_obs: False
This is the predict step. Some useful numbers are surfaced below.
Max variance at index 116: 2594077761.8114934
Pp max index: 116, value: 2594077761.8114934
Pp max diag: 2594077761.8114934
Pp eigs: [7.06950433e+08 8.70191905e+08 1.38428878e+09 2.10341409e+09
 2.59408455e+09]
This is the update step.
log_likelihood: [[-3.07081458]], y: [[7.26071904e-07]], cov: [[73.97684102]]
-------------------------------------------
dt_idx: 519, pulsar: 23, dt: 29.444329519084206, is_first_obs: False
This is the predict step. Some useful numbers are surfaced below.
Max variance at index 116: 2594077761.811483
Pp max index: 116, value: 2594077761.811483
Pp max diag: 2594077761.811483
Pp eigs: [7.06950433e+08 9.72762877e+08 1.38428878e+09 2.10341409e+09
 2.59408455e+09]
This is the update step.
log_likelihood: [[-3.0695917]], y: [[1.13563163e-06]], cov: [[73.79613307]]
-------------------------------------------
dt_idx: 520, pulsar: 8, dt: 30.49426042571112, is_first_obs: False
This is the predict step. Some useful numbers are surfaced below.
Max variance at index 116: 2594077761.811478
Pp max index: 116, value: 2594077761.811478
Pp max diag: 2594077761.811478
Pp eigs: [7.06950433e+08 7.21963750e+08 1.38428878e+09 2.10341409e+09
 2.59408455e+09]
This is the update step.
log_likelihood: [[-3.06978762]], y: [[-8.44058018e-06]], cov: [[73.82505478]]
-------------------------------------------
dt_idx: 521, pulsar: 7, dt: 30.385590870733612, is_first_obs: False
This is the predict step. Some useful numbers are surfaced below.
Max variance at index 116: 2594077761.811443
Pp max index: 116, value: 2594077761.811443
Pp max diag: 2594077761.811443
Pp eigs: [7.06950433e+08 7.21963750e+08 1.38428878e+09 2.10341409e+09
 2.59408455e+09]
This is the update step.
log_likelihood: [[-3.06780693]], y: [[-7.95738144e-06]], cov: [[73.53318384]]
-------------------------------------------
dt_idx: 522, pulsar: 11, dt: 30.319842325239268, is_first_obs: False
This is the predict step. Some useful numbers are surfaced below.
Max variance at index 116: 2594077761.81143
Pp max index: 116, value: 2594077761.81143
Pp max diag: 2594077761.81143
Pp eigs: [7.06950433e+08 7.21963750e+08 1.38428878e+09 2.10341409e+09
 2.59408455e+09]
This is the update step.
log_likelihood: [[-3.06876133]], y: [[-3.58683177e-06]], cov: [[73.6736782]]
-------------------------------------------
dt_idx: 523, pulsar: 5, dt: 30.45002209302452, is_first_obs: False
This is the predict step. Some useful numbers are surfaced below.
Max variance at index 116: 2594077761.811419
Pp max index: 116, value: 2594077761.811419
Pp max diag: 2594077761.811419
Pp eigs: [7.06950433e+08 7.21963750e+08 1.38428878e+09 2.10341409e+09
 2.59408455e+09]
This is the update step.
log_likelihood: [[-3.06815492]], y: [[-2.41142528e-05]], cov: [[73.58437956]]
-------------------------------------------
dt_idx: 524, pulsar: 32, dt: 31.413932182446672, is_first_obs: False
This is the predict step. Some useful numbers are surfaced below.
Max variance at index 116: 2594077761.8113976
Pp max index: 116, value: 2594077761.8113976
Pp max diag: 2594077761.8113976
Pp eigs: [7.08962321e+08 7.21963750e+08 1.38428878e+09 2.10341409e+09
 2.59408455e+09]
This is the update step.
log_likelihood: [[-3.06908166]], y: [[5.2339376e-06]], cov: [[73.72089382]]
-------------------------------------------
dt_idx: 525, pulsar: 1, dt: 30.716343340840602, is_first_obs: False
This is the predict step. Some useful numbers are surfaced below.
Max variance at index 116: 2594077761.811397
Pp max index: 116, value: 2594077761.811397
Pp max diag: 2594077761.811397
Pp eigs: [7.06950433e+08 7.21963750e+08 1.38428878e+09 2.36117855e+09
 2.59408455e+09]
This is the update step.
log_likelihood: [[-3.0701908]], y: [[-1.02496444e-05]], cov: [[73.88460848]]
-------------------------------------------
dt_idx: 526, pulsar: 29, dt: 32.37851732502381, is_first_obs: False
This is the predict step. Some useful numbers are surfaced below.
Max variance at index 116: 2594077761.8113766
Pp max index: 116, value: 2594077761.8113766
Pp max diag: 2594077761.8113766
Pp eigs: [7.06950433e+08 7.21963750e+08 1.38428878e+09 1.74964555e+09
 2.59408455e+09]
This is the update step.
log_likelihood: [[-3.07416079]], y: [[5.63534064e-06]], cov: [[74.47358569]]
-------------------------------------------
dt_idx: 527, pulsar: 2, dt: 31.66175511068768, is_first_obs: False
This is the predict step. Some useful numbers are surfaced below.
Max variance at index 116: 2594077761.8113565
Pp max index: 116, value: 2594077761.8113565
Pp max diag: 2594077761.8113565
Pp eigs: [7.06950433e+08 7.21963750e+08 1.56050775e+09 1.74964555e+09
 2.59408455e+09]
This is the update step.
log_likelihood: [[-3.07312998]], y: [[2.00967146e-05]], cov: [[74.32020849]]
-------------------------------------------
dt_idx: 528, pulsar: 25, dt: 28.47656092537774, is_first_obs: False
This is the predict step. Some useful numbers are surfaced below.
Max variance at index 116: 2866812586.34883
Pp max index: 116, value: 2866812586.34883
Pp max diag: 2866812586.34883
Pp eigs: [7.06950433e+08 7.21963750e+08 1.15221604e+09 1.74964555e+09
 2.86682025e+09]
This is the update step.
log_likelihood: [[-3.04926762]], y: [[8.9458126e-07]], cov: [[70.85660431]]
-------------------------------------------
dt_idx: 529, pulsar: 2, dt: 25.94345944125343, is_first_obs: False
This is the predict step. Some useful numbers are surfaced below.
Max variance at index 116: 2183283140.3161073
Pp max index: 116, value: 2183283140.3161073
Pp max diag: 2183283140.3161073
Pp eigs: [7.06950433e+08 7.21963750e+08 1.26181180e+09 1.74964555e+09
 2.18328888e+09]
This is the update step.
log_likelihood: [[-3.04603039]], y: [[7.80294357e-06]], cov: [[70.39932827]]
-------------------------------------------
dt_idx: 530, pulsar: 1, dt: 27.33238200025426, is_first_obs: False
This is the predict step. Some useful numbers are surfaced below.
Max variance at index 116: 2183283140.316064
Pp max index: 116, value: 2183283140.316064
Pp max diag: 2183283140.316064
Pp eigs: [7.06950433e+08 7.21963750e+08 9.67946122e+08 1.92434216e+09
 2.18328888e+09]
This is the update step.
log_likelihood: [[-3.0477468]], y: [[3.15193624e-05]], cov: [[70.64141128]]
-------------------------------------------
dt_idx: 531, pulsar: 30, dt: 29.991933361921046, is_first_obs: False
This is the predict step. Some useful numbers are surfaced below.
Max variance at index 116: 2183283140.3160315
Pp max index: 116, value: 2183283140.3160315
Pp max diag: 2183283140.3160315
Pp eigs: [7.06950433e+08 7.21963750e+08 9.67946122e+08 1.46985404e+09
 2.18328888e+09]
This is the update step.
log_likelihood: [[-3.04998757]], y: [[1.833504e-05]], cov: [[70.95870398]]
-------------------------------------------
dt_idx: 532, pulsar: 3, dt: 30.00258361251266, is_first_obs: False
This is the predict step. Some useful numbers are surfaced below.
Max variance at index 116: 2183283140.3160257
Pp max index: 116, value: 2183283140.3160257
Pp max diag: 2183283140.3160257
Pp eigs: [7.06950433e+08 7.21963750e+08 9.67946122e+08 1.46985404e+09
 2.18328888e+09]
This is the update step.
log_likelihood: [[-3.05192232]], y: [[-2.41450864e-07]], cov: [[71.23381114]]
-------------------------------------------
dt_idx: 533, pulsar: 19, dt: 28.667029989571482, is_first_obs: False
This is the predict step. Some useful numbers are surfaced below.
Max variance at index 116: 2183283140.3160186
Pp max index: 116, value: 2183283140.3160186
Pp max diag: 2183283140.3160186
Pp eigs: [7.06950433e+08 7.21963750e+08 9.67946122e+08 1.46985404e+09
 2.18328888e+09]
This is the update step.
log_likelihood: [[-3.04954652]], y: [[2.21111307e-06]], cov: [[70.89613954]]
-------------------------------------------
dt_idx: 534, pulsar: 0, dt: 29.676527149522745, is_first_obs: False
This is the predict step. Some useful numbers are surfaced below.
Max variance at index 116: 2183283140.316
Pp max index: 116, value: 2183283140.316
Pp max diag: 2183283140.316
Pp eigs: [7.06950433e+08 7.21963750e+08 9.67946122e+08 1.46985404e+09
 2.18328888e+09]
This is the update step.
log_likelihood: [[-3.0528927]], y: [[1.88319792e-06]], cov: [[71.37219275]]
-------------------------------------------
dt_idx: 535, pulsar: 24, dt: 29.615163991749284, is_first_obs: False
This is the predict step. Some useful numbers are surfaced below.
Max variance at index 116: 2183283140.3159814
Pp max index: 116, value: 2183283140.3159814
Pp max diag: 2183283140.3159814
Pp eigs: [7.06950433e+08 7.21963750e+08 9.67946122e+08 1.46985404e+09
 2.18328888e+09]
This is the update step.
log_likelihood: [[-3.05199864]], y: [[5.83122947e-06]], cov: [[71.24468493]]
-------------------------------------------
dt_idx: 536, pulsar: 26, dt: 29.850608226767292, is_first_obs: False
This is the predict step. Some useful numbers are surfaced below.
Max variance at index 116: 2183283140.315907
Pp max index: 116, value: 2183283140.315907
Pp max diag: 2183283140.315907
Pp eigs: [7.06950433e+08 7.21963750e+08 9.67946122e+08 1.46985404e+09
 2.18328888e+09]
This is the update step.
log_likelihood: [[-3.05260139]], y: [[1.3943845e-05]], cov: [[71.33062178]]
-------------------------------------------
dt_idx: 537, pulsar: 12, dt: 30.7984393168158, is_first_obs: False
This is the predict step. Some useful numbers are surfaced below.
Max variance at index 116: 2183283140.315663
Pp max index: 116, value: 2183283140.315663
Pp max diag: 2183283140.315663
Pp eigs: [7.06950433e+08 7.21963750e+08 9.67946122e+08 1.46985404e+09
 2.18328888e+09]
This is the update step.
log_likelihood: [[-3.05441157]], y: [[-4.44827046e-06]], cov: [[71.58933278]]
-------------------------------------------
dt_idx: 538, pulsar: 5, dt: 29.042766281101436, is_first_obs: False
This is the predict step. Some useful numbers are surfaced below.
Max variance at index 116: 2183283140.3156557
Pp max index: 116, value: 2183283140.3156557
Pp max diag: 2183283140.3156557
Pp eigs: [7.06950433e+08 7.21963750e+08 9.67946122e+08 1.46985404e+09
 2.18328888e+09]
This is the update step.
log_likelihood: [[-3.05120935]], y: [[2.38174474e-05]], cov: [[71.13230841]]
-------------------------------------------
dt_idx: 539, pulsar: 15, dt: 30.103144864219203, is_first_obs: False
This is the predict step. Some useful numbers are surfaced below.
Max variance at index 116: 2183283140.315625
Pp max index: 116, value: 2183283140.315625
Pp max diag: 2183283140.315625
Pp eigs: [7.06950433e+08 7.21963750e+08 9.67946122e+08 1.46985404e+09
 2.18328888e+09]
This is the update step.
log_likelihood: [[-3.05411521]], y: [[2.09199898e-06]], cov: [[71.54691234]]
-------------------------------------------
dt_idx: 540, pulsar: 27, dt: 30.67863504236495, is_first_obs: False
This is the predict step. Some useful numbers are surfaced below.
Max variance at index 116: 2183283140.315606
Pp max index: 116, value: 2183283140.315606
Pp max diag: 2183283140.315606
Pp eigs: [7.06950433e+08 7.21963750e+08 9.67946122e+08 1.46985404e+09
 2.18328888e+09]
This is the update step.
log_likelihood: [[-3.05323043]], y: [[-3.04390797e-06]], cov: [[71.42041775]]
-------------------------------------------
dt_idx: 541, pulsar: 8, dt: 29.676816563264087, is_first_obs: False
This is the predict step. Some useful numbers are surfaced below.
Max variance at index 116: 2183283140.3155727
Pp max index: 116, value: 2183283140.3155727
Pp max diag: 2183283140.3155727
Pp eigs: [7.06950433e+08 7.21963750e+08 9.67946122e+08 1.46985404e+09
 2.18328888e+09]
This is the update step.
log_likelihood: [[-3.05413676]], y: [[-1.63273967e-06]], cov: [[71.54999692]]
-------------------------------------------
dt_idx: 542, pulsar: 17, dt: 30.244848469882097, is_first_obs: False
This is the predict step. Some useful numbers are surfaced below.
Max variance at index 116: 2183283140.3155136
Pp max index: 116, value: 2183283140.3155136
Pp max diag: 2183283140.3155136
Pp eigs: [7.06950433e+08 7.21963750e+08 9.67946122e+08 1.46985404e+09
 2.18328888e+09]
This is the update step.
log_likelihood: [[-3.05535194]], y: [[-4.12501377e-06]], cov: [[71.7240997]]
-------------------------------------------
dt_idx: 543, pulsar: 20, dt: 30.66140781748074, is_first_obs: False
This is the predict step. Some useful numbers are surfaced below.
Max variance at index 116: 2183283140.315507
Pp max index: 116, value: 2183283140.315507
Pp max diag: 2183283140.315507
Pp eigs: [7.06950433e+08 7.21963750e+08 9.67946122e+08 1.46985404e+09
 2.18328888e+09]
This is the update step.
log_likelihood: [[-3.05244694]], y: [[3.60041123e-06]], cov: [[71.30859093]]
-------------------------------------------
dt_idx: 544, pulsar: 22, dt: 30.204132251607046, is_first_obs: False
This is the predict step. Some useful numbers are surfaced below.
Max variance at index 116: 2183283140.3155026
Pp max index: 116, value: 2183283140.3155026
Pp max diag: 2183283140.3155026
Pp eigs: [7.06950433e+08 7.21963750e+08 9.67946122e+08 1.46985404e+09
 2.18328888e+09]
This is the update step.
log_likelihood: [[-3.05439536]], y: [[-1.98168791e-07]], cov: [[71.58701101]]
-------------------------------------------
dt_idx: 545, pulsar: 23, dt: 29.92841683919783, is_first_obs: False
This is the predict step. Some useful numbers are surfaced below.
Max variance at index 116: 2183283140.3153324
Pp max index: 116, value: 2183283140.3153324
Pp max diag: 2183283140.3153324
Pp eigs: [7.06950433e+08 8.01563141e+08 9.67946122e+08 1.46985404e+09
 2.18328888e+09]
This is the update step.
log_likelihood: [[-3.05441246]], y: [[-5.53263946e-08]], cov: [[71.58946019]]
-------------------------------------------
dt_idx: 546, pulsar: 4, dt: 30.59513217201939, is_first_obs: False
This is the predict step. Some useful numbers are surfaced below.
Max variance at index 116: 2183283140.315323
Pp max index: 116, value: 2183283140.315323
Pp max diag: 2183283140.315323
Pp eigs: [7.06950433e+08 7.38254046e+08 9.67946122e+08 1.46985404e+09
 2.18328888e+09]
This is the update step.
log_likelihood: [[-3.05452853]], y: [[4.05879534e-07]], cov: [[71.6060798]]
-------------------------------------------
dt_idx: 547, pulsar: 10, dt: 31.03083144093001, is_first_obs: False
This is the predict step. Some useful numbers are surfaced below.
Max variance at index 116: 2183283140.315286
Pp max index: 116, value: 2183283140.315286
Pp max diag: 2183283140.315286
Pp eigs: [6.29948095e+08 7.06950433e+08 9.67946122e+08 1.46985404e+09
 2.18328888e+09]
This is the update step.
log_likelihood: [[-3.05426823]], y: [[-1.85164516e-06]], cov: [[71.56881201]]
-------------------------------------------
dt_idx: 548, pulsar: 16, dt: 31.147338593955393, is_first_obs: False
This is the predict step. Some useful numbers are surfaced below.
Max variance at index 116: 2183283140.315283
Pp max index: 116, value: 2183283140.315283
Pp max diag: 2183283140.315283
Pp eigs: [7.02383326e+08 7.06950433e+08 9.67946122e+08 1.46985404e+09
 2.18328888e+09]
This is the update step.
log_likelihood: [[-3.05531459]], y: [[-1.00504352e-05]], cov: [[71.71874303]]
-------------------------------------------
dt_idx: 549, pulsar: 9, dt: 30.538225803286938, is_first_obs: False
This is the predict step. Some useful numbers are surfaced below.
Max variance at index 116: 2183283140.315263
Pp max index: 116, value: 2183283140.315263
Pp max diag: 2183283140.315263
Pp eigs: [6.05476064e+08 7.06950433e+08 9.67946122e+08 1.46985404e+09
 2.18328888e+09]
This is the update step.
log_likelihood: [[-3.05651515]], y: [[-4.33427613e-07]], cov: [[71.89115493]]
-------------------------------------------
dt_idx: 550, pulsar: 28, dt: 30.800644076643167, is_first_obs: False
This is the predict step. Some useful numbers are surfaced below.
Max variance at index 116: 2183283140.315245
Pp max index: 116, value: 2183283140.315245
Pp max diag: 2183283140.315245
Pp eigs: [6.05476064e+08 7.06950433e+08 9.67946122e+08 1.46985404e+09
 2.18328888e+09]
This is the update step.
log_likelihood: [[-3.05561735]], y: [[7.14323986e-07]], cov: [[71.76218239]]
-------------------------------------------
dt_idx: 551, pulsar: 11, dt: 30.1260047679698, is_first_obs: False
This is the predict step. Some useful numbers are surfaced below.
Max variance at index 116: 2183283140.3152347
Pp max index: 116, value: 2183283140.3152347
Pp max diag: 2183283140.3152347
Pp eigs: [6.05476064e+08 7.06950433e+08 9.67946122e+08 1.46985404e+09
 2.18328888e+09]
This is the update step.
log_likelihood: [[-3.05458739]], y: [[7.42705325e-06]], cov: [[71.61451046]]
-------------------------------------------
dt_idx: 552, pulsar: 31, dt: 32.616475049676716, is_first_obs: False
This is the predict step. Some useful numbers are surfaced below.
Max variance at index 116: 2183283140.315217
Pp max index: 116, value: 2183283140.315217
Pp max diag: 2183283140.315217
Pp eigs: [6.05476064e+08 7.92526344e+08 9.67946122e+08 1.46985404e+09
 2.18328888e+09]
This is the update step.
log_likelihood: [[-3.05790557]], y: [[6.96950535e-05]], cov: [[72.09135014]]
-------------------------------------------
dt_idx: 553, pulsar: 32, dt: 29.965123453349978, is_first_obs: False
This is the predict step. Some useful numbers are surfaced below.
Max variance at index 116: 2183283140.315205
Pp max index: 116, value: 2183283140.315205
Pp max diag: 2183283140.315205
Pp eigs: [5.95029393e+08 6.05476064e+08 9.67946122e+08 1.46985404e+09
 2.18328888e+09]
This is the update step.
log_likelihood: [[-3.0541184]], y: [[8.17883927e-06]], cov: [[71.54736869]]
-------------------------------------------
dt_idx: 554, pulsar: 7, dt: 30.44316088972268, is_first_obs: False
This is the predict step. Some useful numbers are surfaced below.
Max variance at index 116: 2183283140.315204
Pp max index: 116, value: 2183283140.315204
Pp max diag: 2183283140.315204
Pp eigs: [5.95029393e+08 6.05476064e+08 9.67946122e+08 1.46985404e+09
 2.18328888e+09]
This is the update step.
log_likelihood: [[-3.05443228]], y: [[1.08365957e-05]], cov: [[71.59229734]]
-------------------------------------------
dt_idx: 555, pulsar: 29, dt: 29.146388830542563, is_first_obs: False
This is the predict step. Some useful numbers are surfaced below.
Max variance at index 116: 2183283140.3151827
Pp max index: 116, value: 2183283140.3151827
Pp max diag: 2183283140.3151827
Pp eigs: [5.95029393e+08 6.05476064e+08 9.67946122e+08 1.46985404e+09
 2.18328888e+09]
This is the update step.
log_likelihood: [[-3.05476817]], y: [[1.97404576e-06]], cov: [[71.64040855]]
-------------------------------------------
dt_idx: 556, pulsar: 6, dt: 31.862399725097195, is_first_obs: False
This is the predict step. Some useful numbers are surfaced below.
Max variance at index 116: 2183283140.3151493
Pp max index: 116, value: 2183283140.3151493
Pp max diag: 2183283140.3151493
Pp eigs: [5.95029393e+08 6.05476064e+08 9.67946122e+08 1.46985404e+09
 2.18328888e+09]
This is the update step.
log_likelihood: [[-3.05576083]], y: [[2.15861963e-06]], cov: [[71.78277847]]
-------------------------------------------
dt_idx: 557, pulsar: 18, dt: 30.791829051198782, is_first_obs: False
This is the predict step. Some useful numbers are surfaced below.
Max variance at index 116: 2183283140.3151417
Pp max index: 116, value: 2183283140.3151417
Pp max diag: 2183283140.3151417
Pp eigs: [5.95029393e+08 6.05476064e+08 9.67946122e+08 1.46985404e+09
 2.18328888e+09]
This is the update step.
log_likelihood: [[-3.05497911]], y: [[2.02436451e-06]], cov: [[71.67063879]]
-------------------------------------------
dt_idx: 558, pulsar: 13, dt: 32.60173724867679, is_first_obs: False
This is the predict step. Some useful numbers are surfaced below.
Max variance at index 116: 2183283140.315138
Pp max index: 116, value: 2183283140.315138
Pp max diag: 2183283140.315138
Pp eigs: [5.95029393e+08 6.05476064e+08 9.67946122e+08 1.46985404e+09
 2.18328888e+09]
This is the update step.
log_likelihood: [[-3.0569736]], y: [[-2.50860224e-05]], cov: [[71.95710255]]
-------------------------------------------
dt_idx: 559, pulsar: 14, dt: 30.867260243705022, is_first_obs: False
This is the predict step. Some useful numbers are surfaced below.
Max variance at index 116: 2183283140.315108
Pp max index: 116, value: 2183283140.315108
Pp max diag: 2183283140.315108
Pp eigs: [5.95029393e+08 6.05476064e+08 9.67946122e+08 1.46985404e+09
 2.18328888e+09]
This is the update step.
log_likelihood: [[-3.05716346]], y: [[2.49846527e-06]], cov: [[71.98443089]]
-------------------------------------------
dt_idx: 560, pulsar: 21, dt: 32.73053930298045, is_first_obs: False
This is the predict step. Some useful numbers are surfaced below.
Max variance at index 116: 2183283140.315085
Pp max index: 116, value: 2183283140.315085
Pp max diag: 2183283140.315085
Pp eigs: [5.95029393e+08 6.05476064e+08 9.67946122e+08 1.46985404e+09
 2.18328888e+09]
This is the update step.
log_likelihood: [[-3.05890671]], y: [[-2.27041106e-06]], cov: [[72.23584174]]
-------------------------------------------
dt_idx: 561, pulsar: 27, dt: 28.17054437517016, is_first_obs: False
This is the predict step. Some useful numbers are surfaced below.
Max variance at index 116: 2183283140.3150806
Pp max index: 116, value: 2183283140.3150806
Pp max diag: 2183283140.3150806
Pp eigs: [5.95029393e+08 6.05476064e+08 9.67946122e+08 1.46985404e+09
 2.18328888e+09]
This is the update step.
log_likelihood: [[-3.03630097]], y: [[3.82642383e-06]], cov: [[69.04268109]]
-------------------------------------------
dt_idx: 562, pulsar: 12, dt: 28.986060614309928, is_first_obs: False
This is the predict step. Some useful numbers are surfaced below.
Max variance at index 116: 2183283140.3150024
Pp max index: 116, value: 2183283140.3150024
Pp max diag: 2183283140.3150024
Pp eigs: [5.95029393e+08 6.05476064e+08 9.67946122e+08 1.46985404e+09
 2.18328888e+09]
This is the update step.
log_likelihood: [[-3.03881558]], y: [[3.29061803e-06]], cov: [[69.39078658]]
-------------------------------------------
dt_idx: 563, pulsar: 32, dt: 28.14647388772832, is_first_obs: False
This is the predict step. Some useful numbers are surfaced below.
Max variance at index 116: 2183283140.3149796
Pp max index: 116, value: 2183283140.3149796
Pp max diag: 2183283140.3149796
Pp eigs: [5.95029393e+08 6.05476064e+08 9.67946122e+08 1.46985404e+09
 2.18328888e+09]
This is the update step.
log_likelihood: [[-3.0365683]], y: [[-2.54940268e-06]], cov: [[69.07960479]]
-------------------------------------------
dt_idx: 564, pulsar: 1, dt: 30.455673636308422, is_first_obs: False
This is the predict step. Some useful numbers are surfaced below.
Max variance at index 116: 2183283140.314977
Pp max index: 116, value: 2183283140.314977
Pp max diag: 2183283140.314977
Pp eigs: [5.95029393e+08 6.05476064e+08 9.67946122e+08 1.62207295e+09
 2.18328888e+09]
This is the update step.
log_likelihood: [[-3.03794319]], y: [[-1.77922738e-05]], cov: [[69.26982052]]
-------------------------------------------
dt_idx: 565, pulsar: 7, dt: 28.121814245669928, is_first_obs: False
This is the predict step. Some useful numbers are surfaced below.
Max variance at index 116: 2183283140.3148866
Pp max index: 116, value: 2183283140.3148866
Pp max diag: 2183283140.3148866
Pp eigs: [5.95029393e+08 6.05476064e+08 9.67946122e+08 1.25042216e+09
 2.18328888e+09]
This is the update step.
log_likelihood: [[-3.03651057]], y: [[-7.55169197e-06]], cov: [[69.07162984]]
-------------------------------------------
dt_idx: 566, pulsar: 17, dt: 28.996746367900457, is_first_obs: False
This is the predict step. Some useful numbers are surfaced below.
Max variance at index 116: 2183283140.314836
Pp max index: 116, value: 2183283140.314836
Pp max diag: 2183283140.314836
Pp eigs: [5.95029393e+08 6.05476064e+08 9.67946122e+08 1.25042216e+09
 2.18328888e+09]
This is the update step.
log_likelihood: [[-3.03940473]], y: [[1.12387116e-06]], cov: [[69.47259748]]
-------------------------------------------
dt_idx: 567, pulsar: 29, dt: 28.219599432382317, is_first_obs: False
This is the predict step. Some useful numbers are surfaced below.
Max variance at index 116: 2183283140.314816
Pp max index: 116, value: 2183283140.314816
Pp max diag: 2183283140.314816
Pp eigs: [5.95029393e+08 6.05476064e+08 9.67946122e+08 1.25042216e+09
 2.18328888e+09]
This is the update step.
log_likelihood: [[-3.03707168]], y: [[-1.18999889e-06]], cov: [[69.14918664]]
-------------------------------------------
dt_idx: 568, pulsar: 5, dt: 29.604503763185605, is_first_obs: False
This is the predict step. Some useful numbers are surfaced below.
Max variance at index 116: 2183283140.314731
Pp max index: 116, value: 2183283140.314731
Pp max diag: 2183283140.314731
Pp eigs: [5.95029393e+08 6.05476064e+08 9.67946122e+08 1.25042216e+09
 2.18328888e+09]
This is the update step.
log_likelihood: [[-3.0382076]], y: [[3.22754219e-05]], cov: [[69.30646069]]
-------------------------------------------
dt_idx: 569, pulsar: 25, dt: 31.59823109274661, is_first_obs: False
This is the predict step. Some useful numbers are surfaced below.
Max variance at index 116: 2419535063.0823874
Pp max index: 116, value: 2419535063.0823874
Pp max diag: 2419535063.0823874
Pp eigs: [5.95029393e+08 6.05476064e+08 9.67946122e+08 1.25042216e+09
 2.41954157e+09]
This is the update step.
log_likelihood: [[-3.04209542]], y: [[-2.45023674e-07]], cov: [[69.84746374]]
-------------------------------------------
dt_idx: 570, pulsar: 28, dt: 28.971588816344738, is_first_obs: False
This is the predict step. Some useful numbers are surfaced below.
Max variance at index 116: 1851365094.431258
Pp max index: 116, value: 1851365094.431258
Pp max diag: 1851365094.431258
Pp eigs: [5.95029393e+08 6.05476064e+08 9.67946122e+08 1.25042216e+09
 1.85137000e+09]
This is the update step.
log_likelihood: [[-3.03912201]], y: [[-4.9612791e-07]], cov: [[69.43332626]]
-------------------------------------------
dt_idx: 571, pulsar: 3, dt: 31.03038206519904, is_first_obs: False
This is the predict step. Some useful numbers are surfaced below.
Max variance at index 116: 1851365094.4312472
Pp max index: 116, value: 1851365094.4312472
Pp max diag: 1851365094.4312472
Pp eigs: [5.95029393e+08 6.05476064e+08 9.67946122e+08 1.25042216e+09
 1.85137000e+09]
This is the update step.
log_likelihood: [[-3.04205357]], y: [[-4.35894265e-08]], cov: [[69.84161825]]
-------------------------------------------
dt_idx: 572, pulsar: 8, dt: 29.763012320929104, is_first_obs: False
This is the predict step. Some useful numbers are surfaced below.
Max variance at index 116: 1851365094.4312391
Pp max index: 116, value: 1851365094.4312391
Pp max diag: 1851365094.4312391
Pp eigs: [5.95029393e+08 6.05476064e+08 9.67946122e+08 1.25042216e+09
 1.85137000e+09]
This is the update step.
log_likelihood: [[-3.04051765]], y: [[1.78710946e-05]], cov: [[69.62740425]]
-------------------------------------------
dt_idx: 573, pulsar: 15, dt: 29.919856093492772, is_first_obs: False
This is the predict step. Some useful numbers are surfaced below.
Max variance at index 116: 1851365094.4311762
Pp max index: 116, value: 1851365094.4311762
Pp max diag: 1851365094.4311762
Pp eigs: [5.95029393e+08 6.05476064e+08 9.67946122e+08 1.25042216e+09
 1.85137000e+09]
This is the update step.
log_likelihood: [[-3.04061578]], y: [[1.06841816e-05]], cov: [[69.64107052]]
-------------------------------------------
dt_idx: 574, pulsar: 23, dt: 29.54587823409725, is_first_obs: False
This is the predict step. Some useful numbers are surfaced below.
Max variance at index 116: 1851365094.4311564
Pp max index: 116, value: 1851365094.4311564
Pp max diag: 1851365094.4311564
Pp eigs: [5.95029393e+08 6.66296250e+08 9.67946122e+08 1.25042216e+09
 1.85137000e+09]
This is the update step.
log_likelihood: [[-3.03995101]], y: [[7.54204135e-07]], cov: [[69.54854202]]
-------------------------------------------
dt_idx: 575, pulsar: 9, dt: 29.44779913260981, is_first_obs: False
This is the predict step. Some useful numbers are surfaced below.
Max variance at index 116: 1851365094.431146
Pp max index: 116, value: 1851365094.431146
Pp max diag: 1851365094.431146
Pp eigs: [5.57157563e+08 5.95029393e+08 9.67946122e+08 1.25042216e+09
 1.85137000e+09]
This is the update step.
log_likelihood: [[-3.04091205]], y: [[-8.64909669e-08]], cov: [[69.68234864]]
-------------------------------------------
dt_idx: 576, pulsar: 13, dt: 28.861761133207214, is_first_obs: False
This is the predict step. Some useful numbers are surfaced below.
Max variance at index 116: 1851365094.4311254
Pp max index: 116, value: 1851365094.4311254
Pp max diag: 1851365094.4311254
Pp eigs: [5.57157563e+08 5.95029393e+08 9.67946122e+08 1.25042216e+09
 1.85137000e+09]
This is the update step.
log_likelihood: [[-3.03959885]], y: [[8.85334594e-06]], cov: [[69.49957514]]
-------------------------------------------
dt_idx: 577, pulsar: 2, dt: 31.740030069185625, is_first_obs: False
This is the predict step. Some useful numbers are surfaced below.
Max variance at index 116: 1851365094.4310932
Pp max index: 116, value: 1851365094.4310932
Pp max diag: 1851365094.4310932
Pp eigs: [5.57157563e+08 5.95029393e+08 1.07326940e+09 1.25042216e+09
 1.85137000e+09]
This is the update step.
log_likelihood: [[-3.04009842]], y: [[3.07710307e-05]], cov: [[69.56904975]]
-------------------------------------------
dt_idx: 578, pulsar: 21, dt: 28.433032275394154, is_first_obs: False
This is the predict step. Some useful numbers are surfaced below.
Max variance at index 116: 1851365094.4310446
Pp max index: 116, value: 1851365094.4310446
Pp max diag: 1851365094.4310446
Pp eigs: [5.57157563e+08 5.95029393e+08 8.25112083e+08 1.25042216e+09
 1.85137000e+09]
This is the update step.
log_likelihood: [[-3.03993857]], y: [[1.74339598e-06]], cov: [[69.546811]]
-------------------------------------------
dt_idx: 579, pulsar: 4, dt: 29.80611071779772, is_first_obs: False
This is the predict step. Some useful numbers are surfaced below.
Max variance at index 116: 1851365094.4310398
Pp max index: 116, value: 1851365094.4310398
Pp max diag: 1851365094.4310398
Pp eigs: [5.95029393e+08 6.13358643e+08 8.25112083e+08 1.25042216e+09
 1.85137000e+09]
This is the update step.
log_likelihood: [[-3.04040176]], y: [[2.20534766e-06]], cov: [[69.61126855]]
-------------------------------------------
dt_idx: 580, pulsar: 0, dt: 31.493506407969527, is_first_obs: False
This is the predict step. Some useful numbers are surfaced below.
Max variance at index 116: 1851365094.4309998
Pp max index: 116, value: 1851365094.4309998
Pp max diag: 1851365094.4309998
Pp eigs: [5.29540808e+08 5.95029393e+08 8.25112083e+08 1.25042216e+09
 1.85137000e+09]
This is the update step.
log_likelihood: [[-3.04387465]], y: [[1.60456298e-06]], cov: [[70.09645563]]
-------------------------------------------
dt_idx: 581, pulsar: 14, dt: 29.107699449272065, is_first_obs: False
This is the predict step. Some useful numbers are surfaced below.
Max variance at index 116: 1851365094.4309773
Pp max index: 116, value: 1851365094.4309773
Pp max diag: 1851365094.4309773
Pp eigs: [5.29540808e+08 5.95029393e+08 8.25112083e+08 1.25042216e+09
 1.85137000e+09]
This is the update step.
log_likelihood: [[-3.04013777]], y: [[6.61025777e-07]], cov: [[69.57452509]]
-------------------------------------------
dt_idx: 582, pulsar: 11, dt: 29.6939551862412, is_first_obs: False
This is the predict step. Some useful numbers are surfaced below.
Max variance at index 116: 1851365094.4309485
Pp max index: 116, value: 1851365094.4309485
Pp max diag: 1851365094.4309485
Pp eigs: [5.29540808e+08 5.95029393e+08 8.25112083e+08 1.25042216e+09
 1.85137000e+09]
This is the update step.
log_likelihood: [[-3.04051305]], y: [[5.86650336e-06]], cov: [[69.62676339]]
-------------------------------------------
dt_idx: 583, pulsar: 19, dt: 31.84099581196352, is_first_obs: False
This is the predict step. Some useful numbers are surfaced below.
Max variance at index 116: 1851365094.43093
Pp max index: 116, value: 1851365094.43093
Pp max diag: 1851365094.43093
Pp eigs: [5.29540808e+08 5.95029393e+08 8.25112083e+08 1.25042216e+09
 1.85137000e+09]
This is the update step.
log_likelihood: [[-3.04267116]], y: [[2.03697111e-06]], cov: [[69.92793848]]
-------------------------------------------
dt_idx: 584, pulsar: 6, dt: 29.492401563216138, is_first_obs: False
This is the predict step. Some useful numbers are surfaced below.
Max variance at index 116: 1851365094.4309099
Pp max index: 116, value: 1851365094.4309099
Pp max diag: 1851365094.4309099
Pp eigs: [5.29540808e+08 5.95029393e+08 8.25112083e+08 1.25042216e+09
 1.85137000e+09]
This is the update step.
log_likelihood: [[-3.04048559]], y: [[-2.29855502e-06]], cov: [[69.62294026]]
-------------------------------------------
dt_idx: 585, pulsar: 20, dt: 30.505405814548332, is_first_obs: False
This is the predict step. Some useful numbers are surfaced below.
Max variance at index 116: 1851365094.4309022
Pp max index: 116, value: 1851365094.4309022
Pp max diag: 1851365094.4309022
Pp eigs: [5.29540808e+08 5.95029393e+08 8.25112083e+08 1.25042216e+09
 1.85137000e+09]
This is the update step.
log_likelihood: [[-3.04118325]], y: [[-7.62803381e-06]], cov: [[69.72015443]]
-------------------------------------------
dt_idx: 586, pulsar: 26, dt: 31.14653159556565, is_first_obs: False
This is the predict step. Some useful numbers are surfaced below.
Max variance at index 116: 1851365094.4308982
Pp max index: 116, value: 1851365094.4308982
Pp max diag: 1851365094.4308982
Pp eigs: [5.29540808e+08 5.95029393e+08 8.25112083e+08 1.25042216e+09
 1.85137000e+09]
This is the update step.
log_likelihood: [[-3.04252135]], y: [[-2.67411407e-06]], cov: [[69.906989]]
-------------------------------------------
dt_idx: 587, pulsar: 10, dt: 30.378801023242648, is_first_obs: False
This is the predict step. Some useful numbers are surfaced below.
Max variance at index 116: 1851365094.4306333
Pp max index: 116, value: 1851365094.4306333
Pp max diag: 1851365094.4306333
Pp eigs: [5.29540808e+08 5.95029393e+08 8.25112083e+08 1.25042216e+09
 1.85137000e+09]
This is the update step.
log_likelihood: [[-3.0415566]], y: [[7.79774002e-07]], cov: [[69.77223319]]
-------------------------------------------
dt_idx: 588, pulsar: 22, dt: 30.61661814081448, is_first_obs: False
This is the predict step. Some useful numbers are surfaced below.
Max variance at index 116: 1851365094.43063
Pp max index: 116, value: 1851365094.43063
Pp max diag: 1851365094.43063
Pp eigs: [5.29540808e+08 5.95029393e+08 8.25112083e+08 1.25042216e+09
 1.85137000e+09]
This is the update step.
log_likelihood: [[-3.04227336]], y: [[2.87781451e-06]], cov: [[69.87232495]]
-------------------------------------------
dt_idx: 589, pulsar: 16, dt: 30.425729302929504, is_first_obs: False
This is the predict step. Some useful numbers are surfaced below.
Max variance at index 116: 1851365094.4304392
Pp max index: 116, value: 1851365094.4304392
Pp max diag: 1851365094.4304392
Pp eigs: [5.84242893e+08 5.95029393e+08 8.25112083e+08 1.25042216e+09
 1.85137000e+09]
This is the update step.
log_likelihood: [[-3.04241787]], y: [[2.66217287e-06]], cov: [[69.89252332]]
-------------------------------------------
dt_idx: 590, pulsar: 31, dt: 30.32632419757269, is_first_obs: False
This is the predict step. Some useful numbers are surfaced below.
Max variance at index 116: 1851365094.430417
Pp max index: 116, value: 1851365094.430417
Pp max diag: 1851365094.430417
Pp eigs: [5.12177979e+08 6.56328381e+08 8.25112083e+08 1.25042216e+09
 1.85137000e+09]
This is the update step.
log_likelihood: [[-3.04368475]], y: [[5.73371751e-05]], cov: [[70.0698381]]
-------------------------------------------
dt_idx: 591, pulsar: 24, dt: 31.813175504229687, is_first_obs: False
This is the predict step. Some useful numbers are surfaced below.
Max variance at index 116: 1851365094.430403
Pp max index: 116, value: 1851365094.430403
Pp max diag: 1851365094.430403
Pp eigs: [5.01356396e+08 5.12177979e+08 8.25112083e+08 1.25042216e+09
 1.85137000e+09]
This is the update step.
log_likelihood: [[-3.04399763]], y: [[1.45230978e-05]], cov: [[70.11369883]]
-------------------------------------------
dt_idx: 592, pulsar: 30, dt: 33.306908239181396, is_first_obs: False
This is the predict step. Some useful numbers are surfaced below.
Max variance at index 116: 1851365094.4303215
Pp max index: 116, value: 1851365094.4303215
Pp max diag: 1851365094.4303215
Pp eigs: [5.01356396e+08 5.12177979e+08 8.25112083e+08 1.25042216e+09
 1.85137000e+09]
This is the update step.
log_likelihood: [[-3.0460887]], y: [[4.00854277e-06]], cov: [[70.40753772]]
-------------------------------------------
dt_idx: 593, pulsar: 18, dt: 31.23573929908099, is_first_obs: False
This is the predict step. Some useful numbers are surfaced below.
Max variance at index 116: 1851365094.4303143
Pp max index: 116, value: 1851365094.4303143
Pp max diag: 1851365094.4303143
Pp eigs: [5.01356396e+08 5.12177979e+08 8.25112083e+08 1.25042216e+09
 1.85137000e+09]
This is the update step.
log_likelihood: [[-3.04378642]], y: [[8.60922204e-06]], cov: [[70.08408837]]
-------------------------------------------
dt_idx: 594, pulsar: 27, dt: 30.437044366156613, is_first_obs: False
This is the predict step. Some useful numbers are surfaced below.
Max variance at index 116: 1851365094.4303098
Pp max index: 116, value: 1851365094.4303098
Pp max diag: 1851365094.4303098
Pp eigs: [5.01356396e+08 5.12177979e+08 8.25112083e+08 1.25042216e+09
 1.85137000e+09]
This is the update step.
log_likelihood: [[-3.02721219]], y: [[1.80743662e-06]], cov: [[67.79899134]]
-------------------------------------------
dt_idx: 595, pulsar: 13, dt: 28.888504785851193, is_first_obs: False
This is the predict step. Some useful numbers are surfaced below.
Max variance at index 116: 1851365094.4302323
Pp max index: 116, value: 1851365094.4302323
Pp max diag: 1851365094.4302323
Pp eigs: [5.01356396e+08 5.12177979e+08 8.25112083e+08 1.25042216e+09
 1.85137000e+09]
This is the update step.
log_likelihood: [[-3.02558237]], y: [[-2.48463922e-06]], cov: [[67.57835122]]
-------------------------------------------
dt_idx: 596, pulsar: 24, dt: 27.923978389634026, is_first_obs: False
This is the predict step. Some useful numbers are surfaced below.
Max variance at index 116: 1851365094.4301505
Pp max index: 116, value: 1851365094.4301505
Pp max diag: 1851365094.4301505
Pp eigs: [5.01356396e+08 5.12177979e+08 8.25112083e+08 1.25042216e+09
 1.85137000e+09]
This is the update step.
log_likelihood: [[-3.02646143]], y: [[3.22356251e-06]], cov: [[67.69726557]]
-------------------------------------------
dt_idx: 597, pulsar: 25, dt: 29.765632833728084, is_first_obs: False
This is the predict step. Some useful numbers are surfaced below.
Max variance at index 116: 2025364606.9620905
Pp max index: 116, value: 2025364606.9620905
Pp max diag: 2025364606.9620905
Pp eigs: [5.01356396e+08 5.12177979e+08 8.25112083e+08 1.25042216e+09
 2.02537008e+09]
This is the update step.
log_likelihood: [[-3.02928307]], y: [[1.59586007e-07]], cov: [[68.08038066]]
-------------------------------------------
dt_idx: 598, pulsar: 18, dt: 26.965981455555667, is_first_obs: False
This is the predict step. Some useful numbers are surfaced below.
Max variance at index 116: 1574349012.0946553
Pp max index: 116, value: 1574349012.0946553
Pp max diag: 1574349012.0946553
Pp eigs: [5.01356396e+08 5.12177979e+08 8.25112083e+08 1.25042216e+09
 1.57435320e+09]
This is the update step.
log_likelihood: [[-3.02396228]], y: [[-4.39844678e-06]], cov: [[67.35973854]]
-------------------------------------------
dt_idx: 599, pulsar: 26, dt: 28.712271308755433, is_first_obs: False
This is the predict step. Some useful numbers are surfaced below.
Max variance at index 116: 1574349012.0946505
Pp max index: 116, value: 1574349012.0946505
Pp max diag: 1574349012.0946505
Pp eigs: [5.01356396e+08 5.12177979e+08 8.25112083e+08 1.25042216e+09
 1.57435320e+09]
This is the update step.
log_likelihood: [[-3.02700202]], y: [[7.80571954e-06]], cov: [[67.77049822]]
-------------------------------------------
dt_idx: 600, pulsar: 11, dt: 29.06733326922964, is_first_obs: False
This is the predict step. Some useful numbers are surfaced below.
Max variance at index 116: 1574349012.0943537
Pp max index: 116, value: 1574349012.0943537
Pp max diag: 1574349012.0943537
Pp eigs: [5.01356396e+08 5.12177979e+08 8.25112083e+08 1.25042216e+09
 1.57435320e+09]
This is the update step.
log_likelihood: [[-3.02679198]], y: [[1.25032796e-05]], cov: [[67.7420354]]
-------------------------------------------
dt_idx: 601, pulsar: 28, dt: 29.853130855273317, is_first_obs: False
This is the predict step. Some useful numbers are surfaced below.
Max variance at index 116: 1574349012.0943332
Pp max index: 116, value: 1574349012.0943332
Pp max diag: 1574349012.0943332
Pp eigs: [5.01356396e+08 5.12177979e+08 8.25112083e+08 1.25042216e+09
 1.57435320e+09]
This is the update step.
log_likelihood: [[-3.02730663]], y: [[1.28384883e-05]], cov: [[67.81179832]]
-------------------------------------------
dt_idx: 602, pulsar: 4, dt: 29.356338657527058, is_first_obs: False
This is the predict step. Some useful numbers are surfaced below.
Max variance at index 116: 1574349012.0943203
Pp max index: 116, value: 1574349012.0943203
Pp max diag: 1574349012.0943203
Pp eigs: [5.12177979e+08 5.14230270e+08 8.25112083e+08 1.25042216e+09
 1.57435320e+09]
This is the update step.
log_likelihood: [[-3.02698699]], y: [[6.7864631e-07]], cov: [[67.76846074]]
-------------------------------------------
dt_idx: 603, pulsar: 7, dt: 30.507612427749013, is_first_obs: False
This is the predict step. Some useful numbers are surfaced below.
Max variance at index 116: 1574349012.0942724
Pp max index: 116, value: 1574349012.0942724
Pp max diag: 1574349012.0942724
Pp eigs: [5.01356396e+08 5.12177979e+08 8.25112082e+08 1.25042216e+09
 1.57435320e+09]
This is the update step.
log_likelihood: [[-3.02711576]], y: [[6.75148743e-06]], cov: [[67.7859169]]
-------------------------------------------
dt_idx: 604, pulsar: 22, dt: 28.704573210455752, is_first_obs: False
This is the predict step. Some useful numbers are surfaced below.
Max variance at index 116: 1574349012.0942476
Pp max index: 116, value: 1574349012.0942476
Pp max diag: 1574349012.0942476
Pp eigs: [5.01356396e+08 5.12177979e+08 8.25112082e+08 1.25042216e+09
 1.57435320e+09]
This is the update step.
log_likelihood: [[-3.02680592]], y: [[2.12397481e-07]], cov: [[67.74392415]]
-------------------------------------------
dt_idx: 605, pulsar: 29, dt: 30.384004872121192, is_first_obs: False
This is the predict step. Some useful numbers are surfaced below.
Max variance at index 116: 1574349012.0940225
Pp max index: 116, value: 1574349012.0940225
Pp max diag: 1574349012.0940225
Pp eigs: [5.01356396e+08 5.12177979e+08 8.25112082e+08 1.25042216e+09
 1.57435320e+09]
This is the update step.
log_likelihood: [[-3.02736194]], y: [[-6.49961722e-06]], cov: [[67.81930049]]
-------------------------------------------
dt_idx: 606, pulsar: 17, dt: 30.752861911842114, is_first_obs: False
This is the predict step. Some useful numbers are surfaced below.
Max variance at index 116: 1574349012.0939791
Pp max index: 116, value: 1574349012.0939791
Pp max diag: 1574349012.0939791
Pp eigs: [5.01356396e+08 5.12177979e+08 8.25112082e+08 1.25042216e+09
 1.57435320e+09]
This is the update step.
log_likelihood: [[-3.02963623]], y: [[4.06229122e-07]], cov: [[68.12848382]]
-------------------------------------------
dt_idx: 607, pulsar: 3, dt: 30.297571575520212, is_first_obs: False
This is the predict step. Some useful numbers are surfaced below.
Max variance at index 116: 1574349012.0939703
Pp max index: 116, value: 1574349012.0939703
Pp max diag: 1574349012.0939703
Pp eigs: [5.01356396e+08 5.12177979e+08 8.25112082e+08 1.25042216e+09
 1.57435320e+09]
This is the update step.
log_likelihood: [[-3.03010294]], y: [[-2.56070989e-07]], cov: [[68.19210645]]
-------------------------------------------
dt_idx: 608, pulsar: 8, dt: 30.11957596298721, is_first_obs: False
This is the predict step. Some useful numbers are surfaced below.
Max variance at index 116: 1574349012.0939605
Pp max index: 116, value: 1574349012.0939605
Pp max diag: 1574349012.0939605
Pp eigs: [5.01356396e+08 5.12177979e+08 8.25112082e+08 1.25042216e+09
 1.57435320e+09]
This is the update step.
log_likelihood: [[-3.029004]], y: [[-7.79553713e-06]], cov: [[68.04239212]]
-------------------------------------------
dt_idx: 609, pulsar: 1, dt: 30.9947168955538, is_first_obs: False
This is the predict step. Some useful numbers are surfaced below.
Max variance at index 116: 1574349012.0938869
Pp max index: 116, value: 1574349012.0938869
Pp max diag: 1574349012.0938869
Pp eigs: [5.01356396e+08 5.12177979e+08 8.25112082e+08 1.37241603e+09
 1.57435320e+09]
This is the update step.
log_likelihood: [[-3.02890416]], y: [[1.15120823e-05]], cov: [[68.02880688]]
-------------------------------------------
dt_idx: 610, pulsar: 2, dt: 29.961324092072466, is_first_obs: False
This is the predict step. Some useful numbers are surfaced below.
Max variance at index 116: 1574349012.093847
Pp max index: 116, value: 1574349012.093847
Pp max diag: 1574349012.093847
Pp eigs: [5.01356396e+08 5.12177979e+08 9.03221920e+08 1.06753352e+09
 1.57435320e+09]
This is the update step.
log_likelihood: [[-3.02827319]], y: [[1.45722788e-05]], cov: [[67.94301372]]
-------------------------------------------
dt_idx: 611, pulsar: 10, dt: 29.302119901765273, is_first_obs: False
This is the predict step. Some useful numbers are surfaced below.
Max variance at index 116: 1574349012.093796
Pp max index: 116, value: 1574349012.093796
Pp max diag: 1574349012.093796
Pp eigs: [5.01356396e+08 5.12177979e+08 7.03989412e+08 1.06753352e+09
 1.57435320e+09]
This is the update step.
log_likelihood: [[-3.02751513]], y: [[-5.933327e-07]], cov: [[67.84008107]]
-------------------------------------------
dt_idx: 612, pulsar: 9, dt: 30.323580888112385, is_first_obs: False
This is the predict step. Some useful numbers are surfaced below.
Max variance at index 116: 1574349012.0937922
Pp max index: 116, value: 1574349012.0937922
Pp max diag: 1574349012.0937922
Pp eigs: [5.01356396e+08 5.12177979e+08 7.03989412e+08 1.06753352e+09
 1.57435320e+09]
This is the update step.
log_likelihood: [[-3.02942548]], y: [[1.56476193e-06]], cov: [[68.09977452]]
-------------------------------------------
dt_idx: 613, pulsar: 5, dt: 31.10214279103058, is_first_obs: False
This is the predict step. Some useful numbers are surfaced below.
Max variance at index 116: 1574349012.0937657
Pp max index: 116, value: 1574349012.0937657
Pp max diag: 1574349012.0937657
Pp eigs: [5.01356396e+08 5.12177979e+08 7.03989412e+08 1.06753352e+09
 1.57435320e+09]
This is the update step.
log_likelihood: [[-3.02945233]], y: [[-6.22798841e-05]], cov: [[68.10343113]]
-------------------------------------------
dt_idx: 614, pulsar: 15, dt: 30.601241511857065, is_first_obs: False
This is the predict step. Some useful numbers are surfaced below.
Max variance at index 116: 1574349012.0937319
Pp max index: 116, value: 1574349012.0937319
Pp max diag: 1574349012.0937319
Pp eigs: [5.01356396e+08 5.12177979e+08 7.03989412e+08 1.06753352e+09
 1.57435320e+09]
This is the update step.
log_likelihood: [[-3.02981832]], y: [[-2.32515018e-06]], cov: [[68.15329942]]
-------------------------------------------
dt_idx: 615, pulsar: 0, dt: 30.12924794854941, is_first_obs: False
This is the predict step. Some useful numbers are surfaced below.
Max variance at index 116: 1574349012.0937083
Pp max index: 116, value: 1574349012.0937083
Pp max diag: 1574349012.0937083
Pp eigs: [5.01356396e+08 5.12177979e+08 7.03989412e+08 1.06753352e+09
 1.57435320e+09]
This is the update step.
log_likelihood: [[-3.03095909]], y: [[6.18097433e-06]], cov: [[68.30897206]]
-------------------------------------------
dt_idx: 616, pulsar: 21, dt: 30.34599485763797, is_first_obs: False
This is the predict step. Some useful numbers are surfaced below.
Max variance at index 116: 1574349012.09368
Pp max index: 116, value: 1574349012.09368
Pp max diag: 1574349012.09368
Pp eigs: [5.01356396e+08 5.12177979e+08 7.03989412e+08 1.06753352e+09
 1.57435320e+09]
This is the update step.
log_likelihood: [[-3.02893373]], y: [[1.68976691e-06]], cov: [[68.03283039]]
-------------------------------------------
dt_idx: 617, pulsar: 20, dt: 29.929814568117813, is_first_obs: False
This is the predict step. Some useful numbers are surfaced below.
Max variance at index 116: 1574349012.093674
Pp max index: 116, value: 1574349012.093674
Pp max diag: 1574349012.093674
Pp eigs: [5.01356396e+08 5.12177979e+08 7.03989412e+08 1.06753352e+09
 1.57435320e+09]
This is the update step.
log_likelihood: [[-3.02892753]], y: [[2.50289372e-06]], cov: [[68.03198729]]
-------------------------------------------
dt_idx: 618, pulsar: 19, dt: 30.242835334307618, is_first_obs: False
This is the predict step. Some useful numbers are surfaced below.
Max variance at index 116: 1574349012.0936697
Pp max index: 116, value: 1574349012.0936697
Pp max diag: 1574349012.0936697
Pp eigs: [5.01356396e+08 5.12177979e+08 7.03989412e+08 1.06753352e+09
 1.57435320e+09]
This is the update step.
log_likelihood: [[-3.03045212]], y: [[-2.19937759e-06]], cov: [[68.23974586]]
-------------------------------------------
dt_idx: 619, pulsar: 16, dt: 29.82542667592013, is_first_obs: False
This is the predict step. Some useful numbers are surfaced below.
Max variance at index 116: 1574349012.0936465
Pp max index: 116, value: 1574349012.0936465
Pp max diag: 1574349012.0936465
Pp eigs: [5.01356396e+08 5.12177979e+08 7.03989412e+08 1.06753352e+09
 1.57435320e+09]
This is the update step.
log_likelihood: [[-3.02919418]], y: [[-5.69652578e-06]], cov: [[68.06827847]]
-------------------------------------------
dt_idx: 620, pulsar: 31, dt: 29.740057238075465, is_first_obs: False
This is the predict step. Some useful numbers are surfaced below.
Max variance at index 116: 1574349012.093619
Pp max index: 116, value: 1574349012.093619
Pp max diag: 1574349012.093619
Pp eigs: [5.12177979e+08 5.48244383e+08 7.03989412e+08 1.06753352e+09
 1.57435320e+09]
This is the update step.
log_likelihood: [[-3.02975377]], y: [[-2.55224332e-06]], cov: [[68.14450207]]
-------------------------------------------
dt_idx: 621, pulsar: 14, dt: 30.648752956578022, is_first_obs: False
This is the predict step. Some useful numbers are surfaced below.
Max variance at index 116: 1574349012.0936
Pp max index: 116, value: 1574349012.0936
Pp max diag: 1574349012.0936
Pp eigs: [4.26232787e+08 5.12177979e+08 7.03989412e+08 1.06753352e+09
 1.57435320e+09]
This is the update step.
log_likelihood: [[-3.02931482]], y: [[1.3942308e-07]], cov: [[68.08470441]]
-------------------------------------------
dt_idx: 622, pulsar: 30, dt: 29.096494025797753, is_first_obs: False
This is the predict step. Some useful numbers are surfaced below.
Max variance at index 116: 1574349012.0935605
Pp max index: 116, value: 1574349012.0935605
Pp max diag: 1574349012.0935605
Pp eigs: [4.26232787e+08 5.12177979e+08 7.03989412e+08 1.06753352e+09
 1.57435320e+09]
This is the update step.
log_likelihood: [[-3.02979183]], y: [[8.76977814e-06]], cov: [[68.14968843]]
-------------------------------------------
dt_idx: 623, pulsar: 6, dt: 30.50970363816729, is_first_obs: False
This is the predict step. Some useful numbers are surfaced below.
Max variance at index 116: 1574349012.0935526
Pp max index: 116, value: 1574349012.0935526
Pp max diag: 1574349012.0935526
Pp eigs: [4.26232787e+08 5.12177979e+08 7.03989412e+08 1.06753352e+09
 1.57435320e+09]
This is the update step.
log_likelihood: [[-3.02946403]], y: [[-8.17962659e-06]], cov: [[68.10502495]]
-------------------------------------------
dt_idx: 624, pulsar: 12, dt: 32.45635794832751, is_first_obs: False
This is the predict step. Some useful numbers are surfaced below.
Max variance at index 116: 1574349012.0935433
Pp max index: 116, value: 1574349012.0935433
Pp max diag: 1574349012.0935433
Pp eigs: [4.26232787e+08 5.12177979e+08 7.03989412e+08 1.06753352e+09
 1.57435320e+09]
This is the update step.
log_likelihood: [[-3.03274346]], y: [[-1.60860408e-05]], cov: [[68.55318353]]
-------------------------------------------
dt_idx: 625, pulsar: 32, dt: 32.243492412567136, is_first_obs: False
This is the predict step. Some useful numbers are surfaced below.
Max variance at index 116: 1574349012.0935342
Pp max index: 116, value: 1574349012.0935342
Pp max diag: 1574349012.0935342
Pp eigs: [4.26232787e+08 5.12177979e+08 7.03989412e+08 1.06753352e+09
 1.57435320e+09]
This is the update step.
log_likelihood: [[-3.03086296]], y: [[-4.16986663e-06]], cov: [[68.29584025]]
-------------------------------------------
dt_idx: 626, pulsar: 23, dt: 31.91090769977481, is_first_obs: False
This is the predict step. Some useful numbers are surfaced below.
Max variance at index 116: 1574349012.0935333
Pp max index: 116, value: 1574349012.0935333
Pp max diag: 1574349012.0935333
Pp eigs: [4.26232787e+08 5.63763476e+08 7.03989412e+08 1.06753352e+09
 1.57435320e+09]
This is the update step.
log_likelihood: [[-3.03214195]], y: [[3.47976229e-07]], cov: [[68.47076269]]
-------------------------------------------
dt_idx: 627, pulsar: 26, dt: 27.709427738885083, is_first_obs: False
This is the predict step. Some useful numbers are surfaced below.
Max variance at index 116: 1574349012.0935194
Pp max index: 116, value: 1574349012.0935194
Pp max diag: 1574349012.0935194
Pp eigs: [4.26232787e+08 4.36337931e+08 7.03989412e+08 1.06753352e+09
 1.57435320e+09]
This is the update step.
log_likelihood: [[-3.01249023]], y: [[-1.36374546e-05]], cov: [[65.83182543]]
-------------------------------------------
dt_idx: 628, pulsar: 10, dt: 28.20406443743794, is_first_obs: False
This is the predict step. Some useful numbers are surfaced below.
Max variance at index 116: 1574349012.0928595
Pp max index: 116, value: 1574349012.0928595
Pp max diag: 1574349012.0928595
Pp eigs: [4.26232787e+08 4.36337931e+08 7.03989412e+08 1.06753352e+09
 1.57435320e+09]
This is the update step.
log_likelihood: [[-3.01355818]], y: [[3.01970651e-06]], cov: [[65.97258574]]
-------------------------------------------
dt_idx: 629, pulsar: 20, dt: 28.369424029754267, is_first_obs: False
This is the predict step. Some useful numbers are surfaced below.
Max variance at index 116: 1574349012.0928514
Pp max index: 116, value: 1574349012.0928514
Pp max diag: 1574349012.0928514
Pp eigs: [4.26232787e+08 4.36337931e+08 7.03989412e+08 1.06753352e+09
 1.57435320e+09]
This is the update step.
log_likelihood: [[-3.01496533]], y: [[-4.32824585e-06]], cov: [[66.1585144]]
-------------------------------------------
dt_idx: 630, pulsar: 0, dt: 28.58425377967181, is_first_obs: False
This is the predict step. Some useful numbers are surfaced below.
Max variance at index 116: 1574349012.0928428
Pp max index: 116, value: 1574349012.0928428
Pp max diag: 1574349012.0928428
Pp eigs: [4.26232787e+08 4.36337931e+08 7.03989412e+08 1.06753352e+09
 1.57435320e+09]
This is the update step.
log_likelihood: [[-3.0165572]], y: [[-4.8030677e-06]], cov: [[66.3694818]]
-------------------------------------------
dt_idx: 631, pulsar: 14, dt: 28.079491707781948, is_first_obs: False
This is the predict step. Some useful numbers are surfaced below.
Max variance at index 116: 1574349012.0927734
Pp max index: 116, value: 1574349012.0927734
Pp max diag: 1574349012.0927734
Pp eigs: [4.26232787e+08 4.36337931e+08 7.03989412e+08 1.06753352e+09
 1.57435320e+09]
This is the update step.
log_likelihood: [[-3.01426535]], y: [[1.50881811e-06]], cov: [[66.0659602]]
-------------------------------------------
dt_idx: 632, pulsar: 6, dt: 28.024945315056375, is_first_obs: False
This is the predict step. Some useful numbers are surfaced below.
Max variance at index 116: 1574349012.0926902
Pp max index: 116, value: 1574349012.0926902
Pp max diag: 1574349012.0926902
Pp eigs: [4.26232787e+08 4.36337931e+08 7.03989412e+08 1.06753352e+09
 1.57435320e+09]
This is the update step.
log_likelihood: [[-3.01443124]], y: [[-3.916681e-06]], cov: [[66.08788295]]
-------------------------------------------
dt_idx: 633, pulsar: 7, dt: 29.548957799264677, is_first_obs: False
This is the predict step. Some useful numbers are surfaced below.
Max variance at index 116: 1574349012.092671
Pp max index: 116, value: 1574349012.092671
Pp max diag: 1574349012.092671
Pp eigs: [4.26232787e+08 4.36337931e+08 7.03989412e+08 1.06753352e+09
 1.57435320e+09]
This is the update step.
log_likelihood: [[-3.01587346]], y: [[-3.84437818e-06]], cov: [[66.2787842]]
-------------------------------------------
dt_idx: 634, pulsar: 21, dt: 28.886383139943632, is_first_obs: False
This is the predict step. Some useful numbers are surfaced below.
Max variance at index 116: 1574349012.0926151
Pp max index: 116, value: 1574349012.0926151
Pp max diag: 1574349012.0926151
Pp eigs: [4.26232787e+08 4.36337931e+08 7.03989412e+08 1.06753352e+09
 1.57435320e+09]
This is the update step.
log_likelihood: [[-3.01581199]], y: [[-6.22041053e-07]], cov: [[66.27063667]]
-------------------------------------------
dt_idx: 635, pulsar: 15, dt: 28.999790439329765, is_first_obs: False
This is the predict step. Some useful numbers are surfaced below.
Max variance at index 116: 1574349012.0926023
Pp max index: 116, value: 1574349012.0926023
Pp max diag: 1574349012.0926023
Pp eigs: [4.26232787e+08 4.36337931e+08 7.03989412e+08 1.06753352e+09
 1.57435320e+09]
This is the update step.
log_likelihood: [[-3.01649125]], y: [[5.76084881e-06]], cov: [[66.36072788]]
-------------------------------------------
dt_idx: 636, pulsar: 18, dt: 30.285371185497, is_first_obs: False
This is the predict step. Some useful numbers are surfaced below.
Max variance at index 116: 1574349012.092549
Pp max index: 116, value: 1574349012.092549
Pp max diag: 1574349012.092549
Pp eigs: [4.26232787e+08 4.36337931e+08 7.03989412e+08 1.06753352e+09
 1.57435320e+09]
This is the update step.
log_likelihood: [[-3.01520056]], y: [[4.15921018e-06]], cov: [[66.18964597]]
-------------------------------------------
dt_idx: 637, pulsar: 23, dt: 27.874249991112283, is_first_obs: False
This is the predict step. Some useful numbers are surfaced below.
Max variance at index 116: 1574349012.0925388
Pp max index: 116, value: 1574349012.0925388
Pp max diag: 1574349012.0925388
Pp eigs: [4.26232787e+08 4.71832858e+08 7.03989412e+08 1.06753352e+09
 1.57435320e+09]
This is the update step.
log_likelihood: [[-3.0157527]], y: [[-7.66646612e-08]], cov: [[66.26277813]]
-------------------------------------------
dt_idx: 638, pulsar: 17, dt: 29.818817199082286, is_first_obs: False
This is the predict step. Some useful numbers are surfaced below.
Max variance at index 116: 1574349012.0925114
Pp max index: 116, value: 1574349012.0925114
Pp max diag: 1574349012.0925114
Pp eigs: [4.14712318e+08 4.26232787e+08 7.03989412e+08 1.06753352e+09
 1.57435320e+09]
This is the update step.
log_likelihood: [[-3.018081]], y: [[4.97118356e-06]], cov: [[66.57205795]]
-------------------------------------------
dt_idx: 639, pulsar: 11, dt: 30.24627188834879, is_first_obs: False
This is the predict step. Some useful numbers are surfaced below.
Max variance at index 116: 1574349012.0924888
Pp max index: 116, value: 1574349012.0924888
Pp max diag: 1574349012.0924888
Pp eigs: [4.01396635e+08 4.26232787e+08 7.03989412e+08 1.06753352e+09
 1.57435320e+09]
This is the update step.
log_likelihood: [[-3.01722081]], y: [[-2.54469889e-06]], cov: [[66.45762732]]
-------------------------------------------
dt_idx: 640, pulsar: 1, dt: 29.739036833621835, is_first_obs: False
This is the predict step. Some useful numbers are surfaced below.
Max variance at index 116: 1574349012.0924435
Pp max index: 116, value: 1574349012.0924435
Pp max diag: 1574349012.0924435
Pp eigs: [4.01396635e+08 4.26232787e+08 7.03989412e+08 1.16021662e+09
 1.57435320e+09]
This is the update step.
log_likelihood: [[-3.01718302]], y: [[-3.99388923e-06]], cov: [[66.45260397]]
-------------------------------------------
dt_idx: 641, pulsar: 8, dt: 29.815633959648785, is_first_obs: False
This is the predict step. Some useful numbers are surfaced below.
Max variance at index 116: 1574349012.092352
Pp max index: 116, value: 1574349012.092352
Pp max diag: 1574349012.092352
Pp eigs: [4.01396635e+08 4.26232787e+08 7.03989412e+08 9.15701109e+08
 1.57435320e+09]
This is the update step.
log_likelihood: [[-3.01772566]], y: [[1.73230021e-06]], cov: [[66.52476259]]
-------------------------------------------
dt_idx: 642, pulsar: 32, dt: 28.746573713609465, is_first_obs: False
This is the predict step. Some useful numbers are surfaced below.
Max variance at index 116: 1574349012.0921764
Pp max index: 116, value: 1574349012.0921764
Pp max diag: 1574349012.0921764
Pp eigs: [4.01396635e+08 4.26232787e+08 7.03989412e+08 9.15701109e+08
 1.57435320e+09]
This is the update step.
log_likelihood: [[-3.01666635]], y: [[-1.32398419e-06]], cov: [[66.38397134]]
-------------------------------------------
dt_idx: 643, pulsar: 28, dt: 30.595322610294374, is_first_obs: False
This is the predict step. Some useful numbers are surfaced below.
Max variance at index 116: 1574349012.0921743
Pp max index: 116, value: 1574349012.0921743
Pp max diag: 1574349012.0921743
Pp eigs: [4.01396635e+08 4.26232787e+08 7.03989412e+08 9.15701109e+08
 1.57435320e+09]
This is the update step.
log_likelihood: [[-3.01789757]], y: [[-1.44848238e-05]], cov: [[66.54763959]]
-------------------------------------------
dt_idx: 644, pulsar: 25, dt: 30.907646321146576, is_first_obs: False
This is the predict step. Some useful numbers are surfaced below.
Max variance at index 116: 1717336754.1621256
Pp max index: 116, value: 1717336754.1621256
Pp max diag: 1717336754.1621256
Pp eigs: [4.01396635e+08 4.26232787e+08 7.03989412e+08 9.15701109e+08
 1.71734142e+09]
This is the update step.
log_likelihood: [[-3.01996682]], y: [[7.06859917e-08]], cov: [[66.82361772]]
-------------------------------------------
dt_idx: 645, pulsar: 16, dt: 29.401857829811394, is_first_obs: False
This is the predict step. Some useful numbers are surfaced below.
Max variance at index 116: 1348840257.7814221
Pp max index: 116, value: 1348840257.7814221
Pp max diag: 1348840257.7814221
Pp eigs: [4.13064808e+08 4.26232787e+08 7.03989412e+08 9.15701109e+08
 1.34884387e+09]
This is the update step.
log_likelihood: [[-3.01679381]], y: [[-7.76424795e-07]], cov: [[66.40089575]]
-------------------------------------------
dt_idx: 646, pulsar: 30, dt: 29.18963934580485, is_first_obs: False
This is the predict step. Some useful numbers are surfaced below.
Max variance at index 116: 1348840257.7813954
Pp max index: 116, value: 1348840257.7813954
Pp max diag: 1348840257.7813954
Pp eigs: [4.01396635e+08 4.26232787e+08 7.03989412e+08 9.15701109e+08
 1.34884387e+09]
This is the update step.
log_likelihood: [[-3.0167153]], y: [[4.9529286e-06]], cov: [[66.39047129]]
-------------------------------------------
dt_idx: 647, pulsar: 29, dt: 30.56757337990734, is_first_obs: False
This is the predict step. Some useful numbers are surfaced below.
Max variance at index 116: 1348840257.7813878
Pp max index: 116, value: 1348840257.7813878
Pp max diag: 1348840257.7813878
Pp eigs: [4.01396635e+08 4.26232787e+08 7.03989412e+08 9.15701109e+08
 1.34884387e+09]
This is the update step.
log_likelihood: [[-3.01805298]], y: [[6.73081151e-07]], cov: [[66.56832655]]
-------------------------------------------
dt_idx: 648, pulsar: 19, dt: 29.590398868090574, is_first_obs: False
This is the predict step. Some useful numbers are surfaced below.
Max variance at index 116: 1348840257.781348
Pp max index: 116, value: 1348840257.781348
Pp max diag: 1348840257.781348
Pp eigs: [4.01396635e+08 4.26232787e+08 7.03989412e+08 9.15701109e+08
 1.34884387e+09]
This is the update step.
log_likelihood: [[-3.01806037]], y: [[-2.24941102e-06]], cov: [[66.56931136]]
-------------------------------------------
dt_idx: 649, pulsar: 13, dt: 31.423239240999575, is_first_obs: False
This is the predict step. Some useful numbers are surfaced below.
Max variance at index 116: 1348840257.781326
Pp max index: 116, value: 1348840257.781326
Pp max diag: 1348840257.781326
Pp eigs: [4.01396635e+08 4.26232787e+08 7.03989412e+08 9.15701109e+08
 1.34884387e+09]
This is the update step.
log_likelihood: [[-3.0183668]], y: [[-2.05265782e-06]], cov: [[66.61012076]]
-------------------------------------------
dt_idx: 650, pulsar: 31, dt: 29.5781580618355, is_first_obs: False
This is the predict step. Some useful numbers are surfaced below.
Max variance at index 116: 1348840257.7812908
Pp max index: 116, value: 1348840257.7812908
Pp max diag: 1348840257.7812908
Pp eigs: [4.01396635e+08 4.63125402e+08 7.03989412e+08 9.15701109e+08
 1.34884387e+09]
This is the update step.
log_likelihood: [[-3.01744627]], y: [[5.42135773e-06]], cov: [[66.48760079]]
-------------------------------------------
dt_idx: 651, pulsar: 2, dt: 30.323727855914168, is_first_obs: False
This is the predict step. Some useful numbers are surfaced below.
Max variance at index 116: 1348840257.7812715
Pp max index: 116, value: 1348840257.7812715
Pp max diag: 1348840257.7812715
Pp eigs: [3.73561377e+08 4.01396635e+08 7.66717862e+08 9.15701109e+08
 1.34884387e+09]
This is the update step.
log_likelihood: [[-3.01811356]], y: [[-9.32097989e-06]], cov: [[66.57639338]]
-------------------------------------------
dt_idx: 652, pulsar: 4, dt: 30.873972862682958, is_first_obs: False
This is the predict step. Some useful numbers are surfaced below.
Max variance at index 116: 1348840257.7812257
Pp max index: 116, value: 1348840257.7812257
Pp max diag: 1348840257.7812257
Pp eigs: [3.73561377e+08 4.37633743e+08 6.04595278e+08 9.15701109e+08
 1.34884387e+09]
This is the update step.
log_likelihood: [[-3.01814634]], y: [[-1.71584839e-05]], cov: [[66.58075743]]
-------------------------------------------
dt_idx: 653, pulsar: 22, dt: 31.077618817190327, is_first_obs: False
This is the predict step. Some useful numbers are surfaced below.
Max variance at index 116: 1348840257.7811785
Pp max index: 116, value: 1348840257.7811785
Pp max diag: 1348840257.7811785
Pp eigs: [3.65659494e+08 3.73561377e+08 6.04595278e+08 9.15701109e+08
 1.34884387e+09]
This is the update step.
log_likelihood: [[-3.01848827]], y: [[-3.81096352e-06]], cov: [[66.62630507]]
-------------------------------------------
dt_idx: 654, pulsar: 24, dt: 31.691117495232156, is_first_obs: False
This is the predict step. Some useful numbers are surfaced below.
Max variance at index 116: 1348840257.7809513
Pp max index: 116, value: 1348840257.7809513
Pp max diag: 1348840257.7809513
Pp eigs: [3.65659494e+08 3.73561377e+08 6.04595278e+08 9.15701109e+08
 1.34884387e+09]
This is the update step.
log_likelihood: [[-3.01968743]], y: [[1.24177686e-06]], cov: [[66.78628781]]
-------------------------------------------
dt_idx: 655, pulsar: 27, dt: 32.31620337902395, is_first_obs: False
This is the predict step. Some useful numbers are surfaced below.
Max variance at index 116: 1348840257.7808669
Pp max index: 116, value: 1348840257.7808669
Pp max diag: 1348840257.7808669
Pp eigs: [3.65659494e+08 3.73561377e+08 6.04595278e+08 9.15701109e+08
 1.34884387e+09]
This is the update step.
log_likelihood: [[-3.02137564]], y: [[-4.39427999e-06]], cov: [[67.01216822]]
-------------------------------------------
dt_idx: 656, pulsar: 5, dt: 30.4876887661329, is_first_obs: False
This is the predict step. Some useful numbers are surfaced below.
Max variance at index 116: 1348840257.7808373
Pp max index: 116, value: 1348840257.7808373
Pp max diag: 1348840257.7808373
Pp eigs: [3.65659494e+08 3.73561377e+08 6.04595278e+08 9.15701109e+08
 1.34884387e+09]
This is the update step.
log_likelihood: [[-3.01902623]], y: [[-5.71356742e-06]], cov: [[66.69802785]]
-------------------------------------------
dt_idx: 657, pulsar: 3, dt: 31.14211058223689, is_first_obs: False
This is the predict step. Some useful numbers are surfaced below.
Max variance at index 116: 1348840257.7808058
Pp max index: 116, value: 1348840257.7808058
Pp max diag: 1348840257.7808058
Pp eigs: [3.65659494e+08 3.73561377e+08 6.04595278e+08 9.15701109e+08
 1.34884387e+09]
This is the update step.
log_likelihood: [[-3.0206328]], y: [[2.2530865e-07]], cov: [[66.91268335]]
-------------------------------------------
dt_idx: 658, pulsar: 12, dt: 29.92780390255981, is_first_obs: False
This is the predict step. Some useful numbers are surfaced below.
Max variance at index 116: 1348840257.7807958
Pp max index: 116, value: 1348840257.7807958
Pp max diag: 1348840257.7807958
Pp eigs: [3.65659494e+08 3.73561377e+08 6.04595278e+08 9.15701109e+08
 1.34884387e+09]
This is the update step.
log_likelihood: [[-3.01996132]], y: [[1.13717597e-05]], cov: [[66.82288245]]
-------------------------------------------
dt_idx: 659, pulsar: 9, dt: 31.17744212747724, is_first_obs: False
This is the predict step. Some useful numbers are surfaced below.
Max variance at index 116: 1348840257.7807865
Pp max index: 116, value: 1348840257.7807865
Pp max diag: 1348840257.7807865
Pp eigs: [3.65659494e+08 3.73561377e+08 6.04595278e+08 9.15701109e+08
 1.34884387e+09]
This is the update step.
log_likelihood: [[-3.02027251]], y: [[-2.45598179e-07]], cov: [[66.8644842]]
-------------------------------------------
dt_idx: 660, pulsar: 6, dt: 29.09344393458631, is_first_obs: False
This is the predict step. Some useful numbers are surfaced below.
Max variance at index 116: 1348840257.7807586
Pp max index: 116, value: 1348840257.7807586
Pp max diag: 1348840257.7807586
Pp eigs: [3.65659494e+08 3.73561377e+08 6.04595278e+08 9.15701109e+08
 1.34884387e+09]
This is the update step.
log_likelihood: [[-3.00415174]], y: [[-1.50430807e-05]], cov: [[64.74305359]]
-------------------------------------------
dt_idx: 661, pulsar: 26, dt: 31.382308011971137, is_first_obs: False
This is the predict step. Some useful numbers are surfaced below.
Max variance at index 116: 1348840257.7807403
Pp max index: 116, value: 1348840257.7807403
Pp max diag: 1348840257.7807403
Pp eigs: [3.65659494e+08 3.73561377e+08 6.04595278e+08 9.15701109e+08
 1.34884387e+09]
This is the update step.
log_likelihood: [[-3.00688258]], y: [[-7.70332394e-06]], cov: [[65.09762696]]
-------------------------------------------
dt_idx: 662, pulsar: 15, dt: 29.0379728074427, is_first_obs: False
This is the predict step. Some useful numbers are surfaced below.
Max variance at index 116: 1348840257.7800927
Pp max index: 116, value: 1348840257.7800927
Pp max diag: 1348840257.7800927
Pp eigs: [3.65659494e+08 3.73561377e+08 6.04595278e+08 9.15701109e+08
 1.34884387e+09]
This is the update step.
log_likelihood: [[-3.0053412]], y: [[1.04539377e-05]], cov: [[64.89725585]]
-------------------------------------------
dt_idx: 663, pulsar: 3, dt: 27.456740999243877, is_first_obs: False
This is the predict step. Some useful numbers are surfaced below.
Max variance at index 116: 1348840257.7800434
Pp max index: 116, value: 1348840257.7800434
Pp max diag: 1348840257.7800434
Pp eigs: [3.65659494e+08 3.73561377e+08 6.04595278e+08 9.15701109e+08
 1.34884387e+09]
This is the update step.
log_likelihood: [[-3.0051226]], y: [[-3.02420927e-07]], cov: [[64.86888798]]
-------------------------------------------
dt_idx: 664, pulsar: 11, dt: 28.909586751803204, is_first_obs: False
This is the predict step. Some useful numbers are surfaced below.
Max variance at index 116: 1348840257.7800193
Pp max index: 116, value: 1348840257.7800193
Pp max diag: 1348840257.7800193
Pp eigs: [3.65659494e+08 3.73561377e+08 6.04595278e+08 9.15701109e+08
 1.34884387e+09]
This is the update step.
log_likelihood: [[-3.0057771]], y: [[-1.50760242e-06]], cov: [[64.95385704]]
-------------------------------------------
dt_idx: 665, pulsar: 12, dt: 27.601869345848204, is_first_obs: False
This is the predict step. Some useful numbers are surfaced below.
Max variance at index 116: 1348840257.7799795
Pp max index: 116, value: 1348840257.7799795
Pp max diag: 1348840257.7799795
Pp eigs: [3.65659494e+08 3.73561377e+08 6.04595278e+08 9.15701109e+08
 1.34884387e+09]
This is the update step.
log_likelihood: [[-3.00499301]], y: [[1.16556487e-06]], cov: [[64.85207851]]
-------------------------------------------
dt_idx: 666, pulsar: 2, dt: 28.485362955685012, is_first_obs: False
This is the predict step. Some useful numbers are surfaced below.
Max variance at index 116: 1348840257.779956
Pp max index: 116, value: 1348840257.779956
Pp max diag: 1348840257.779956
Pp eigs: [3.65659494e+08 3.73561377e+08 6.51746896e+08 9.15701109e+08
 1.34884387e+09]
This is the update step.
log_likelihood: [[-3.00546938]], y: [[-2.09224673e-05]], cov: [[64.9138952]]
-------------------------------------------
dt_idx: 667, pulsar: 13, dt: 28.7202353206608, is_first_obs: False
This is the predict step. Some useful numbers are surfaced below.
Max variance at index 116: 1348840257.7798607
Pp max index: 116, value: 1348840257.7798607
Pp max diag: 1348840257.7798607
Pp eigs: [3.65659494e+08 3.73561377e+08 5.22550261e+08 9.15701109e+08
 1.34884387e+09]
This is the update step.
log_likelihood: [[-3.00586955]], y: [[-5.37651094e-06]], cov: [[64.96586802]]
-------------------------------------------
dt_idx: 668, pulsar: 9, dt: 27.56645770633662, is_first_obs: False
This is the predict step. Some useful numbers are surfaced below.
Max variance at index 116: 1348840257.779779
Pp max index: 116, value: 1348840257.779779
Pp max diag: 1348840257.779779
Pp eigs: [3.65659494e+08 3.73561377e+08 5.22550261e+08 9.15701109e+08
 1.34884387e+09]
This is the update step.
log_likelihood: [[-3.00509395]], y: [[3.11651134e-07]], cov: [[64.86517108]]
-------------------------------------------
dt_idx: 669, pulsar: 1, dt: 29.343340423636963, is_first_obs: False
This is the predict step. Some useful numbers are surfaced below.
Max variance at index 116: 1348840257.7797205
Pp max index: 116, value: 1348840257.7797205
Pp max diag: 1348840257.7797205
Pp eigs: [3.65659494e+08 3.73561377e+08 5.22550261e+08 9.88931541e+08
 1.34884387e+09]
This is the update step.
log_likelihood: [[-3.0061252]], y: [[5.89647548e-06]], cov: [[64.9990941]]
-------------------------------------------
dt_idx: 670, pulsar: 21, dt: 29.897989854525637, is_first_obs: False
This is the predict step. Some useful numbers are surfaced below.
Max variance at index 116: 1348840257.779637
Pp max index: 116, value: 1348840257.779637
Pp max diag: 1348840257.779637
Pp eigs: [3.65659494e+08 3.73561377e+08 5.22550261e+08 7.91493607e+08
 1.34884387e+09]
This is the update step.
log_likelihood: [[-3.00641524]], y: [[-2.25330766e-06]], cov: [[65.03680912]]
-------------------------------------------
dt_idx: 671, pulsar: 23, dt: 29.711565928238407, is_first_obs: False
This is the predict step. Some useful numbers are surfaced below.
Max variance at index 116: 1348840257.7796247
Pp max index: 116, value: 1348840257.7796247
Pp max diag: 1348840257.7796247
Pp eigs: [3.65659494e+08 4.03945126e+08 5.22550261e+08 7.91493607e+08
 1.34884387e+09]
This is the update step.
log_likelihood: [[-3.00598263]], y: [[-9.24356571e-07]], cov: [[64.98056278]]
-------------------------------------------
dt_idx: 672, pulsar: 31, dt: 29.227599923941824, is_first_obs: False
This is the predict step. Some useful numbers are surfaced below.
Max variance at index 116: 1348840257.7795975
Pp max index: 116, value: 1348840257.7795975
Pp max diag: 1348840257.7795975
Pp eigs: [3.44842880e+08 3.94863936e+08 5.22550261e+08 7.91493607e+08
 1.34884387e+09]
This is the update step.
log_likelihood: [[-3.00615691]], y: [[-3.41696159e-05]], cov: [[65.00321632]]
-------------------------------------------
dt_idx: 673, pulsar: 17, dt: 29.954265407367988, is_first_obs: False
This is the predict step. Some useful numbers are surfaced below.
Max variance at index 116: 1348840257.7795534
Pp max index: 116, value: 1348840257.7795534
Pp max diag: 1348840257.7795534
Pp eigs: [3.44842880e+08 3.53812710e+08 5.22550261e+08 7.91493607e+08
 1.34884387e+09]
This is the update step.
log_likelihood: [[-3.00796512]], y: [[2.05693779e-06]], cov: [[65.23872105]]
-------------------------------------------
dt_idx: 674, pulsar: 16, dt: 29.64875482890341, is_first_obs: False
This is the predict step. Some useful numbers are surfaced below.
Max variance at index 116: 1348840257.779532
Pp max index: 116, value: 1348840257.779532
Pp max diag: 1348840257.779532
Pp eigs: [3.44842880e+08 3.52810612e+08 5.22550261e+08 7.91493607e+08
 1.34884387e+09]
This is the update step.
log_likelihood: [[-3.00646741]], y: [[-6.96184199e-08]], cov: [[65.04359605]]
-------------------------------------------
dt_idx: 675, pulsar: 19, dt: 29.547955097401584, is_first_obs: False
This is the predict step. Some useful numbers are surfaced below.
Max variance at index 116: 1348840257.7794726
Pp max index: 116, value: 1348840257.7794726
Pp max diag: 1348840257.7794726
Pp eigs: [3.23529356e+08 3.44842880e+08 5.22550261e+08 7.91493607e+08
 1.34884387e+09]
This is the update step.
log_likelihood: [[-3.00718528]], y: [[-2.75164916e-06]], cov: [[65.13704858]]
-------------------------------------------
dt_idx: 676, pulsar: 32, dt: 29.942156968171947, is_first_obs: False
This is the predict step. Some useful numbers are surfaced below.
Max variance at index 116: 1348840257.7794197
Pp max index: 116, value: 1348840257.7794197
Pp max diag: 1348840257.7794197
Pp eigs: [3.23529356e+08 3.44842880e+08 5.22550261e+08 7.91493607e+08
 1.34884387e+09]
This is the update step.
log_likelihood: [[-3.00695733]], y: [[-5.22780054e-06]], cov: [[65.10735957]]
-------------------------------------------
dt_idx: 677, pulsar: 5, dt: 29.037906216151182, is_first_obs: False
This is the predict step. Some useful numbers are surfaced below.
Max variance at index 116: 1348840257.7794175
Pp max index: 116, value: 1348840257.7794175
Pp max diag: 1348840257.7794175
Pp eigs: [3.23529356e+08 3.44842880e+08 5.22550261e+08 7.91493607e+08
 1.34884387e+09]
This is the update step.
log_likelihood: [[-3.00681583]], y: [[1.10209196e-05]], cov: [[65.08893699]]
-------------------------------------------
dt_idx: 678, pulsar: 24, dt: 29.25876254544214, is_first_obs: False
This is the predict step. Some useful numbers are surfaced below.
Max variance at index 116: 1348840257.779348
Pp max index: 116, value: 1348840257.779348
Pp max diag: 1348840257.779348
Pp eigs: [3.23529356e+08 3.44842880e+08 5.22550261e+08 7.91493607e+08
 1.34884387e+09]
This is the update step.
log_likelihood: [[-3.0077798]], y: [[1.98688976e-05]], cov: [[65.21454498]]
-------------------------------------------
dt_idx: 679, pulsar: 20, dt: 31.303986013090167, is_first_obs: False
This is the predict step. Some useful numbers are surfaced below.
Max variance at index 116: 1348840257.7791536
Pp max index: 116, value: 1348840257.7791536
Pp max diag: 1348840257.7791536
Pp eigs: [3.23529356e+08 3.44842880e+08 5.22550261e+08 7.91493607e+08
 1.34884387e+09]
This is the update step.
log_likelihood: [[-3.00836448]], y: [[-1.4376732e-06]], cov: [[65.2908495]]
-------------------------------------------
dt_idx: 680, pulsar: 25, dt: 30.189160795719534, is_first_obs: False
This is the predict step. Some useful numbers are surfaced below.
Max variance at index 116: 1460208337.0788248
Pp max index: 116, value: 1460208337.0788248
Pp max diag: 1460208337.0788248
Pp eigs: [3.23529356e+08 3.44842880e+08 5.22550261e+08 7.91493607e+08
 1.46021233e+09]
This is the update step.
log_likelihood: [[-3.00950737]], y: [[4.45044502e-07]], cov: [[65.44026051]]
-------------------------------------------
dt_idx: 681, pulsar: 8, dt: 30.665244701968298, is_first_obs: False
This is the predict step. Some useful numbers are surfaced below.
Max variance at index 116: 1161953571.870231
Pp max index: 116, value: 1161953571.870231
Pp max diag: 1161953571.870231
Pp eigs: [3.23529356e+08 3.44842880e+08 5.22550261e+08 7.91493607e+08
 1.16195670e+09]
This is the update step.
log_likelihood: [[-3.00897094]], y: [[-1.20356949e-05]], cov: [[65.37008976]]
-------------------------------------------
dt_idx: 682, pulsar: 14, dt: 31.529618930551738, is_first_obs: False
This is the predict step. Some useful numbers are surfaced below.
Max variance at index 116: 1161953571.8701606
Pp max index: 116, value: 1161953571.8701606
Pp max diag: 1161953571.8701606
Pp eigs: [3.23529356e+08 3.44842880e+08 5.22550261e+08 7.91493607e+08
 1.16195670e+09]
This is the update step.
log_likelihood: [[-3.00791538]], y: [[1.00844893e-06]], cov: [[65.23223156]]
-------------------------------------------
dt_idx: 683, pulsar: 18, dt: 31.196797258368242, is_first_obs: False
This is the predict step. Some useful numbers are surfaced below.
Max variance at index 116: 1161953571.8701227
Pp max index: 116, value: 1161953571.8701227
Pp max diag: 1161953571.8701227
Pp eigs: [3.23529356e+08 3.44842880e+08 5.22550261e+08 7.91493607e+08
 1.16195670e+09]
This is the update step.
log_likelihood: [[-3.00805436]], y: [[-3.42266083e-06]], cov: [[65.25036629]]
-------------------------------------------
dt_idx: 684, pulsar: 22, dt: 30.130804191750507, is_first_obs: False
This is the predict step. Some useful numbers are surfaced below.
Max variance at index 116: 1161953571.8701186
Pp max index: 116, value: 1161953571.8701186
Pp max diag: 1161953571.8701186
Pp eigs: [3.23529356e+08 3.44842880e+08 5.22550261e+08 7.91493607e+08
 1.16195670e+09]
This is the update step.
log_likelihood: [[-3.00830089]], y: [[3.04074534e-06]], cov: [[65.282546]]
-------------------------------------------
dt_idx: 685, pulsar: 30, dt: 30.62967249914452, is_first_obs: False
This is the predict step. Some useful numbers are surfaced below.
Max variance at index 116: 1161953571.8698826
Pp max index: 116, value: 1161953571.8698826
Pp max diag: 1161953571.8698826
Pp eigs: [3.23529356e+08 3.44842880e+08 5.22550261e+08 7.91493607e+08
 1.16195670e+09]
This is the update step.
log_likelihood: [[-3.00800359]], y: [[-1.24303442e-05]], cov: [[65.24374035]]
-------------------------------------------
dt_idx: 686, pulsar: 0, dt: 31.88426560324651, is_first_obs: False
This is the predict step. Some useful numbers are surfaced below.
Max variance at index 116: 1161953571.8698742
Pp max index: 116, value: 1161953571.8698742
Pp max diag: 1161953571.8698742
Pp eigs: [3.23529356e+08 3.44842880e+08 5.22550261e+08 7.91493607e+08
 1.16195670e+09]
This is the update step.
log_likelihood: [[-3.01028874]], y: [[5.9560388e-07]], cov: [[65.54260696]]
-------------------------------------------
dt_idx: 687, pulsar: 27, dt: 30.165021909000696, is_first_obs: False
This is the predict step. Some useful numbers are surfaced below.
Max variance at index 116: 1161953571.8698452
Pp max index: 116, value: 1161953571.8698452
Pp max diag: 1161953571.8698452
Pp eigs: [3.23529356e+08 3.44842880e+08 5.22550261e+08 7.91493607e+08
 1.16195670e+09]
This is the update step.
log_likelihood: [[-3.01031319]], y: [[4.83153988e-07]], cov: [[65.54581175]]
-------------------------------------------
dt_idx: 688, pulsar: 29, dt: 31.105871136453416, is_first_obs: False
This is the predict step. Some useful numbers are surfaced below.
Max variance at index 116: 1161953571.8698149
Pp max index: 116, value: 1161953571.8698149
Pp max diag: 1161953571.8698149
Pp eigs: [3.23529356e+08 3.44842880e+08 5.22550261e+08 7.91493607e+08
 1.16195670e+09]
This is the update step.
log_likelihood: [[-3.00984101]], y: [[-6.80117273e-06]], cov: [[65.48394258]]
-------------------------------------------
dt_idx: 689, pulsar: 10, dt: 33.11831343661856, is_first_obs: False
This is the predict step. Some useful numbers are surfaced below.
Max variance at index 116: 1161953571.8697734
Pp max index: 116, value: 1161953571.8697734
Pp max diag: 1161953571.8697734
Pp eigs: [3.23529356e+08 3.44842880e+08 5.22550261e+08 7.91493607e+08
 1.16195670e+09]
This is the update step.
log_likelihood: [[-3.0102775]], y: [[1.18066936e-06]], cov: [[65.54113262]]
-------------------------------------------
dt_idx: 690, pulsar: 4, dt: 31.089242829382417, is_first_obs: False
This is the predict step. Some useful numbers are surfaced below.
Max variance at index 116: 1161953571.8697698
Pp max index: 116, value: 1161953571.8697698
Pp max diag: 1161953571.8697698
Pp eigs: [3.23529356e+08 3.74034061e+08 5.22550261e+08 7.91493607e+08
 1.16195670e+09]
This is the update step.
log_likelihood: [[-3.0096199]], y: [[4.61695017e-06]], cov: [[65.45499037]]
-------------------------------------------
dt_idx: 691, pulsar: 7, dt: 32.38615443792608, is_first_obs: False
This is the predict step. Some useful numbers are surfaced below.
Max variance at index 116: 1161953571.8697178
Pp max index: 116, value: 1161953571.8697178
Pp max diag: 1161953571.8697178
Pp eigs: [3.16234899e+08 3.23529356e+08 5.22550261e+08 7.91493607e+08
 1.16195670e+09]
This is the update step.
log_likelihood: [[-3.01053593]], y: [[1.36202474e-05]], cov: [[65.5750173]]
-------------------------------------------
dt_idx: 692, pulsar: 28, dt: 31.77181101407166, is_first_obs: False
This is the predict step. Some useful numbers are surfaced below.
Max variance at index 116: 1161953571.8696961
Pp max index: 116, value: 1161953571.8696961
Pp max diag: 1161953571.8696961
Pp eigs: [3.16234899e+08 3.23529356e+08 5.22550261e+08 7.91493607e+08
 1.16195670e+09]
This is the update step.
log_likelihood: [[-3.01070398]], y: [[3.22046553e-07]], cov: [[65.59706159]]
-------------------------------------------
dt_idx: 693, pulsar: 29, dt: 26.687700905270045, is_first_obs: False
This is the predict step. Some useful numbers are surfaced below.
Max variance at index 116: 1161953571.869683
Pp max index: 116, value: 1161953571.869683
Pp max diag: 1161953571.869683
Pp eigs: [3.16234899e+08 3.23529356e+08 5.22550261e+08 7.91493607e+08
 1.16195670e+09]
This is the update step.
log_likelihood: [[-2.99489042]], y: [[4.08467963e-06]], cov: [[63.55487976]]
-------------------------------------------
dt_idx: 694, pulsar: 2, dt: 29.360839165857545, is_first_obs: False
This is the predict step. Some useful numbers are surfaced below.
Max variance at index 116: 1161953571.8695998
Pp max index: 116, value: 1161953571.8695998
Pp max diag: 1161953571.8695998
Pp eigs: [3.16234899e+08 3.23529356e+08 5.61985867e+08 7.91493607e+08
 1.16195670e+09]
This is the update step.
log_likelihood: [[-2.99628941]], y: [[-8.07108425e-05]], cov: [[63.73295324]]
-------------------------------------------
dt_idx: 695, pulsar: 10, dt: 26.871724321500018, is_first_obs: False
This is the predict step. Some useful numbers are surfaced below.
Max variance at index 116: 1161953571.8695104
Pp max index: 116, value: 1161953571.8695104
Pp max diag: 1161953571.8695104
Pp eigs: [3.16234899e+08 3.23529356e+08 4.55583360e+08 7.91493607e+08
 1.16195670e+09]
This is the update step.
log_likelihood: [[-2.99530106]], y: [[-1.10092423e-06]], cov: [[63.60709753]]
-------------------------------------------
dt_idx: 696, pulsar: 32, dt: 28.532428981562454, is_first_obs: False
This is the predict step. Some useful numbers are surfaced below.
Max variance at index 116: 1161953571.869503
Pp max index: 116, value: 1161953571.869503
Pp max diag: 1161953571.869503
Pp eigs: [3.16234899e+08 3.23529356e+08 4.55583360e+08 7.91493607e+08
 1.16195670e+09]
This is the update step.
log_likelihood: [[-2.99587996]], y: [[-2.23257425e-06]], cov: [[63.68078461]]
-------------------------------------------
dt_idx: 697, pulsar: 17, dt: 29.048809507985908, is_first_obs: False
This is the predict step. Some useful numbers are surfaced below.
Max variance at index 116: 1161953571.8695009
Pp max index: 116, value: 1161953571.8695009
Pp max diag: 1161953571.8695009
Pp eigs: [3.16234899e+08 3.23529356e+08 4.55583360e+08 7.91493607e+08
 1.16195670e+09]
This is the update step.
log_likelihood: [[-2.99737131]], y: [[-4.54621119e-06]], cov: [[63.87100864]]
-------------------------------------------
dt_idx: 698, pulsar: 11, dt: 30.130483041637472, is_first_obs: False
This is the predict step. Some useful numbers are surfaced below.
Max variance at index 116: 1161953571.8694806
Pp max index: 116, value: 1161953571.8694806
Pp max diag: 1161953571.8694806
Pp eigs: [3.16234899e+08 3.23529356e+08 4.55583360e+08 7.91493607e+08
 1.16195670e+09]
This is the update step.
log_likelihood: [[-2.99777985]], y: [[8.5890305e-06]], cov: [[63.92321782]]
-------------------------------------------
dt_idx: 699, pulsar: 22, dt: 28.316109207537437, is_first_obs: False
This is the predict step. Some useful numbers are surfaced below.
Max variance at index 116: 1161953571.8694434
Pp max index: 116, value: 1161953571.8694434
Pp max diag: 1161953571.8694434
Pp eigs: [3.16234899e+08 3.23529356e+08 4.55583360e+08 7.91493607e+08
 1.16195670e+09]
This is the update step.
log_likelihood: [[-2.99628264]], y: [[2.26141332e-07]], cov: [[63.7320903]]
Compilation time: 11.0879 seconds
-------------------------------------------
dt_idx: 0, pulsar: 1, dt: 168453.36527544347, is_first_obs: True
This is the update step.
log_likelihood: [[-2.82104612]], y: [[2.53170627e-06]], cov: [[44.89000565]]
-------------------------------------------
dt_idx: 1, pulsar: 4, dt: 168453.42966678579, is_first_obs: True
This is the update step.
log_likelihood: [[-2.82104618]], y: [[-2.34266825e-06]], cov: [[44.89001088]]
-------------------------------------------
dt_idx: 2, pulsar: 14, dt: 168453.80465776045, is_first_obs: True
This is the update step.
log_likelihood: [[-2.82104625]], y: [[1.14138913e-06]], cov: [[44.89001738]]
-------------------------------------------
dt_idx: 3, pulsar: 10, dt: 168453.90311391256, is_first_obs: True
This is the update step.
log_likelihood: [[-2.82104618]], y: [[3.53368951e-06]], cov: [[44.89001076]]
-------------------------------------------
dt_idx: 4, pulsar: 13, dt: 168453.95820898612, is_first_obs: True
This is the update step.
log_likelihood: [[-2.82104619]], y: [[-7.05108606e-06]], cov: [[44.89001215]]
-------------------------------------------
dt_idx: 5, pulsar: 7, dt: 168453.96166389808, is_first_obs: True
This is the update step.
log_likelihood: [[-2.82104617]], y: [[3.88178079e-06]], cov: [[44.89000977]]
-------------------------------------------
dt_idx: 6, pulsar: 3, dt: 168453.99185643345, is_first_obs: True
This is the update step.
log_likelihood: [[-2.82104631]], y: [[-1.6576224e-07]], cov: [[44.89002232]]
-------------------------------------------
dt_idx: 7, pulsar: 6, dt: 168454.36160796368, is_first_obs: True
This is the update step.
log_likelihood: [[-2.82104612]], y: [[7.46916366e-06]], cov: [[44.89000584]]
-------------------------------------------
dt_idx: 8, pulsar: 30, dt: 168454.3807450261, is_first_obs: True
This is the update step.
log_likelihood: [[-2.82104613]], y: [[-4.6812443e-06]], cov: [[44.89000629]]
-------------------------------------------
dt_idx: 9, pulsar: 18, dt: 168454.43299978913, is_first_obs: True
This is the update step.
log_likelihood: [[-2.82104616]], y: [[2.31818872e-06]], cov: [[44.89000898]]
-------------------------------------------
dt_idx: 10, pulsar: 22, dt: 168454.46693378422, is_first_obs: True
This is the update step.
log_likelihood: [[-2.82104618]], y: [[-2.64704644e-06]], cov: [[44.89001046]]
-------------------------------------------
dt_idx: 11, pulsar: 12, dt: 168454.48307705202, is_first_obs: True
This is the update step.
log_likelihood: [[-2.82104615]], y: [[-4.5687053e-06]], cov: [[44.89000839]]
-------------------------------------------
dt_idx: 12, pulsar: 26, dt: 168454.71758544107, is_first_obs: True
This is the update step.
log_likelihood: [[-2.82104613]], y: [[4.77983801e-07]], cov: [[44.89000589]]
-------------------------------------------
dt_idx: 13, pulsar: 5, dt: 168454.73064407488, is_first_obs: True
This is the update step.
log_likelihood: [[-2.82104615]], y: [[1.88771091e-05]], cov: [[44.8900081]]
-------------------------------------------
dt_idx: 14, pulsar: 16, dt: 168454.74741689707, is_first_obs: True
This is the update step.
log_likelihood: [[-2.82104629]], y: [[-2.91749044e-06]], cov: [[44.89002053]]
-------------------------------------------
dt_idx: 15, pulsar: 19, dt: 168454.75535599477, is_first_obs: True
This is the update step.
log_likelihood: [[-2.82104617]], y: [[-1.85760968e-06]], cov: [[44.89000975]]
-------------------------------------------
dt_idx: 16, pulsar: 28, dt: 168454.89589746925, is_first_obs: True
This is the update step.
log_likelihood: [[-2.82104614]], y: [[7.5494865e-06]], cov: [[44.89000725]]
-------------------------------------------
dt_idx: 17, pulsar: 32, dt: 168454.98182046422, is_first_obs: True
This is the update step.
log_likelihood: [[-2.82104613]], y: [[-1.77619307e-06]], cov: [[44.89000605]]
-------------------------------------------
dt_idx: 18, pulsar: 31, dt: 168455.1666593083, is_first_obs: True
This is the update step.
log_likelihood: [[-2.82104618]], y: [[-4.82064464e-05]], cov: [[44.89001038]]
-------------------------------------------
dt_idx: 19, pulsar: 23, dt: 168455.18680655115, is_first_obs: True
This is the update step.
log_likelihood: [[-2.82104622]], y: [[8.08006289e-07]], cov: [[44.89001443]]
-------------------------------------------
dt_idx: 20, pulsar: 25, dt: 168455.19721190236, is_first_obs: True
This is the update step.
log_likelihood: [[-2.82104613]], y: [[7.49907856e-07]], cov: [[44.89000602]]
-------------------------------------------
dt_idx: 21, pulsar: 9, dt: 168455.20964767103, is_first_obs: True
This is the update step.
log_likelihood: [[-2.82104616]], y: [[7.11836848e-06]], cov: [[44.89000925]]
-------------------------------------------
dt_idx: 22, pulsar: 15, dt: 168455.2649530909, is_first_obs: True
This is the update step.
log_likelihood: [[-2.82104616]], y: [[-1.65027488e-06]], cov: [[44.89000924]]
-------------------------------------------
dt_idx: 23, pulsar: 21, dt: 168455.2834871747, is_first_obs: True
This is the update step.
log_likelihood: [[-2.82104614]], y: [[9.48795142e-07]], cov: [[44.89000723]]
-------------------------------------------
dt_idx: 24, pulsar: 27, dt: 168455.4631973559, is_first_obs: True
This is the update step.
log_likelihood: [[-2.82104613]], y: [[2.15164149e-06]], cov: [[44.89000607]]
-------------------------------------------
dt_idx: 25, pulsar: 17, dt: 168455.66777039712, is_first_obs: True
This is the update step.
log_likelihood: [[-2.82104619]], y: [[-7.2674772e-06]], cov: [[44.89001147]]
-------------------------------------------
dt_idx: 26, pulsar: 8, dt: 168455.8747361124, is_first_obs: True
This is the update step.
log_likelihood: [[-2.82104618]], y: [[-1.01558605e-05]], cov: [[44.89001066]]
-------------------------------------------
dt_idx: 27, pulsar: 29, dt: 168455.89111236908, is_first_obs: True
This is the update step.
log_likelihood: [[-2.82104619]], y: [[-6.20467856e-06]], cov: [[44.89001157]]
-------------------------------------------
dt_idx: 28, pulsar: 20, dt: 168455.921335437, is_first_obs: True
This is the update step.
log_likelihood: [[-2.82104617]], y: [[6.89165195e-06]], cov: [[44.89001031]]
-------------------------------------------
dt_idx: 29, pulsar: 2, dt: 168456.09848761605, is_first_obs: True
This is the update step.
log_likelihood: [[-2.82104616]], y: [[1.38842867e-05]], cov: [[44.89000926]]
-------------------------------------------
dt_idx: 30, pulsar: 0, dt: 168456.17423126954, is_first_obs: True
This is the update step.
log_likelihood: [[-2.82104609]], y: [[-4.41271714e-07]], cov: [[44.89000302]]
-------------------------------------------
dt_idx: 31, pulsar: 24, dt: 168456.20633433826, is_first_obs: True
This is the update step.
log_likelihood: [[-2.82104617]], y: [[5.44316093e-06]], cov: [[44.89001005]]
-------------------------------------------
dt_idx: 32, pulsar: 11, dt: 168456.45091144825, is_first_obs: True
This is the update step.
log_likelihood: [[-2.8210461]], y: [[2.44955907e-06]], cov: [[44.89000346]]
-------------------------------------------
dt_idx: 33, pulsar: 4, dt: 29.599006543987326, is_first_obs: False
This is the predict step. Some useful numbers are surfaced below.
Max variance at index 74: 63752758349.48119
Pp max index: 74, value: 63752758349.48119
Pp max diag: 63752758349.48119
Pp eigs: [1.00000001e-02 1.00000001e-02 1.00000001e-02 6.52336001e+02
 6.37527583e+10]
This is the update step.
log_likelihood: [[-7.56992272]], y: [[-8.39781595e-06]], cov: [[598372.2729934]]
-------------------------------------------
dt_idx: 34, pulsar: 19, dt: 28.574082758172793, is_first_obs: False
This is the predict step. Some useful numbers are surfaced below.
Max variance at index 104: 59466486382.81678
Pp max index: 104, value: 59466486382.81678
Pp max diag: 59466486382.81678
Pp eigs: [1.00000001e-02 4.19994794e+01 6.07995153e+02 7.42856047e+07
 5.94664864e+10]
This is the update step.
log_likelihood: [[-7.93532848]], y: [[-4.49059219e-07]], cov: [[1242678.75205917]]
-------------------------------------------
dt_idx: 35, pulsar: 3, dt: 29.60819156917157, is_first_obs: False
This is the predict step. Some useful numbers are surfaced below.
Max variance at index 72: 63791827316.72889
Pp max index: 72, value: 63791827316.72889
Pp max diag: 63791827316.72889
Pp eigs: [4.19994804e+01 6.52740407e+02 3.12433842e+07 7.42856047e+07
 6.37918273e+10]
This is the update step.
log_likelihood: [[-8.20128865]], y: [[-4.7428729e-08]], cov: [[2115285.2509342]]
-------------------------------------------
dt_idx: 36, pulsar: 16, dt: 29.029946929293647, is_first_obs: False
This is the predict step. Some useful numbers are surfaced below.
Max variance at index 98: 61354980344.19198
Pp max index: 98, value: 61354980344.19198
Pp max diag: 61354980344.19198
Pp eigs: [6.27524819e+02 2.10394370e+07 3.12433842e+07 7.42856047e+07
 6.13549803e+10]
This is the update step.
log_likelihood: [[-7.57936484]], y: [[-5.87914723e-06]], cov: [[609779.45429944]]
-------------------------------------------
dt_idx: 37, pulsar: 9, dt: 28.833528561581062, is_first_obs: False
This is the predict step. Some useful numbers are surfaced below.
Max variance at index 84: 60537756093.92266
Pp max index: 84, value: 60537756093.92266
Pp max diag: 60537756093.92266
Pp eigs: [2.10394370e+07 3.12433842e+07 6.76578316e+07 7.42856047e+07
 6.05377561e+10]
This is the update step.
log_likelihood: [[-8.08397082]], y: [[-3.89907164e-06]], cov: [[1672892.26175555]]
-------------------------------------------
dt_idx: 38, pulsar: 20, dt: 28.15844760324116, is_first_obs: False
This is the predict step. Some useful numbers are surfaced below.
Max variance at index 106: 57769740993.59727
Pp max index: 106, value: 57769740993.59727
Pp max diag: 57769740993.59727
Pp eigs: [2.40277004e+07 3.12433842e+07 6.76578316e+07 7.42856047e+07
 5.77697410e+10]
This is the update step.
log_likelihood: [[-8.49580675]], y: [[-8.41462165e-08]], cov: [[3812274.08354849]]
-------------------------------------------
dt_idx: 39, pulsar: 21, dt: 28.875096220318916, is_first_obs: False
This is the predict step. Some useful numbers are surfaced below.
Max variance at index 108: 60710258238.19848
Pp max index: 108, value: 60710258238.19848
Pp max diag: 60710258238.19848
Pp eigs: [2.40277004e+07 3.12433842e+07 6.76578316e+07 7.42856047e+07
 6.07102582e+10]
This is the update step.
log_likelihood: [[-7.83096198]], y: [[-4.00291823e-07]], cov: [[1008572.87799546]]
-------------------------------------------
dt_idx: 40, pulsar: 31, dt: 28.997163623571396, is_first_obs: False
This is the predict step. Some useful numbers are surfaced below.
Max variance at index 128: 61218209856.79873
Pp max index: 128, value: 61218209856.79873
Pp max diag: 61218209856.79873
Pp eigs: [3.12433842e+07 4.00746602e+07 6.76578316e+07 7.42856047e+07
 6.12182099e+10]
This is the update step.
log_likelihood: [[-7.52184744]], y: [[-2.5352568e-05]], cov: [[543517.84583241]]
-------------------------------------------
dt_idx: 41, pulsar: 10, dt: 30.388335236785586, is_first_obs: False
This is the predict step. Some useful numbers are surfaced below.
Max variance at index 86: 67152722897.91832
Pp max index: 86, value: 67152722897.91832
Pp max diag: 67152722897.91832
Pp eigs: [4.00746602e+07 6.76578316e+07 7.42856047e+07 7.55775387e+07
 6.71527229e+10]
This is the update step.
log_likelihood: [[-9.27682463]], y: [[5.96689668e-06]], cov: [[18178900.93370531]]
-------------------------------------------
dt_idx: 42, pulsar: 27, dt: 28.85091376249437, is_first_obs: False
This is the predict step. Some useful numbers are surfaced below.
Max variance at index 120: 60609874051.648315
Pp max index: 120, value: 60609874051.648315
Pp max diag: 60609874051.648315
Pp eigs: [4.00746602e+07 6.76578316e+07 7.42856047e+07 7.55775387e+07
 6.06098741e+10]
This is the update step.
log_likelihood: [[-8.07836988]], y: [[3.14774119e-06]], cov: [[1654257.29144805]]
-------------------------------------------
dt_idx: 43, pulsar: 8, dt: 28.60010075914639, is_first_obs: False
This is the predict step. Some useful numbers are surfaced below.
Max variance at index 82: 59573495875.2609
Pp max index: 82, value: 59573495875.2609
Pp max diag: 59573495875.2609
Pp eigs: [4.00746602e+07 6.76578316e+07 7.42856047e+07 7.55775387e+07
 5.95734959e+10]
This is the update step.
log_likelihood: [[-8.82428007]], y: [[-1.70138822e-05]], cov: [[7353471.51981242]]
-------------------------------------------
dt_idx: 44, pulsar: 32, dt: 29.581188941608975, is_first_obs: False
This is the predict step. Some useful numbers are surfaced below.
Max variance at index 130: 63677003521.42529
Pp max index: 130, value: 63677003521.42529
Pp max diag: 63677003521.42529
Pp eigs: [4.00746602e+07 6.76578316e+07 7.42856047e+07 7.55775387e+07
 6.36770035e+10]
This is the update step.
log_likelihood: [[-7.68718521]], y: [[2.11808387e-06]], cov: [[756526.8931181]]
-------------------------------------------
dt_idx: 45, pulsar: 18, dt: 30.163483481981135, is_first_obs: False
This is the predict step. Some useful numbers are surfaced below.
Max variance at index 102: 66175434812.32905
Pp max index: 102, value: 66175434812.32905
Pp max diag: 66175434812.32905
Pp eigs: [5.86202468e+07 6.76578316e+07 7.42856047e+07 7.55775387e+07
 6.61754348e+10]
This is the update step.
log_likelihood: [[-7.99997623]], y: [[4.9550961e-06]], cov: [[1414201.1695141]]
-------------------------------------------
dt_idx: 46, pulsar: 0, dt: 28.431266750306992, is_first_obs: False
This is the predict step. Some useful numbers are surfaced below.
Max variance at index 66: 58880768713.04141
Pp max index: 66, value: 58880768713.04141
Pp max diag: 58880768713.04141
Pp eigs: [5.86202468e+07 6.76578316e+07 7.42856047e+07 7.55775387e+07
 5.88807687e+10]
This is the update step.
log_likelihood: [[-7.9929653]], y: [[7.01041944e-06]], cov: [[1394509.81654333]]
-------------------------------------------
dt_idx: 47, pulsar: 13, dt: 30.72002787031509, is_first_obs: False
This is the predict step. Some useful numbers are surfaced below.
Max variance at index 92: 68607107017.14088
Pp max index: 92, value: 68607107017.14088
Pp max diag: 68607107017.14088
Pp eigs: [5.86202468e+07 6.76578316e+07 7.42856047e+07 7.55775387e+07
 6.86071070e+10]
This is the update step.
log_likelihood: [[-8.5649405]], y: [[-6.6302238e-06]], cov: [[4377568.26286553]]
-------------------------------------------
dt_idx: 48, pulsar: 17, dt: 29.105985183384682, is_first_obs: False
This is the predict step. Some useful numbers are surfaced below.
Max variance at index 100: 61672781075.48992
Pp max index: 100, value: 61672781075.48992
Pp max diag: 61672781075.48992
Pp eigs: [5.86202468e+07 6.76578316e+07 7.42856047e+07 7.55775387e+07
 6.16727811e+10]
This is the update step.
log_likelihood: [[-7.58590547]], y: [[-2.53063274e-06]], cov: [[617808.53548745]]
-------------------------------------------
dt_idx: 49, pulsar: 25, dt: 29.790498709380625, is_first_obs: False
This is the predict step. Some useful numbers are surfaced below.
Max variance at index 116: 64569691461.21851
Pp max index: 116, value: 64569691461.21851
Pp max diag: 64569691461.21851
Pp eigs: [6.74526244e+07 6.76578316e+07 7.42856047e+07 7.55775387e+07
 6.45696915e+10]
This is the update step.
log_likelihood: [[-6.90221423]], y: [[2.53438143e-07]], cov: [[157400.91024762]]
-------------------------------------------
dt_idx: 50, pulsar: 22, dt: 30.53446124807552, is_first_obs: False
This is the predict step. Some useful numbers are surfaced below.
Max variance at index 110: 67791577879.8517
Pp max index: 110, value: 67791577879.8517
Pp max diag: 67791577879.8517
Pp eigs: [6.76578316e+07 7.42856047e+07 7.55775387e+07 2.89489004e+08
 6.77915779e+10]
This is the update step.
log_likelihood: [[-8.1605805]], y: [[-1.90390333e-06]], cov: [[1949890.79243811]]
-------------------------------------------
dt_idx: 51, pulsar: 26, dt: 30.297148875825933, is_first_obs: False
This is the predict step. Some useful numbers are surfaced below.
Max variance at index 118: 66755552988.02989
Pp max index: 118, value: 66755552988.02989
Pp max diag: 66755552988.02989
Pp eigs: [6.76578316e+07 7.42856047e+07 7.55775387e+07 2.89489004e+08
 6.67555530e+10]
This is the update step.
log_likelihood: [[-8.11934657]], y: [[2.09198335e-05]], cov: [[1795539.45666227]]
-------------------------------------------
dt_idx: 52, pulsar: 7, dt: 31.094154511866744, is_first_obs: False
This is the predict step. Some useful numbers are surfaced below.
Max variance at index 80: 70265742790.97118
Pp max index: 80, value: 70265742790.97118
Pp max diag: 70265742790.97118
Pp eigs: [6.76578316e+07 7.42856047e+07 7.55775387e+07 2.89489004e+08
 7.02657428e+10]
This is the update step.
log_likelihood: [[-7.74608683]], y: [[9.0446409e-06]], cov: [[851109.93820531]]
-------------------------------------------
dt_idx: 53, pulsar: 14, dt: 31.255274952926015, is_first_obs: False
This is the predict step. Some useful numbers are surfaced below.
Max variance at index 94: 70985982650.71223
Pp max index: 94, value: 70985982650.71223
Pp max diag: 70985982650.71223
Pp eigs: [6.76578316e+07 7.42856047e+07 7.55775387e+07 2.89489004e+08
 7.09859827e+10]
This is the update step.
log_likelihood: [[-7.78483563]], y: [[2.64751954e-06]], cov: [[919692.07313357]]
-------------------------------------------
dt_idx: 54, pulsar: 29, dt: 29.17684776153829, is_first_obs: False
This is the predict step. Some useful numbers are surfaced below.
Max variance at index 124: 61969670300.25732
Pp max index: 124, value: 61969670300.25732
Pp max diag: 61969670300.25732
Pp eigs: [6.76578316e+07 7.42856047e+07 7.55775387e+07 2.89489004e+08
 6.19696703e+10]
This is the update step.
log_likelihood: [[-7.75196176]], y: [[3.55739566e-06]], cov: [[861169.3533889]]
-------------------------------------------
dt_idx: 55, pulsar: 24, dt: 28.86197750377434, is_first_obs: False
This is the predict step. Some useful numbers are surfaced below.
Max variance at index 114: 60655790877.22397
Pp max index: 114, value: 60655790877.22397
Pp max diag: 60655790877.22397
Pp eigs: [6.76578316e+07 7.42856047e+07 7.55775387e+07 2.89489004e+08
 6.06557909e+10]
This is the update step.
log_likelihood: [[-8.45968353]], y: [[1.26498566e-06]], cov: [[3546564.63869955]]
-------------------------------------------
dt_idx: 56, pulsar: 12, dt: 30.619375376116345, is_first_obs: False
This is the predict step. Some useful numbers are surfaced below.
Max variance at index 90: 68164170016.863464
Pp max index: 90, value: 68164170016.863464
Pp max diag: 68164170016.863464
Pp eigs: [6.76578316e+07 7.42856047e+07 7.55775387e+07 2.89489004e+08
 6.81641700e+10]
This is the update step.
log_likelihood: [[-8.49533357]], y: [[1.36479951e-05]], cov: [[3808668.00651201]]
-------------------------------------------
dt_idx: 57, pulsar: 23, dt: 30.24658997564404, is_first_obs: False
This is the predict step. Some useful numbers are surfaced below.
Max variance at index 112: 66535833625.98356
Pp max index: 112, value: 66535833625.98356
Pp max diag: 66535833625.98356
Pp eigs: [6.76578316e+07 7.42856047e+07 7.55775387e+07 2.89489004e+08
 6.65358336e+10]
This is the update step.
log_likelihood: [[-7.55313866]], y: [[9.95592232e-07]], cov: [[578619.43288288]]
-------------------------------------------
dt_idx: 58, pulsar: 5, dt: 30.741770854106655, is_first_obs: False
This is the predict step. Some useful numbers are surfaced below.
Max variance at index 76: 68702973744.24331
Pp max index: 76, value: 68702973744.24331
Pp max diag: 68702973744.24331
Pp eigs: [7.42856047e+07 7.55775387e+07 8.34889820e+07 2.89489004e+08
 6.87029737e+10]
This is the update step.
log_likelihood: [[-9.84996278]], y: [[-6.4532785e-07]], cov: [[57199086.7856198]]
-------------------------------------------
dt_idx: 59, pulsar: 28, dt: 30.64462559260704, is_first_obs: False
This is the predict step. Some useful numbers are surfaced below.
Max variance at index 122: 68275156358.70391
Pp max index: 122, value: 68275156358.70391
Pp max diag: 68275156358.70391
Pp eigs: [7.42856047e+07 7.55775387e+07 8.34889820e+07 2.89489004e+08
 6.82751564e+10]
This is the update step.
log_likelihood: [[-8.08037831]], y: [[1.20314549e-05]], cov: [[1660915.57120014]]
-------------------------------------------
dt_idx: 60, pulsar: 30, dt: 31.20792509373691, is_first_obs: False
This is the predict step. Some useful numbers are surfaced below.
Max variance at index 126: 70773948891.32735
Pp max index: 126, value: 70773948891.32735
Pp max diag: 70773948891.32735
Pp eigs: [7.42856047e+07 7.55775387e+07 8.34889820e+07 2.89489004e+08
 7.07739489e+10]
This is the update step.
log_likelihood: [[-9.27844263]], y: [[-6.37843054e-06]], cov: [[18237823.3222525]]
-------------------------------------------
dt_idx: 61, pulsar: 1, dt: 32.713256992465915, is_first_obs: False
This is the predict step. Some useful numbers are surfaced below.
Max variance at index 68: 77665646624.62556
Pp max index: 68, value: 77665646624.62556
Pp max diag: 77665646624.62556
Pp eigs: [7.42856047e+07 7.55775387e+07 8.34889820e+07 2.89489004e+08
 7.76656466e+10]
This is the update step.
log_likelihood: [[-7.18032938]], y: [[-6.1290421e-06]], cov: [[274520.62842232]]
-------------------------------------------
dt_idx: 62, pulsar: 11, dt: 29.737024936918857, is_first_obs: False
This is the predict step. Some useful numbers are surfaced below.
Max variance at index 88: 64341054895.703186
Pp max index: 88, value: 64341054895.703186
Pp max diag: 64341054895.703186
Pp eigs: [7.55775387e+07 8.34889820e+07 2.38073724e+08 2.89489004e+08
 6.43410549e+10]
This is the update step.
log_likelihood: [[-8.09648393]], y: [[7.52411248e-06]], cov: [[1715286.70041167]]
-------------------------------------------
dt_idx: 63, pulsar: 6, dt: 32.26584431078699, is_first_obs: False
This is the predict step. Some useful numbers are surfaced below.
Max variance at index 78: 75584815410.40103
Pp max index: 78, value: 75584815410.40103
Pp max diag: 75584815410.40103
Pp eigs: [7.55775387e+07 8.34889820e+07 2.38073724e+08 2.89489004e+08
 7.55848154e+10]
This is the update step.
log_likelihood: [[-8.23872838]], y: [[-3.85725686e-06]], cov: [[2279757.64284396]]
-------------------------------------------
dt_idx: 64, pulsar: 2, dt: 30.902155191147767, is_first_obs: False
This is the predict step. Some useful numbers are surfaced below.
Max variance at index 70: 69412134215.61113
Pp max index: 70, value: 69412134215.61113
Pp max diag: 69412134215.61113
Pp eigs: [7.55775387e+07 8.34889820e+07 2.38073724e+08 2.89489004e+08
 6.94121342e+10]
This is the update step.
log_likelihood: [[-7.33675331]], y: [[2.51578191e-06]], cov: [[375355.75975861]]
-------------------------------------------
dt_idx: 65, pulsar: 15, dt: 31.762889945462895, is_first_obs: False
This is the predict step. Some useful numbers are surfaced below.
Max variance at index 96: 73278464831.37816
Pp max index: 96, value: 73278464831.37816
Pp max diag: 73278464831.37816
Pp eigs: [8.34889820e+07 1.39775342e+08 2.38073724e+08 2.89489004e+08
 7.32784648e+10]
This is the update step.
log_likelihood: [[-9.21743199]], y: [[-8.00244384e-06]], cov: [[16142836.07792261]]
-------------------------------------------
dt_idx: 66, pulsar: 8, dt: 27.97954183299232, is_first_obs: False
This is the predict step. Some useful numbers are surfaced below.
Max variance at index 116: 289488388.1205265
Pp max index: 116, value: 289488388.1205265
Pp max diag: 289488388.1205265
Pp eigs: [7.55775387e+07 8.34889820e+07 1.39775342e+08 2.38073724e+08
 2.89489004e+08]
This is the update step.
log_likelihood: [[-3.60814552]], y: [[2.69312034e-05]], cov: [[216.67834469]]
-------------------------------------------
dt_idx: 67, pulsar: 3, dt: 29.30489022871962, is_first_obs: False
This is the predict step. Some useful numbers are surfaced below.
Max variance at index 116: 289488388.1205265
Pp max index: 116, value: 289488388.1205265
Pp max diag: 289488388.1205265
Pp eigs: [8.12284410e+07 8.34889820e+07 1.39775342e+08 2.38073724e+08
 2.89489004e+08]
This is the update step.
log_likelihood: [[-3.61238563]], y: [[3.25760428e-07]], cov: [[218.52363892]]
-------------------------------------------
dt_idx: 68, pulsar: 24, dt: 27.966222300176266, is_first_obs: False
This is the predict step. Some useful numbers are surfaced below.
Max variance at index 116: 289488388.1205265
Pp max index: 116, value: 289488388.1205265
Pp max diag: 289488388.1205265
Pp eigs: [7.83424876e+07 8.34889820e+07 1.39775342e+08 2.38073724e+08
 2.89489004e+08]
This is the update step.
log_likelihood: [[-3.60441195]], y: [[3.32034532e-06]], cov: [[215.06640194]]
-------------------------------------------
dt_idx: 69, pulsar: 31, dt: 28.9671522504312, is_first_obs: False
This is the predict step. Some useful numbers are surfaced below.
Max variance at index 128: 294576758.3325276
Pp max index: 128, value: 294576758.3325276
Pp max diag: 294576758.3325276
Pp eigs: [8.34889820e+07 1.39775342e+08 2.38073724e+08 2.89489004e+08
 2.94579084e+08]
This is the update step.
log_likelihood: [[-3.61610795]], y: [[6.7108956e-05]], cov: [[220.15653702]]
-------------------------------------------
dt_idx: 70, pulsar: 22, dt: 28.144457730982037, is_first_obs: False
This is the predict step. Some useful numbers are surfaced below.
Max variance at index 116: 289488388.1205265
Pp max index: 116, value: 289488388.1205265
Pp max diag: 289488388.1205265
Pp eigs: [9.26283998e+07 1.39775342e+08 2.38073724e+08 2.83459415e+08
 2.89489004e+08]
This is the update step.
log_likelihood: [[-3.58532016]], y: [[1.54662108e-06]], cov: [[207.00920455]]
-------------------------------------------
dt_idx: 71, pulsar: 17, dt: 28.38107230040762, is_first_obs: False
This is the predict step. Some useful numbers are surfaced below.
Max variance at index 116: 289488388.12052643
Pp max index: 116, value: 289488388.12052643
Pp max diag: 289488388.12052643
Pp eigs: [1.39775342e+08 2.38073724e+08 2.56797883e+08 2.83459415e+08
 2.89489004e+08]
This is the update step.
log_likelihood: [[-3.60674624]], y: [[9.41474201e-07]], cov: [[216.07280379]]
-------------------------------------------
dt_idx: 72, pulsar: 16, dt: 29.48654409751848, is_first_obs: False
This is the predict step. Some useful numbers are surfaced below.
Max variance at index 116: 289488388.12052643
Pp max index: 116, value: 289488388.12052643
Pp max diag: 289488388.12052643
Pp eigs: [2.38073724e+08 2.47170344e+08 2.68032662e+08 2.83459415e+08
 2.89489004e+08]
This is the update step.
log_likelihood: [[-3.62261982]], y: [[4.36789578e-06]], cov: [[223.04255414]]
-------------------------------------------
dt_idx: 73, pulsar: 13, dt: 28.864392828521904, is_first_obs: False
This is the predict step. Some useful numbers are surfaced below.
Max variance at index 116: 289488388.12052643
Pp max index: 116, value: 289488388.12052643
Pp max diag: 289488388.12052643
Pp eigs: [2.38073724e+08 2.47170344e+08 2.57978657e+08 2.83459415e+08
 2.89489004e+08]
This is the update step.
log_likelihood: [[-3.59239075]], y: [[1.21264069e-05]], cov: [[209.95735292]]
-------------------------------------------
dt_idx: 74, pulsar: 12, dt: 28.443596973077014, is_first_obs: False
This is the predict step. Some useful numbers are surfaced below.
Max variance at index 116: 289488388.12052643
Pp max index: 116, value: 289488388.12052643
Pp max diag: 289488388.12052643
Pp eigs: [2.38073724e+08 2.47170344e+08 2.57978657e+08 2.83459415e+08
 2.89489004e+08]
This is the update step.
log_likelihood: [[-3.58817893]], y: [[-2.80367476e-05]], cov: [[208.19617741]]
-------------------------------------------
dt_idx: 75, pulsar: 21, dt: 29.540153559380105, is_first_obs: False
This is the predict step. Some useful numbers are surfaced below.
Max variance at index 116: 289488388.12052643
Pp max index: 116, value: 289488388.12052643
Pp max diag: 289488388.12052643
Pp eigs: [2.38073724e+08 2.47170344e+08 2.57978657e+08 2.83459415e+08
 2.89489004e+08]
This is the update step.
log_likelihood: [[-3.62549516]], y: [[-4.38394759e-07]], cov: [[224.3288922]]
-------------------------------------------
dt_idx: 76, pulsar: 29, dt: 28.686952008792645, is_first_obs: False
This is the predict step. Some useful numbers are surfaced below.
Max variance at index 116: 289488388.12052643
Pp max index: 116, value: 289488388.12052643
Pp max diag: 289488388.12052643
Pp eigs: [2.38073724e+08 2.47170344e+08 2.57978657e+08 2.83459415e+08
 2.89489004e+08]
This is the update step.
log_likelihood: [[-3.60991764]], y: [[-5.36877716e-06]], cov: [[217.44766775]]
-------------------------------------------
dt_idx: 77, pulsar: 11, dt: 27.632556620626538, is_first_obs: False
This is the predict step. Some useful numbers are surfaced below.
Max variance at index 116: 289488388.12052643
Pp max index: 116, value: 289488388.12052643
Pp max diag: 289488388.12052643
Pp eigs: [2.38073724e+08 2.47170344e+08 2.57978657e+08 2.83459415e+08
 2.89489004e+08]
This is the update step.
log_likelihood: [[-3.58848251]], y: [[-2.10182761e-06]], cov: [[208.32262352]]
-------------------------------------------
dt_idx: 78, pulsar: 4, dt: 30.81981287157094, is_first_obs: False
This is the predict step. Some useful numbers are surfaced below.
Max variance at index 74: 301440581.3113509
Pp max index: 74, value: 301440581.3113509
Pp max diag: 301440581.3113509
Pp eigs: [2.47170344e+08 2.57978657e+08 2.83459415e+08 2.89489004e+08
 3.01443115e+08]
This is the update step.
log_likelihood: [[-3.63233505]], y: [[2.10700537e-05]], cov: [[227.41875233]]
-------------------------------------------
dt_idx: 79, pulsar: 23, dt: 28.53240937868754, is_first_obs: False
This is the predict step. Some useful numbers are surfaced below.
Max variance at index 112: 307666194.163208
Pp max index: 112, value: 307666194.163208
Pp max diag: 307666194.163208
Pp eigs: [2.57978657e+08 2.83459415e+08 2.89489004e+08 2.90847377e+08
 3.07668599e+08]
This is the update step.
log_likelihood: [[-3.59395459]], y: [[-1.15506761e-06]], cov: [[210.61506263]]
-------------------------------------------
dt_idx: 80, pulsar: 15, dt: 27.308659683852284, is_first_obs: False
This is the predict step. Some useful numbers are surfaced below.
Max variance at index 112: 297338285.2477349
Pp max index: 112, value: 297338285.2477349
Pp max diag: 297338285.2477349
Pp eigs: [2.57978657e+08 2.83459415e+08 2.89489004e+08 2.90847377e+08
 2.97340810e+08]
This is the update step.
log_likelihood: [[-3.56013427]], y: [[6.71963692e-06]], cov: [[196.84004941]]
-------------------------------------------
dt_idx: 81, pulsar: 18, dt: 29.88694100299367, is_first_obs: False
This is the predict step. Some useful numbers are surfaced below.
Max variance at index 112: 297338285.2477349
Pp max index: 112, value: 297338285.2477349
Pp max diag: 297338285.2477349
Pp eigs: [2.57978657e+08 2.83459415e+08 2.89489004e+08 2.90847377e+08
 2.97340810e+08]
This is the update step.
log_likelihood: [[-3.61267438]], y: [[-9.86530366e-06]], cov: [[218.64987185]]
-------------------------------------------
dt_idx: 82, pulsar: 32, dt: 30.227218491479203, is_first_obs: False
This is the predict step. Some useful numbers are surfaced below.
Max variance at index 112: 297338285.2477349
Pp max index: 112, value: 297338285.2477349
Pp max diag: 297338285.2477349
Pp eigs: [2.57978657e+08 2.83459415e+08 2.89489004e+08 2.90847377e+08
 2.97340810e+08]
This is the update step.
log_likelihood: [[-3.62485716]], y: [[-3.55699652e-06]], cov: [[224.04283294]]
-------------------------------------------
dt_idx: 83, pulsar: 14, dt: 29.74645040159976, is_first_obs: False
This is the predict step. Some useful numbers are surfaced below.
Max variance at index 112: 297338285.2477349
Pp max index: 112, value: 297338285.2477349
Pp max diag: 297338285.2477349
Pp eigs: [2.57978657e+08 2.83459415e+08 2.89489004e+08 2.90847377e+08
 2.97340810e+08]
This is the update step.
log_likelihood: [[-3.59706875]], y: [[-2.81067914e-06]], cov: [[211.9309346]]
-------------------------------------------
dt_idx: 84, pulsar: 20, dt: 30.74649816677526, is_first_obs: False
This is the predict step. Some useful numbers are surfaced below.
Max variance at index 112: 297338285.2477349
Pp max index: 112, value: 297338285.2477349
Pp max diag: 297338285.2477349
Pp eigs: [2.57978657e+08 2.83459415e+08 2.89489004e+08 2.90847377e+08
 2.97340810e+08]
This is the update step.
log_likelihood: [[-3.65206496]], y: [[1.3635764e-06]], cov: [[236.5720581]]
-------------------------------------------
dt_idx: 85, pulsar: 1, dt: 28.7882783882927, is_first_obs: False
This is the predict step. Some useful numbers are surfaced below.
Max variance at index 68: 820928770.1477386
Pp max index: 68, value: 820928770.1477386
Pp max diag: 820928770.1477386
Pp eigs: [2.83459415e+08 2.89489004e+08 2.90847377e+08 2.97340810e+08
 8.20931421e+08]
This is the update step.
log_likelihood: [[-3.56811555]], y: [[5.49758845e-07]], cov: [[200.00733288]]
-------------------------------------------
dt_idx: 86, pulsar: 6, dt: 28.378330825622434, is_first_obs: False
This is the predict step. Some useful numbers are surfaced below.
Max variance at index 68: 799209334.8310145
Pp max index: 68, value: 799209334.8310145
Pp max diag: 799209334.8310145
Pp eigs: [2.83459415e+08 2.89489004e+08 2.90847377e+08 2.97340810e+08
 7.99212096e+08]
This is the update step.
log_likelihood: [[-3.56803261]], y: [[6.00249335e-06]], cov: [[199.97416002]]
-------------------------------------------
dt_idx: 87, pulsar: 25, dt: 30.087240324241144, is_first_obs: False
This is the predict step. Some useful numbers are surfaced below.
Max variance at index 116: 1139697575.1378407
Pp max index: 116, value: 1139697575.1378407
Pp max diag: 1139697575.1378407
Pp eigs: [2.83459415e+08 2.90847377e+08 2.97340810e+08 7.99212096e+08
 1.13970006e+09]
This is the update step.
log_likelihood: [[-3.62014132]], y: [[-2.96014346e-07]], cov: [[221.93966623]]
-------------------------------------------
dt_idx: 88, pulsar: 27, dt: 30.851848141804886, is_first_obs: False
This is the predict step. Some useful numbers are surfaced below.
Max variance at index 116: 1100293317.3297904
Pp max index: 116, value: 1100293317.3297904
Pp max diag: 1100293317.3297904
Pp eigs: [2.83459415e+08 2.90847377e+08 2.97340810e+08 7.99212096e+08
 1.10029593e+09]
This is the update step.
log_likelihood: [[-3.64330249]], y: [[-6.34631135e-06]], cov: [[232.46226496]]
-------------------------------------------
dt_idx: 89, pulsar: 2, dt: 28.38369757837719, is_first_obs: False
This is the predict step. Some useful numbers are surfaced below.
Max variance at index 116: 1100293317.3297904
Pp max index: 116, value: 1100293317.3297904
Pp max diag: 1100293317.3297904
Pp eigs: [2.90847377e+08 2.97340810e+08 5.02081181e+08 7.99212096e+08
 1.10029593e+09]
This is the update step.
log_likelihood: [[-3.58392979]], y: [[1.05252838e-06]], cov: [[206.4343633]]
-------------------------------------------
dt_idx: 90, pulsar: 26, dt: 30.434917592086173, is_first_obs: False
This is the predict step. Some useful numbers are surfaced below.
Max variance at index 116: 1100293317.3297904
Pp max index: 116, value: 1100293317.3297904
Pp max diag: 1100293317.3297904
Pp eigs: [2.90847377e+08 2.97340810e+08 4.86240738e+08 7.99212096e+08
 1.10029593e+09]
This is the update step.
log_likelihood: [[-3.61799064]], y: [[-2.14485477e-05]], cov: [[220.98707541]]
-------------------------------------------
dt_idx: 91, pulsar: 19, dt: 32.247855846186475, is_first_obs: False
This is the predict step. Some useful numbers are surfaced below.
Max variance at index 116: 1100293317.3297904
Pp max index: 116, value: 1100293317.3297904
Pp max diag: 1100293317.3297904
Pp eigs: [2.90847377e+08 2.97340810e+08 4.86240738e+08 7.99212096e+08
 1.10029593e+09]
This is the update step.
log_likelihood: [[-3.66575847]], y: [[-9.95429017e-08]], cov: [[243.14060145]]
-------------------------------------------
dt_idx: 92, pulsar: 0, dt: 31.303043675135683, is_first_obs: False
This is the predict step. Some useful numbers are surfaced below.
Max variance at index 116: 1100293317.3297904
Pp max index: 116, value: 1100293317.3297904
Pp max diag: 1100293317.3297904
Pp eigs: [2.90847377e+08 2.97340810e+08 4.86240738e+08 7.99212096e+08
 1.10029593e+09]
This is the update step.
log_likelihood: [[-3.65542823]], y: [[-1.5806217e-05]], cov: [[238.16873547]]
-------------------------------------------
dt_idx: 93, pulsar: 9, dt: 31.91840013422348, is_first_obs: False
This is the predict step. Some useful numbers are surfaced below.
Max variance at index 116: 1100293317.3297904
Pp max index: 116, value: 1100293317.3297904
Pp max diag: 1100293317.3297904
Pp eigs: [2.90847377e+08 2.97340810e+08 4.86240738e+08 7.99212096e+08
 1.10029593e+09]
This is the update step.
log_likelihood: [[-3.65758046]], y: [[1.07208877e-05]], cov: [[239.19613334]]
-------------------------------------------
dt_idx: 94, pulsar: 7, dt: 31.02197914554013, is_first_obs: False
This is the predict step. Some useful numbers are surfaced below.
Max variance at index 116: 1100293317.3297904
Pp max index: 116, value: 1100293317.3297904
Pp max diag: 1100293317.3297904
Pp eigs: [2.90847377e+08 2.97340810e+08 4.86240738e+08 7.99212096e+08
 1.10029593e+09]
This is the update step.
log_likelihood: [[-3.61513116]], y: [[-2.09199779e-05]], cov: [[219.7268669]]
-------------------------------------------
dt_idx: 95, pulsar: 28, dt: 30.595189624616392, is_first_obs: False
This is the predict step. Some useful numbers are surfaced below.
Max variance at index 116: 1100293317.3297904
Pp max index: 116, value: 1100293317.3297904
Pp max diag: 1100293317.3297904
Pp eigs: [2.90847377e+08 2.97340810e+08 4.86240738e+08 7.99212096e+08
 1.10029593e+09]
This is the update step.
log_likelihood: [[-3.61551342]], y: [[-1.3882968e-05]], cov: [[219.89491557]]
-------------------------------------------
dt_idx: 96, pulsar: 30, dt: 30.754325164909716, is_first_obs: False
This is the predict step. Some useful numbers are surfaced below.
Max variance at index 116: 1100293317.3297904
Pp max index: 116, value: 1100293317.3297904
Pp max diag: 1100293317.3297904
Pp eigs: [2.90847377e+08 2.97340810e+08 4.86240738e+08 7.99212096e+08
 1.10029593e+09]
This is the update step.
log_likelihood: [[-3.61035241]], y: [[9.17598328e-06]], cov: [[217.6368283]]
-------------------------------------------
dt_idx: 97, pulsar: 5, dt: 31.187640467551017, is_first_obs: False
This is the predict step. Some useful numbers are surfaced below.
Max variance at index 116: 1100293317.3297904
Pp max index: 116, value: 1100293317.3297904
Pp max diag: 1100293317.3297904
Pp eigs: [2.90847377e+08 2.97340810e+08 4.86240738e+08 7.99212096e+08
 1.10029593e+09]
This is the update step.
log_likelihood: [[-3.62176166]], y: [[-2.04145611e-05]], cov: [[222.66006836]]
-------------------------------------------
dt_idx: 98, pulsar: 10, dt: 32.62848801165819, is_first_obs: False
This is the predict step. Some useful numbers are surfaced below.
Max variance at index 116: 1100293317.3297904
Pp max index: 116, value: 1100293317.3297904
Pp max diag: 1100293317.3297904
Pp eigs: [2.90847377e+08 2.97340810e+08 4.86240738e+08 7.99212096e+08
 1.10029593e+09]
This is the update step.
log_likelihood: [[-3.64459007]], y: [[-1.11082099e-05]], cov: [[233.06166268]]
-------------------------------------------
dt_idx: 99, pulsar: 23, dt: 27.947728004775666, is_first_obs: False
This is the predict step. Some useful numbers are surfaced below.
Max variance at index 116: 1100293317.3297904
Pp max index: 116, value: 1100293317.3297904
Pp max diag: 1100293317.3297904
Pp eigs: [2.90847377e+08 4.86240738e+08 6.32032133e+08 7.99212096e+08
 1.10029593e+09]
This is the update step.
log_likelihood: [[-3.31634831]], y: [[-1.15946216e-06]], cov: [[120.88256809]]
-------------------------------------------
dt_idx: 100, pulsar: 0, dt: 26.525672946704756, is_first_obs: False
This is the predict step. Some useful numbers are surfaced below.
Max variance at index 116: 1100293317.3297904
Pp max index: 116, value: 1100293317.3297904
Pp max diag: 1100293317.3297904
Pp eigs: [2.90847377e+08 4.86240738e+08 6.32019342e+08 7.99212096e+08
 1.10029593e+09]
This is the update step.
log_likelihood: [[-3.31255928]], y: [[-2.32824433e-06]], cov: [[119.96997387]]
-------------------------------------------
dt_idx: 101, pulsar: 7, dt: 27.94775503841815, is_first_obs: False
This is the predict step. Some useful numbers are surfaced below.
Max variance at index 116: 1100293317.3297904
Pp max index: 116, value: 1100293317.3297904
Pp max diag: 1100293317.3297904
Pp eigs: [4.86240738e+08 4.88310557e+08 6.32019342e+08 7.99212096e+08
 1.10029593e+09]
This is the update step.
log_likelihood: [[-3.3093505]], y: [[-1.36626793e-06]], cov: [[119.2025242]]
-------------------------------------------
dt_idx: 102, pulsar: 6, dt: 29.039976324461122, is_first_obs: False
This is the predict step. Some useful numbers are surfaced below.
Max variance at index 116: 1100293317.3297904
Pp max index: 116, value: 1100293317.3297904
Pp max diag: 1100293317.3297904
Pp eigs: [4.86240738e+08 4.88298486e+08 6.32019342e+08 7.99212096e+08
 1.10029593e+09]
This is the update step.
log_likelihood: [[-3.31357013]], y: [[-1.86768156e-06]], cov: [[120.21276312]]
-------------------------------------------
dt_idx: 103, pulsar: 24, dt: 31.033297986697267, is_first_obs: False
This is the predict step. Some useful numbers are surfaced below.
Max variance at index 116: 1100293317.3297904
Pp max index: 116, value: 1100293317.3297904
Pp max diag: 1100293317.3297904
Pp eigs: [4.86240738e+08 4.88298486e+08 6.32019342e+08 7.99212096e+08
 1.10029593e+09]
This is the update step.
log_likelihood: [[-3.34759443]], y: [[4.36830926e-06]], cov: [[128.6778247]]
-------------------------------------------
dt_idx: 104, pulsar: 25, dt: 29.131015654581564, is_first_obs: False
This is the predict step. Some useful numbers are surfaced below.
Max variance at index 116: 2371534590.829888
Pp max index: 116, value: 2371534590.829888
Pp max diag: 2371534590.829888
Pp eigs: [4.86240738e+08 4.88298486e+08 6.32019342e+08 7.99212096e+08
 2.37154035e+09]
This is the update step.
log_likelihood: [[-3.32545846]], y: [[9.18560129e-09]], cov: [[123.10527068]]
-------------------------------------------
dt_idx: 105, pulsar: 27, dt: 29.064460067771098, is_first_obs: False
This is the predict step. Some useful numbers are surfaced below.
Max variance at index 116: 2371533568.7983513
Pp max index: 116, value: 2371533568.7983513
Pp max diag: 2371533568.7983513
Pp eigs: [4.86240738e+08 4.88298486e+08 6.32019342e+08 7.99212096e+08
 2.37153932e+09]
This is the update step.
log_likelihood: [[-3.32911847]], y: [[-1.38284856e-06]], cov: [[124.00971038]]
-------------------------------------------
dt_idx: 106, pulsar: 19, dt: 28.711393716843038, is_first_obs: False
This is the predict step. Some useful numbers are surfaced below.
Max variance at index 116: 2371533568.7983513
Pp max index: 116, value: 2371533568.7983513
Pp max diag: 2371533568.7983513
Pp eigs: [4.86240738e+08 4.88298486e+08 6.32019342e+08 7.99212096e+08
 2.37153932e+09]
This is the update step.
log_likelihood: [[-3.32621001]], y: [[-2.74015961e-06]], cov: [[123.29044932]]
-------------------------------------------
dt_idx: 107, pulsar: 18, dt: 29.832860890671057, is_first_obs: False
This is the predict step. Some useful numbers are surfaced below.
Max variance at index 116: 2371533568.7983513
Pp max index: 116, value: 2371533568.7983513
Pp max diag: 2371533568.7983513
Pp eigs: [4.86240738e+08 4.88298486e+08 6.32019342e+08 7.99212096e+08
 2.37153932e+09]
This is the update step.
log_likelihood: [[-3.32865756]], y: [[-1.21048786e-07]], cov: [[123.8954494]]
-------------------------------------------
dt_idx: 108, pulsar: 29, dt: 30.67741799154767, is_first_obs: False
This is the predict step. Some useful numbers are surfaced below.
Max variance at index 116: 2371533568.7983513
Pp max index: 116, value: 2371533568.7983513
Pp max diag: 2371533568.7983513
Pp eigs: [4.86240738e+08 4.88298486e+08 6.32019342e+08 7.99212096e+08
 2.37153932e+09]
This is the update step.
log_likelihood: [[-3.34198352]], y: [[-4.01590701e-06]], cov: [[127.24189741]]
-------------------------------------------
dt_idx: 109, pulsar: 31, dt: 31.32151469481212, is_first_obs: False
This is the predict step. Some useful numbers are surfaced below.
Max variance at index 116: 2371533568.7983513
Pp max index: 116, value: 2371533568.7983513
Pp max diag: 2371533568.7983513
Pp eigs: [4.88298486e+08 6.32019342e+08 6.54796642e+08 7.99212096e+08
 2.37153932e+09]
This is the update step.
log_likelihood: [[-3.34730991]], y: [[4.43431123e-05]], cov: [[128.60462234]]
-------------------------------------------
dt_idx: 110, pulsar: 30, dt: 28.177611022602626, is_first_obs: False
This is the predict step. Some useful numbers are surfaced below.
Max variance at index 116: 2371533568.7983513
Pp max index: 116, value: 2371533568.7983513
Pp max diag: 2371533568.7983513
Pp eigs: [4.88298486e+08 6.32019342e+08 6.54796638e+08 7.99212096e+08
 2.37153932e+09]
This is the update step.
log_likelihood: [[-3.31064]], y: [[1.32008738e-05]], cov: [[119.51034477]]
-------------------------------------------
dt_idx: 111, pulsar: 14, dt: 29.869512007291668, is_first_obs: False
This is the predict step. Some useful numbers are surfaced below.
Max variance at index 116: 2371533568.7983513
Pp max index: 116, value: 2371533568.7983513
Pp max diag: 2371533568.7983513
Pp eigs: [4.88298486e+08 6.32019342e+08 6.54796638e+08 7.99212096e+08
 2.37153932e+09]
This is the update step.
log_likelihood: [[-3.32321425]], y: [[-2.73456619e-06]], cov: [[122.55396225]]
-------------------------------------------
dt_idx: 112, pulsar: 22, dt: 31.54300185991658, is_first_obs: False
This is the predict step. Some useful numbers are surfaced below.
Max variance at index 116: 2371533568.7983513
Pp max index: 116, value: 2371533568.7983513
Pp max diag: 2371533568.7983513
Pp eigs: [4.88298486e+08 6.32019342e+08 6.54796638e+08 7.99212096e+08
 2.37153932e+09]
This is the update step.
log_likelihood: [[-3.34103088]], y: [[5.92393908e-06]], cov: [[126.99969636]]
-------------------------------------------
dt_idx: 113, pulsar: 28, dt: 28.575781513629135, is_first_obs: False
This is the predict step. Some useful numbers are surfaced below.
Max variance at index 116: 2371533568.7983513
Pp max index: 116, value: 2371533568.7983513
Pp max diag: 2371533568.7983513
Pp eigs: [4.88298486e+08 6.32019342e+08 6.54796638e+08 7.99212096e+08
 2.37153932e+09]
This is the update step.
log_likelihood: [[-3.31643051]], y: [[-2.03764775e-05]], cov: [[120.90244289]]
-------------------------------------------
dt_idx: 114, pulsar: 11, dt: 30.891184436115953, is_first_obs: False
This is the predict step. Some useful numbers are surfaced below.
Max variance at index 116: 2371533568.7983513
Pp max index: 116, value: 2371533568.7983513
Pp max diag: 2371533568.7983513
Pp eigs: [4.88298486e+08 6.32019342e+08 6.54796638e+08 7.99212096e+08
 2.37153932e+09]
This is the update step.
log_likelihood: [[-3.34174772]], y: [[-2.38303965e-05]], cov: [[127.18190267]]
-------------------------------------------
dt_idx: 115, pulsar: 16, dt: 31.608528782040985, is_first_obs: False
This is the predict step. Some useful numbers are surfaced below.
Max variance at index 116: 2371533568.7983513
Pp max index: 116, value: 2371533568.7983513
Pp max diag: 2371533568.7983513
Pp eigs: [5.95640910e+08 6.32019342e+08 6.54796638e+08 7.99212096e+08
 2.37153932e+09]
This is the update step.
log_likelihood: [[-3.34837479]], y: [[7.62827428e-06]], cov: [[128.87881166]]
-------------------------------------------
dt_idx: 116, pulsar: 32, dt: 30.111211975525926, is_first_obs: False
This is the predict step. Some useful numbers are surfaced below.
Max variance at index 116: 2371533568.7983513
Pp max index: 116, value: 2371533568.7983513
Pp max diag: 2371533568.7983513
Pp eigs: [5.95637557e+08 6.32019342e+08 6.54796638e+08 7.99212096e+08
 2.37153932e+09]
This is the update step.
log_likelihood: [[-3.33339619]], y: [[-2.79281819e-06]], cov: [[125.07522076]]
-------------------------------------------
dt_idx: 117, pulsar: 10, dt: 28.173035785633104, is_first_obs: False
This is the predict step. Some useful numbers are surfaced below.
Max variance at index 116: 2371533568.7983513
Pp max index: 116, value: 2371533568.7983513
Pp max diag: 2371533568.7983513
Pp eigs: [5.95637557e+08 6.32019342e+08 6.54796638e+08 7.99212096e+08
 2.37153932e+09]
This is the update step.
log_likelihood: [[-3.31271725]], y: [[-7.13052026e-06]], cov: [[120.0078822]]
-------------------------------------------
dt_idx: 118, pulsar: 4, dt: 31.53518328071744, is_first_obs: False
This is the predict step. Some useful numbers are surfaced below.
Max variance at index 116: 2371533568.7983513
Pp max index: 116, value: 2371533568.7983513
Pp max diag: 2371533568.7983513
Pp eigs: [6.32019342e+08 6.54796638e+08 6.55781111e+08 7.99212096e+08
 2.37153932e+09]
This is the update step.
log_likelihood: [[-3.34252907]], y: [[-3.29782223e-06]], cov: [[127.3808052]]
-------------------------------------------
dt_idx: 119, pulsar: 13, dt: 31.84356357162749, is_first_obs: False
This is the predict step. Some useful numbers are surfaced below.
Max variance at index 116: 2371533568.7983513
Pp max index: 116, value: 2371533568.7983513
Pp max diag: 2371533568.7983513
Pp eigs: [6.32019342e+08 6.54796638e+08 6.55737540e+08 7.99212096e+08
 2.37153932e+09]
This is the update step.
log_likelihood: [[-3.34111069]], y: [[-8.89403424e-06]], cov: [[127.0199706]]
-------------------------------------------
dt_idx: 120, pulsar: 15, dt: 31.11328788646945, is_first_obs: False
This is the predict step. Some useful numbers are surfaced below.
Max variance at index 116: 2371533568.7983513
Pp max index: 116, value: 2371533568.7983513
Pp max diag: 2371533568.7983513
Pp eigs: [6.32019342e+08 6.54796638e+08 6.55737540e+08 7.99212096e+08
 2.37153932e+09]
This is the update step.
log_likelihood: [[-3.33200494]], y: [[1.06417921e-05]], cov: [[124.7276815]]
-------------------------------------------
dt_idx: 121, pulsar: 21, dt: 31.790134852142245, is_first_obs: False
This is the predict step. Some useful numbers are surfaced below.
Max variance at index 116: 2371533568.7983513
Pp max index: 116, value: 2371533568.7983513
Pp max diag: 2371533568.7983513
Pp eigs: [6.32019342e+08 6.54796638e+08 6.55737540e+08 7.99212096e+08
 2.37153932e+09]
This is the update step.
log_likelihood: [[-3.3505238]], y: [[9.23172953e-07]], cov: [[129.43392648]]
-------------------------------------------
dt_idx: 122, pulsar: 20, dt: 30.703779206298016, is_first_obs: False
This is the predict step. Some useful numbers are surfaced below.
Max variance at index 116: 2371533568.7983513
Pp max index: 116, value: 2371533568.7983513
Pp max diag: 2371533568.7983513
Pp eigs: [6.32019342e+08 6.54796638e+08 6.55737540e+08 7.99212096e+08
 2.37153932e+09]
This is the update step.
log_likelihood: [[-3.3449807]], y: [[5.69659875e-07]], cov: [[128.00692009]]
-------------------------------------------
dt_idx: 123, pulsar: 9, dt: 29.58482433149108, is_first_obs: False
This is the predict step. Some useful numbers are surfaced below.
Max variance at index 116: 2371533568.7983513
Pp max index: 116, value: 2371533568.7983513
Pp max diag: 2371533568.7983513
Pp eigs: [6.32019342e+08 6.54796638e+08 6.55737540e+08 7.99212096e+08
 2.37153932e+09]
This is the update step.
log_likelihood: [[-3.3314416]], y: [[-1.43091149e-07]], cov: [[124.58723206]]
-------------------------------------------
dt_idx: 124, pulsar: 12, dt: 32.065219652012544, is_first_obs: False
This is the predict step. Some useful numbers are surfaced below.
Max variance at index 116: 2371533568.7983513
Pp max index: 116, value: 2371533568.7983513
Pp max diag: 2371533568.7983513
Pp eigs: [6.32019342e+08 6.54796638e+08 6.55737540e+08 7.99212096e+08
 2.37153932e+09]
This is the update step.
log_likelihood: [[-3.34384473]], y: [[-2.48380056e-07]], cov: [[127.71642599]]
-------------------------------------------
dt_idx: 125, pulsar: 17, dt: 32.4749014819441, is_first_obs: False
This is the predict step. Some useful numbers are surfaced below.
Max variance at index 116: 2371533568.7983513
Pp max index: 116, value: 2371533568.7983513
Pp max diag: 2371533568.7983513
Pp eigs: [6.32019342e+08 6.54796638e+08 6.55737540e+08 7.99212096e+08
 2.37153932e+09]
This is the update step.
log_likelihood: [[-3.35597759]], y: [[1.87286072e-06]], cov: [[130.85346487]]
-------------------------------------------
dt_idx: 126, pulsar: 2, dt: 30.768609787689314, is_first_obs: False
This is the predict step. Some useful numbers are surfaced below.
Max variance at index 116: 2371533568.7983513
Pp max index: 116, value: 2371533568.7983513
Pp max diag: 2371533568.7983513
Pp eigs: [6.54796638e+08 6.55737540e+08 7.99212096e+08 1.09279461e+09
 2.37153932e+09]
This is the update step.
log_likelihood: [[-3.33309299]], y: [[-5.29037739e-05]], cov: [[124.9993969]]
-------------------------------------------
dt_idx: 127, pulsar: 8, dt: 33.76074170706448, is_first_obs: False
This is the predict step. Some useful numbers are surfaced below.
Max variance at index 116: 2371533568.7983513
Pp max index: 116, value: 2371533568.7983513
Pp max diag: 2371533568.7983513
Pp eigs: [6.54796638e+08 6.55737540e+08 7.99212096e+08 1.09276544e+09
 2.37153932e+09]
This is the update step.
log_likelihood: [[-3.36930696]], y: [[1.14421023e-05]], cov: [[134.38876901]]
-------------------------------------------
dt_idx: 128, pulsar: 26, dt: 30.788596618561833, is_first_obs: False
This is the predict step. Some useful numbers are surfaced below.
Max variance at index 116: 2371533568.7983513
Pp max index: 116, value: 2371533568.7983513
Pp max diag: 2371533568.7983513
Pp eigs: [6.54796638e+08 6.55737540e+08 7.99212096e+08 1.09276544e+09
 2.37153932e+09]
This is the update step.
log_likelihood: [[-3.33394572]], y: [[-4.08436293e-05]], cov: [[125.21276028]]
-------------------------------------------
dt_idx: 129, pulsar: 3, dt: 33.40239286245019, is_first_obs: False
This is the predict step. Some useful numbers are surfaced below.
Max variance at index 116: 2371533568.79835
Pp max index: 116, value: 2371533568.79835
Pp max diag: 2371533568.79835
Pp eigs: [6.54796638e+08 6.55737540e+08 7.99212096e+08 1.09276544e+09
 2.37153932e+09]
This is the update step.
log_likelihood: [[-3.35805504]], y: [[-7.58017072e-07]], cov: [[131.39827907]]
-------------------------------------------
dt_idx: 130, pulsar: 1, dt: 31.8020988344815, is_first_obs: False
This is the predict step. Some useful numbers are surfaced below.
Max variance at index 116: 2371533568.79835
Pp max index: 116, value: 2371533568.79835
Pp max diag: 2371533568.79835
Pp eigs: [6.54796638e+08 6.55737540e+08 1.09276544e+09 1.79014071e+09
 2.37153932e+09]
This is the update step.
log_likelihood: [[-3.32990304]], y: [[8.45443967e-06]], cov: [[124.20445291]]
-------------------------------------------
dt_idx: 131, pulsar: 5, dt: 30.358993456264336, is_first_obs: False
This is the predict step. Some useful numbers are surfaced below.
Max variance at index 116: 2371533568.79835
Pp max index: 116, value: 2371533568.79835
Pp max diag: 2371533568.79835
Pp eigs: [6.54796638e+08 6.55737540e+08 1.09276544e+09 1.78965697e+09
 2.37153932e+09]
This is the update step.
log_likelihood: [[-3.32761835]], y: [[5.02045098e-05]], cov: [[123.63820804]]
-------------------------------------------
dt_idx: 132, pulsar: 17, dt: 27.26180255744192, is_first_obs: False
This is the predict step. Some useful numbers are surfaced below.
Max variance at index 116: 2371533568.79835
Pp max index: 116, value: 2371533568.79835
Pp max diag: 2371533568.79835
Pp eigs: [6.55737540e+08 9.76681619e+08 1.09276544e+09 1.78965697e+09
 2.37153932e+09]
This is the update step.
log_likelihood: [[-3.20078802]], y: [[-6.26144691e-07]], cov: [[95.93769443]]
-------------------------------------------
dt_idx: 133, pulsar: 7, dt: 29.233463176599255, is_first_obs: False
This is the predict step. Some useful numbers are surfaced below.
Max variance at index 116: 2371533568.79835
Pp max index: 116, value: 2371533568.79835
Pp max diag: 2371533568.79835
Pp eigs: [8.35683364e+08 9.65546585e+08 1.09276544e+09 1.78965697e+09
 2.37153932e+09]
This is the update step.
log_likelihood: [[-3.19695892]], y: [[-4.80844132e-06]], cov: [[95.20579072]]
-------------------------------------------
dt_idx: 134, pulsar: 11, dt: 28.657290508515302, is_first_obs: False
This is the predict step. Some useful numbers are surfaced below.
Max variance at index 116: 2371533568.79835
Pp max index: 116, value: 2371533568.79835
Pp max diag: 2371533568.79835
Pp eigs: [8.23924811e+08 9.65546585e+08 1.09276544e+09 1.78965697e+09
 2.37153932e+09]
This is the update step.
log_likelihood: [[-3.20577178]], y: [[3.32817969e-06]], cov: [[96.89873747]]
-------------------------------------------
dt_idx: 135, pulsar: 22, dt: 28.957308789436464, is_first_obs: False
This is the predict step. Some useful numbers are surfaced below.
Max variance at index 116: 2371533568.79835
Pp max index: 116, value: 2371533568.79835
Pp max diag: 2371533568.79835
Pp eigs: [8.23924811e+08 9.65546585e+08 1.09276544e+09 1.78965697e+09
 2.37153932e+09]
This is the update step.
log_likelihood: [[-3.20483124]], y: [[-4.92746361e-06]], cov: [[96.71663405]]
-------------------------------------------
dt_idx: 136, pulsar: 12, dt: 28.079774043140585, is_first_obs: False
This is the predict step. Some useful numbers are surfaced below.
Max variance at index 116: 2371533568.7983494
Pp max index: 116, value: 2371533568.7983494
Pp max diag: 2371533568.7983494
Pp eigs: [8.23924811e+08 9.65546585e+08 1.09276544e+09 1.78965697e+09
 2.37153932e+09]
This is the update step.
log_likelihood: [[-3.20032159]], y: [[-5.03529162e-06]], cov: [[95.84824069]]
-------------------------------------------
dt_idx: 137, pulsar: 29, dt: 29.32913161282186, is_first_obs: False
This is the predict step. Some useful numbers are surfaced below.
Max variance at index 116: 2371533568.7983494
Pp max index: 116, value: 2371533568.7983494
Pp max diag: 2371533568.7983494
Pp eigs: [8.23924811e+08 9.65546585e+08 1.09276544e+09 1.78965697e+09
 2.37153932e+09]
This is the update step.
log_likelihood: [[-3.20879847]], y: [[-8.15679141e-06]], cov: [[97.48708168]]
-------------------------------------------
dt_idx: 138, pulsar: 1, dt: 27.237928448297357, is_first_obs: False
This is the predict step. Some useful numbers are surfaced below.
Max variance at index 68: 2918647308.3761764
Pp max index: 68, value: 2918647308.3761764
Pp max diag: 2918647308.3761764
Pp eigs: [8.23924811e+08 9.65546585e+08 1.09276544e+09 2.37153932e+09
 2.91865783e+09]
This is the update step.
log_likelihood: [[-3.19021883]], y: [[4.15271693e-06]], cov: [[93.93101159]]
-------------------------------------------
dt_idx: 139, pulsar: 26, dt: 27.98750765735352, is_first_obs: False
This is the predict step. Some useful numbers are surfaced below.
Max variance at index 68: 2877785242.844802
Pp max index: 68, value: 2877785242.844802
Pp max diag: 2877785242.844802
Pp eigs: [8.23924811e+08 9.65546585e+08 1.09276544e+09 2.37153932e+09
 2.87779550e+09]
This is the update step.
log_likelihood: [[-3.19660794]], y: [[-1.6953435e-05]], cov: [[95.13898374]]
-------------------------------------------
dt_idx: 140, pulsar: 19, dt: 29.958262056907017, is_first_obs: False
This is the predict step. Some useful numbers are surfaced below.
Max variance at index 68: 2877785242.844802
Pp max index: 68, value: 2877785242.844802
Pp max diag: 2877785242.844802
Pp eigs: [8.23924811e+08 9.65546585e+08 1.09276544e+09 2.37153932e+09
 2.87779550e+09]
This is the update step.
log_likelihood: [[-3.2060425]], y: [[5.12103959e-06]], cov: [[96.951217]]
-------------------------------------------
dt_idx: 141, pulsar: 5, dt: 27.260906510353088, is_first_obs: False
This is the predict step. Some useful numbers are surfaced below.
Max variance at index 68: 2877785242.8448014
Pp max index: 68, value: 2877785242.8448014
Pp max diag: 2877785242.8448014
Pp eigs: [8.23924811e+08 9.65546585e+08 1.09276544e+09 2.37153932e+09
 2.87779550e+09]
This is the update step.
log_likelihood: [[-3.1905161]], y: [[7.85702021e-06]], cov: [[93.98687418]]
-------------------------------------------
dt_idx: 142, pulsar: 14, dt: 29.608464349706967, is_first_obs: False
This is the predict step. Some useful numbers are surfaced below.
Max variance at index 68: 2877785242.8448005
Pp max index: 68, value: 2877785242.8448005
Pp max diag: 2877785242.8448005
Pp eigs: [8.23924811e+08 9.65546585e+08 1.09276544e+09 2.37153932e+09
 2.87779550e+09]
This is the update step.
log_likelihood: [[-3.20214352]], y: [[-9.65724656e-07]], cov: [[96.19813614]]
-------------------------------------------
dt_idx: 143, pulsar: 32, dt: 29.403025268846086, is_first_obs: False
This is the predict step. Some useful numbers are surfaced below.
Max variance at index 68: 2877785242.8448005
Pp max index: 68, value: 2877785242.8448005
Pp max diag: 2877785242.8448005
Pp eigs: [8.52130027e+08 9.65546585e+08 1.09276544e+09 2.37153932e+09
 2.87779550e+09]
This is the update step.
log_likelihood: [[-3.20507844]], y: [[7.34089152e-06]], cov: [[96.76446375]]
-------------------------------------------
dt_idx: 144, pulsar: 21, dt: 28.855616873061216, is_first_obs: False
This is the predict step. Some useful numbers are surfaced below.
Max variance at index 68: 2877785242.8448
Pp max index: 68, value: 2877785242.8448
Pp max diag: 2877785242.8448
Pp eigs: [8.40451142e+08 9.65546585e+08 1.09276544e+09 2.37153932e+09
 2.87779550e+09]
This is the update step.
log_likelihood: [[-3.20686353]], y: [[1.84632146e-06]], cov: [[97.11054658]]
-------------------------------------------
dt_idx: 145, pulsar: 8, dt: 28.165724173938784, is_first_obs: False
This is the predict step. Some useful numbers are surfaced below.
Max variance at index 68: 2877785242.8448
Pp max index: 68, value: 2877785242.8448
Pp max diag: 2877785242.8448
Pp eigs: [8.40451142e+08 9.65546585e+08 1.09276544e+09 2.37153932e+09
 2.87779550e+09]
This is the update step.
log_likelihood: [[-3.2083422]], y: [[3.93360211e-06]], cov: [[97.39816129]]
-------------------------------------------
dt_idx: 146, pulsar: 24, dt: 30.428305595693764, is_first_obs: False
This is the predict step. Some useful numbers are surfaced below.
Max variance at index 68: 2877785242.8448
Pp max index: 68, value: 2877785242.8448
Pp max diag: 2877785242.8448
Pp eigs: [8.40451142e+08 9.65546585e+08 1.09276544e+09 2.37153932e+09
 2.87779550e+09]
This is the update step.
log_likelihood: [[-3.21673313]], y: [[-1.34473295e-05]], cov: [[99.04647538]]
-------------------------------------------
dt_idx: 147, pulsar: 13, dt: 29.13400916500224, is_first_obs: False
This is the predict step. Some useful numbers are surfaced below.
Max variance at index 68: 2877785242.844799
Pp max index: 68, value: 2877785242.844799
Pp max diag: 2877785242.844799
Pp eigs: [8.40451142e+08 9.65546585e+08 1.09276544e+09 2.37153932e+09
 2.87779550e+09]
This is the update step.
log_likelihood: [[-3.20438574]], y: [[9.77285029e-06]], cov: [[96.63049886]]
-------------------------------------------
dt_idx: 148, pulsar: 4, dt: 29.146567598724804, is_first_obs: False
This is the predict step. Some useful numbers are surfaced below.
Max variance at index 68: 2877785242.844799
Pp max index: 68, value: 2877785242.844799
Pp max diag: 2877785242.844799
Pp eigs: [9.65546585e+08 1.09276544e+09 1.10946167e+09 2.37153932e+09
 2.87779550e+09]
This is the update step.
log_likelihood: [[-3.20415678]], y: [[-1.77080222e-06]], cov: [[96.58625944]]
-------------------------------------------
dt_idx: 149, pulsar: 6, dt: 30.509484759127652, is_first_obs: False
This is the predict step. Some useful numbers are surfaced below.
Max variance at index 68: 2877785242.844799
Pp max index: 68, value: 2877785242.844799
Pp max diag: 2877785242.844799
Pp eigs: [9.65546585e+08 1.09276544e+09 1.09332588e+09 2.37153932e+09
 2.87779550e+09]
This is the update step.
log_likelihood: [[-3.20509268]], y: [[1.15071866e-06]], cov: [[96.7672192]]
-------------------------------------------
dt_idx: 150, pulsar: 18, dt: 30.347296427698044, is_first_obs: False
This is the predict step. Some useful numbers are surfaced below.
Max variance at index 68: 2877785242.8447986
Pp max index: 68, value: 2877785242.8447986
Pp max diag: 2877785242.8447986
Pp eigs: [9.65546585e+08 1.09276544e+09 1.09332588e+09 2.37153932e+09
 2.87779550e+09]
This is the update step.
log_likelihood: [[-3.20843938]], y: [[-3.7644249e-06]], cov: [[97.41709257]]
-------------------------------------------
dt_idx: 151, pulsar: 31, dt: 30.29440541250838, is_first_obs: False
This is the predict step. Some useful numbers are surfaced below.
Max variance at index 68: 2877785242.8447986
Pp max index: 68, value: 2877785242.8447986
Pp max diag: 2877785242.8447986
Pp eigs: [1.09276544e+09 1.09332588e+09 1.14462650e+09 2.37153932e+09
 2.87779550e+09]
This is the update step.
log_likelihood: [[-3.21420072]], y: [[-8.53681137e-05]], cov: [[98.54609109]]
-------------------------------------------
dt_idx: 152, pulsar: 9, dt: 29.387412185668943, is_first_obs: False
This is the predict step. Some useful numbers are surfaced below.
Max variance at index 68: 2877785242.8447986
Pp max index: 68, value: 2877785242.8447986
Pp max diag: 2877785242.8447986
Pp eigs: [1.09276544e+09 1.09332588e+09 1.12861189e+09 2.37153932e+09
 2.87779550e+09]
This is the update step.
log_likelihood: [[-3.20387648]], y: [[-1.15515137e-06]], cov: [[96.53212819]]
-------------------------------------------
dt_idx: 153, pulsar: 25, dt: 30.798463960908077, is_first_obs: False
This is the predict step. Some useful numbers are surfaced below.
Max variance at index 116: 4185496692.502116
Pp max index: 116, value: 4185496692.502116
Pp max diag: 4185496692.502116
Pp eigs: [1.09276544e+09 1.09332588e+09 1.12861189e+09 2.87779550e+09
 4.18550709e+09]
This is the update step.
log_likelihood: [[-3.21070739]], y: [[7.86323249e-08]], cov: [[97.85998335]]
-------------------------------------------
dt_idx: 154, pulsar: 3, dt: 28.860287911737405, is_first_obs: False
This is the predict step. Some useful numbers are surfaced below.
Max variance at index 116: 4124169036.0443416
Pp max index: 116, value: 4124169036.0443416
Pp max diag: 4124169036.0443416
Pp eigs: [1.09276544e+09 1.09332588e+09 1.12861189e+09 2.87779550e+09
 4.12417916e+09]
This is the update step.
log_likelihood: [[-3.20666791]], y: [[4.11522757e-07]], cov: [[97.07256064]]
-------------------------------------------
dt_idx: 155, pulsar: 28, dt: 30.503713676432767, is_first_obs: False
This is the predict step. Some useful numbers are surfaced below.
Max variance at index 116: 4124169036.0443416
Pp max index: 116, value: 4124169036.0443416
Pp max diag: 4124169036.0443416
Pp eigs: [1.09276544e+09 1.09332588e+09 1.12861189e+09 2.87779550e+09
 4.12417916e+09]
This is the update step.
log_likelihood: [[-3.20562687]], y: [[8.52420421e-09]], cov: [[96.87065777]]
-------------------------------------------
dt_idx: 156, pulsar: 2, dt: 29.095224192153523, is_first_obs: False
This is the predict step. Some useful numbers are surfaced below.
Max variance at index 116: 4124169036.044341
Pp max index: 116, value: 4124169036.044341
Pp max diag: 4124169036.044341
Pp eigs: [1.09332588e+09 1.12861189e+09 1.86616202e+09 2.87779550e+09
 4.12417916e+09]
This is the update step.
log_likelihood: [[-3.20343754]], y: [[8.60479303e-06]], cov: [[96.44742257]]
-------------------------------------------
dt_idx: 157, pulsar: 15, dt: 29.799991739977287, is_first_obs: False
This is the predict step. Some useful numbers are surfaced below.
Max variance at index 116: 4124169036.04434
Pp max index: 116, value: 4124169036.04434
Pp max diag: 4124169036.04434
Pp eigs: [1.09332588e+09 1.12861189e+09 1.84056956e+09 2.87779550e+09
 4.12417916e+09]
This is the update step.
log_likelihood: [[-3.20653497]], y: [[8.76657434e-06]], cov: [[97.04675473]]
-------------------------------------------
dt_idx: 158, pulsar: 30, dt: 30.883588171744787, is_first_obs: False
This is the predict step. Some useful numbers are surfaced below.
Max variance at index 116: 4124169036.0443397
Pp max index: 116, value: 4124169036.0443397
Pp max diag: 4124169036.0443397
Pp eigs: [1.09332588e+09 1.12861189e+09 1.84056956e+09 2.87779550e+09
 4.12417916e+09]
This is the update step.
log_likelihood: [[-3.20536389]], y: [[-1.08764159e-06]], cov: [[96.81972248]]
-------------------------------------------
dt_idx: 159, pulsar: 16, dt: 30.587996724501803, is_first_obs: False
This is the predict step. Some useful numbers are surfaced below.
Max variance at index 116: 4124169036.0443397
Pp max index: 116, value: 4124169036.0443397
Pp max diag: 4124169036.0443397
Pp eigs: [1.09332588e+09 1.12861189e+09 1.84056956e+09 2.87779550e+09
 4.12417916e+09]
This is the update step.
log_likelihood: [[-3.21494753]], y: [[5.37263223e-06]], cov: [[98.69339269]]
-------------------------------------------
dt_idx: 160, pulsar: 0, dt: 33.320830890238284, is_first_obs: False
This is the predict step. Some useful numbers are surfaced below.
Max variance at index 116: 4124169036.044339
Pp max index: 116, value: 4124169036.044339
Pp max diag: 4124169036.044339
Pp eigs: [1.09332588e+09 1.12861189e+09 1.84056956e+09 2.87779550e+09
 4.12417916e+09]
This is the update step.
log_likelihood: [[-3.22287503]], y: [[-3.47485339e-07]], cov: [[100.27064545]]
-------------------------------------------
dt_idx: 161, pulsar: 27, dt: 31.526323999961214, is_first_obs: False
This is the predict step. Some useful numbers are surfaced below.
Max variance at index 116: 4124169036.044338
Pp max index: 116, value: 4124169036.044338
Pp max diag: 4124169036.044338
Pp eigs: [1.09332588e+09 1.12861189e+09 1.84056956e+09 2.87779550e+09
 4.12417916e+09]
This is the update step.
log_likelihood: [[-3.21567168]], y: [[-5.71738517e-06]], cov: [[98.83643382]]
-------------------------------------------
dt_idx: 162, pulsar: 10, dt: 30.774042952248344, is_first_obs: False
This is the predict step. Some useful numbers are surfaced below.
Max variance at index 116: 4124169036.0443373
Pp max index: 116, value: 4124169036.0443373
Pp max diag: 4124169036.0443373
Pp eigs: [1.09332588e+09 1.12861189e+09 1.84056956e+09 2.87779550e+09
 4.12417916e+09]
This is the update step.
log_likelihood: [[-3.20416515]], y: [[2.0591908e-06]], cov: [[96.58787729]]
-------------------------------------------
dt_idx: 163, pulsar: 20, dt: 30.581272651873252, is_first_obs: False
This is the predict step. Some useful numbers are surfaced below.
Max variance at index 116: 4124169036.0443373
Pp max index: 116, value: 4124169036.0443373
Pp max diag: 4124169036.0443373
Pp eigs: [1.09332588e+09 1.12861189e+09 1.84056956e+09 2.87779550e+09
 4.12417916e+09]
This is the update step.
log_likelihood: [[-3.21449748]], y: [[4.55592822e-06]], cov: [[98.60459715]]
-------------------------------------------
dt_idx: 164, pulsar: 23, dt: 34.20593077543709, is_first_obs: False
This is the predict step. Some useful numbers are surfaced below.
Max variance at index 116: 4124169036.0443373
Pp max index: 116, value: 4124169036.0443373
Pp max diag: 4124169036.0443373
Pp eigs: [1.12861189e+09 1.19362669e+09 1.84056956e+09 2.87779550e+09
 4.12417916e+09]
This is the update step.
log_likelihood: [[-3.22811725]], y: [[1.0265342e-07]], cov: [[101.32745832]]
-------------------------------------------
dt_idx: 165, pulsar: 30, dt: 27.620938525806974, is_first_obs: False
This is the predict step. Some useful numbers are surfaced below.
Max variance at index 116: 4124169036.044337
Pp max index: 116, value: 4124169036.044337
Pp max diag: 4124169036.044337
Pp eigs: [1.12861189e+09 1.17325589e+09 1.84056956e+09 2.87779550e+09
 4.12417916e+09]
This is the update step.
log_likelihood: [[-3.13822938]], y: [[5.20283216e-06]], cov: [[84.65479075]]
-------------------------------------------
dt_idx: 166, pulsar: 20, dt: 27.402460294421072, is_first_obs: False
This is the predict step. Some useful numbers are surfaced below.
Max variance at index 116: 4124169036.0443363
Pp max index: 116, value: 4124169036.0443363
Pp max diag: 4124169036.0443363
Pp eigs: [1.12861189e+09 1.17325589e+09 1.84056956e+09 2.87779550e+09
 4.12417916e+09]
This is the update step.
log_likelihood: [[-3.14043369]], y: [[3.65284935e-06]], cov: [[85.02882485]]
-------------------------------------------
dt_idx: 167, pulsar: 12, dt: 30.217733831571206, is_first_obs: False
This is the predict step. Some useful numbers are surfaced below.
Max variance at index 116: 4124169036.0443363
Pp max index: 116, value: 4124169036.0443363
Pp max diag: 4124169036.0443363
Pp eigs: [1.12861189e+09 1.17325589e+09 1.84056956e+09 2.87779550e+09
 4.12417916e+09]
This is the update step.
log_likelihood: [[-3.14743792]], y: [[-8.03181554e-07]], cov: [[86.22832931]]
-------------------------------------------
dt_idx: 168, pulsar: 10, dt: 28.24575948641256, is_first_obs: False
This is the predict step. Some useful numbers are surfaced below.
Max variance at index 116: 4124169036.0443363
Pp max index: 116, value: 4124169036.0443363
Pp max diag: 4124169036.0443363
Pp eigs: [1.12861189e+09 1.17325589e+09 1.84056956e+09 2.87779550e+09
 4.12417916e+09]
This is the update step.
log_likelihood: [[-3.14012445]], y: [[6.34866132e-06]], cov: [[84.97625309]]
-------------------------------------------
dt_idx: 169, pulsar: 3, dt: 28.96313177755585, is_first_obs: False
This is the predict step. Some useful numbers are surfaced below.
Max variance at index 116: 4124169036.0443363
Pp max index: 116, value: 4124169036.0443363
Pp max diag: 4124169036.0443363
Pp eigs: [1.12861189e+09 1.17325589e+09 1.84056956e+09 2.87779550e+09
 4.12417916e+09]
This is the update step.
log_likelihood: [[-3.14377422]], y: [[-5.08276208e-07]], cov: [[85.59880885]]
-------------------------------------------
dt_idx: 170, pulsar: 17, dt: 31.337119786055, is_first_obs: False
This is the predict step. Some useful numbers are surfaced below.
Max variance at index 116: 4124169036.0443363
Pp max index: 116, value: 4124169036.0443363
Pp max diag: 4124169036.0443363
Pp eigs: [1.17325589e+09 1.51014029e+09 1.84056956e+09 2.87779550e+09
 4.12417916e+09]
This is the update step.
log_likelihood: [[-3.15282726]], y: [[1.0607531e-05]], cov: [[87.1627846]]
-------------------------------------------
dt_idx: 171, pulsar: 28, dt: 29.060025505346278, is_first_obs: False
This is the predict step. Some useful numbers are surfaced below.
Max variance at index 116: 4124169036.0443363
Pp max index: 116, value: 4124169036.0443363
Pp max diag: 4124169036.0443363
Pp eigs: [1.17325589e+09 1.43388838e+09 1.84056956e+09 2.87779550e+09
 4.12417916e+09]
This is the update step.
log_likelihood: [[-3.14455095]], y: [[-5.71170346e-06]], cov: [[85.73188769]]
-------------------------------------------
dt_idx: 172, pulsar: 8, dt: 29.93296698692772, is_first_obs: False
This is the predict step. Some useful numbers are surfaced below.
Max variance at index 116: 4124169036.044336
Pp max index: 116, value: 4124169036.044336
Pp max diag: 4124169036.044336
Pp eigs: [1.17325589e+09 1.43388838e+09 1.84056956e+09 2.87779550e+09
 4.12417916e+09]
This is the update step.
log_likelihood: [[-3.14915259]], y: [[5.25258223e-06]], cov: [[86.52454344]]
-------------------------------------------
dt_idx: 173, pulsar: 2, dt: 29.103722460843898, is_first_obs: False
This is the predict step. Some useful numbers are surfaced below.
Max variance at index 116: 4124169036.044335
Pp max index: 116, value: 4124169036.044335
Pp max diag: 4124169036.044335
Pp eigs: [1.17325589e+09 1.43388838e+09 2.78013229e+09 2.87779550e+09
 4.12417916e+09]
This is the update step.
log_likelihood: [[-3.14399621]], y: [[4.54825028e-05]], cov: [[85.63682234]]
-------------------------------------------
dt_idx: 174, pulsar: 24, dt: 29.86948076782403, is_first_obs: False
This is the predict step. Some useful numbers are surfaced below.
Max variance at index 116: 4124169036.0443344
Pp max index: 116, value: 4124169036.0443344
Pp max diag: 4124169036.0443344
Pp eigs: [1.17325589e+09 1.43388838e+09 2.64581851e+09 2.87779550e+09
 4.12417916e+09]
This is the update step.
log_likelihood: [[-3.15242769]], y: [[-7.31754903e-06]], cov: [[87.09315618]]
-------------------------------------------
dt_idx: 175, pulsar: 18, dt: 29.789871080440502, is_first_obs: False
This is the predict step. Some useful numbers are surfaced below.
Max variance at index 116: 4124169036.044333
Pp max index: 116, value: 4124169036.044333
Pp max diag: 4124169036.044333
Pp eigs: [1.17325589e+09 1.43388838e+09 2.64581851e+09 2.87779550e+09
 4.12417916e+09]
This is the update step.
log_likelihood: [[-3.14864261]], y: [[-3.36499438e-06]], cov: [[86.43633707]]
-------------------------------------------
dt_idx: 176, pulsar: 29, dt: 30.775292719326636, is_first_obs: False
This is the predict step. Some useful numbers are surfaced below.
Max variance at index 116: 4124169036.044333
Pp max index: 116, value: 4124169036.044333
Pp max diag: 4124169036.044333
Pp eigs: [1.17325589e+09 1.43388838e+09 2.64581851e+09 2.87779550e+09
 4.12417916e+09]
This is the update step.
log_likelihood: [[-3.15352797]], y: [[8.45342531e-06]], cov: [[87.28502133]]
-------------------------------------------
dt_idx: 177, pulsar: 13, dt: 30.024591276303482, is_first_obs: False
This is the predict step. Some useful numbers are surfaced below.
Max variance at index 116: 4124169036.044332
Pp max index: 116, value: 4124169036.044332
Pp max diag: 4124169036.044332
Pp eigs: [1.17325589e+09 1.43388838e+09 2.64581851e+09 2.87779550e+09
 4.12417916e+09]
This is the update step.
log_likelihood: [[-3.14788501]], y: [[5.93674291e-07]], cov: [[86.30546724]]
-------------------------------------------
dt_idx: 178, pulsar: 19, dt: 30.374683995092354, is_first_obs: False
This is the predict step. Some useful numbers are surfaced below.
Max variance at index 116: 4124169036.0443316
Pp max index: 116, value: 4124169036.0443316
Pp max diag: 4124169036.0443316
Pp eigs: [1.17325589e+09 1.43388838e+09 2.64581851e+09 2.87779550e+09
 4.12417916e+09]
This is the update step.
log_likelihood: [[-3.15036958]], y: [[1.92747624e-06]], cov: [[86.73539898]]
-------------------------------------------
dt_idx: 179, pulsar: 6, dt: 30.23420611155254, is_first_obs: False
This is the predict step. Some useful numbers are surfaced below.
Max variance at index 116: 4124169036.044331
Pp max index: 116, value: 4124169036.044331
Pp max diag: 4124169036.044331
Pp eigs: [1.17325589e+09 1.43388838e+09 2.64581851e+09 2.87779550e+09
 4.12417916e+09]
This is the update step.
log_likelihood: [[-3.14959954]], y: [[-9.92818082e-07]], cov: [[86.60192227]]
-------------------------------------------
dt_idx: 180, pulsar: 22, dt: 31.16320550907541, is_first_obs: False
This is the predict step. Some useful numbers are surfaced below.
Max variance at index 116: 4124169036.044331
Pp max index: 116, value: 4124169036.044331
Pp max diag: 4124169036.044331
Pp eigs: [1.17325589e+09 1.43388838e+09 2.64581851e+09 2.87779550e+09
 4.12417916e+09]
This is the update step.
log_likelihood: [[-3.15337894]], y: [[8.80046042e-07]], cov: [[87.25900994]]
-------------------------------------------
dt_idx: 181, pulsar: 27, dt: 29.126916364663174, is_first_obs: False
This is the predict step. Some useful numbers are surfaced below.
Max variance at index 116: 4124169036.0443263
Pp max index: 116, value: 4124169036.0443263
Pp max diag: 4124169036.0443263
Pp eigs: [1.17325589e+09 1.43388838e+09 2.64581851e+09 2.87779550e+09
 4.12417916e+09]
This is the update step.
log_likelihood: [[-3.14842964]], y: [[-1.07412244e-05]], cov: [[86.39952753]]
-------------------------------------------
dt_idx: 182, pulsar: 21, dt: 30.567164321541785, is_first_obs: False
This is the predict step. Some useful numbers are surfaced below.
Max variance at index 116: 4124169036.044326
Pp max index: 116, value: 4124169036.044326
Pp max diag: 4124169036.044326
Pp eigs: [1.17325589e+09 1.43388838e+09 2.64581851e+09 2.87779550e+09
 4.12417916e+09]
This is the update step.
log_likelihood: [[-3.15138477]], y: [[2.9145495e-06]], cov: [[86.91168336]]
-------------------------------------------
dt_idx: 183, pulsar: 11, dt: 31.602474695664863, is_first_obs: False
This is the predict step. Some useful numbers are surfaced below.
Max variance at index 116: 4124169036.044326
Pp max index: 116, value: 4124169036.044326
Pp max diag: 4124169036.044326
Pp eigs: [1.17325589e+09 1.43388838e+09 2.64581851e+09 2.87779550e+09
 4.12417916e+09]
This is the update step.
log_likelihood: [[-3.15631656]], y: [[-4.80200737e-07]], cov: [[87.77318634]]
-------------------------------------------
dt_idx: 184, pulsar: 1, dt: 31.122152537173694, is_first_obs: False
This is the predict step. Some useful numbers are surfaced below.
Max variance at index 68: 4437097475.332533
Pp max index: 68, value: 4437097475.332533
Pp max diag: 4437097475.332533
Pp eigs: [1.17325589e+09 1.43388838e+09 2.64581851e+09 4.12417916e+09
 4.43711366e+09]
This is the update step.
log_likelihood: [[-3.14713044]], y: [[1.02893949e-05]], cov: [[86.17531942]]
-------------------------------------------
dt_idx: 185, pulsar: 5, dt: 30.770400541115688, is_first_obs: False
This is the predict step. Some useful numbers are surfaced below.
Max variance at index 68: 4191789694.0268126
Pp max index: 68, value: 4191789694.0268126
Pp max diag: 4191789694.0268126
Pp eigs: [1.17325589e+09 1.43388838e+09 2.64581851e+09 4.12417916e+09
 4.19180475e+09]
This is the update step.
log_likelihood: [[-3.14595379]], y: [[-4.94007202e-05]], cov: [[85.97276058]]
-------------------------------------------
dt_idx: 186, pulsar: 15, dt: 29.977219119193375, is_first_obs: False
This is the predict step. Some useful numbers are surfaced below.
Max variance at index 68: 4191789694.0268073
Pp max index: 68, value: 4191789694.0268073
Pp max diag: 4191789694.0268073
Pp eigs: [1.17325589e+09 1.43388838e+09 2.64581851e+09 4.12417916e+09
 4.19180475e+09]
This is the update step.
log_likelihood: [[-3.14885578]], y: [[7.21423548e-06]], cov: [[86.47319588]]
-------------------------------------------
dt_idx: 187, pulsar: 9, dt: 30.317250597808094, is_first_obs: False
This is the predict step. Some useful numbers are surfaced below.
Max variance at index 68: 4191789694.026804
Pp max index: 68, value: 4191789694.026804
Pp max diag: 4191789694.026804
Pp eigs: [1.17325589e+09 1.43388838e+09 2.64581851e+09 4.12417916e+09
 4.19180475e+09]
This is the update step.
log_likelihood: [[-3.14916314]], y: [[-2.52766543e-06]], cov: [[86.52636992]]
-------------------------------------------
dt_idx: 188, pulsar: 7, dt: 32.154558048259325, is_first_obs: False
This is the predict step. Some useful numbers are surfaced below.
Max variance at index 68: 4191789694.026804
Pp max index: 68, value: 4191789694.026804
Pp max diag: 4191789694.026804
Pp eigs: [1.29224659e+09 1.43388838e+09 2.64581851e+09 4.12417916e+09
 4.19180475e+09]
This is the update step.
log_likelihood: [[-3.15495832]], y: [[3.51256213e-06]], cov: [[87.53507455]]
-------------------------------------------
dt_idx: 189, pulsar: 4, dt: 30.901545011721275, is_first_obs: False
This is the predict step. Some useful numbers are surfaced below.
Max variance at index 68: 4191789694.0268025
Pp max index: 68, value: 4191789694.0268025
Pp max diag: 4191789694.0268025
Pp eigs: [1.43388838e+09 1.67798996e+09 2.64581851e+09 4.12417916e+09
 4.19180475e+09]
This is the update step.
log_likelihood: [[-3.15134435]], y: [[-2.40276036e-06]], cov: [[86.90465893]]
-------------------------------------------
dt_idx: 190, pulsar: 23, dt: 29.3310219036429, is_first_obs: False
This is the predict step. Some useful numbers are surfaced below.
Max variance at index 68: 4191789694.026798
Pp max index: 68, value: 4191789694.026798
Pp max diag: 4191789694.026798
Pp eigs: [1.58634915e+09 1.76694339e+09 2.64581851e+09 4.12417916e+09
 4.19180475e+09]
This is the update step.
log_likelihood: [[-3.15392568]], y: [[-1.02766834e-06]], cov: [[87.3544778]]
-------------------------------------------
dt_idx: 191, pulsar: 25, dt: 30.473323218800402, is_first_obs: False
This is the predict step. Some useful numbers are surfaced below.
Max variance at index 116: 6323591103.984797
Pp max index: 116, value: 6323591103.984797
Pp max diag: 6323591103.984797
Pp eigs: [1.58634915e+09 1.67608982e+09 2.64581851e+09 4.19180475e+09
 6.32360698e+09]
This is the update step.
log_likelihood: [[-3.15252762]], y: [[-6.10501333e-07]], cov: [[87.11056578]]
-------------------------------------------
dt_idx: 192, pulsar: 32, dt: 31.301320987145104, is_first_obs: False
This is the predict step. Some useful numbers are surfaced below.
Max variance at index 116: 5991803711.876097
Pp max index: 116, value: 5991803711.876097
Pp max diag: 5991803711.876097
Pp eigs: [1.58634915e+09 1.67608982e+09 2.64581851e+09 4.19180475e+09
 5.99181853e+09]
This is the update step.
log_likelihood: [[-3.15405693]], y: [[-4.5785701e-06]], cov: [[87.37741045]]
-------------------------------------------
dt_idx: 193, pulsar: 16, dt: 30.17829880406459, is_first_obs: False
This is the predict step. Some useful numbers are surfaced below.
Max variance at index 116: 5991803711.876097
Pp max index: 116, value: 5991803711.876097
Pp max diag: 5991803711.876097
Pp eigs: [1.58634915e+09 1.67608982e+09 2.64581851e+09 4.19180475e+09
 5.99181853e+09]
This is the update step.
log_likelihood: [[-3.1523772]], y: [[1.47765298e-06]], cov: [[87.08436269]]
-------------------------------------------
dt_idx: 194, pulsar: 14, dt: 31.669201977363336, is_first_obs: False
This is the predict step. Some useful numbers are surfaced below.
Max variance at index 116: 5991803711.876094
Pp max index: 116, value: 5991803711.876094
Pp max diag: 5991803711.876094
Pp eigs: [1.58634915e+09 1.67608982e+09 2.64581851e+09 4.19180475e+09
 5.99181853e+09]
This is the update step.
log_likelihood: [[-3.15443165]], y: [[-1.26843495e-06]], cov: [[87.44291878]]
-------------------------------------------
dt_idx: 195, pulsar: 0, dt: 30.517870114600214, is_first_obs: False
This is the predict step. Some useful numbers are surfaced below.
Max variance at index 116: 5991803711.876086
Pp max index: 116, value: 5991803711.876086
Pp max diag: 5991803711.876086
Pp eigs: [1.58634915e+09 1.67608982e+09 2.64581851e+09 4.19180475e+09
 5.99181853e+09]
This is the update step.
log_likelihood: [[-3.15751526]], y: [[-1.31078645e-07]], cov: [[87.9838658]]
-------------------------------------------
dt_idx: 196, pulsar: 26, dt: 32.212707243109186, is_first_obs: False
This is the predict step. Some useful numbers are surfaced below.
Max variance at index 116: 5991803711.8760805
Pp max index: 116, value: 5991803711.8760805
Pp max diag: 5991803711.8760805
Pp eigs: [1.58634915e+09 1.67608982e+09 2.64581851e+09 4.19180475e+09
 5.99181853e+09]
This is the update step.
log_likelihood: [[-3.15464791]], y: [[-1.24446926e-05]], cov: [[87.48074791]]
-------------------------------------------
dt_idx: 197, pulsar: 31, dt: 32.225737872123716, is_first_obs: False
This is the predict step. Some useful numbers are surfaced below.
Max variance at index 116: 5991803711.876024
Pp max index: 116, value: 5991803711.876024
Pp max diag: 5991803711.876024
Pp eigs: [1.67608982e+09 1.76989611e+09 2.64581851e+09 4.19180475e+09
 5.99181853e+09]
This is the update step.
log_likelihood: [[-3.16139742]], y: [[4.00367701e-06]], cov: [[88.66965967]]
-------------------------------------------
dt_idx: 198, pulsar: 31, dt: 26.43753943369344, is_first_obs: False
This is the predict step. Some useful numbers are surfaced below.
Max variance at index 116: 5991803711.876022
Pp max index: 116, value: 5991803711.876022
Pp max diag: 5991803711.876022
Pp eigs: [1.67608982e+09 2.25261751e+09 2.64581851e+09 4.19180475e+09
 5.99181853e+09]
This is the update step.
log_likelihood: [[-3.11783034]], y: [[8.28100973e-06]], cov: [[81.27054224]]
-------------------------------------------
dt_idx: 199, pulsar: 6, dt: 28.874981746221028, is_first_obs: False
This is the predict step. Some useful numbers are surfaced below.
Max variance at index 116: 5991803711.876021
Pp max index: 116, value: 5991803711.876021
Pp max diag: 5991803711.876021
Pp eigs: [1.67608982e+09 2.03785431e+09 2.64581851e+09 4.19180475e+09
 5.99181853e+09]
This is the update step.
log_likelihood: [[-3.1237806]], y: [[1.20822489e-05]], cov: [[82.24348117]]
-------------------------------------------
dt_idx: 200, pulsar: 22, dt: 29.013808866452287, is_first_obs: False
This is the predict step. Some useful numbers are surfaced below.
Max variance at index 116: 5991803711.87602
Pp max index: 116, value: 5991803711.87602
Pp max diag: 5991803711.87602
Pp eigs: [1.67608982e+09 2.03785431e+09 2.64581851e+09 4.19180475e+09
 5.99181853e+09]
This is the update step.
log_likelihood: [[-3.1258356]], y: [[9.13791383e-06]], cov: [[82.58219708]]
-------------------------------------------
dt_idx: 201, pulsar: 0, dt: 27.58340768083378, is_first_obs: False
This is the predict step. Some useful numbers are surfaced below.
Max variance at index 116: 5991803711.875999
Pp max index: 116, value: 5991803711.875999
Pp max diag: 5991803711.875999
Pp eigs: [1.67608982e+09 2.03785431e+09 2.64581851e+09 4.19180475e+09
 5.99181853e+09]
This is the update step.
log_likelihood: [[-3.12093883]], y: [[1.09919902e-06]], cov: [[81.77737308]]
-------------------------------------------
dt_idx: 202, pulsar: 4, dt: 28.637174808195343, is_first_obs: False
This is the predict step. Some useful numbers are surfaced below.
Max variance at index 116: 5991803711.875998
Pp max index: 116, value: 5991803711.875998
Pp max diag: 5991803711.875998
Pp eigs: [2.03785431e+09 2.18693448e+09 2.64581851e+09 4.19180475e+09
 5.99181853e+09]
This is the update step.
log_likelihood: [[-3.12344532]], y: [[1.02107349e-05]], cov: [[82.18835104]]
-------------------------------------------
dt_idx: 203, pulsar: 28, dt: 29.97849440373756, is_first_obs: False
This is the predict step. Some useful numbers are surfaced below.
Max variance at index 116: 5991803711.875995
Pp max index: 116, value: 5991803711.875995
Pp max diag: 5991803711.875995
Pp eigs: [1.95780934e+09 2.03785431e+09 2.64581851e+09 4.19180475e+09
 5.99181853e+09]
This is the update step.
log_likelihood: [[-3.12617968]], y: [[-3.30953035e-06]], cov: [[82.6390465]]
-------------------------------------------
dt_idx: 204, pulsar: 2, dt: 29.917781702732597, is_first_obs: False
This is the predict step. Some useful numbers are surfaced below.
Max variance at index 116: 5991803711.875993
Pp max index: 116, value: 5991803711.875993
Pp max diag: 5991803711.875993
Pp eigs: [1.95780934e+09 2.03785431e+09 3.72617616e+09 4.19180475e+09
 5.99181853e+09]
This is the update step.
log_likelihood: [[-3.12540672]], y: [[3.14407222e-05]], cov: [[82.51139252]]
-------------------------------------------
dt_idx: 205, pulsar: 20, dt: 30.838607030709582, is_first_obs: False
This is the predict step. Some useful numbers are surfaced below.
Max variance at index 116: 5991803711.87599
Pp max index: 116, value: 5991803711.87599
Pp max diag: 5991803711.87599
Pp eigs: [1.95780934e+09 2.03785431e+09 3.33906204e+09 4.19180475e+09
 5.99181853e+09]
This is the update step.
log_likelihood: [[-3.12733815]], y: [[-9.87356878e-06]], cov: [[82.83073862]]
-------------------------------------------
dt_idx: 206, pulsar: 18, dt: 29.94733088220711, is_first_obs: False
This is the predict step. Some useful numbers are surfaced below.
Max variance at index 116: 5991803711.87599
Pp max index: 116, value: 5991803711.87599
Pp max diag: 5991803711.87599
Pp eigs: [1.95780934e+09 2.03785431e+09 3.33906204e+09 4.19180475e+09
 5.99181853e+09]
This is the update step.
log_likelihood: [[-3.12780255]], y: [[-3.34722727e-08]], cov: [[82.90770786]]
-------------------------------------------
dt_idx: 207, pulsar: 5, dt: 29.444877683310594, is_first_obs: False
This is the predict step. Some useful numbers are surfaced below.
Max variance at index 116: 5991803711.87599
Pp max index: 116, value: 5991803711.87599
Pp max diag: 5991803711.87599
Pp eigs: [1.95780934e+09 2.03785431e+09 3.33906204e+09 4.19180475e+09
 5.99181853e+09]
This is the update step.
log_likelihood: [[-3.12495627]], y: [[-2.43400274e-06]], cov: [[82.43709131]]
-------------------------------------------
dt_idx: 208, pulsar: 19, dt: 30.041639619966347, is_first_obs: False
This is the predict step. Some useful numbers are surfaced below.
Max variance at index 116: 5991803711.875988
Pp max index: 116, value: 5991803711.875988
Pp max diag: 5991803711.875988
Pp eigs: [1.95780934e+09 2.03785431e+09 3.33906204e+09 4.19180475e+09
 5.99181853e+09]
This is the update step.
log_likelihood: [[-3.12902621]], y: [[-3.51936369e-07]], cov: [[83.1108582]]
-------------------------------------------
dt_idx: 209, pulsar: 9, dt: 29.562172272978003, is_first_obs: False
This is the predict step. Some useful numbers are surfaced below.
Max variance at index 116: 5991803711.875986
Pp max index: 116, value: 5991803711.875986
Pp max diag: 5991803711.875986
Pp eigs: [1.95780934e+09 2.03785431e+09 3.33906204e+09 4.19180475e+09
 5.99181853e+09]
This is the update step.
log_likelihood: [[-3.12640781]], y: [[-1.97536997e-06]], cov: [[82.67676077]]
-------------------------------------------
dt_idx: 210, pulsar: 24, dt: 30.53656004929984, is_first_obs: False
This is the predict step. Some useful numbers are surfaced below.
Max variance at index 116: 5991803711.875985
Pp max index: 116, value: 5991803711.875985
Pp max diag: 5991803711.875985
Pp eigs: [1.95780934e+09 2.03785431e+09 3.33906204e+09 4.19180475e+09
 5.99181853e+09]
This is the update step.
log_likelihood: [[-3.131501]], y: [[7.26885551e-06]], cov: [[83.52324128]]
-------------------------------------------
dt_idx: 211, pulsar: 26, dt: 28.49552470191761, is_first_obs: False
This is the predict step. Some useful numbers are surfaced below.
Max variance at index 116: 5991803711.8759775
Pp max index: 116, value: 5991803711.8759775
Pp max diag: 5991803711.8759775
Pp eigs: [1.95780934e+09 2.03785431e+09 3.33906204e+09 4.19180475e+09
 5.99181853e+09]
This is the update step.
log_likelihood: [[-3.12454594]], y: [[2.94729181e-05]], cov: [[82.36946603]]
-------------------------------------------
dt_idx: 212, pulsar: 11, dt: 30.006568855875067, is_first_obs: False
This is the predict step. Some useful numbers are surfaced below.
Max variance at index 116: 5991803711.87596
Pp max index: 116, value: 5991803711.87596
Pp max diag: 5991803711.87596
Pp eigs: [1.95780934e+09 2.03785431e+09 3.33906204e+09 4.19180475e+09
 5.99181853e+09]
This is the update step.
log_likelihood: [[-3.13126489]], y: [[-1.28469577e-07]], cov: [[83.48381013]]
-------------------------------------------
dt_idx: 213, pulsar: 27, dt: 30.159610079383405, is_first_obs: False
This is the predict step. Some useful numbers are surfaced below.
Max variance at index 116: 5991803711.875959
Pp max index: 116, value: 5991803711.875959
Pp max diag: 5991803711.875959
Pp eigs: [1.95780934e+09 2.03785431e+09 3.33906204e+09 4.19180475e+09
 5.99181853e+09]
This is the update step.
log_likelihood: [[-3.12832209]], y: [[1.28635851e-05]], cov: [[82.9938995]]
-------------------------------------------
dt_idx: 214, pulsar: 16, dt: 29.450612488786376, is_first_obs: False
This is the predict step. Some useful numbers are surfaced below.
Max variance at index 116: 5991803711.8759575
Pp max index: 116, value: 5991803711.8759575
Pp max diag: 5991803711.8759575
Pp eigs: [2.03785431e+09 2.06346784e+09 3.33906204e+09 4.19180475e+09
 5.99181853e+09]
This is the update step.
log_likelihood: [[-3.12700037]], y: [[5.78868558e-06]], cov: [[82.77479992]]
-------------------------------------------
dt_idx: 215, pulsar: 15, dt: 29.892265065787015, is_first_obs: False
This is the predict step. Some useful numbers are surfaced below.
Max variance at index 116: 5991803711.875957
Pp max index: 116, value: 5991803711.875957
Pp max diag: 5991803711.875957
Pp eigs: [1.95780934e+09 2.03785431e+09 3.33906204e+09 4.19180475e+09
 5.99181853e+09]
This is the update step.
log_likelihood: [[-3.12773704]], y: [[8.52853922e-07]], cov: [[82.89684584]]
-------------------------------------------
dt_idx: 216, pulsar: 17, dt: 30.897518515631003, is_first_obs: False
This is the predict step. Some useful numbers are surfaced below.
Max variance at index 116: 5991803711.875956
Pp max index: 116, value: 5991803711.875956
Pp max diag: 5991803711.875956
Pp eigs: [2.03785431e+09 2.03851602e+09 3.33906204e+09 4.19180475e+09
 5.99181853e+09]
This is the update step.
log_likelihood: [[-3.1337327]], y: [[7.16275326e-06]], cov: [[83.89687184]]
-------------------------------------------
dt_idx: 217, pulsar: 12, dt: 31.26559862644584, is_first_obs: False
This is the predict step. Some useful numbers are surfaced below.
Max variance at index 116: 5991803711.875955
Pp max index: 116, value: 5991803711.875955
Pp max diag: 5991803711.875955
Pp eigs: [1.95780934e+09 2.03785431e+09 3.33906204e+09 4.19180475e+09
 5.99181853e+09]
This is the update step.
log_likelihood: [[-3.13326396]], y: [[-1.5185375e-05]], cov: [[83.81825797]]
-------------------------------------------
dt_idx: 218, pulsar: 32, dt: 29.605281246326587, is_first_obs: False
This is the predict step. Some useful numbers are surfaced below.
Max variance at index 116: 5991803711.875954
Pp max index: 116, value: 5991803711.875954
Pp max diag: 5991803711.875954
Pp eigs: [1.95780934e+09 2.03785431e+09 3.33906204e+09 4.19180475e+09
 5.99181853e+09]
This is the update step.
log_likelihood: [[-3.12880607]], y: [[-3.16420549e-06]], cov: [[83.07427362]]
-------------------------------------------
dt_idx: 219, pulsar: 21, dt: 30.427477710103545, is_first_obs: False
This is the predict step. Some useful numbers are surfaced below.
Max variance at index 116: 5991803711.875954
Pp max index: 116, value: 5991803711.875954
Pp max diag: 5991803711.875954
Pp eigs: [1.95780934e+09 2.03785431e+09 3.33906204e+09 4.19180475e+09
 5.99181853e+09]
This is the update step.
log_likelihood: [[-3.13098871]], y: [[-3.36652271e-06]], cov: [[83.43770957]]
-------------------------------------------
dt_idx: 220, pulsar: 29, dt: 30.939784084867547, is_first_obs: False
This is the predict step. Some useful numbers are surfaced below.
Max variance at index 116: 5991803711.875954
Pp max index: 116, value: 5991803711.875954
Pp max diag: 5991803711.875954
Pp eigs: [1.95780934e+09 2.03785431e+09 3.33906204e+09 4.19180475e+09
 5.99181853e+09]
This is the update step.
log_likelihood: [[-3.1341255]], y: [[-6.78479711e-06]], cov: [[83.96280804]]
-------------------------------------------
dt_idx: 221, pulsar: 1, dt: 30.460245068426484, is_first_obs: False
This is the predict step. Some useful numbers are surfaced below.
Max variance at index 116: 5991803711.87595
Pp max index: 116, value: 5991803711.87595
Pp max diag: 5991803711.87595
Pp eigs: [1.95780934e+09 2.03785431e+09 3.33906204e+09 5.89137747e+09
 5.99181853e+09]
This is the update step.
log_likelihood: [[-3.13016922]], y: [[2.59728306e-05]], cov: [[83.30106911]]
-------------------------------------------
dt_idx: 222, pulsar: 13, dt: 30.99036141352521, is_first_obs: False
This is the predict step. Some useful numbers are surfaced below.
Max variance at index 116: 5991803711.875947
Pp max index: 116, value: 5991803711.875947
Pp max diag: 5991803711.875947
Pp eigs: [1.95780934e+09 2.03785431e+09 3.33906204e+09 5.22315996e+09
 5.99181853e+09]
This is the update step.
log_likelihood: [[-3.13228982]], y: [[4.0897527e-07]], cov: [[83.65511496]]
-------------------------------------------
dt_idx: 223, pulsar: 7, dt: 30.242893187988685, is_first_obs: False
This is the predict step. Some useful numbers are surfaced below.
Max variance at index 116: 5991803711.875944
Pp max index: 116, value: 5991803711.875944
Pp max diag: 5991803711.875944
Pp eigs: [1.95780934e+09 2.03785431e+09 3.33906204e+09 5.22315996e+09
 5.99181853e+09]
This is the update step.
log_likelihood: [[-3.13263261]], y: [[-5.00541188e-07]], cov: [[83.71248777]]
-------------------------------------------
dt_idx: 224, pulsar: 23, dt: 30.27591815089738, is_first_obs: False
This is the predict step. Some useful numbers are surfaced below.
Max variance at index 116: 5991803711.875942
Pp max index: 116, value: 5991803711.875942
Pp max diag: 5991803711.875942
Pp eigs: [2.03785431e+09 2.35854583e+09 3.33906204e+09 5.22315996e+09
 5.99181853e+09]
This is the update step.
log_likelihood: [[-3.13112227]], y: [[-4.07817508e-07]], cov: [[83.45999949]]
-------------------------------------------
dt_idx: 225, pulsar: 8, dt: 31.548379011772294, is_first_obs: False
This is the predict step. Some useful numbers are surfaced below.
Max variance at index 116: 5991803711.875941
Pp max index: 116, value: 5991803711.875941
Pp max diag: 5991803711.875941
Pp eigs: [2.03785431e+09 2.10558756e+09 3.33906204e+09 5.22315996e+09
 5.99181853e+09]
This is the update step.
log_likelihood: [[-3.13470676]], y: [[6.76953759e-06]], cov: [[84.06047219]]
-------------------------------------------
dt_idx: 226, pulsar: 10, dt: 32.11341172530695, is_first_obs: False
This is the predict step. Some useful numbers are surfaced below.
Max variance at index 116: 5991803711.875936
Pp max index: 116, value: 5991803711.875936
Pp max diag: 5991803711.875936
Pp eigs: [2.03785431e+09 2.10558756e+09 3.33906204e+09 5.22315996e+09
 5.99181853e+09]
This is the update step.
log_likelihood: [[-3.13395656]], y: [[-1.6780135e-06]], cov: [[83.93444266]]
-------------------------------------------
dt_idx: 227, pulsar: 3, dt: 32.15080883265645, is_first_obs: False
This is the predict step. Some useful numbers are surfaced below.
Max variance at index 116: 5991803711.875936
Pp max index: 116, value: 5991803711.875936
Pp max diag: 5991803711.875936
Pp eigs: [2.03785431e+09 2.10558756e+09 3.33906204e+09 5.22315996e+09
 5.99181853e+09]
This is the update step.
log_likelihood: [[-3.13536248]], y: [[4.76505229e-07]], cov: [[84.17078535]]
-------------------------------------------
dt_idx: 228, pulsar: 25, dt: 30.95189289715555, is_first_obs: False
This is the predict step. Some useful numbers are surfaced below.
Max variance at index 116: 8489594586.114711
Pp max index: 116, value: 8489594586.114711
Pp max diag: 8489594586.114711
Pp eigs: [2.03785431e+09 2.10558756e+09 3.33906204e+09 5.22315996e+09
 8.48961607e+09]
This is the update step.
log_likelihood: [[-3.13388729]], y: [[4.33198531e-08]], cov: [[83.92281543]]
-------------------------------------------
dt_idx: 229, pulsar: 14, dt: 30.70349939726017, is_first_obs: False
This is the predict step. Some useful numbers are surfaced below.
Max variance at index 116: 7545506295.87799
Pp max index: 116, value: 7545506295.87799
Pp max diag: 7545506295.87799
Pp eigs: [2.03785431e+09 2.10558756e+09 3.33906204e+09 5.22315996e+09
 7.54552508e+09]
This is the update step.
log_likelihood: [[-3.13434659]], y: [[-2.87226226e-08]], cov: [[83.99994232]]
-------------------------------------------
dt_idx: 230, pulsar: 30, dt: 33.8287226418323, is_first_obs: False
This is the predict step. Some useful numbers are surfaced below.
Max variance at index 116: 7545506295.87797
Pp max index: 116, value: 7545506295.87797
Pp max diag: 7545506295.87797
Pp eigs: [2.03785431e+09 2.10558756e+09 3.33906204e+09 5.22315996e+09
 7.54552508e+09]
This is the update step.
log_likelihood: [[-3.14069103]], y: [[-1.69056177e-05]], cov: [[85.07259905]]
-------------------------------------------
dt_idx: 231, pulsar: 13, dt: 27.277711204996812, is_first_obs: False
This is the predict step. Some useful numbers are surfaced below.
Max variance at index 116: 7545506295.877962
Pp max index: 116, value: 7545506295.877962
Pp max diag: 7545506295.877962
Pp eigs: [2.03785431e+09 2.10558756e+09 3.33906204e+09 5.22315996e+09
 7.54552508e+09]
This is the update step.
log_likelihood: [[-3.11792431]], y: [[3.30788526e-05]], cov: [[81.28581695]]
-------------------------------------------
dt_idx: 232, pulsar: 14, dt: 26.229241540343672, is_first_obs: False
This is the predict step. Some useful numbers are surfaced below.
Max variance at index 116: 7545506295.877955
Pp max index: 116, value: 7545506295.877955
Pp max diag: 7545506295.877955
Pp eigs: [2.03785431e+09 2.10558756e+09 3.33906204e+09 5.22315996e+09
 7.54552508e+09]
This is the update step.
log_likelihood: [[-3.11397935]], y: [[-2.336057e-07]], cov: [[80.64700188]]
-------------------------------------------
dt_idx: 233, pulsar: 31, dt: 30.224266349441475, is_first_obs: False
This is the predict step. Some useful numbers are surfaced below.
Max variance at index 116: 7545506295.877952
Pp max index: 116, value: 7545506295.877952
Pp max diag: 7545506295.877952
Pp eigs: [2.10558756e+09 2.71767924e+09 3.33906204e+09 5.22315996e+09
 7.54552508e+09]
This is the update step.
log_likelihood: [[-3.12342622]], y: [[3.15112349e-06]], cov: [[82.18521062]]
-------------------------------------------
dt_idx: 234, pulsar: 6, dt: 30.128404999607138, is_first_obs: False
This is the predict step. Some useful numbers are surfaced below.
Max variance at index 116: 7545506295.877946
Pp max index: 116, value: 7545506295.877946
Pp max diag: 7545506295.877946
Pp eigs: [2.10558756e+09 2.27310953e+09 3.33906204e+09 5.22315996e+09
 7.54552508e+09]
This is the update step.
log_likelihood: [[-3.12691878]], y: [[5.20851053e-06]], cov: [[82.76129447]]
-------------------------------------------
dt_idx: 235, pulsar: 26, dt: 29.238037043721587, is_first_obs: False
This is the predict step. Some useful numbers are surfaced below.
Max variance at index 116: 7545506295.877943
Pp max index: 116, value: 7545506295.877943
Pp max diag: 7545506295.877943
Pp eigs: [2.10558756e+09 2.27310953e+09 3.33906204e+09 5.22315996e+09
 7.54552508e+09]
This is the update step.
log_likelihood: [[-3.12310016]], y: [[-1.76296989e-06]], cov: [[82.13163325]]
-------------------------------------------
dt_idx: 236, pulsar: 11, dt: 29.21017618852633, is_first_obs: False
This is the predict step. Some useful numbers are surfaced below.
Max variance at index 116: 7545506295.8778925
Pp max index: 116, value: 7545506295.8778925
Pp max diag: 7545506295.8778925
Pp eigs: [2.10558756e+09 2.27310953e+09 3.33906204e+09 5.22315996e+09
 7.54552508e+09]
This is the update step.
log_likelihood: [[-3.12555817]], y: [[-1.640479e-06]], cov: [[82.53638868]]
-------------------------------------------
dt_idx: 237, pulsar: 23, dt: 28.518932185161994, is_first_obs: False
This is the predict step. Some useful numbers are surfaced below.
Max variance at index 116: 7545506295.877889
Pp max index: 116, value: 7545506295.877889
Pp max diag: 7545506295.877889
Pp eigs: [2.27310953e+09 2.75653239e+09 3.33906204e+09 5.22315996e+09
 7.54552508e+09]
This is the update step.
log_likelihood: [[-3.1224157]], y: [[9.05328212e-09]], cov: [[82.01927899]]
-------------------------------------------
dt_idx: 238, pulsar: 28, dt: 30.298545394363224, is_first_obs: False
This is the predict step. Some useful numbers are surfaced below.
Max variance at index 116: 7545506295.877888
Pp max index: 116, value: 7545506295.877888
Pp max diag: 7545506295.877888
Pp eigs: [2.27310953e+09 2.31087464e+09 3.33906204e+09 5.22315996e+09
 7.54552508e+09]
This is the update step.
log_likelihood: [[-3.12914026]], y: [[-4.25129772e-06]], cov: [[83.12981735]]
-------------------------------------------
dt_idx: 239, pulsar: 16, dt: 29.526477207022683, is_first_obs: False
This is the predict step. Some useful numbers are surfaced below.
Max variance at index 116: 7545506295.877883
Pp max index: 116, value: 7545506295.877883
Pp max diag: 7545506295.877883
Pp eigs: [2.31087464e+09 2.43933777e+09 3.33906204e+09 5.22315996e+09
 7.54552508e+09]
This is the update step.
log_likelihood: [[-3.12545429]], y: [[4.98800239e-06]], cov: [[82.51924366]]
-------------------------------------------
dt_idx: 240, pulsar: 2, dt: 30.416823976735273, is_first_obs: False
This is the predict step. Some useful numbers are surfaced below.
Max variance at index 116: 7545506295.877879
Pp max index: 116, value: 7545506295.877879
Pp max diag: 7545506295.877879
Pp eigs: [2.27310953e+09 2.31087464e+09 4.46100425e+09 5.22315996e+09
 7.54552508e+09]
This is the update step.
log_likelihood: [[-3.12901476]], y: [[-2.253815e-05]], cov: [[83.10895417]]
-------------------------------------------
dt_idx: 241, pulsar: 22, dt: 30.872260439980913, is_first_obs: False
This is the predict step. Some useful numbers are surfaced below.
Max variance at index 116: 7545506295.877869
Pp max index: 116, value: 7545506295.877869
Pp max diag: 7545506295.877869
Pp eigs: [2.27310953e+09 2.31087464e+09 3.70361995e+09 5.22315996e+09
 7.54552508e+09]
This is the update step.
log_likelihood: [[-3.13129355]], y: [[-1.39191918e-06]], cov: [[83.48859478]]
-------------------------------------------
dt_idx: 242, pulsar: 32, dt: 29.65585149572955, is_first_obs: False
This is the predict step. Some useful numbers are surfaced below.
Max variance at index 116: 7545506295.877797
Pp max index: 116, value: 7545506295.877797
Pp max diag: 7545506295.877797
Pp eigs: [2.27310953e+09 2.31087464e+09 3.70361995e+09 5.22315996e+09
 7.54552508e+09]
This is the update step.
log_likelihood: [[-3.12701258]], y: [[2.78052074e-06]], cov: [[82.77682205]]
-------------------------------------------
dt_idx: 243, pulsar: 10, dt: 28.661731826751318, is_first_obs: False
This is the predict step. Some useful numbers are surfaced below.
Max variance at index 116: 7545506295.877797
Pp max index: 116, value: 7545506295.877797
Pp max diag: 7545506295.877797
Pp eigs: [2.27310953e+09 2.31087464e+09 3.70361995e+09 5.22315996e+09
 7.54552508e+09]
This is the update step.
log_likelihood: [[-3.12581393]], y: [[-4.01829775e-06]], cov: [[82.57861938]]
-------------------------------------------
dt_idx: 244, pulsar: 0, dt: 31.135395979870246, is_first_obs: False
This is the predict step. Some useful numbers are surfaced below.
Max variance at index 116: 7545506295.877796
Pp max index: 116, value: 7545506295.877796
Pp max diag: 7545506295.877796
Pp eigs: [2.27310953e+09 2.31087464e+09 3.70361995e+09 5.22315996e+09
 7.54552508e+09]
This is the update step.
log_likelihood: [[-3.1293677]], y: [[-9.02130896e-07]], cov: [[83.16764016]]
-------------------------------------------
dt_idx: 245, pulsar: 24, dt: 30.12077747200374, is_first_obs: False
This is the predict step. Some useful numbers are surfaced below.
Max variance at index 116: 7545506295.8777895
Pp max index: 116, value: 7545506295.8777895
Pp max diag: 7545506295.8777895
Pp eigs: [2.27310953e+09 2.31087464e+09 3.70361995e+09 5.22315996e+09
 7.54552508e+09]
This is the update step.
log_likelihood: [[-3.13008266]], y: [[-2.93817142e-06]], cov: [[83.28664831]]
-------------------------------------------
dt_idx: 246, pulsar: 5, dt: 30.540882472440046, is_first_obs: False
This is the predict step. Some useful numbers are surfaced below.
Max variance at index 116: 7545506295.877768
Pp max index: 116, value: 7545506295.877768
Pp max diag: 7545506295.877768
Pp eigs: [2.27310953e+09 2.31087464e+09 3.70361995e+09 5.22315996e+09
 7.54552508e+09]
This is the update step.
log_likelihood: [[-3.12999553]], y: [[-1.66669616e-05]], cov: [[83.27213692]]
-------------------------------------------
dt_idx: 247, pulsar: 18, dt: 30.665474277370503, is_first_obs: False
This is the predict step. Some useful numbers are surfaced below.
Max variance at index 116: 7545506295.877761
Pp max index: 116, value: 7545506295.877761
Pp max diag: 7545506295.877761
Pp eigs: [2.27310953e+09 2.31087464e+09 3.70361995e+09 5.22315996e+09
 7.54552508e+09]
This is the update step.
log_likelihood: [[-3.13156834]], y: [[2.15910151e-06]], cov: [[83.53449112]]
-------------------------------------------
dt_idx: 248, pulsar: 8, dt: 29.349032323194873, is_first_obs: False
This is the predict step. Some useful numbers are surfaced below.
Max variance at index 116: 7545506295.87776
Pp max index: 116, value: 7545506295.87776
Pp max diag: 7545506295.87776
Pp eigs: [2.27310953e+09 2.31087464e+09 3.70361995e+09 5.22315996e+09
 7.54552508e+09]
This is the update step.
log_likelihood: [[-3.12838958]], y: [[-6.27938245e-06]], cov: [[83.00510385]]
-------------------------------------------
dt_idx: 249, pulsar: 7, dt: 29.637137413433305, is_first_obs: False
This is the predict step. Some useful numbers are surfaced below.
Max variance at index 116: 7545506295.877747
Pp max index: 116, value: 7545506295.877747
Pp max diag: 7545506295.877747
Pp eigs: [2.27310953e+09 2.31087464e+09 3.70361995e+09 5.22315996e+09
 7.54552508e+09]
This is the update step.
log_likelihood: [[-3.12915313]], y: [[1.49931256e-05]], cov: [[83.13195727]]
-------------------------------------------
dt_idx: 250, pulsar: 21, dt: 30.09458310983799, is_first_obs: False
This is the predict step. Some useful numbers are surfaced below.
Max variance at index 116: 7545506295.877743
Pp max index: 116, value: 7545506295.877743
Pp max diag: 7545506295.877743
Pp eigs: [2.27310953e+09 2.31087464e+09 3.70361995e+09 5.22315996e+09
 7.54552508e+09]
This is the update step.
log_likelihood: [[-3.13019318]], y: [[-2.71797213e-06]], cov: [[83.30505987]]
-------------------------------------------
dt_idx: 251, pulsar: 12, dt: 30.378145402416035, is_first_obs: False
This is the predict step. Some useful numbers are surfaced below.
Max variance at index 116: 7545506295.877742
Pp max index: 116, value: 7545506295.877742
Pp max diag: 7545506295.877742
Pp eigs: [2.27310953e+09 2.31087464e+09 3.70361995e+09 5.22315996e+09
 7.54552508e+09]
This is the update step.
log_likelihood: [[-3.1330704]], y: [[1.51949398e-05]], cov: [[83.78581535]]
-------------------------------------------
dt_idx: 252, pulsar: 3, dt: 29.345155924084008, is_first_obs: False
This is the predict step. Some useful numbers are surfaced below.
Max variance at index 116: 7545506295.877739
Pp max index: 116, value: 7545506295.877739
Pp max diag: 7545506295.877739
Pp eigs: [2.27310953e+09 2.31087464e+09 3.70361995e+09 5.22315996e+09
 7.54552508e+09]
This is the update step.
log_likelihood: [[-3.12944201]], y: [[1.9020792e-07]], cov: [[83.18000128]]
-------------------------------------------
dt_idx: 253, pulsar: 15, dt: 30.518322814658834, is_first_obs: False
This is the predict step. Some useful numbers are surfaced below.
Max variance at index 116: 7545506295.877737
Pp max index: 116, value: 7545506295.877737
Pp max diag: 7545506295.877737
Pp eigs: [2.27310953e+09 2.31087464e+09 3.70361995e+09 5.22315996e+09
 7.54552508e+09]
This is the update step.
log_likelihood: [[-3.13081491]], y: [[1.08263343e-05]], cov: [[83.40871081]]
-------------------------------------------
dt_idx: 254, pulsar: 30, dt: 28.81130167012965, is_first_obs: False
This is the predict step. Some useful numbers are surfaced below.
Max variance at index 116: 7545506295.877733
Pp max index: 116, value: 7545506295.877733
Pp max diag: 7545506295.877733
Pp eigs: [2.27310953e+09 2.31087464e+09 3.70361995e+09 5.22315996e+09
 7.54552508e+09]
This is the update step.
log_likelihood: [[-3.12966064]], y: [[9.44938878e-06]], cov: [[83.21638086]]
-------------------------------------------
dt_idx: 255, pulsar: 29, dt: 30.263822403770906, is_first_obs: False
This is the predict step. Some useful numbers are surfaced below.
Max variance at index 116: 7545506295.877732
Pp max index: 116, value: 7545506295.877732
Pp max diag: 7545506295.877732
Pp eigs: [2.27310953e+09 2.31087464e+09 3.70361995e+09 5.22315996e+09
 7.54552508e+09]
This is the update step.
log_likelihood: [[-3.13224516]], y: [[4.13515632e-06]], cov: [[83.64764352]]
-------------------------------------------
dt_idx: 256, pulsar: 19, dt: 31.141327495144473, is_first_obs: False
This is the predict step. Some useful numbers are surfaced below.
Max variance at index 116: 7545506295.877725
Pp max index: 116, value: 7545506295.877725
Pp max diag: 7545506295.877725
Pp eigs: [2.27310953e+09 2.31087464e+09 3.70361995e+09 5.22315996e+09
 7.54552508e+09]
This is the update step.
log_likelihood: [[-3.13443229]], y: [[-1.70135548e-06]], cov: [[84.01434081]]
-------------------------------------------
dt_idx: 257, pulsar: 4, dt: 31.759743615885576, is_first_obs: False
This is the predict step. Some useful numbers are surfaced below.
Max variance at index 116: 7545506295.877719
Pp max index: 116, value: 7545506295.877719
Pp max diag: 7545506295.877719
Pp eigs: [2.31087464e+09 2.63554837e+09 3.70361995e+09 5.22315996e+09
 7.54552508e+09]
This is the update step.
log_likelihood: [[-3.13484256]], y: [[-6.20209441e-06]], cov: [[84.08330594]]
-------------------------------------------
dt_idx: 258, pulsar: 25, dt: 29.50620517717467, is_first_obs: False
This is the predict step. Some useful numbers are surfaced below.
Max variance at index 116: 9952806664.737526
Pp max index: 116, value: 9952806664.737526
Pp max diag: 9952806664.737526
Pp eigs: [2.27310953e+09 2.31087464e+09 3.70361995e+09 5.22315996e+09
 9.95283200e+09]
This is the update step.
log_likelihood: [[-3.12872226]], y: [[6.32797742e-07]], cov: [[83.06035069]]
-------------------------------------------
dt_idx: 259, pulsar: 17, dt: 30.91506895755176, is_first_obs: False
This is the predict step. Some useful numbers are surfaced below.
Max variance at index 116: 8267626446.791662
Pp max index: 116, value: 8267626446.791662
Pp max diag: 8267626446.791662
Pp eigs: [2.31087464e+09 2.43311157e+09 3.70361995e+09 5.22315996e+09
 8.26764715e+09]
This is the update step.
log_likelihood: [[-3.13530209]], y: [[3.01663029e-06]], cov: [[84.1606192]]
-------------------------------------------
dt_idx: 260, pulsar: 9, dt: 31.298775958683756, is_first_obs: False
This is the predict step. Some useful numbers are surfaced below.
Max variance at index 116: 8267626446.791649
Pp max index: 116, value: 8267626446.791649
Pp max diag: 8267626446.791649
Pp eigs: [2.27310953e+09 2.31087464e+09 3.70361995e+09 5.22315996e+09
 8.26764715e+09]
This is the update step.
log_likelihood: [[-3.13396331]], y: [[2.12843814e-06]], cov: [[83.93557652]]
-------------------------------------------
dt_idx: 261, pulsar: 1, dt: 30.906840661444043, is_first_obs: False
This is the predict step. Some useful numbers are surfaced below.
Max variance at index 116: 8267626446.791617
Pp max index: 116, value: 8267626446.791617
Pp max diag: 8267626446.791617
Pp eigs: [2.27310953e+09 2.31087464e+09 3.70361995e+09 6.96332391e+09
 8.26764715e+09]
This is the update step.
log_likelihood: [[-3.13457112]], y: [[4.97107822e-06]], cov: [[84.03767228]]
-------------------------------------------
dt_idx: 262, pulsar: 20, dt: 32.143990691922326, is_first_obs: False
This is the predict step. Some useful numbers are surfaced below.
Max variance at index 116: 8267626446.79158
Pp max index: 116, value: 8267626446.79158
Pp max diag: 8267626446.79158
Pp eigs: [2.27310953e+09 2.31087464e+09 3.70361995e+09 5.71006011e+09
 8.26764715e+09]
This is the update step.
log_likelihood: [[-3.13850503]], y: [[-9.39768709e-06]], cov: [[84.70147309]]
-------------------------------------------
dt_idx: 263, pulsar: 27, dt: 32.191350271635585, is_first_obs: False
This is the predict step. Some useful numbers are surfaced below.
Max variance at index 116: 8267626446.791575
Pp max index: 116, value: 8267626446.791575
Pp max diag: 8267626446.791575
Pp eigs: [2.27310953e+09 2.31087464e+09 3.70361995e+09 5.71006011e+09
 8.26764715e+09]
This is the update step.
log_likelihood: [[-3.1390951]], y: [[2.3484656e-06]], cov: [[84.80149099]]
-------------------------------------------
dt_idx: 264, pulsar: 22, dt: 28.702424447966944, is_first_obs: False
This is the predict step. Some useful numbers are surfaced below.
Max variance at index 116: 8267626446.791536
Pp max index: 116, value: 8267626446.791536
Pp max diag: 8267626446.791536
Pp eigs: [2.27310953e+09 2.31087464e+09 3.70361995e+09 5.71006011e+09
 8.26764715e+09]
This is the update step.
log_likelihood: [[-3.13067998]], y: [[-1.73693139e-06]], cov: [[83.38620502]]
-------------------------------------------
dt_idx: 265, pulsar: 10, dt: 28.642397428320514, is_first_obs: False
This is the predict step. Some useful numbers are surfaced below.
Max variance at index 116: 8267626446.791451
Pp max index: 116, value: 8267626446.791451
Pp max diag: 8267626446.791451
Pp eigs: [2.27310953e+09 2.31087464e+09 3.70361995e+09 5.71006011e+09
 8.26764715e+09]
This is the update step.
log_likelihood: [[-3.12780582]], y: [[-4.66732828e-06]], cov: [[82.90825043]]
-------------------------------------------
dt_idx: 266, pulsar: 23, dt: 29.330491866723253, is_first_obs: False
This is the predict step. Some useful numbers are surfaced below.
Max variance at index 116: 8267626446.7914505
Pp max index: 116, value: 8267626446.7914505
Pp max diag: 8267626446.7914505
Pp eigs: [2.27310953e+09 2.93198563e+09 3.70361995e+09 5.71006011e+09
 8.26764715e+09]
This is the update step.
log_likelihood: [[-3.12903879]], y: [[-7.96516216e-07]], cov: [[83.1129483]]
-------------------------------------------
dt_idx: 267, pulsar: 28, dt: 29.048428368700872, is_first_obs: False
This is the predict step. Some useful numbers are surfaced below.
Max variance at index 116: 8267626446.791449
Pp max index: 116, value: 8267626446.791449
Pp max diag: 8267626446.791449
Pp eigs: [2.27310953e+09 2.29658624e+09 3.70361995e+09 5.71006011e+09
 8.26764715e+09]
This is the update step.
log_likelihood: [[-3.13148178]], y: [[1.57165191e-06]], cov: [[83.52003021]]
-------------------------------------------
dt_idx: 268, pulsar: 24, dt: 28.85359016366579, is_first_obs: False
This is the predict step. Some useful numbers are surfaced below.
Max variance at index 116: 8267626446.791444
Pp max index: 116, value: 8267626446.791444
Pp max diag: 8267626446.791444
Pp eigs: [2.27310953e+09 2.29658624e+09 3.70361995e+09 5.71006011e+09
 8.26764715e+09]
This is the update step.
log_likelihood: [[-3.13045372]], y: [[-8.79398681e-06]], cov: [[83.34848081]]
-------------------------------------------
dt_idx: 269, pulsar: 27, dt: 26.773891921098585, is_first_obs: False
This is the predict step. Some useful numbers are surfaced below.
Max variance at index 116: 8267626446.791421
Pp max index: 116, value: 8267626446.791421
Pp max diag: 8267626446.791421
Pp eigs: [2.27310953e+09 2.29658624e+09 3.70361995e+09 5.71006011e+09
 8.26764715e+09]
This is the update step.
log_likelihood: [[-3.12485635]], y: [[6.76544662e-06]], cov: [[82.42061858]]
-------------------------------------------
dt_idx: 270, pulsar: 11, dt: 30.11976393505379, is_first_obs: False
This is the predict step. Some useful numbers are surfaced below.
Max variance at index 116: 8267626446.791417
Pp max index: 116, value: 8267626446.791417
Pp max diag: 8267626446.791417
Pp eigs: [2.27310953e+09 2.29658624e+09 3.70361995e+09 5.71006011e+09
 8.26764715e+09]
This is the update step.
log_likelihood: [[-3.1344068]], y: [[-2.20059231e-06]], cov: [[84.01005777]]
-------------------------------------------
dt_idx: 271, pulsar: 29, dt: 28.607743744530058, is_first_obs: False
This is the predict step. Some useful numbers are surfaced below.
Max variance at index 116: 8267626446.791412
Pp max index: 116, value: 8267626446.791412
Pp max diag: 8267626446.791412
Pp eigs: [2.27310953e+09 2.29658624e+09 3.70361995e+09 5.71006011e+09
 8.26764715e+09]
This is the update step.
log_likelihood: [[-3.13018432]], y: [[-2.0180226e-06]], cov: [[83.30358379]]
-------------------------------------------
dt_idx: 272, pulsar: 14, dt: 31.482077496272545, is_first_obs: False
This is the predict step. Some useful numbers are surfaced below.
Max variance at index 116: 8267626446.791407
Pp max index: 116, value: 8267626446.791407
Pp max diag: 8267626446.791407
Pp eigs: [2.27310953e+09 2.29658624e+09 3.70361995e+09 5.71006011e+09
 8.26764715e+09]
This is the update step.
log_likelihood: [[-3.13555732]], y: [[-2.56450898e-06]], cov: [[84.20359196]]
-------------------------------------------
dt_idx: 273, pulsar: 2, dt: 29.790359065974197, is_first_obs: False
This is the predict step. Some useful numbers are surfaced below.
Max variance at index 116: 8267626446.791401
Pp max index: 116, value: 8267626446.791401
Pp max diag: 8267626446.791401
Pp eigs: [2.27310953e+09 2.29658624e+09 4.71805211e+09 5.71006011e+09
 8.26764715e+09]
This is the update step.
log_likelihood: [[-3.13499512]], y: [[1.41021542e-05]], cov: [[84.10896648]]
-------------------------------------------
dt_idx: 274, pulsar: 5, dt: 29.660624209554104, is_first_obs: False
This is the predict step. Some useful numbers are surfaced below.
Max variance at index 116: 8267626446.7913885
Pp max index: 116, value: 8267626446.7913885
Pp max diag: 8267626446.7913885
Pp eigs: [2.27310953e+09 2.29658624e+09 3.66424461e+09 5.71006011e+09
 8.26764715e+09]
This is the update step.
log_likelihood: [[-3.1351479]], y: [[-8.38598024e-07]], cov: [[84.13467004]]
-------------------------------------------
dt_idx: 275, pulsar: 0, dt: 29.801290604030644, is_first_obs: False
This is the predict step. Some useful numbers are surfaced below.
Max variance at index 116: 8267626446.791382
Pp max index: 116, value: 8267626446.791382
Pp max diag: 8267626446.791382
Pp eigs: [2.27310953e+09 2.29658624e+09 3.66424461e+09 5.71006011e+09
 8.26764715e+09]
This is the update step.
log_likelihood: [[-3.13520776]], y: [[-3.57786725e-06]], cov: [[84.14474345]]
-------------------------------------------
dt_idx: 276, pulsar: 13, dt: 31.98707847310437, is_first_obs: False
This is the predict step. Some useful numbers are surfaced below.
Max variance at index 116: 8267626446.791374
Pp max index: 116, value: 8267626446.791374
Pp max diag: 8267626446.791374
Pp eigs: [2.27310953e+09 2.29658624e+09 3.66424461e+09 5.71006011e+09
 8.26764715e+09]
This is the update step.
log_likelihood: [[-3.14042356]], y: [[-1.79347762e-05]], cov: [[85.02710238]]
-------------------------------------------
dt_idx: 277, pulsar: 20, dt: 28.41365924419076, is_first_obs: False
This is the predict step. Some useful numbers are surfaced below.
Max variance at index 116: 8267626446.791364
Pp max index: 116, value: 8267626446.791364
Pp max diag: 8267626446.791364
Pp eigs: [2.27310953e+09 2.29658624e+09 3.66424461e+09 5.71006011e+09
 8.26764715e+09]
This is the update step.
log_likelihood: [[-3.13281969]], y: [[7.11074232e-07]], cov: [[83.74381432]]
-------------------------------------------
dt_idx: 278, pulsar: 31, dt: 31.359926669288562, is_first_obs: False
This is the predict step. Some useful numbers are surfaced below.
Max variance at index 116: 8267626446.791363
Pp max index: 116, value: 8267626446.791363
Pp max diag: 8267626446.791363
Pp eigs: [2.29658624e+09 2.93058052e+09 3.66424461e+09 5.71006011e+09
 8.26764715e+09]
This is the update step.
log_likelihood: [[-3.14032126]], y: [[-9.02446605e-06]], cov: [[85.00970717]]
-------------------------------------------
dt_idx: 279, pulsar: 26, dt: 30.91151507395285, is_first_obs: False
This is the predict step. Some useful numbers are surfaced below.
Max variance at index 116: 8267626446.791357
Pp max index: 116, value: 8267626446.791357
Pp max diag: 8267626446.791357
Pp eigs: [2.25623424e+09 2.29658624e+09 3.66424461e+09 5.71006011e+09
 8.26764715e+09]
This is the update step.
log_likelihood: [[-3.13786714]], y: [[-3.38624488e-06]], cov: [[84.59348173]]
-------------------------------------------
dt_idx: 280, pulsar: 4, dt: 29.317998125840116, is_first_obs: False
This is the predict step. Some useful numbers are surfaced below.
Max variance at index 116: 8267626446.791285
Pp max index: 116, value: 8267626446.791285
Pp max diag: 8267626446.791285
Pp eigs: [2.29658624e+09 2.73410849e+09 3.66424461e+09 5.71006011e+09
 8.26764715e+09]
This is the update step.
log_likelihood: [[-3.13581505]], y: [[7.43796237e-06]], cov: [[84.24700691]]
-------------------------------------------
dt_idx: 281, pulsar: 17, dt: 29.24335497246848, is_first_obs: False
This is the predict step. Some useful numbers are surfaced below.
Max variance at index 116: 8267626446.791275
Pp max index: 116, value: 8267626446.791275
Pp max diag: 8267626446.791275
Pp eigs: [2.29658624e+09 2.54316043e+09 3.66424461e+09 5.71006011e+09
 8.26764715e+09]
This is the update step.
log_likelihood: [[-3.13487237]], y: [[-8.28147563e-06]], cov: [[84.08832049]]
-------------------------------------------
dt_idx: 282, pulsar: 15, dt: 29.774106464761275, is_first_obs: False
This is the predict step. Some useful numbers are surfaced below.
Max variance at index 116: 8267626446.791273
Pp max index: 116, value: 8267626446.791273
Pp max diag: 8267626446.791273
Pp eigs: [2.25623424e+09 2.29658624e+09 3.66424461e+09 5.71006011e+09
 8.26764715e+09]
This is the update step.
log_likelihood: [[-3.13578749]], y: [[-7.37217412e-06]], cov: [[84.2423619]]
-------------------------------------------
dt_idx: 283, pulsar: 19, dt: 29.680508474840057, is_first_obs: False
This is the predict step. Some useful numbers are surfaced below.
Max variance at index 116: 8267626446.79127
Pp max index: 116, value: 8267626446.79127
Pp max diag: 8267626446.79127
Pp eigs: [2.25623424e+09 2.29658624e+09 3.66424461e+09 5.71006011e+09
 8.26764715e+09]
This is the update step.
log_likelihood: [[-3.13704152]], y: [[1.93139169e-06]], cov: [[84.45391237]]
-------------------------------------------
dt_idx: 284, pulsar: 1, dt: 29.208597359039164, is_first_obs: False
This is the predict step. Some useful numbers are surfaced below.
Max variance at index 116: 8267626446.791266
Pp max index: 116, value: 8267626446.791266
Pp max diag: 8267626446.791266
Pp eigs: [2.25623424e+09 2.29658624e+09 3.66424461e+09 7.20517522e+09
 8.26764715e+09]
This is the update step.
log_likelihood: [[-3.13480003]], y: [[-7.5925071e-06]], cov: [[84.07615439]]
-------------------------------------------
dt_idx: 285, pulsar: 18, dt: 30.58585640452526, is_first_obs: False
This is the predict step. Some useful numbers are surfaced below.
Max variance at index 116: 8267626446.791264
Pp max index: 116, value: 8267626446.791264
Pp max diag: 8267626446.791264
Pp eigs: [2.25623424e+09 2.29658624e+09 3.66424461e+09 5.57662774e+09
 8.26764715e+09]
This is the update step.
log_likelihood: [[-3.14028282]], y: [[-2.95155654e-06]], cov: [[85.00317242]]
-------------------------------------------
dt_idx: 286, pulsar: 12, dt: 30.122670554794645, is_first_obs: False
This is the predict step. Some useful numbers are surfaced below.
Max variance at index 116: 8267626446.791263
Pp max index: 116, value: 8267626446.791263
Pp max diag: 8267626446.791263
Pp eigs: [2.25623424e+09 2.29658624e+09 3.66424461e+09 5.57662774e+09
 8.26764715e+09]
This is the update step.
log_likelihood: [[-3.1384748]], y: [[-9.56795535e-07]], cov: [[84.69635172]]
-------------------------------------------
dt_idx: 287, pulsar: 7, dt: 30.428771483765708, is_first_obs: False
This is the predict step. Some useful numbers are surfaced below.
Max variance at index 116: 8267626446.791261
Pp max index: 116, value: 8267626446.791261
Pp max diag: 8267626446.791261
Pp eigs: [2.25623424e+09 2.29658624e+09 3.66424461e+09 5.57662774e+09
 8.26764715e+09]
This is the update step.
log_likelihood: [[-3.13798951]], y: [[-1.74706609e-05]], cov: [[84.61418681]]
-------------------------------------------
dt_idx: 288, pulsar: 21, dt: 30.29116019202603, is_first_obs: False
This is the predict step. Some useful numbers are surfaced below.
Max variance at index 116: 8267626446.791258
Pp max index: 116, value: 8267626446.791258
Pp max diag: 8267626446.791258
Pp eigs: [2.25623424e+09 2.29658624e+09 3.66424461e+09 5.57662774e+09
 8.26764715e+09]
This is the update step.
log_likelihood: [[-3.13793314]], y: [[2.94545063e-06]], cov: [[84.60464824]]
-------------------------------------------
dt_idx: 289, pulsar: 8, dt: 30.586491950341948, is_first_obs: False
This is the predict step. Some useful numbers are surfaced below.
Max variance at index 116: 8267626446.791257
Pp max index: 116, value: 8267626446.791257
Pp max diag: 8267626446.791257
Pp eigs: [2.25623424e+09 2.29658624e+09 3.66424461e+09 5.57662774e+09
 8.26764715e+09]
This is the update step.
log_likelihood: [[-3.13838084]], y: [[3.85217977e-06]], cov: [[84.68043815]]
-------------------------------------------
dt_idx: 290, pulsar: 3, dt: 30.293502221780795, is_first_obs: False
This is the predict step. Some useful numbers are surfaced below.
Max variance at index 116: 8267626446.7912445
Pp max index: 116, value: 8267626446.7912445
Pp max diag: 8267626446.7912445
Pp eigs: [2.25623424e+09 2.29658624e+09 3.66424461e+09 5.57662774e+09
 8.26764715e+09]
This is the update step.
log_likelihood: [[-3.13773406]], y: [[6.74214802e-07]], cov: [[84.57096938]]
-------------------------------------------
dt_idx: 291, pulsar: 9, dt: 29.82393524016495, is_first_obs: False
This is the predict step. Some useful numbers are surfaced below.
Max variance at index 116: 8267626446.791243
Pp max index: 116, value: 8267626446.791243
Pp max diag: 8267626446.791243
Pp eigs: [2.25623424e+09 2.29658624e+09 3.66424461e+09 5.57662774e+09
 8.26764715e+09]
This is the update step.
log_likelihood: [[-3.13771231]], y: [[5.81717855e-06]], cov: [[84.56729103]]
-------------------------------------------
dt_idx: 292, pulsar: 32, dt: 31.43887248933315, is_first_obs: False
This is the predict step. Some useful numbers are surfaced below.
Max variance at index 116: 8267626446.791239
Pp max index: 116, value: 8267626446.791239
Pp max diag: 8267626446.791239
Pp eigs: [2.25623424e+09 2.29658624e+09 3.66424461e+09 5.57662774e+09
 8.26764715e+09]
This is the update step.
log_likelihood: [[-3.14220657]], y: [[-5.79484989e-06]], cov: [[85.33085213]]
-------------------------------------------
dt_idx: 293, pulsar: 6, dt: 32.6636293909064, is_first_obs: False
This is the predict step. Some useful numbers are surfaced below.
Max variance at index 116: 8267626446.791238
Pp max index: 116, value: 8267626446.791238
Pp max diag: 8267626446.791238
Pp eigs: [2.25623424e+09 2.29658624e+09 3.66424461e+09 5.57662774e+09
 8.26764715e+09]
This is the update step.
log_likelihood: [[-3.14866505]], y: [[-9.76628763e-06]], cov: [[86.44021652]]
-------------------------------------------
dt_idx: 294, pulsar: 30, dt: 30.817698136733636, is_first_obs: False
This is the predict step. Some useful numbers are surfaced below.
Max variance at index 116: 8267626446.791235
Pp max index: 116, value: 8267626446.791235
Pp max diag: 8267626446.791235
Pp eigs: [2.25623424e+09 2.29658624e+09 3.66424461e+09 5.57662774e+09
 8.26764715e+09]
This is the update step.
log_likelihood: [[-3.14014539]], y: [[9.58976463e-06]], cov: [[84.97981186]]
-------------------------------------------
dt_idx: 295, pulsar: 16, dt: 32.09786152085772, is_first_obs: False
This is the predict step. Some useful numbers are surfaced below.
Max variance at index 116: 8267626446.791234
Pp max index: 116, value: 8267626446.791234
Pp max diag: 8267626446.791234
Pp eigs: [2.29658624e+09 2.63106237e+09 3.66424461e+09 5.57662774e+09
 8.26764715e+09]
This is the update step.
log_likelihood: [[-3.14497544]], y: [[7.73935323e-07]], cov: [[85.80470341]]
-------------------------------------------
dt_idx: 296, pulsar: 25, dt: 31.191637928607285, is_first_obs: False
This is the predict step. Some useful numbers are surfaced below.
Max variance at index 116: 10615736083.801315
Pp max index: 116, value: 10615736083.801315
Pp max diag: 10615736083.801315
Pp eigs: [2.25623424e+09 2.29658624e+09 3.66424461e+09 5.57662774e+09
 1.06157633e+10]
This is the update step.
log_likelihood: [[-3.14140505]], y: [[-2.4159856e-07]], cov: [[85.19417296]]
-------------------------------------------
dt_idx: 297, pulsar: 18, dt: 26.02620349354214, is_first_obs: False
This is the predict step. Some useful numbers are surfaced below.
Max variance at index 116: 8162360323.638887
Pp max index: 116, value: 8162360323.638887
Pp max diag: 8162360323.638887
Pp eigs: [2.25623424e+09 2.29658624e+09 3.66424461e+09 5.57662774e+09
 8.16238089e+09]
This is the update step.
log_likelihood: [[-3.12214197]], y: [[3.53395396e-06]], cov: [[81.97438897]]
-------------------------------------------
dt_idx: 298, pulsar: 15, dt: 27.215853952633008, is_first_obs: False
This is the predict step. Some useful numbers are surfaced below.
Max variance at index 116: 8162360323.638886
Pp max index: 116, value: 8162360323.638886
Pp max diag: 8162360323.638886
Pp eigs: [2.25623424e+09 2.29658624e+09 3.66424461e+09 5.57662774e+09
 8.16238089e+09]
This is the update step.
log_likelihood: [[-3.12588627]], y: [[-3.43414294e-06]], cov: [[82.59056771]]
-------------------------------------------
dt_idx: 299, pulsar: 29, dt: 28.87097912711126, is_first_obs: False
This is the predict step. Some useful numbers are surfaced below.
Max variance at index 116: 8162360323.638885
Pp max index: 116, value: 8162360323.638885
Pp max diag: 8162360323.638885
Pp eigs: [2.25623424e+09 2.29658624e+09 3.66424461e+09 5.57662774e+09
 8.16238089e+09]
This is the update step.
log_likelihood: [[-3.13122995]], y: [[-1.88038269e-06]], cov: [[83.47797596]]
-------------------------------------------
dt_idx: 300, pulsar: 31, dt: 28.390731085461596, is_first_obs: False
This is the predict step. Some useful numbers are surfaced below.
Max variance at index 116: 8162360323.638879
Pp max index: 116, value: 8162360323.638879
Pp max diag: 8162360323.638879
Pp eigs: [2.29658624e+09 2.75612634e+09 3.66424461e+09 5.57662774e+09
 8.16238089e+09]
This is the update step.
log_likelihood: [[-3.13432983]], y: [[5.43651549e-05]], cov: [[83.99712661]]
-------------------------------------------
dt_idx: 301, pulsar: 28, dt: 29.88216575929412, is_first_obs: False
This is the predict step. Some useful numbers are surfaced below.
Max variance at index 116: 8162360323.638872
Pp max index: 116, value: 8162360323.638872
Pp max diag: 8162360323.638872
Pp eigs: [2.11484009e+09 2.29658624e+09 3.66424461e+09 5.57662774e+09
 8.16238089e+09]
This is the update step.
log_likelihood: [[-3.13714294]], y: [[8.88052982e-06]], cov: [[84.47104518]]
-------------------------------------------
dt_idx: 302, pulsar: 27, dt: 29.752996258691503, is_first_obs: False
This is the predict step. Some useful numbers are surfaced below.
Max variance at index 116: 8162360323.638868
Pp max index: 116, value: 8162360323.638868
Pp max diag: 8162360323.638868
Pp eigs: [2.11484009e+09 2.29658624e+09 3.66424461e+09 5.57662774e+09
 8.16238089e+09]
This is the update step.
log_likelihood: [[-3.13291757]], y: [[6.25212174e-06]], cov: [[83.76020979]]
-------------------------------------------
dt_idx: 303, pulsar: 24, dt: 30.0680906302951, is_first_obs: False
This is the predict step. Some useful numbers are surfaced below.
Max variance at index 116: 8162360323.638864
Pp max index: 116, value: 8162360323.638864
Pp max diag: 8162360323.638864
Pp eigs: [2.11484009e+09 2.29658624e+09 3.66424461e+09 5.57662774e+09
 8.16238089e+09]
This is the update step.
log_likelihood: [[-3.13755092]], y: [[2.10799235e-06]], cov: [[84.53999746]]
-------------------------------------------
dt_idx: 304, pulsar: 32, dt: 27.67004296287342, is_first_obs: False
This is the predict step. Some useful numbers are surfaced below.
Max variance at index 116: 8162360323.638838
Pp max index: 116, value: 8162360323.638838
Pp max diag: 8162360323.638838
Pp eigs: [2.11484009e+09 2.29658624e+09 3.66424461e+09 5.57662774e+09
 8.16238089e+09]
This is the update step.
log_likelihood: [[-3.13109493]], y: [[-2.50779244e-06]], cov: [[83.45543702]]
-------------------------------------------
dt_idx: 305, pulsar: 0, dt: 29.187347604996628, is_first_obs: False
This is the predict step. Some useful numbers are surfaced below.
Max variance at index 116: 8162360323.638838
Pp max index: 116, value: 8162360323.638838
Pp max diag: 8162360323.638838
Pp eigs: [2.11484009e+09 2.29658624e+09 3.66424461e+09 5.57662774e+09
 8.16238089e+09]
This is the update step.
log_likelihood: [[-3.13559177]], y: [[-1.69551869e-06]], cov: [[84.2093933]]
-------------------------------------------
dt_idx: 306, pulsar: 11, dt: 29.80191223805701, is_first_obs: False
This is the predict step. Some useful numbers are surfaced below.
Max variance at index 116: 8162360323.63883
Pp max index: 116, value: 8162360323.63883
Pp max diag: 8162360323.63883
Pp eigs: [2.11484009e+09 2.29658624e+09 3.66424461e+09 5.57662774e+09
 8.16238089e+09]
This is the update step.
log_likelihood: [[-3.13816255]], y: [[-9.20882808e-06]], cov: [[84.64347503]]
-------------------------------------------
dt_idx: 307, pulsar: 13, dt: 29.310906474148783, is_first_obs: False
This is the predict step. Some useful numbers are surfaced below.
Max variance at index 116: 8162360323.638825
Pp max index: 116, value: 8162360323.638825
Pp max diag: 8162360323.638825
Pp eigs: [2.11484009e+09 2.29658624e+09 3.66424461e+09 5.57662774e+09
 8.16238089e+09]
This is the update step.
log_likelihood: [[-3.13879995]], y: [[-1.32013192e-06]], cov: [[84.75144764]]
-------------------------------------------
dt_idx: 308, pulsar: 25, dt: 27.07779180979287, is_first_obs: False
This is the predict step. Some useful numbers are surfaced below.
Max variance at index 116: 9866860579.089344
Pp max index: 116, value: 9866860579.089344
Pp max diag: 9866860579.089344
Pp eigs: [2.11484009e+09 2.29658624e+09 3.66424461e+09 5.57662774e+09
 9.86688595e+09]
This is the update step.
log_likelihood: [[-3.12751081]], y: [[-8.5637737e-07]], cov: [[82.85934611]]
-------------------------------------------
dt_idx: 309, pulsar: 22, dt: 30.907297825758103, is_first_obs: False
This is the predict step. Some useful numbers are surfaced below.
Max variance at index 116: 7420572852.97736
Pp max index: 116, value: 7420572852.97736
Pp max diag: 7420572852.97736
Pp eigs: [2.11484009e+09 2.29658624e+09 3.66424461e+09 5.57662774e+09
 7.42059163e+09]
This is the update step.
log_likelihood: [[-3.14177379]], y: [[7.80435026e-07]], cov: [[85.25702481]]
-------------------------------------------
dt_idx: 310, pulsar: 26, dt: 29.25148280137115, is_first_obs: False
This is the predict step. Some useful numbers are surfaced below.
Max variance at index 116: 7420572852.977034
Pp max index: 116, value: 7420572852.977034
Pp max diag: 7420572852.977034
Pp eigs: [2.11484009e+09 2.29658624e+09 3.66424461e+09 5.57662774e+09
 7.42059163e+09]
This is the update step.
log_likelihood: [[-3.13723573]], y: [[4.61913662e-06]], cov: [[84.4867233]]
-------------------------------------------
dt_idx: 311, pulsar: 2, dt: 29.982864739111175, is_first_obs: False
This is the predict step. Some useful numbers are surfaced below.
Max variance at index 116: 7420572852.976788
Pp max index: 116, value: 7420572852.976788
Pp max diag: 7420572852.976788
Pp eigs: [2.11484009e+09 2.29658624e+09 4.52949774e+09 5.57662774e+09
 7.42059163e+09]
This is the update step.
log_likelihood: [[-3.1392614]], y: [[2.69130404e-06]], cov: [[84.82970143]]
-------------------------------------------
dt_idx: 312, pulsar: 9, dt: 28.571599545809956, is_first_obs: False
This is the predict step. Some useful numbers are surfaced below.
Max variance at index 116: 7420572852.976751
Pp max index: 116, value: 7420572852.976751
Pp max diag: 7420572852.976751
Pp eigs: [2.11484009e+09 2.29658624e+09 3.34467132e+09 5.57662774e+09
 7.42059163e+09]
This is the update step.
log_likelihood: [[-3.13331629]], y: [[5.42942658e-06]], cov: [[83.8270303]]
-------------------------------------------
dt_idx: 313, pulsar: 12, dt: 28.8893738366829, is_first_obs: False
This is the predict step. Some useful numbers are surfaced below.
Max variance at index 116: 7420572852.976742
Pp max index: 116, value: 7420572852.976742
Pp max diag: 7420572852.976742
Pp eigs: [2.11484009e+09 2.29658624e+09 3.34467132e+09 5.57662774e+09
 7.42059163e+09]
This is the update step.
log_likelihood: [[-3.13502978]], y: [[-1.05699402e-05]], cov: [[84.11479595]]
-------------------------------------------
dt_idx: 314, pulsar: 16, dt: 27.959883279800415, is_first_obs: False
This is the predict step. Some useful numbers are surfaced below.
Max variance at index 116: 7420572852.976735
Pp max index: 116, value: 7420572852.976735
Pp max diag: 7420572852.976735
Pp eigs: [2.29658624e+09 2.44411373e+09 3.34467132e+09 5.57662774e+09
 7.42059163e+09]
This is the update step.
log_likelihood: [[-3.13394816]], y: [[-1.11606866e-06]], cov: [[83.93303336]]
-------------------------------------------
dt_idx: 315, pulsar: 7, dt: 29.112857656136704, is_first_obs: False
This is the predict step. Some useful numbers are surfaced below.
Max variance at index 116: 7420572852.976723
Pp max index: 116, value: 7420572852.976723
Pp max diag: 7420572852.976723
Pp eigs: [2.11484009e+09 2.29658624e+09 3.34467132e+09 5.57662774e+09
 7.42059163e+09]
This is the update step.
log_likelihood: [[-3.13589128]], y: [[1.02066625e-05]], cov: [[84.25985179]]
-------------------------------------------
dt_idx: 316, pulsar: 14, dt: 30.506444843179647, is_first_obs: False
This is the predict step. Some useful numbers are surfaced below.
Max variance at index 116: 7420572852.976712
Pp max index: 116, value: 7420572852.976712
Pp max diag: 7420572852.976712
Pp eigs: [2.11484009e+09 2.29658624e+09 3.34467132e+09 5.57662774e+09
 7.42059163e+09]
This is the update step.
log_likelihood: [[-3.14254349]], y: [[-1.58257816e-06]], cov: [[85.38836965]]
-------------------------------------------
dt_idx: 317, pulsar: 20, dt: 30.014108056867563, is_first_obs: False
This is the predict step. Some useful numbers are surfaced below.
Max variance at index 116: 7420572852.97668
Pp max index: 116, value: 7420572852.97668
Pp max diag: 7420572852.97668
Pp eigs: [2.11484009e+09 2.29658624e+09 3.34467132e+09 5.57662774e+09
 7.42059163e+09]
This is the update step.
log_likelihood: [[-3.13813399]], y: [[2.14208603e-06]], cov: [[84.63864181]]
-------------------------------------------
dt_idx: 318, pulsar: 4, dt: 29.781599447131157, is_first_obs: False
This is the predict step. Some useful numbers are surfaced below.
Max variance at index 116: 7420572852.976678
Pp max index: 116, value: 7420572852.976678
Pp max diag: 7420572852.976678
Pp eigs: [2.29658624e+09 2.60277151e+09 3.34467132e+09 5.57662774e+09
 7.42059163e+09]
This is the update step.
log_likelihood: [[-3.13840574]], y: [[-3.0663684e-06]], cov: [[84.6846556]]
-------------------------------------------
dt_idx: 319, pulsar: 1, dt: 29.389326686196856, is_first_obs: False
This is the predict step. Some useful numbers are surfaced below.
Max variance at index 116: 7420572852.976644
Pp max index: 116, value: 7420572852.976644
Pp max diag: 7420572852.976644
Pp eigs: [2.05022508e+09 2.29658624e+09 3.34467132e+09 6.84247827e+09
 7.42059163e+09]
This is the update step.
log_likelihood: [[-3.13554655]], y: [[-3.2664213e-05]], cov: [[84.20177806]]
-------------------------------------------
dt_idx: 320, pulsar: 17, dt: 29.841481154550003, is_first_obs: False
This is the predict step. Some useful numbers are surfaced below.
Max variance at index 116: 7420572852.97663
Pp max index: 116, value: 7420572852.97663
Pp max diag: 7420572852.97663
Pp eigs: [2.29658624e+09 2.44184987e+09 3.34467132e+09 5.06691109e+09
 7.42059163e+09]
This is the update step.
log_likelihood: [[-3.13801149]], y: [[4.21293991e-07]], cov: [[84.61790702]]
-------------------------------------------
dt_idx: 321, pulsar: 30, dt: 28.77301268134956, is_first_obs: False
This is the predict step. Some useful numbers are surfaced below.
Max variance at index 116: 7420572852.9766245
Pp max index: 116, value: 7420572852.9766245
Pp max diag: 7420572852.9766245
Pp eigs: [2.05022508e+09 2.29658624e+09 3.34467132e+09 5.06691109e+09
 7.42059163e+09]
This is the update step.
log_likelihood: [[-3.13510007]], y: [[-7.28569559e-06]], cov: [[84.12662319]]
-------------------------------------------
dt_idx: 322, pulsar: 6, dt: 28.901464421009575, is_first_obs: False
This is the predict step. Some useful numbers are surfaced below.
Max variance at index 116: 7420572852.976623
Pp max index: 116, value: 7420572852.976623
Pp max diag: 7420572852.976623
Pp eigs: [2.05022508e+09 2.29658624e+09 3.34467132e+09 5.06691109e+09
 7.42059163e+09]
This is the update step.
log_likelihood: [[-3.13994724]], y: [[4.94153725e-06]], cov: [[84.94614127]]
-------------------------------------------
dt_idx: 323, pulsar: 10, dt: 31.843936670875106, is_first_obs: False
This is the predict step. Some useful numbers are surfaced below.
Max variance at index 116: 7420572852.976618
Pp max index: 116, value: 7420572852.976618
Pp max diag: 7420572852.976618
Pp eigs: [2.05022508e+09 2.29658624e+09 3.34467132e+09 5.06691109e+09
 7.42059163e+09]
This is the update step.
log_likelihood: [[-3.14519421]], y: [[5.7739961e-08]], cov: [[85.84225457]]
-------------------------------------------
dt_idx: 324, pulsar: 3, dt: 29.937112100621064, is_first_obs: False
This is the predict step. Some useful numbers are surfaced below.
Max variance at index 116: 7420572852.976614
Pp max index: 116, value: 7420572852.976614
Pp max diag: 7420572852.976614
Pp eigs: [2.05022508e+09 2.29658624e+09 3.34467132e+09 5.06691109e+09
 7.42059163e+09]
This is the update step.
log_likelihood: [[-3.14012582]], y: [[-2.1072539e-07]], cov: [[84.97648554]]
-------------------------------------------
dt_idx: 325, pulsar: 19, dt: 30.52221939780094, is_first_obs: False
This is the predict step. Some useful numbers are surfaced below.
Max variance at index 116: 7420572852.976608
Pp max index: 116, value: 7420572852.976608
Pp max diag: 7420572852.976608
Pp eigs: [2.05022508e+09 2.29658624e+09 3.34467132e+09 5.06691109e+09
 7.42059163e+09]
This is the update step.
log_likelihood: [[-3.14253389]], y: [[-2.21883274e-06]], cov: [[85.38673116]]
-------------------------------------------
dt_idx: 326, pulsar: 21, dt: 30.335744024746948, is_first_obs: False
This is the predict step. Some useful numbers are surfaced below.
Max variance at index 116: 7420572852.976596
Pp max index: 116, value: 7420572852.976596
Pp max diag: 7420572852.976596
Pp eigs: [2.05022508e+09 2.29658624e+09 3.34467132e+09 5.06691109e+09
 7.42059163e+09]
This is the update step.
log_likelihood: [[-3.14224652]], y: [[1.11303974e-06]], cov: [[85.33766964]]
-------------------------------------------
dt_idx: 327, pulsar: 5, dt: 31.79967970004788, is_first_obs: False
This is the predict step. Some useful numbers are surfaced below.
Max variance at index 116: 7420572852.976593
Pp max index: 116, value: 7420572852.976593
Pp max diag: 7420572852.976593
Pp eigs: [2.05022508e+09 2.29658624e+09 3.34467132e+09 5.06691109e+09
 7.42059163e+09]
This is the update step.
log_likelihood: [[-3.14836857]], y: [[8.41724753e-05]], cov: [[86.38897517]]
-------------------------------------------
dt_idx: 328, pulsar: 8, dt: 31.046224488472497, is_first_obs: False
This is the predict step. Some useful numbers are surfaced below.
Max variance at index 116: 7420572852.976572
Pp max index: 116, value: 7420572852.976572
Pp max diag: 7420572852.976572
Pp eigs: [2.05022508e+09 2.29658624e+09 3.34467132e+09 5.06691109e+09
 7.42059163e+09]
This is the update step.
log_likelihood: [[-3.14612053]], y: [[1.18138987e-05]], cov: [[86.00143624]]
-------------------------------------------
dt_idx: 329, pulsar: 23, dt: 33.90307648982163, is_first_obs: False
This is the predict step. Some useful numbers are surfaced below.
Max variance at index 116: 7420572852.976538
Pp max index: 116, value: 7420572852.976538
Pp max diag: 7420572852.976538
Pp eigs: [2.05022508e+09 2.91290514e+09 3.34467132e+09 5.06691109e+09
 7.42059163e+09]
This is the update step.
log_likelihood: [[-3.15650853]], y: [[7.64566936e-08]], cov: [[87.80689116]]
-------------------------------------------
dt_idx: 330, pulsar: 13, dt: 29.177428889451203, is_first_obs: False
This is the predict step. Some useful numbers are surfaced below.
Max variance at index 116: 7420572852.976527
Pp max index: 116, value: 7420572852.976527
Pp max diag: 7420572852.976527
Pp eigs: [2.05022508e+09 2.09060837e+09 3.34467132e+09 5.06691109e+09
 7.42059163e+09]
This is the update step.
log_likelihood: [[-3.1321007]], y: [[2.22738389e-06]], cov: [[83.62347935]]
-------------------------------------------
dt_idx: 331, pulsar: 30, dt: 28.199418739411566, is_first_obs: False
This is the predict step. Some useful numbers are surfaced below.
Max variance at index 116: 7420572852.976527
Pp max index: 116, value: 7420572852.976527
Pp max diag: 7420572852.976527
Pp eigs: [2.05022508e+09 2.09060837e+09 3.34467132e+09 5.06691109e+09
 7.42059163e+09]
This is the update step.
log_likelihood: [[-3.12521954]], y: [[1.10366762e-05]], cov: [[82.48050865]]
-------------------------------------------
dt_idx: 332, pulsar: 2, dt: 29.114603344080624, is_first_obs: False
This is the predict step. Some useful numbers are surfaced below.
Max variance at index 116: 7420572852.976526
Pp max index: 116, value: 7420572852.976526
Pp max diag: 7420572852.976526
Pp eigs: [2.05022508e+09 2.09060837e+09 4.01178153e+09 5.06691109e+09
 7.42059163e+09]
This is the update step.
log_likelihood: [[-3.13213176]], y: [[-5.31779867e-06]], cov: [[83.62867353]]
-------------------------------------------
dt_idx: 333, pulsar: 31, dt: 30.364104441139432, is_first_obs: False
This is the predict step. Some useful numbers are surfaced below.
Max variance at index 116: 7420572852.976526
Pp max index: 116, value: 7420572852.976526
Pp max diag: 7420572852.976526
Pp eigs: [2.09060837e+09 2.47755990e+09 2.90135212e+09 5.06691109e+09
 7.42059163e+09]
This is the update step.
log_likelihood: [[-3.13605958]], y: [[-4.55067991e-06]], cov: [[84.28821741]]
-------------------------------------------
dt_idx: 334, pulsar: 18, dt: 32.07978226027003, is_first_obs: False
This is the predict step. Some useful numbers are surfaced below.
Max variance at index 116: 7420572852.976526
Pp max index: 116, value: 7420572852.976526
Pp max diag: 7420572852.976526
Pp eigs: [1.91986993e+09 2.09060837e+09 2.90135212e+09 5.06691109e+09
 7.42059163e+09]
This is the update step.
log_likelihood: [[-3.13795514]], y: [[-1.46585444e-06]], cov: [[84.60837144]]
-------------------------------------------
dt_idx: 335, pulsar: 29, dt: 30.816654970623826, is_first_obs: False
This is the predict step. Some useful numbers are surfaced below.
Max variance at index 116: 7420572852.976526
Pp max index: 116, value: 7420572852.976526
Pp max diag: 7420572852.976526
Pp eigs: [1.91986993e+09 2.09060837e+09 2.90135212e+09 5.06691109e+09
 7.42059163e+09]
This is the update step.
log_likelihood: [[-3.13681576]], y: [[-3.0618542e-06]], cov: [[84.41578816]]
-------------------------------------------
dt_idx: 336, pulsar: 28, dt: 30.65945997573711, is_first_obs: False
This is the predict step. Some useful numbers are surfaced below.
Max variance at index 116: 7420572852.976526
Pp max index: 116, value: 7420572852.976526
Pp max diag: 7420572852.976526
Pp eigs: [1.91986993e+09 2.09060837e+09 2.90135212e+09 5.06691109e+09
 7.42059163e+09]
This is the update step.
log_likelihood: [[-3.13858237]], y: [[-7.89433474e-06]], cov: [[84.71457505]]
-------------------------------------------
dt_idx: 337, pulsar: 1, dt: 29.190425490770075, is_first_obs: False
This is the predict step. Some useful numbers are surfaced below.
Max variance at index 116: 7420572852.976526
Pp max index: 116, value: 7420572852.976526
Pp max diag: 7420572852.976526
Pp eigs: [1.91986993e+09 2.09060837e+09 2.90135212e+09 6.06597673e+09
 7.42059163e+09]
This is the update step.
log_likelihood: [[-3.12998561]], y: [[-2.1718647e-05]], cov: [[83.27048361]]
-------------------------------------------
dt_idx: 338, pulsar: 7, dt: 29.46610696804744, is_first_obs: False
This is the predict step. Some useful numbers are surfaced below.
Max variance at index 116: 7420572852.976522
Pp max index: 116, value: 7420572852.976522
Pp max diag: 7420572852.976522
Pp eigs: [1.91986993e+09 2.09060837e+09 2.90135212e+09 4.39048912e+09
 7.42059163e+09]
This is the update step.
log_likelihood: [[-3.13160834]], y: [[-8.36567652e-06]], cov: [[83.54117354]]
-------------------------------------------
dt_idx: 339, pulsar: 14, dt: 29.477254910215184, is_first_obs: False
This is the predict step. Some useful numbers are surfaced below.
Max variance at index 116: 7420572852.976521
Pp max index: 116, value: 7420572852.976521
Pp max diag: 7420572852.976521
Pp eigs: [1.91986993e+09 2.09060837e+09 2.90135212e+09 4.39048912e+09
 7.42059163e+09]
This is the update step.
log_likelihood: [[-3.13526559]], y: [[-3.94486808e-07]], cov: [[84.15447547]]
-------------------------------------------
dt_idx: 340, pulsar: 17, dt: 29.331601130200756, is_first_obs: False
This is the predict step. Some useful numbers are surfaced below.
Max variance at index 116: 7420572852.976521
Pp max index: 116, value: 7420572852.976521
Pp max diag: 7420572852.976521
Pp eigs: [2.09060837e+09 2.17051069e+09 2.90135212e+09 4.39048912e+09
 7.42059163e+09]
This is the update step.
log_likelihood: [[-3.13234241]], y: [[-3.06104258e-06]], cov: [[83.66391477]]
-------------------------------------------
dt_idx: 341, pulsar: 27, dt: 30.780045515232615, is_first_obs: False
This is the predict step. Some useful numbers are surfaced below.
Max variance at index 116: 7420572852.976521
Pp max index: 116, value: 7420572852.976521
Pp max diag: 7420572852.976521
Pp eigs: [1.91986993e+09 2.09060837e+09 2.90135212e+09 4.39048912e+09
 7.42059163e+09]
This is the update step.
log_likelihood: [[-3.13743786]], y: [[-4.86733059e-06]], cov: [[84.52088413]]
-------------------------------------------
dt_idx: 342, pulsar: 16, dt: 29.912005104047278, is_first_obs: False
This is the predict step. Some useful numbers are surfaced below.
Max variance at index 116: 7420572852.97652
Pp max index: 116, value: 7420572852.97652
Pp max diag: 7420572852.97652
Pp eigs: [2.09060837e+09 2.18930786e+09 2.90135212e+09 4.39048912e+09
 7.42059163e+09]
This is the update step.
log_likelihood: [[-3.13312509]], y: [[-9.72848593e-07]], cov: [[83.79498074]]
-------------------------------------------
dt_idx: 343, pulsar: 11, dt: 30.531671718325878, is_first_obs: False
This is the predict step. Some useful numbers are surfaced below.
Max variance at index 116: 7420572852.976519
Pp max index: 116, value: 7420572852.976519
Pp max diag: 7420572852.976519
Pp eigs: [1.91986993e+09 2.09060837e+09 2.90135212e+09 4.39048912e+09
 7.42059163e+09]
This is the update step.
log_likelihood: [[-3.138625]], y: [[4.49341735e-07]], cov: [[84.72179941]]
-------------------------------------------
dt_idx: 344, pulsar: 21, dt: 28.76776098627735, is_first_obs: False
This is the predict step. Some useful numbers are surfaced below.
Max variance at index 116: 7420572852.976519
Pp max index: 116, value: 7420572852.976519
Pp max diag: 7420572852.976519
Pp eigs: [1.91986993e+09 2.09060837e+09 2.90135212e+09 4.39048912e+09
 7.42059163e+09]
This is the update step.
log_likelihood: [[-3.13153209]], y: [[-2.89440797e-07]], cov: [[83.52843512]]
-------------------------------------------
dt_idx: 345, pulsar: 26, dt: 30.532777238918673, is_first_obs: False
This is the predict step. Some useful numbers are surfaced below.
Max variance at index 116: 7420572852.976519
Pp max index: 116, value: 7420572852.976519
Pp max diag: 7420572852.976519
Pp eigs: [1.91986993e+09 2.09060837e+09 2.90135212e+09 4.39048912e+09
 7.42059163e+09]
This is the update step.
log_likelihood: [[-3.13782883]], y: [[-1.29526486e-05]], cov: [[84.58700081]]
-------------------------------------------
dt_idx: 346, pulsar: 9, dt: 30.571678787282217, is_first_obs: False
This is the predict step. Some useful numbers are surfaced below.
Max variance at index 116: 7420572852.976513
Pp max index: 116, value: 7420572852.976513
Pp max diag: 7420572852.976513
Pp eigs: [1.91986993e+09 2.09060837e+09 2.90135212e+09 4.39048912e+09
 7.42059163e+09]
This is the update step.
log_likelihood: [[-3.13598193]], y: [[-4.15119614e-06]], cov: [[84.27512847]]
-------------------------------------------
dt_idx: 347, pulsar: 3, dt: 29.2386419111711, is_first_obs: False
This is the predict step. Some useful numbers are surfaced below.
Max variance at index 116: 7420572852.97651
Pp max index: 116, value: 7420572852.97651
Pp max diag: 7420572852.97651
Pp eigs: [1.91986993e+09 2.09060837e+09 2.90135212e+09 4.39048912e+09
 7.42059163e+09]
This is the update step.
log_likelihood: [[-3.13262034]], y: [[-5.23333675e-07]], cov: [[83.71043337]]
-------------------------------------------
dt_idx: 348, pulsar: 32, dt: 31.21598170177804, is_first_obs: False
This is the predict step. Some useful numbers are surfaced below.
Max variance at index 116: 7420572852.976509
Pp max index: 116, value: 7420572852.976509
Pp max diag: 7420572852.976509
Pp eigs: [1.91986993e+09 2.09060837e+09 2.90135212e+09 4.39048912e+09
 7.42059163e+09]
This is the update step.
log_likelihood: [[-3.13796673]], y: [[4.30589323e-06]], cov: [[84.61033324]]
-------------------------------------------
dt_idx: 349, pulsar: 15, dt: 32.613077112116194, is_first_obs: False
This is the predict step. Some useful numbers are surfaced below.
Max variance at index 116: 7420572852.976509
Pp max index: 116, value: 7420572852.976509
Pp max diag: 7420572852.976509
Pp eigs: [1.91986993e+09 2.09060837e+09 2.90135212e+09 4.39048912e+09
 7.42059163e+09]
This is the update step.
log_likelihood: [[-3.14250386]], y: [[-6.91988018e-06]], cov: [[85.38160195]]
-------------------------------------------
dt_idx: 350, pulsar: 4, dt: 30.471007918980384, is_first_obs: False
This is the predict step. Some useful numbers are surfaced below.
Max variance at index 116: 7420572852.976508
Pp max index: 116, value: 7420572852.976508
Pp max diag: 7420572852.976508
Pp eigs: [2.09060837e+09 2.31580046e+09 2.90135212e+09 4.39048912e+09
 7.42059163e+09]
This is the update step.
log_likelihood: [[-3.13765035]], y: [[5.79807835e-07]], cov: [[84.55681205]]
-------------------------------------------
dt_idx: 351, pulsar: 0, dt: 31.635854928526612, is_first_obs: False
This is the predict step. Some useful numbers are surfaced below.
Max variance at index 116: 7420572852.976506
Pp max index: 116, value: 7420572852.976506
Pp max diag: 7420572852.976506
Pp eigs: [1.77870671e+09 2.09060837e+09 2.90135212e+09 4.39048912e+09
 7.42059163e+09]
This is the update step.
log_likelihood: [[-3.14272759]], y: [[4.36957718e-06]], cov: [[85.41981544]]
-------------------------------------------
dt_idx: 352, pulsar: 23, dt: 28.273891386731904, is_first_obs: False
This is the predict step. Some useful numbers are surfaced below.
Max variance at index 116: 7420572852.976506
Pp max index: 116, value: 7420572852.976506
Pp max diag: 7420572852.976506
Pp eigs: [1.77870671e+09 2.48834319e+09 2.90135212e+09 4.39048912e+09
 7.42059163e+09]
This is the update step.
log_likelihood: [[-3.13576686]], y: [[5.04873891e-07]], cov: [[84.2388863]]
-------------------------------------------
dt_idx: 353, pulsar: 22, dt: 31.463521756386314, is_first_obs: False
This is the predict step. Some useful numbers are surfaced below.
Max variance at index 116: 7420572852.976506
Pp max index: 116, value: 7420572852.976506
Pp max diag: 7420572852.976506
Pp eigs: [1.77870671e+09 1.78968466e+09 2.90135212e+09 4.39048912e+09
 7.42059163e+09]
This is the update step.
log_likelihood: [[-3.14441712]], y: [[-4.2661261e-06]], cov: [[85.70894341]]
-------------------------------------------
dt_idx: 354, pulsar: 12, dt: 31.242187366066155, is_first_obs: False
This is the predict step. Some useful numbers are surfaced below.
Max variance at index 116: 7420572852.976506
Pp max index: 116, value: 7420572852.976506
Pp max diag: 7420572852.976506
Pp eigs: [1.77870671e+09 1.78968466e+09 2.90135212e+09 4.39048912e+09
 7.42059163e+09]
This is the update step.
log_likelihood: [[-3.13967223]], y: [[1.55541403e-05]], cov: [[84.89943139]]
-------------------------------------------
dt_idx: 355, pulsar: 25, dt: 31.63857972225657, is_first_obs: False
This is the predict step. Some useful numbers are surfaced below.
Max variance at index 116: 9028887149.02022
Pp max index: 116, value: 9028887149.02022
Pp max diag: 9028887149.02022
Pp eigs: [1.77870671e+09 1.78968466e+09 2.90135212e+09 4.39048912e+09
 9.02891054e+09]
This is the update step.
log_likelihood: [[-3.13806764]], y: [[-2.76170846e-07]], cov: [[84.62740969]]
-------------------------------------------
dt_idx: 356, pulsar: 6, dt: 30.491943022663946, is_first_obs: False
This is the predict step. Some useful numbers are surfaced below.
Max variance at index 116: 6457604460.544457
Pp max index: 116, value: 6457604460.544457
Pp max diag: 6457604460.544457
Pp eigs: [1.77870671e+09 1.78968466e+09 2.90135212e+09 4.39048912e+09
 6.45762091e+09]
This is the update step.
log_likelihood: [[-3.1379068]], y: [[4.4417974e-06]], cov: [[84.60019141]]
-------------------------------------------
dt_idx: 357, pulsar: 8, dt: 29.119862738869806, is_first_obs: False
This is the predict step. Some useful numbers are surfaced below.
Max variance at index 116: 6457604460.544456
Pp max index: 116, value: 6457604460.544456
Pp max diag: 6457604460.544456
Pp eigs: [1.77870671e+09 1.78968466e+09 2.90135212e+09 4.39048912e+09
 6.45762091e+09]
This is the update step.
log_likelihood: [[-3.1349448]], y: [[1.39051082e-06]], cov: [[84.100501]]
-------------------------------------------
dt_idx: 358, pulsar: 10, dt: 30.626419621926765, is_first_obs: False
This is the predict step. Some useful numbers are surfaced below.
Max variance at index 116: 6457604460.544439
Pp max index: 116, value: 6457604460.544439
Pp max diag: 6457604460.544439
Pp eigs: [1.77870671e+09 1.78968466e+09 2.90135212e+09 4.39048912e+09
 6.45762091e+09]
This is the update step.
log_likelihood: [[-3.14182291]], y: [[2.58085564e-06]], cov: [[85.26540064]]
-------------------------------------------
dt_idx: 359, pulsar: 5, dt: 29.585496557663987, is_first_obs: False
This is the predict step. Some useful numbers are surfaced below.
Max variance at index 116: 6457604460.544437
Pp max index: 116, value: 6457604460.544437
Pp max diag: 6457604460.544437
Pp eigs: [1.77870671e+09 1.78968466e+09 2.90135212e+09 4.39048912e+09
 6.45762091e+09]
This is the update step.
log_likelihood: [[-3.13785578]], y: [[-1.64390668e-05]], cov: [[84.59155926]]
-------------------------------------------
dt_idx: 360, pulsar: 20, dt: 31.311402952969072, is_first_obs: False
This is the predict step. Some useful numbers are surfaced below.
Max variance at index 116: 6457604460.54443
Pp max index: 116, value: 6457604460.54443
Pp max diag: 6457604460.54443
Pp eigs: [1.77870671e+09 1.78968466e+09 2.90135212e+09 4.39048912e+09
 6.45762091e+09]
This is the update step.
log_likelihood: [[-3.14195901]], y: [[5.58761132e-07]], cov: [[85.28861391]]
-------------------------------------------
dt_idx: 361, pulsar: 24, dt: 32.35205113493734, is_first_obs: False
This is the predict step. Some useful numbers are surfaced below.
Max variance at index 116: 6457604460.544429
Pp max index: 116, value: 6457604460.544429
Pp max diag: 6457604460.544429
Pp eigs: [1.77870671e+09 1.78968466e+09 2.90135212e+09 4.39048912e+09
 6.45762091e+09]
This is the update step.
log_likelihood: [[-3.14722381]], y: [[-3.24221638e-06]], cov: [[86.19141309]]
-------------------------------------------
dt_idx: 362, pulsar: 19, dt: 30.830782819644167, is_first_obs: False
This is the predict step. Some useful numbers are surfaced below.
Max variance at index 116: 6457604460.544362
Pp max index: 116, value: 6457604460.544362
Pp max diag: 6457604460.544362
Pp eigs: [1.77870671e+09 1.78968466e+09 2.90135212e+09 4.39048912e+09
 6.45762091e+09]
This is the update step.
log_likelihood: [[-3.14111753]], y: [[1.2026783e-06]], cov: [[85.14519674]]
-------------------------------------------
dt_idx: 363, pulsar: 14, dt: 29.177005751188155, is_first_obs: False
This is the predict step. Some useful numbers are surfaced below.
Max variance at index 116: 6457604460.544356
Pp max index: 116, value: 6457604460.544356
Pp max diag: 6457604460.544356
Pp eigs: [1.77870671e+09 1.78968466e+09 2.90135212e+09 4.39048912e+09
 6.45762091e+09]
This is the update step.
log_likelihood: [[-3.12247558]], y: [[3.98097053e-06]], cov: [[82.02910184]]
-------------------------------------------
dt_idx: 364, pulsar: 23, dt: 28.015345179140567, is_first_obs: False
This is the predict step. Some useful numbers are surfaced below.
Max variance at index 116: 6457604460.544355
Pp max index: 116, value: 6457604460.544355
Pp max diag: 6457604460.544355
Pp eigs: [1.77870671e+09 2.08999908e+09 2.90135212e+09 4.39048912e+09
 6.45762091e+09]
This is the update step.
log_likelihood: [[-3.11744966]], y: [[1.05433843e-07]], cov: [[81.2086897]]
-------------------------------------------
dt_idx: 365, pulsar: 1, dt: 29.76367710513097, is_first_obs: False
This is the predict step. Some useful numbers are surfaced below.
Max variance at index 116: 6457604460.544354
Pp max index: 116, value: 6457604460.544354
Pp max diag: 6457604460.544354
Pp eigs: [1.65622487e+09 1.77870671e+09 2.90135212e+09 5.17370201e+09
 6.45762091e+09]
This is the update step.
log_likelihood: [[-3.12228795]], y: [[2.08903333e-05]], cov: [[81.99832662]]
-------------------------------------------
dt_idx: 366, pulsar: 9, dt: 28.91909601472042, is_first_obs: False
This is the predict step. Some useful numbers are surfaced below.
Max variance at index 116: 6457604460.54435
Pp max index: 116, value: 6457604460.54435
Pp max diag: 6457604460.54435
Pp eigs: [1.65622487e+09 1.77870671e+09 2.90135212e+09 3.70299894e+09
 6.45762091e+09]
This is the update step.
log_likelihood: [[-3.12195514]], y: [[-4.36387624e-06]], cov: [[81.94376415]]
-------------------------------------------
dt_idx: 367, pulsar: 3, dt: 28.935117247502006, is_first_obs: False
This is the predict step. Some useful numbers are surfaced below.
Max variance at index 116: 6457604460.544345
Pp max index: 116, value: 6457604460.544345
Pp max diag: 6457604460.544345
Pp eigs: [1.65622487e+09 1.77870671e+09 2.90135212e+09 3.70299894e+09
 6.45762091e+09]
This is the update step.
log_likelihood: [[-3.12008655]], y: [[2.51334108e-07]], cov: [[81.63809793]]
-------------------------------------------
dt_idx: 368, pulsar: 28, dt: 29.935976095155432, is_first_obs: False
This is the predict step. Some useful numbers are surfaced below.
Max variance at index 116: 6457604460.544343
Pp max index: 116, value: 6457604460.544343
Pp max diag: 6457604460.544343
Pp eigs: [1.65622487e+09 1.77870671e+09 2.90135212e+09 3.70299894e+09
 6.45762091e+09]
This is the update step.
log_likelihood: [[-3.12759782]], y: [[4.40833444e-06]], cov: [[82.87376738]]
-------------------------------------------
dt_idx: 369, pulsar: 17, dt: 29.762871541811357, is_first_obs: False
This is the predict step. Some useful numbers are surfaced below.
Max variance at index 116: 6457604460.544343
Pp max index: 116, value: 6457604460.544343
Pp max diag: 6457604460.544343
Pp eigs: [1.77870671e+09 1.85224435e+09 2.90135212e+09 3.70299894e+09
 6.45762091e+09]
This is the update step.
log_likelihood: [[-3.12403071]], y: [[-7.09292721e-06]], cov: [[82.28463209]]
-------------------------------------------
dt_idx: 370, pulsar: 0, dt: 28.748127313322488, is_first_obs: False
This is the predict step. Some useful numbers are surfaced below.
Max variance at index 116: 6457604460.544342
Pp max index: 116, value: 6457604460.544342
Pp max diag: 6457604460.544342
Pp eigs: [1.65622487e+09 1.77870671e+09 2.90135212e+09 3.70299894e+09
 6.45762091e+09]
This is the update step.
log_likelihood: [[-3.12453699]], y: [[1.77961745e-06]], cov: [[82.36799144]]
-------------------------------------------
dt_idx: 371, pulsar: 5, dt: 28.43441679169734, is_first_obs: False
This is the predict step. Some useful numbers are surfaced below.
Max variance at index 116: 6457604460.544339
Pp max index: 116, value: 6457604460.544339
Pp max diag: 6457604460.544339
Pp eigs: [1.65622487e+09 1.77870671e+09 2.90135212e+09 3.70299894e+09
 6.45762091e+09]
This is the update step.
log_likelihood: [[-3.11980634]], y: [[1.40570679e-05]], cov: [[81.59235833]]
-------------------------------------------
dt_idx: 372, pulsar: 16, dt: 30.016085238081438, is_first_obs: False
This is the predict step. Some useful numbers are surfaced below.
Max variance at index 116: 6457604460.544332
Pp max index: 116, value: 6457604460.544332
Pp max diag: 6457604460.544332
Pp eigs: [1.77870671e+09 1.86408483e+09 2.90135212e+09 3.70299894e+09
 6.45762091e+09]
This is the update step.
log_likelihood: [[-3.12541675]], y: [[-5.9499972e-06]], cov: [[82.51304824]]
-------------------------------------------
dt_idx: 373, pulsar: 7, dt: 30.31339415444268, is_first_obs: False
This is the predict step. Some useful numbers are surfaced below.
Max variance at index 116: 6457604460.54433
Pp max index: 116, value: 6457604460.54433
Pp max diag: 6457604460.54433
Pp eigs: [1.65622487e+09 1.77870671e+09 2.90135212e+09 3.70299894e+09
 6.45762091e+09]
This is the update step.
log_likelihood: [[-3.12560329]], y: [[5.31649967e-07]], cov: [[82.54383735]]
-------------------------------------------
dt_idx: 374, pulsar: 22, dt: 28.943195573146696, is_first_obs: False
This is the predict step. Some useful numbers are surfaced below.
Max variance at index 116: 6457604460.544328
Pp max index: 116, value: 6457604460.544328
Pp max diag: 6457604460.544328
Pp eigs: [1.65622487e+09 1.77870671e+09 2.90135212e+09 3.70299894e+09
 6.45762091e+09]
This is the update step.
log_likelihood: [[-3.1254762]], y: [[-9.26887461e-07]], cov: [[82.52285893]]
-------------------------------------------
dt_idx: 375, pulsar: 31, dt: 30.988437266636776, is_first_obs: False
This is the predict step. Some useful numbers are surfaced below.
Max variance at index 116: 6457604460.544314
Pp max index: 116, value: 6457604460.544314
Pp max diag: 6457604460.544314
Pp eigs: [1.65622487e+09 2.11237481e+09 2.90135212e+09 3.70299894e+09
 6.45762091e+09]
This is the update step.
log_likelihood: [[-3.13147409]], y: [[-4.68532075e-05]], cov: [[83.51874681]]
-------------------------------------------
dt_idx: 376, pulsar: 2, dt: 31.21394972250417, is_first_obs: False
This is the predict step. Some useful numbers are surfaced below.
Max variance at index 116: 6457604460.544314
Pp max index: 116, value: 6457604460.544314
Pp max diag: 6457604460.544314
Pp eigs: [1.51214829e+09 1.65622487e+09 3.45210899e+09 3.70299894e+09
 6.45762091e+09]
This is the update step.
log_likelihood: [[-3.13033731]], y: [[-2.50586495e-05]], cov: [[83.32907642]]
-------------------------------------------
dt_idx: 377, pulsar: 8, dt: 28.918723736504713, is_first_obs: False
This is the predict step. Some useful numbers are surfaced below.
Max variance at index 116: 6457604460.544312
Pp max index: 116, value: 6457604460.544312
Pp max diag: 6457604460.544312
Pp eigs: [1.51214829e+09 1.65622487e+09 2.44338475e+09 3.70299894e+09
 6.45762091e+09]
This is the update step.
log_likelihood: [[-3.12114651]], y: [[-8.76428234e-06]], cov: [[81.81134745]]
-------------------------------------------
dt_idx: 378, pulsar: 12, dt: 29.13937097041695, is_first_obs: False
This is the predict step. Some useful numbers are surfaced below.
Max variance at index 116: 6457604460.544293
Pp max index: 116, value: 6457604460.544293
Pp max diag: 6457604460.544293
Pp eigs: [1.51214829e+09 1.65622487e+09 2.44338475e+09 3.70299894e+09
 6.45762091e+09]
This is the update step.
log_likelihood: [[-3.12414934]], y: [[-2.07366526e-06]], cov: [[82.30415748]]
-------------------------------------------
dt_idx: 379, pulsar: 15, dt: 29.71689690073331, is_first_obs: False
This is the predict step. Some useful numbers are surfaced below.
Max variance at index 116: 6457604460.544291
Pp max index: 116, value: 6457604460.544291
Pp max diag: 6457604460.544291
Pp eigs: [1.51214829e+09 1.65622487e+09 2.44338475e+09 3.70299894e+09
 6.45762091e+09]
This is the update step.
log_likelihood: [[-3.12864295]], y: [[-6.47444499e-06]], cov: [[83.04717538]]
-------------------------------------------
dt_idx: 380, pulsar: 29, dt: 31.09378585362876, is_first_obs: False
This is the predict step. Some useful numbers are surfaced below.
Max variance at index 116: 6457604460.544288
Pp max index: 116, value: 6457604460.544288
Pp max diag: 6457604460.544288
Pp eigs: [1.51214829e+09 1.65622487e+09 2.44338475e+09 3.70299894e+09
 6.45762091e+09]
This is the update step.
log_likelihood: [[-3.13251702]], y: [[9.62110244e-06]], cov: [[83.69313726]]
-------------------------------------------
dt_idx: 381, pulsar: 25, dt: 29.311124618196928, is_first_obs: False
This is the predict step. Some useful numbers are surfaced below.
Max variance at index 116: 7592341905.721022
Pp max index: 116, value: 7592341905.721022
Pp max diag: 7592341905.721022
Pp eigs: [1.51214829e+09 1.65622487e+09 2.44338475e+09 3.70299894e+09
 7.59236167e+09]
This is the update step.
log_likelihood: [[-3.12457021]], y: [[1.70531755e-07]], cov: [[82.37346403]]
-------------------------------------------
dt_idx: 382, pulsar: 4, dt: 29.826443404842305, is_first_obs: False
This is the predict step. Some useful numbers are surfaced below.
Max variance at index 116: 5421750886.357407
Pp max index: 116, value: 5421750886.357407
Pp max diag: 5421750886.357407
Pp eigs: [1.51214829e+09 1.95098357e+09 2.44338475e+09 3.70299894e+09
 5.42176477e+09]
This is the update step.
log_likelihood: [[-3.12606866]], y: [[-1.67141229e-06]], cov: [[82.62069925]]
-------------------------------------------
dt_idx: 383, pulsar: 32, dt: 30.068432630134954, is_first_obs: False
This is the predict step. Some useful numbers are surfaced below.
Max variance at index 116: 5421750886.357403
Pp max index: 116, value: 5421750886.357403
Pp max diag: 5421750886.357403
Pp eigs: [1.51214829e+09 1.55815975e+09 2.44338475e+09 3.70299894e+09
 5.42176477e+09]
This is the update step.
log_likelihood: [[-3.12782124]], y: [[5.49074914e-06]], cov: [[82.91080727]]
-------------------------------------------
dt_idx: 384, pulsar: 10, dt: 29.30319920345589, is_first_obs: False
This is the predict step. Some useful numbers are surfaced below.
Max variance at index 116: 5421750886.357403
Pp max index: 116, value: 5421750886.357403
Pp max diag: 5421750886.357403
Pp eigs: [1.49154060e+09 1.51214829e+09 2.44338475e+09 3.70299894e+09
 5.42176477e+09]
This is the update step.
log_likelihood: [[-3.12554876]], y: [[-5.07517871e-06]], cov: [[82.53483583]]
-------------------------------------------
dt_idx: 385, pulsar: 21, dt: 30.714006053717046, is_first_obs: False
This is the predict step. Some useful numbers are surfaced below.
Max variance at index 116: 5421750886.357403
Pp max index: 116, value: 5421750886.357403
Pp max diag: 5421750886.357403
Pp eigs: [1.49154060e+09 1.51214829e+09 2.44338475e+09 3.70299894e+09
 5.42176477e+09]
This is the update step.
log_likelihood: [[-3.12746951]], y: [[8.83730333e-07]], cov: [[82.85250217]]
-------------------------------------------
dt_idx: 386, pulsar: 27, dt: 31.041844507753847, is_first_obs: False
This is the predict step. Some useful numbers are surfaced below.
Max variance at index 116: 5421750886.357403
Pp max index: 116, value: 5421750886.357403
Pp max diag: 5421750886.357403
Pp eigs: [1.49154060e+09 1.51214829e+09 2.44338475e+09 3.70299894e+09
 5.42176477e+09]
This is the update step.
log_likelihood: [[-3.13236386]], y: [[-3.39779719e-06]], cov: [[83.6675043]]
-------------------------------------------
dt_idx: 387, pulsar: 20, dt: 29.52469828741418, is_first_obs: False
This is the predict step. Some useful numbers are surfaced below.
Max variance at index 116: 5421750886.357395
Pp max index: 116, value: 5421750886.357395
Pp max diag: 5421750886.357395
Pp eigs: [1.49154060e+09 1.51214829e+09 2.44338475e+09 3.70299894e+09
 5.42176477e+09]
This is the update step.
log_likelihood: [[-3.12713664]], y: [[-3.28982726e-06]], cov: [[82.79736258]]
-------------------------------------------
dt_idx: 388, pulsar: 24, dt: 30.136435890871063, is_first_obs: False
This is the predict step. Some useful numbers are surfaced below.
Max variance at index 116: 5421750886.357395
Pp max index: 116, value: 5421750886.357395
Pp max diag: 5421750886.357395
Pp eigs: [1.49154060e+09 1.51214829e+09 2.44338475e+09 3.70299894e+09
 5.42176477e+09]
This is the update step.
log_likelihood: [[-3.13246833]], y: [[-1.32054865e-06]], cov: [[83.68498642]]
-------------------------------------------
dt_idx: 389, pulsar: 26, dt: 31.60818495027445, is_first_obs: False
This is the predict step. Some useful numbers are surfaced below.
Max variance at index 116: 5421750886.357387
Pp max index: 116, value: 5421750886.357387
Pp max diag: 5421750886.357387
Pp eigs: [1.49154060e+09 1.51214829e+09 2.44338475e+09 3.70299894e+09
 5.42176477e+09]
This is the update step.
log_likelihood: [[-3.13433289]], y: [[5.47585253e-07]], cov: [[83.99764064]]
-------------------------------------------
dt_idx: 390, pulsar: 18, dt: 32.80562195956707, is_first_obs: False
This is the predict step. Some useful numbers are surfaced below.
Max variance at index 116: 5421750886.35736
Pp max index: 116, value: 5421750886.35736
Pp max diag: 5421750886.35736
Pp eigs: [1.49154060e+09 1.51214829e+09 2.44338475e+09 3.70299894e+09
 5.42176477e+09]
This is the update step.
log_likelihood: [[-3.1403312]], y: [[-8.54520095e-07]], cov: [[85.01139794]]
-------------------------------------------
dt_idx: 391, pulsar: 30, dt: 33.1186935590042, is_first_obs: False
This is the predict step. Some useful numbers are surfaced below.
Max variance at index 116: 5421750886.357359
Pp max index: 116, value: 5421750886.357359
Pp max diag: 5421750886.357359
Pp eigs: [1.49154060e+09 1.51214829e+09 2.44338475e+09 3.70299894e+09
 5.42176477e+09]
This is the update step.
log_likelihood: [[-3.13492598]], y: [[-1.44140041e-05]], cov: [[84.09733683]]
-------------------------------------------
dt_idx: 392, pulsar: 11, dt: 32.45641059160232, is_first_obs: False
This is the predict step. Some useful numbers are surfaced below.
Max variance at index 116: 5421750886.357358
Pp max index: 116, value: 5421750886.357358
Pp max diag: 5421750886.357358
Pp eigs: [1.49154060e+09 1.51214829e+09 2.44338475e+09 3.70299894e+09
 5.42176477e+09]
This is the update step.
log_likelihood: [[-3.13899463]], y: [[-5.00251731e-07]], cov: [[84.78445294]]
-------------------------------------------
dt_idx: 393, pulsar: 6, dt: 31.368882215298985, is_first_obs: False
This is the predict step. Some useful numbers are surfaced below.
Max variance at index 116: 5421750886.357355
Pp max index: 116, value: 5421750886.357355
Pp max diag: 5421750886.357355
Pp eigs: [1.49154060e+09 1.51214829e+09 2.44338475e+09 3.70299894e+09
 5.42176477e+09]
This is the update step.
log_likelihood: [[-3.13240909]], y: [[7.46141148e-06]], cov: [[83.67507326]]
-------------------------------------------
dt_idx: 394, pulsar: 13, dt: 33.98977314582577, is_first_obs: False
This is the predict step. Some useful numbers are surfaced below.
Max variance at index 116: 5421750886.357355
Pp max index: 116, value: 5421750886.357355
Pp max diag: 5421750886.357355
Pp eigs: [1.49154060e+09 1.51214829e+09 2.44338475e+09 3.70299894e+09
 5.42176477e+09]
This is the update step.
log_likelihood: [[-3.14227641]], y: [[-6.62957513e-06]], cov: [[85.34277132]]
-------------------------------------------
dt_idx: 395, pulsar: 19, dt: 31.03727923343579, is_first_obs: False
This is the predict step. Some useful numbers are surfaced below.
Max variance at index 116: 5421750886.357343
Pp max index: 116, value: 5421750886.357343
Pp max diag: 5421750886.357343
Pp eigs: [1.49154060e+09 1.51214829e+09 2.44338475e+09 3.70299894e+09
 5.42176477e+09]
This is the update step.
log_likelihood: [[-3.13261869]], y: [[2.15726879e-06]], cov: [[83.71015628]]
-------------------------------------------
dt_idx: 396, pulsar: 24, dt: 26.51194359973625, is_first_obs: False
This is the predict step. Some useful numbers are surfaced below.
Max variance at index 116: 5421750886.357343
Pp max index: 116, value: 5421750886.357343
Pp max diag: 5421750886.357343
Pp eigs: [1.49154060e+09 1.51214829e+09 2.44338475e+09 3.70299894e+09
 5.42176477e+09]
This is the update step.
log_likelihood: [[-3.10214222]], y: [[6.68950501e-06]], cov: [[78.76016636]]
-------------------------------------------
dt_idx: 397, pulsar: 26, dt: 26.60516749815808, is_first_obs: False
This is the predict step. Some useful numbers are surfaced below.
Max variance at index 116: 5421750886.35731
Pp max index: 116, value: 5421750886.35731
Pp max diag: 5421750886.35731
Pp eigs: [1.49154060e+09 1.51214829e+09 2.44338475e+09 3.70299894e+09
 5.42176477e+09]
This is the update step.
log_likelihood: [[-3.10307885]], y: [[-8.06705339e-06]], cov: [[78.90784328]]
-------------------------------------------
dt_idx: 398, pulsar: 15, dt: 28.1695383815081, is_first_obs: False
This is the predict step. Some useful numbers are surfaced below.
Max variance at index 116: 5421750886.357192
Pp max index: 116, value: 5421750886.357192
Pp max diag: 5421750886.357192
Pp eigs: [1.49154060e+09 1.51214829e+09 2.44338475e+09 3.70299894e+09
 5.42176477e+09]
This is the update step.
log_likelihood: [[-3.10698213]], y: [[-8.45974152e-07]], cov: [[79.52625235]]
-------------------------------------------
dt_idx: 399, pulsar: 23, dt: 29.562575016860606, is_first_obs: False
This is the predict step. Some useful numbers are surfaced below.
Max variance at index 116: 5421750886.3571825
Pp max index: 116, value: 5421750886.3571825
Pp max diag: 5421750886.3571825
Pp eigs: [1.49154060e+09 1.75339080e+09 2.44338475e+09 3.70299894e+09
 5.42176477e+09]
This is the update step.
log_likelihood: [[-3.10707807]], y: [[5.46776825e-07]], cov: [[79.54151395]]
-------------------------------------------
dt_idx: 400, pulsar: 17, dt: 29.731650098319406, is_first_obs: False
This is the predict step. Some useful numbers are surfaced below.
Max variance at index 116: 5421750886.357178
Pp max index: 116, value: 5421750886.357178
Pp max diag: 5421750886.357178
Pp eigs: [1.49154060e+09 1.53781515e+09 2.44338475e+09 3.70299894e+09
 5.42176477e+09]
This is the update step.
log_likelihood: [[-3.11130371]], y: [[-1.57106637e-06]], cov: [[80.21659047]]
-------------------------------------------
dt_idx: 401, pulsar: 3, dt: 29.96605383771437, is_first_obs: False
This is the predict step. Some useful numbers are surfaced below.
Max variance at index 116: 5421750886.357175
Pp max index: 116, value: 5421750886.357175
Pp max diag: 5421750886.357175
Pp eigs: [1.38896453e+09 1.49154060e+09 2.44338475e+09 3.70299894e+09
 5.42176477e+09]
This is the update step.
log_likelihood: [[-3.1099002]], y: [[1.41739457e-07]], cov: [[79.99173598]]
-------------------------------------------
dt_idx: 402, pulsar: 28, dt: 29.938247718601314, is_first_obs: False
This is the predict step. Some useful numbers are surfaced below.
Max variance at index 116: 5421750886.35717
Pp max index: 116, value: 5421750886.35717
Pp max diag: 5421750886.35717
Pp eigs: [1.38896453e+09 1.49154060e+09 2.44338475e+09 3.70299894e+09
 5.42176477e+09]
This is the update step.
log_likelihood: [[-3.11333701]], y: [[1.1497923e-05]], cov: [[80.54346262]]
-------------------------------------------
dt_idx: 403, pulsar: 31, dt: 29.432377671775992, is_first_obs: False
This is the predict step. Some useful numbers are surfaced below.
Max variance at index 116: 5421750886.357168
Pp max index: 116, value: 5421750886.357168
Pp max diag: 5421750886.357168
Pp eigs: [1.38896453e+09 1.72757560e+09 2.44338475e+09 3.70299894e+09
 5.42176477e+09]
This is the update step.
log_likelihood: [[-3.11344952]], y: [[-3.33407044e-05]], cov: [[80.56158899]]
-------------------------------------------
dt_idx: 404, pulsar: 1, dt: 30.245225112559616, is_first_obs: False
This is the predict step. Some useful numbers are surfaced below.
Max variance at index 116: 5421750886.357166
Pp max index: 116, value: 5421750886.357166
Pp max diag: 5421750886.357166
Pp eigs: [1.32894651e+09 1.38896453e+09 2.44338475e+09 4.30337143e+09
 5.42176477e+09]
This is the update step.
log_likelihood: [[-3.11182401]], y: [[7.75496439e-06]], cov: [[80.3001068]]
-------------------------------------------
dt_idx: 405, pulsar: 29, dt: 29.085608271382473, is_first_obs: False
This is the predict step. Some useful numbers are surfaced below.
Max variance at index 116: 5421750886.357154
Pp max index: 116, value: 5421750886.357154
Pp max diag: 5421750886.357154
Pp eigs: [1.32894651e+09 1.38896453e+09 2.44338475e+09 3.07782481e+09
 5.42176477e+09]
This is the update step.
log_likelihood: [[-3.11273592]], y: [[-2.82483006e-06]], cov: [[80.44669342]]
-------------------------------------------
dt_idx: 406, pulsar: 13, dt: 26.98498401928831, is_first_obs: False
This is the predict step. Some useful numbers are surfaced below.
Max variance at index 116: 5421750886.357146
Pp max index: 116, value: 5421750886.357146
Pp max diag: 5421750886.357146
Pp eigs: [1.32894651e+09 1.38896453e+09 2.44338475e+09 3.07782481e+09
 5.42176477e+09]
This is the update step.
log_likelihood: [[-3.10792919]], y: [[-1.40533294e-05]], cov: [[79.67702852]]
-------------------------------------------
dt_idx: 407, pulsar: 2, dt: 29.487588110731707, is_first_obs: False
This is the predict step. Some useful numbers are surfaced below.
Max variance at index 116: 5421750886.357139
Pp max index: 116, value: 5421750886.357139
Pp max diag: 5421750886.357139
Pp eigs: [1.32894651e+09 1.38896453e+09 2.83202800e+09 3.07782481e+09
 5.42176477e+09]
This is the update step.
log_likelihood: [[-3.11307985]], y: [[-2.2637249e-05]], cov: [[80.50204851]]
-------------------------------------------
dt_idx: 408, pulsar: 8, dt: 29.41963824662897, is_first_obs: False
This is the predict step. Some useful numbers are surfaced below.
Max variance at index 116: 5421750886.357125
Pp max index: 116, value: 5421750886.357125
Pp max diag: 5421750886.357125
Pp eigs: [1.32894651e+09 1.38896453e+09 2.02606728e+09 3.07782481e+09
 5.42176477e+09]
This is the update step.
log_likelihood: [[-3.10838792]], y: [[5.71715704e-06]], cov: [[79.75016184]]
-------------------------------------------
dt_idx: 409, pulsar: 18, dt: 27.779713618876755, is_first_obs: False
This is the predict step. Some useful numbers are surfaced below.
Max variance at index 116: 5421750886.357078
Pp max index: 116, value: 5421750886.357078
Pp max diag: 5421750886.357078
Pp eigs: [1.32894651e+09 1.38896453e+09 2.02606728e+09 3.07782481e+09
 5.42176477e+09]
This is the update step.
log_likelihood: [[-3.11049059]], y: [[5.12601384e-08]], cov: [[80.08624486]]
-------------------------------------------
dt_idx: 410, pulsar: 21, dt: 28.988992561245404, is_first_obs: False
This is the predict step. Some useful numbers are surfaced below.
Max variance at index 116: 5421750886.357077
Pp max index: 116, value: 5421750886.357077
Pp max diag: 5421750886.357077
Pp eigs: [1.32894651e+09 1.38896453e+09 2.02606728e+09 3.07782481e+09
 5.42176477e+09]
This is the update step.
log_likelihood: [[-3.10959107]], y: [[-2.5658683e-06]], cov: [[79.94229632]]
-------------------------------------------
dt_idx: 411, pulsar: 0, dt: 30.24813997251016, is_first_obs: False
This is the predict step. Some useful numbers are surfaced below.
Max variance at index 116: 5421750886.357074
Pp max index: 116, value: 5421750886.357074
Pp max diag: 5421750886.357074
Pp eigs: [1.32894651e+09 1.38896453e+09 2.02606728e+09 3.07782481e+09
 5.42176477e+09]
This is the update step.
log_likelihood: [[-3.11342701]], y: [[1.91766396e-06]], cov: [[80.55796151]]
-------------------------------------------
dt_idx: 412, pulsar: 14, dt: 31.146535792041707, is_first_obs: False
This is the predict step. Some useful numbers are surfaced below.
Max variance at index 116: 5421750886.357061
Pp max index: 116, value: 5421750886.357061
Pp max diag: 5421750886.357061
Pp eigs: [1.32894651e+09 1.38896453e+09 2.02606728e+09 3.07782481e+09
 5.42176477e+09]
This is the update step.
log_likelihood: [[-3.1155867]], y: [[2.02614038e-06]], cov: [[80.90667533]]
-------------------------------------------
dt_idx: 413, pulsar: 16, dt: 30.347287205788824, is_first_obs: False
This is the predict step. Some useful numbers are surfaced below.
Max variance at index 116: 5421750886.357053
Pp max index: 116, value: 5421750886.357053
Pp max diag: 5421750886.357053
Pp eigs: [1.38896453e+09 1.54572511e+09 2.02606728e+09 3.07782481e+09
 5.42176477e+09]
This is the update step.
log_likelihood: [[-3.11412127]], y: [[-4.8369181e-06]], cov: [[80.66989674]]
-------------------------------------------
dt_idx: 414, pulsar: 9, dt: 31.10672806372245, is_first_obs: False
This is the predict step. Some useful numbers are surfaced below.
Max variance at index 116: 5421750886.357044
Pp max index: 116, value: 5421750886.357044
Pp max diag: 5421750886.357044
Pp eigs: [1.26627216e+09 1.38896453e+09 2.02606728e+09 3.07782481e+09
 5.42176477e+09]
This is the update step.
log_likelihood: [[-3.11550571]], y: [[-9.85434338e-06]], cov: [[80.89357115]]
-------------------------------------------
dt_idx: 415, pulsar: 19, dt: 27.25996514841362, is_first_obs: False
This is the predict step. Some useful numbers are surfaced below.
Max variance at index 116: 5421750886.357033
Pp max index: 116, value: 5421750886.357033
Pp max diag: 5421750886.357033
Pp eigs: [1.26627216e+09 1.38896453e+09 2.02606728e+09 3.07782481e+09
 5.42176477e+09]
This is the update step.
log_likelihood: [[-3.10432958]], y: [[-7.18126928e-07]], cov: [[79.10547515]]
-------------------------------------------
dt_idx: 416, pulsar: 4, dt: 29.910826926518368, is_first_obs: False
This is the predict step. Some useful numbers are surfaced below.
Max variance at index 116: 5421750886.357017
Pp max index: 116, value: 5421750886.357017
Pp max diag: 5421750886.357017
Pp eigs: [1.26627216e+09 1.61063998e+09 2.02606728e+09 3.07782481e+09
 5.42176477e+09]
This is the update step.
log_likelihood: [[-3.11197741]], y: [[3.43095318e-06]], cov: [[80.32474638]]
-------------------------------------------
dt_idx: 417, pulsar: 22, dt: 30.542189575025326, is_first_obs: False
This is the predict step. Some useful numbers are surfaced below.
Max variance at index 116: 5421750886.356989
Pp max index: 116, value: 5421750886.356989
Pp max diag: 5421750886.356989
Pp eigs: [1.23470119e+09 1.26627216e+09 2.02606728e+09 3.07782481e+09
 5.42176477e+09]
This is the update step.
log_likelihood: [[-3.1142746]], y: [[-1.7974822e-06]], cov: [[80.69463861]]
-------------------------------------------
dt_idx: 418, pulsar: 11, dt: 28.33745285818974, is_first_obs: False
This is the predict step. Some useful numbers are surfaced below.
Max variance at index 116: 5421750886.356899
Pp max index: 116, value: 5421750886.356899
Pp max diag: 5421750886.356899
Pp eigs: [1.23470119e+09 1.26627216e+09 2.02606728e+09 3.07782481e+09
 5.42176477e+09]
This is the update step.
log_likelihood: [[-3.1121851]], y: [[-1.56522271e-06]], cov: [[80.35811913]]
-------------------------------------------
dt_idx: 419, pulsar: 6, dt: 28.367978000431147, is_first_obs: False
This is the predict step. Some useful numbers are surfaced below.
Max variance at index 116: 5421750886.356894
Pp max index: 116, value: 5421750886.356894
Pp max diag: 5421750886.356894
Pp eigs: [1.23470119e+09 1.26627216e+09 2.02606728e+09 3.07782481e+09
 5.42176477e+09]
This is the update step.
log_likelihood: [[-3.10839424]], y: [[-5.0440702e-06]], cov: [[79.75117004]]
-------------------------------------------
dt_idx: 420, pulsar: 12, dt: 31.05241128982217, is_first_obs: False
This is the predict step. Some useful numbers are surfaced below.
Max variance at index 116: 5421750886.356887
Pp max index: 116, value: 5421750886.356887
Pp max diag: 5421750886.356887
Pp eigs: [1.23470119e+09 1.26627216e+09 2.02606728e+09 3.07782481e+09
 5.42176477e+09]
This is the update step.
log_likelihood: [[-3.11574699]], y: [[-7.45183115e-06]], cov: [[80.93261634]]
-------------------------------------------
dt_idx: 421, pulsar: 30, dt: 29.621516763987362, is_first_obs: False
This is the predict step. Some useful numbers are surfaced below.
Max variance at index 116: 5421750886.356879
Pp max index: 116, value: 5421750886.356879
Pp max diag: 5421750886.356879
Pp eigs: [1.23470119e+09 1.26627216e+09 2.02606728e+09 3.07782481e+09
 5.42176477e+09]
This is the update step.
log_likelihood: [[-3.11518209]], y: [[-7.04473338e-06]], cov: [[80.84123025]]
-------------------------------------------
dt_idx: 422, pulsar: 32, dt: 31.089225065090037, is_first_obs: False
This is the predict step. Some useful numbers are surfaced below.
Max variance at index 116: 5421750886.356875
Pp max index: 116, value: 5421750886.356875
Pp max diag: 5421750886.356875
Pp eigs: [1.26627216e+09 1.29163876e+09 2.02606728e+09 3.07782481e+09
 5.42176477e+09]
This is the update step.
log_likelihood: [[-3.11789568]], y: [[1.79567067e-06]], cov: [[81.28116379]]
-------------------------------------------
dt_idx: 423, pulsar: 20, dt: 30.672279862331017, is_first_obs: False
This is the predict step. Some useful numbers are surfaced below.
Max variance at index 116: 5421750886.356874
Pp max index: 116, value: 5421750886.356874
Pp max diag: 5421750886.356874
Pp eigs: [1.23470119e+09 1.26627216e+09 2.02606728e+09 3.07782481e+09
 5.42176477e+09]
This is the update step.
log_likelihood: [[-3.11581962]], y: [[1.28030468e-05]], cov: [[80.94437379]]
-------------------------------------------
dt_idx: 424, pulsar: 5, dt: 31.965787476819973, is_first_obs: False
This is the predict step. Some useful numbers are surfaced below.
Max variance at index 116: 5421750886.356872
Pp max index: 116, value: 5421750886.356872
Pp max diag: 5421750886.356872
Pp eigs: [1.23470119e+09 1.26627216e+09 2.02606728e+09 3.07782481e+09
 5.42176477e+09]
This is the update step.
log_likelihood: [[-3.11697551]], y: [[-8.19594806e-06]], cov: [[81.13171584]]
-------------------------------------------
dt_idx: 425, pulsar: 7, dt: 31.898257834127655, is_first_obs: False
This is the predict step. Some useful numbers are surfaced below.
Max variance at index 116: 5421750886.356847
Pp max index: 116, value: 5421750886.356847
Pp max diag: 5421750886.356847
Pp eigs: [1.26627216e+09 1.26740005e+09 2.02606728e+09 3.07782481e+09
 5.42176477e+09]
This is the update step.
log_likelihood: [[-3.11993427]], y: [[1.59314648e-05]], cov: [[81.61323817]]
-------------------------------------------
dt_idx: 426, pulsar: 27, dt: 31.10453500539064, is_first_obs: False
This is the predict step. Some useful numbers are surfaced below.
Max variance at index 116: 5421750886.356838
Pp max index: 116, value: 5421750886.356838
Pp max diag: 5421750886.356838
Pp eigs: [1.23470119e+09 1.26627216e+09 2.02606728e+09 3.07782481e+09
 5.42176477e+09]
This is the update step.
log_likelihood: [[-3.12035712]], y: [[-1.25987199e-05]], cov: [[81.68228625]]
-------------------------------------------
dt_idx: 427, pulsar: 10, dt: 31.59713623445343, is_first_obs: False
This is the predict step. Some useful numbers are surfaced below.
Max variance at index 116: 5421750886.356825
Pp max index: 116, value: 5421750886.356825
Pp max diag: 5421750886.356825
Pp eigs: [1.23470119e+09 1.26627216e+09 2.02606728e+09 3.07782481e+09
 5.42176477e+09]
This is the update step.
log_likelihood: [[-3.11807454]], y: [[2.71192546e-06]], cov: [[81.31024451]]
-------------------------------------------
dt_idx: 428, pulsar: 25, dt: 32.007749449412024, is_first_obs: False
This is the predict step. Some useful numbers are surfaced below.
Max variance at index 116: 6355422158.22579
Pp max index: 116, value: 6355422158.22579
Pp max diag: 6355422158.22579
Pp eigs: [1.23470119e+09 1.26627216e+09 2.02606728e+09 3.07782481e+09
 6.35543882e+09]
This is the update step.
log_likelihood: [[-3.1201016]], y: [[-5.52864829e-07]], cov: [[81.64055519]]
-------------------------------------------
dt_idx: 429, pulsar: 4, dt: 28.264433143701815, is_first_obs: False
This is the predict step. Some useful numbers are surfaced below.
Max variance at index 116: 4487920842.010067
Pp max index: 116, value: 4487920842.010067
Pp max diag: 4487920842.010067
Pp eigs: [1.26627216e+09 1.30940763e+09 2.02606728e+09 3.07782481e+09
 4.48793241e+09]
This is the update step.
log_likelihood: [[-3.09086305]], y: [[1.64169145e-06]], cov: [[77.00335815]]
-------------------------------------------
dt_idx: 430, pulsar: 0, dt: 28.960276225010553, is_first_obs: False
This is the predict step. Some useful numbers are surfaced below.
Max variance at index 116: 4487920842.01004
Pp max index: 116, value: 4487920842.01004
Pp max diag: 4487920842.01004
Pp eigs: [1.23470119e+09 1.26627216e+09 2.02606728e+09 3.07782481e+09
 4.48793241e+09]
This is the update step.
log_likelihood: [[-3.09475548]], y: [[-4.77072039e-06]], cov: [[77.60515798]]
-------------------------------------------
dt_idx: 431, pulsar: 30, dt: 27.653481017373224, is_first_obs: False
This is the predict step. Some useful numbers are surfaced below.
Max variance at index 116: 4487920842.010027
Pp max index: 116, value: 4487920842.010027
Pp max diag: 4487920842.010027
Pp eigs: [1.23470119e+09 1.26627216e+09 2.02606728e+09 3.07782481e+09
 4.48793241e+09]
This is the update step.
log_likelihood: [[-3.09021993]], y: [[-1.01496654e-05]], cov: [[76.90437781]]
-------------------------------------------
dt_idx: 432, pulsar: 23, dt: 30.534849540105572, is_first_obs: False
This is the predict step. Some useful numbers are surfaced below.
Max variance at index 116: 4487920842.010023
Pp max index: 116, value: 4487920842.010023
Pp max diag: 4487920842.010023
Pp eigs: [1.23470119e+09 1.45462498e+09 2.02606728e+09 3.07782481e+09
 4.48793241e+09]
This is the update step.
log_likelihood: [[-3.09730074]], y: [[5.70925607e-07]], cov: [[78.00121599]]
-------------------------------------------
dt_idx: 433, pulsar: 14, dt: 29.369974381658764, is_first_obs: False
This is the predict step. Some useful numbers are surfaced below.
Max variance at index 116: 4487920842.010019
Pp max index: 116, value: 4487920842.010019
Pp max diag: 4487920842.010019
Pp eigs: [1.10296273e+09 1.23470119e+09 2.02606728e+09 3.07782481e+09
 4.48793241e+09]
This is the update step.
log_likelihood: [[-3.09672088]], y: [[-5.17347125e-08]], cov: [[77.91080866]]
-------------------------------------------
dt_idx: 434, pulsar: 10, dt: 27.179108225416254, is_first_obs: False
This is the predict step. Some useful numbers are surfaced below.
Max variance at index 116: 4487920842.01001
Pp max index: 116, value: 4487920842.01001
Pp max diag: 4487920842.01001
Pp eigs: [1.10296273e+09 1.23470119e+09 2.02606728e+09 3.07782481e+09
 4.48793241e+09]
This is the update step.
log_likelihood: [[-3.08961496]], y: [[-1.17259799e-06]], cov: [[76.81138343]]
-------------------------------------------
dt_idx: 435, pulsar: 9, dt: 29.011677655268596, is_first_obs: False
This is the predict step. Some useful numbers are surfaced below.
Max variance at index 116: 4487920842.010007
Pp max index: 116, value: 4487920842.010007
Pp max diag: 4487920842.010007
Pp eigs: [1.10296273e+09 1.23470119e+09 2.02606728e+09 3.07782481e+09
 4.48793241e+09]
This is the update step.
log_likelihood: [[-3.09575251]], y: [[-8.20579684e-06]], cov: [[77.76006104]]
-------------------------------------------
dt_idx: 436, pulsar: 6, dt: 28.55007688301581, is_first_obs: False
This is the predict step. Some useful numbers are surfaced below.
Max variance at index 116: 4487920842.009995
Pp max index: 116, value: 4487920842.009995
Pp max diag: 4487920842.009995
Pp eigs: [1.10296273e+09 1.23470119e+09 2.02606728e+09 3.07782481e+09
 4.48793241e+09]
This is the update step.
log_likelihood: [[-3.08975213]], y: [[-1.02678077e-05]], cov: [[76.83245819]]
-------------------------------------------
dt_idx: 437, pulsar: 25, dt: 27.003648693407023, is_first_obs: False
This is the predict step. Some useful numbers are surfaced below.
Max variance at index 116: 5069386817.414316
Pp max index: 116, value: 5069386817.414316
Pp max diag: 5069386817.414316
Pp eigs: [1.10296273e+09 1.23470119e+09 2.02606728e+09 3.07782481e+09
 5.06940015e+09]
This is the update step.
log_likelihood: [[-3.09055365]], y: [[1.96246765e-07]], cov: [[76.95572396]]
-------------------------------------------
dt_idx: 438, pulsar: 13, dt: 29.94418735573689, is_first_obs: False
This is the predict step. Some useful numbers are surfaced below.
Max variance at index 116: 3711189042.4140058
Pp max index: 116, value: 3711189042.4140058
Pp max diag: 3711189042.4140058
Pp eigs: [1.10296273e+09 1.23470119e+09 2.02606728e+09 3.07782481e+09
 3.71119865e+09]
This is the update step.
log_likelihood: [[-3.09456149]], y: [[-1.14134575e-05]], cov: [[77.5750547]]
-------------------------------------------
dt_idx: 439, pulsar: 5, dt: 27.925829938219653, is_first_obs: False
This is the predict step. Some useful numbers are surfaced below.
Max variance at index 116: 3711189042.414005
Pp max index: 116, value: 3711189042.414005
Pp max diag: 3711189042.414005
Pp eigs: [1.10296273e+09 1.23470119e+09 2.02606728e+09 3.07782481e+09
 3.71119865e+09]
This is the update step.
log_likelihood: [[-3.09198081]], y: [[-1.72762605e-05]], cov: [[77.17569404]]
-------------------------------------------
dt_idx: 440, pulsar: 21, dt: 30.016733534578922, is_first_obs: False
This is the predict step. Some useful numbers are surfaced below.
Max variance at index 116: 3711189042.413998
Pp max index: 116, value: 3711189042.413998
Pp max diag: 3711189042.413998
Pp eigs: [1.10296273e+09 1.23470119e+09 2.02606728e+09 3.07782481e+09
 3.71119865e+09]
This is the update step.
log_likelihood: [[-3.09640229]], y: [[1.36058775e-06]], cov: [[77.86118049]]
-------------------------------------------
dt_idx: 441, pulsar: 27, dt: 27.88651425819706, is_first_obs: False
This is the predict step. Some useful numbers are surfaced below.
Max variance at index 116: 3711189042.4139977
Pp max index: 116, value: 3711189042.4139977
Pp max diag: 3711189042.4139977
Pp eigs: [1.10296273e+09 1.23470119e+09 2.02606728e+09 3.07782481e+09
 3.71119865e+09]
This is the update step.
log_likelihood: [[-3.09373501]], y: [[4.46762046e-06]], cov: [[77.44693141]]
-------------------------------------------
dt_idx: 442, pulsar: 11, dt: 29.14149867385626, is_first_obs: False
This is the predict step. Some useful numbers are surfaced below.
Max variance at index 116: 3711189042.4139934
Pp max index: 116, value: 3711189042.4139934
Pp max diag: 3711189042.4139934
Pp eigs: [1.10296273e+09 1.23470119e+09 2.02606728e+09 3.07782481e+09
 3.71119865e+09]
This is the update step.
log_likelihood: [[-3.0942814]], y: [[1.1045102e-05]], cov: [[77.53161122]]
-------------------------------------------
dt_idx: 443, pulsar: 28, dt: 30.56527020238064, is_first_obs: False
This is the predict step. Some useful numbers are surfaced below.
Max variance at index 116: 3711189042.4139915
Pp max index: 116, value: 3711189042.4139915
Pp max diag: 3711189042.4139915
Pp eigs: [1.10296273e+09 1.23470119e+09 2.02606728e+09 3.07782481e+09
 3.71119865e+09]
This is the update step.
log_likelihood: [[-3.09995713]], y: [[-5.40836865e-06]], cov: [[78.41672251]]
-------------------------------------------
dt_idx: 444, pulsar: 8, dt: 30.36564666337437, is_first_obs: False
This is the predict step. Some useful numbers are surfaced below.
Max variance at index 116: 3711189042.4139915
Pp max index: 116, value: 3711189042.4139915
Pp max diag: 3711189042.4139915
Pp eigs: [1.10296273e+09 1.23470119e+09 2.02606728e+09 3.07782481e+09
 3.71119865e+09]
This is the update step.
log_likelihood: [[-3.09732949]], y: [[-1.09700334e-05]], cov: [[78.00570125]]
-------------------------------------------
dt_idx: 445, pulsar: 12, dt: 28.698783890317987, is_first_obs: False
This is the predict step. Some useful numbers are surfaced below.
Max variance at index 116: 3711189042.4139857
Pp max index: 116, value: 3711189042.4139857
Pp max diag: 3711189042.4139857
Pp eigs: [1.10296273e+09 1.23470119e+09 2.02606728e+09 3.07782481e+09
 3.71119865e+09]
This is the update step.
log_likelihood: [[-3.09426716]], y: [[-3.48531572e-06]], cov: [[77.52940201]]
-------------------------------------------
dt_idx: 446, pulsar: 7, dt: 28.20039873971983, is_first_obs: False
This is the predict step. Some useful numbers are surfaced below.
Max variance at index 116: 3711189042.4139843
Pp max index: 116, value: 3711189042.4139843
Pp max diag: 3711189042.4139843
Pp eigs: [1.10296273e+09 1.23470119e+09 2.02606728e+09 3.07782481e+09
 3.71119865e+09]
This is the update step.
log_likelihood: [[-3.09439583]], y: [[-1.52429354e-05]], cov: [[77.5493559]]
-------------------------------------------
dt_idx: 447, pulsar: 16, dt: 29.94839108481451, is_first_obs: False
This is the predict step. Some useful numbers are surfaced below.
Max variance at index 116: 3711189042.413983
Pp max index: 116, value: 3711189042.413983
Pp max diag: 3711189042.413983
Pp eigs: [1.23470119e+09 1.26216247e+09 2.02606728e+09 3.07782481e+09
 3.71119865e+09]
This is the update step.
log_likelihood: [[-3.09832352]], y: [[-2.96623846e-06]], cov: [[78.16093511]]
-------------------------------------------
dt_idx: 448, pulsar: 22, dt: 29.71256325839846, is_first_obs: False
This is the predict step. Some useful numbers are surfaced below.
Max variance at index 116: 3711189042.4139824
Pp max index: 116, value: 3711189042.4139824
Pp max diag: 3711189042.4139824
Pp eigs: [1.10296273e+09 1.23470119e+09 2.02606728e+09 3.07782481e+09
 3.71119865e+09]
This is the update step.
log_likelihood: [[-3.09707247]], y: [[1.74020396e-06]], cov: [[77.9656138]]
-------------------------------------------
dt_idx: 449, pulsar: 26, dt: 31.95917625441595, is_first_obs: False
This is the predict step. Some useful numbers are surfaced below.
Max variance at index 116: 3711189042.413972
Pp max index: 116, value: 3711189042.413972
Pp max diag: 3711189042.413972
Pp eigs: [1.10296273e+09 1.23470119e+09 2.02606728e+09 3.07782481e+09
 3.71119865e+09]
This is the update step.
log_likelihood: [[-3.09966034]], y: [[1.48592522e-05]], cov: [[78.37018882]]
-------------------------------------------
dt_idx: 450, pulsar: 1, dt: 30.867864371527123, is_first_obs: False
This is the predict step. Some useful numbers are surfaced below.
Max variance at index 116: 3711189042.4139543
Pp max index: 116, value: 3711189042.4139543
Pp max diag: 3711189042.4139543
Pp eigs: [1.10296273e+09 1.23470119e+09 2.02606728e+09 3.53659501e+09
 3.71119865e+09]
This is the update step.
log_likelihood: [[-3.10014568]], y: [[-1.09620635e-05]], cov: [[78.44629901]]
-------------------------------------------
dt_idx: 451, pulsar: 19, dt: 29.99812252683772, is_first_obs: False
This is the predict step. Some useful numbers are surfaced below.
Max variance at index 116: 3711189042.413954
Pp max index: 116, value: 3711189042.413954
Pp max diag: 3711189042.413954
Pp eigs: [1.10296273e+09 1.23470119e+09 2.02606728e+09 2.54318917e+09
 3.71119865e+09]
This is the update step.
log_likelihood: [[-3.09298467]], y: [[-1.88127771e-06]], cov: [[77.3307962]]
-------------------------------------------
dt_idx: 452, pulsar: 24, dt: 32.25803214545603, is_first_obs: False
This is the predict step. Some useful numbers are surfaced below.
Max variance at index 116: 3711189042.413948
Pp max index: 116, value: 3711189042.413948
Pp max diag: 3711189042.413948
Pp eigs: [1.10296273e+09 1.23470119e+09 2.02606728e+09 2.54318917e+09
 3.71119865e+09]
This is the update step.
log_likelihood: [[-3.1007343]], y: [[-8.77718284e-06]], cov: [[78.53870363]]
-------------------------------------------
dt_idx: 453, pulsar: 31, dt: 31.047871630125574, is_first_obs: False
This is the predict step. Some useful numbers are surfaced below.
Max variance at index 116: 3711189042.4139447
Pp max index: 116, value: 3711189042.4139447
Pp max diag: 3711189042.4139447
Pp eigs: [1.10296273e+09 1.42097145e+09 2.02606728e+09 2.54318917e+09
 3.71119865e+09]
This is the update step.
log_likelihood: [[-3.10192384]], y: [[1.77812034e-05]], cov: [[78.72577513]]
-------------------------------------------
dt_idx: 454, pulsar: 15, dt: 32.139738822270324, is_first_obs: False
This is the predict step. Some useful numbers are surfaced below.
Max variance at index 116: 3711189042.4139447
Pp max index: 116, value: 3711189042.4139447
Pp max diag: 3711189042.4139447
Pp eigs: [1.05205191e+09 1.10296273e+09 2.02606728e+09 2.54318917e+09
 3.71119865e+09]
This is the update step.
log_likelihood: [[-3.10269581]], y: [[4.77016494e-06]], cov: [[78.84741747]]
-------------------------------------------
dt_idx: 455, pulsar: 17, dt: 31.34428242810346, is_first_obs: False
This is the predict step. Some useful numbers are surfaced below.
Max variance at index 116: 3711189042.413944
Pp max index: 116, value: 3711189042.413944
Pp max diag: 3711189042.413944
Pp eigs: [1.05205191e+09 1.27138738e+09 2.02606728e+09 2.54318917e+09
 3.71119865e+09]
This is the update step.
log_likelihood: [[-3.10232946]], y: [[9.05184014e-07]], cov: [[78.78966735]]
-------------------------------------------
dt_idx: 456, pulsar: 29, dt: 31.209263032961772, is_first_obs: False
This is the predict step. Some useful numbers are surfaced below.
Max variance at index 116: 3711189042.413944
Pp max index: 116, value: 3711189042.413944
Pp max diag: 3711189042.413944
Pp eigs: [1.02044713e+09 1.05205191e+09 2.02606728e+09 2.54318917e+09
 3.71119865e+09]
This is the update step.
log_likelihood: [[-3.10235103]], y: [[-9.64156439e-07]], cov: [[78.79306529]]
-------------------------------------------
dt_idx: 457, pulsar: 18, dt: 31.107283862950624, is_first_obs: False
This is the predict step. Some useful numbers are surfaced below.
Max variance at index 116: 3711189042.4139433
Pp max index: 116, value: 3711189042.4139433
Pp max diag: 3711189042.4139433
Pp eigs: [1.02044713e+09 1.05205191e+09 2.02606728e+09 2.54318917e+09
 3.71119865e+09]
This is the update step.
log_likelihood: [[-3.10014672]], y: [[3.69416294e-06]], cov: [[78.44646087]]
-------------------------------------------
dt_idx: 458, pulsar: 20, dt: 29.06245749120359, is_first_obs: False
This is the predict step. Some useful numbers are surfaced below.
Max variance at index 116: 3711189042.4139433
Pp max index: 116, value: 3711189042.4139433
Pp max diag: 3711189042.4139433
Pp eigs: [1.02044713e+09 1.05205191e+09 2.02606728e+09 2.54318917e+09
 3.71119865e+09]
This is the update step.
log_likelihood: [[-3.09568702]], y: [[1.15169159e-06]], cov: [[77.74987661]]
-------------------------------------------
dt_idx: 459, pulsar: 32, dt: 29.284644321611633, is_first_obs: False
This is the predict step. Some useful numbers are surfaced below.
Max variance at index 116: 3711189042.4139423
Pp max index: 116, value: 3711189042.4139423
Pp max diag: 3711189042.4139423
Pp eigs: [1.04503343e+09 1.05205191e+09 2.02606728e+09 2.54318917e+09
 3.71119865e+09]
This is the update step.
log_likelihood: [[-3.09738413]], y: [[-1.78051529e-06]], cov: [[78.01422669]]
-------------------------------------------
dt_idx: 460, pulsar: 3, dt: 31.89834397099636, is_first_obs: False
This is the predict step. Some useful numbers are surfaced below.
Max variance at index 116: 3711189042.4139423
Pp max index: 116, value: 3711189042.4139423
Pp max diag: 3711189042.4139423
Pp eigs: [1.02044713e+09 1.05205191e+09 2.02606728e+09 2.54318917e+09
 3.71119865e+09]
This is the update step.
log_likelihood: [[-3.10321588]], y: [[-6.15943135e-07]], cov: [[78.92947122]]
-------------------------------------------
dt_idx: 461, pulsar: 2, dt: 31.722471917271612, is_first_obs: False
This is the predict step. Some useful numbers are surfaced below.
Max variance at index 116: 3711189042.4139423
Pp max index: 116, value: 3711189042.4139423
Pp max diag: 3711189042.4139423
Pp eigs: [1.02044713e+09 1.05205191e+09 2.33937867e+09 2.54318917e+09
 3.71119865e+09]
This is the update step.
log_likelihood: [[-3.10413652]], y: [[-1.42490266e-05]], cov: [[79.07493748]]
-------------------------------------------
dt_idx: 462, pulsar: 9, dt: 29.559692029367994, is_first_obs: False
This is the predict step. Some useful numbers are surfaced below.
Max variance at index 116: 3711189042.4139404
Pp max index: 116, value: 3711189042.4139404
Pp max diag: 3711189042.4139404
Pp eigs: [1.02044713e+09 1.05205191e+09 1.67418127e+09 2.54318917e+09
 3.71119865e+09]
This is the update step.
log_likelihood: [[-3.08014952]], y: [[1.31027763e-05]], cov: [[75.37095376]]
-------------------------------------------
dt_idx: 463, pulsar: 12, dt: 29.1623441467241, is_first_obs: False
This is the predict step. Some useful numbers are surfaced below.
Max variance at index 116: 3711189042.413912
Pp max index: 116, value: 3711189042.413912
Pp max diag: 3711189042.413912
Pp eigs: [1.02044713e+09 1.05205191e+09 1.67418127e+09 2.54318917e+09
 3.71119865e+09]
This is the update step.
log_likelihood: [[-3.07777719]], y: [[1.38778935e-05]], cov: [[75.01419169]]
-------------------------------------------
dt_idx: 464, pulsar: 14, dt: 29.885041257330663, is_first_obs: False
This is the predict step. Some useful numbers are surfaced below.
Max variance at index 116: 3711189042.413896
Pp max index: 116, value: 3711189042.413896
Pp max diag: 3711189042.413896
Pp eigs: [1.02044713e+09 1.05205191e+09 1.67418127e+09 2.54318917e+09
 3.71119865e+09]
This is the update step.
log_likelihood: [[-3.0812937]], y: [[-1.04376037e-06]], cov: [[75.54362799]]
-------------------------------------------
dt_idx: 465, pulsar: 17, dt: 28.734159079580394, is_first_obs: False
This is the predict step. Some useful numbers are surfaced below.
Max variance at index 116: 3711189042.4138637
Pp max index: 116, value: 3711189042.4138637
Pp max diag: 3711189042.4138637
Pp eigs: [1.02730508e+09 1.05205191e+09 1.67418127e+09 2.54318917e+09
 3.71119865e+09]
This is the update step.
log_likelihood: [[-3.08097642]], y: [[2.99914494e-06]], cov: [[75.49570618]]
-------------------------------------------
dt_idx: 466, pulsar: 22, dt: 29.079659264142865, is_first_obs: False
This is the predict step. Some useful numbers are surfaced below.
Max variance at index 116: 3711189042.4138556
Pp max index: 116, value: 3711189042.4138556
Pp max diag: 3711189042.4138556
Pp eigs: [1.02044713e+09 1.05205191e+09 1.67418127e+09 2.54318917e+09
 3.71119865e+09]
This is the update step.
log_likelihood: [[-3.07884221]], y: [[-5.43298784e-06]], cov: [[75.17414561]]
-------------------------------------------
dt_idx: 467, pulsar: 3, dt: 28.202460237388255, is_first_obs: False
This is the predict step. Some useful numbers are surfaced below.
Max variance at index 116: 3711189042.41358
Pp max index: 116, value: 3711189042.41358
Pp max diag: 3711189042.41358
Pp eigs: [1.02044713e+09 1.05205191e+09 1.67418127e+09 2.54318917e+09
 3.71119865e+09]
This is the update step.
log_likelihood: [[-3.07935514]], y: [[-1.84318439e-07]], cov: [[75.25130265]]
-------------------------------------------
dt_idx: 468, pulsar: 25, dt: 29.970742294976002, is_first_obs: False
This is the predict step. Some useful numbers are surfaced below.
Max variance at index 116: 4201390998.763598
Pp max index: 116, value: 4201390998.763598
Pp max diag: 4201390998.763598
Pp eigs: [1.02044713e+09 1.05205191e+09 1.67418127e+09 2.54318917e+09
 4.20140211e+09]
This is the update step.
log_likelihood: [[-3.07858037]], y: [[1.03659913e-06]], cov: [[75.13478815]]
-------------------------------------------
dt_idx: 469, pulsar: 32, dt: 28.79535371389654, is_first_obs: False
This is the predict step. Some useful numbers are surfaced below.
Max variance at index 116: 3100328653.4270334
Pp max index: 116, value: 3100328653.4270334
Pp max diag: 3100328653.4270334
Pp eigs: [1.02044713e+09 1.05205191e+09 1.67418127e+09 2.54318917e+09
 3.10033672e+09]
This is the update step.
log_likelihood: [[-3.07810864]], y: [[-1.91166924e-06]], cov: [[75.06393454]]
-------------------------------------------
dt_idx: 470, pulsar: 29, dt: 29.129824257261223, is_first_obs: False
This is the predict step. Some useful numbers are surfaced below.
Max variance at index 116: 3100328653.427033
Pp max index: 116, value: 3100328653.427033
Pp max diag: 3100328653.427033
Pp eigs: [1.02044713e+09 1.05205191e+09 1.67418127e+09 2.54318917e+09
 3.10033672e+09]
This is the update step.
log_likelihood: [[-3.08206763]], y: [[5.14227808e-06]], cov: [[75.66064818]]
-------------------------------------------
dt_idx: 471, pulsar: 15, dt: 29.365018273790675, is_first_obs: False
This is the predict step. Some useful numbers are surfaced below.
Max variance at index 116: 3100328653.427024
Pp max index: 116, value: 3100328653.427024
Pp max diag: 3100328653.427024
Pp eigs: [1.02044713e+09 1.05205191e+09 1.67418127e+09 2.54318917e+09
 3.10033672e+09]
This is the update step.
log_likelihood: [[-3.08289709]], y: [[-8.713988e-06]], cov: [[75.78626758]]
-------------------------------------------
dt_idx: 472, pulsar: 31, dt: 29.427321277967206, is_first_obs: False
This is the predict step. Some useful numbers are surfaced below.
Max variance at index 116: 3100328653.4270167
Pp max index: 116, value: 3100328653.4270167
Pp max diag: 3100328653.4270167
Pp eigs: [1.05205191e+09 1.15230402e+09 1.67418127e+09 2.54318917e+09
 3.10033672e+09]
This is the update step.
log_likelihood: [[-3.08261215]], y: [[-3.08437954e-05]], cov: [[75.7430914]]
-------------------------------------------
dt_idx: 473, pulsar: 19, dt: 29.524712409785497, is_first_obs: False
This is the predict step. Some useful numbers are surfaced below.
Max variance at index 116: 3100328653.427013
Pp max index: 116, value: 3100328653.427013
Pp max diag: 3100328653.427013
Pp eigs: [9.57352142e+08 1.05205191e+09 1.67418127e+09 2.54318917e+09
 3.10033672e+09]
This is the update step.
log_likelihood: [[-3.07827244]], y: [[-1.30828043e-06]], cov: [[75.08852917]]
-------------------------------------------
dt_idx: 474, pulsar: 0, dt: 31.301115910333614, is_first_obs: False
This is the predict step. Some useful numbers are surfaced below.
Max variance at index 116: 3100328653.427
Pp max index: 116, value: 3100328653.427
Pp max diag: 3100328653.427
Pp eigs: [9.57352142e+08 1.05205191e+09 1.67418127e+09 2.54318917e+09
 3.10033672e+09]
This is the update step.
log_likelihood: [[-3.08541555]], y: [[-2.05588879e-06]], cov: [[76.16896093]]
-------------------------------------------
dt_idx: 475, pulsar: 8, dt: 30.246977765361468, is_first_obs: False
This is the predict step. Some useful numbers are surfaced below.
Max variance at index 116: 3100328653.4269924
Pp max index: 116, value: 3100328653.4269924
Pp max diag: 3100328653.4269924
Pp eigs: [9.57352142e+08 1.05205191e+09 1.67418127e+09 2.54318917e+09
 3.10033672e+09]
This is the update step.
log_likelihood: [[-3.0834069]], y: [[-7.70773055e-06]], cov: [[75.86358001]]
-------------------------------------------
dt_idx: 476, pulsar: 28, dt: 30.35141162884456, is_first_obs: False
This is the predict step. Some useful numbers are surfaced below.
Max variance at index 116: 3100328653.4269686
Pp max index: 116, value: 3100328653.4269686
Pp max diag: 3100328653.4269686
Pp eigs: [9.57352142e+08 1.05205191e+09 1.67418127e+09 2.54318917e+09
 3.10033672e+09]
This is the update step.
log_likelihood: [[-3.08443051]], y: [[-1.90318145e-06]], cov: [[76.01904917]]
-------------------------------------------
dt_idx: 477, pulsar: 26, dt: 29.919941338146174, is_first_obs: False
This is the predict step. Some useful numbers are surfaced below.
Max variance at index 116: 3100328653.426966
Pp max index: 116, value: 3100328653.426966
Pp max diag: 3100328653.426966
Pp eigs: [9.57352142e+08 1.05205191e+09 1.67418127e+09 2.54318917e+09
 3.10033672e+09]
This is the update step.
log_likelihood: [[-3.08296011]], y: [[-4.19128437e-06]], cov: [[75.79582021]]
-------------------------------------------
dt_idx: 478, pulsar: 10, dt: 30.910536170292783, is_first_obs: False
This is the predict step. Some useful numbers are surfaced below.
Max variance at index 116: 3100328653.4268613
Pp max index: 116, value: 3100328653.4268613
Pp max diag: 3100328653.4268613
Pp eigs: [9.57352142e+08 1.05205191e+09 1.67418127e+09 2.54318917e+09
 3.10033672e+09]
This is the update step.
log_likelihood: [[-3.08046577]], y: [[8.51572774e-06]], cov: [[75.41864139]]
-------------------------------------------
dt_idx: 479, pulsar: 7, dt: 30.43359250857874, is_first_obs: False
This is the predict step. Some useful numbers are surfaced below.
Max variance at index 116: 3100328653.4268594
Pp max index: 116, value: 3100328653.4268594
Pp max diag: 3100328653.4268594
Pp eigs: [9.57352142e+08 1.05205191e+09 1.67418127e+09 2.54318917e+09
 3.10033672e+09]
This is the update step.
log_likelihood: [[-3.08159256]], y: [[-3.20756083e-07]], cov: [[75.58879529]]
-------------------------------------------
dt_idx: 480, pulsar: 4, dt: 31.807557622260514, is_first_obs: False
This is the predict step. Some useful numbers are surfaced below.
Max variance at index 116: 3100328653.4268513
Pp max index: 116, value: 3100328653.4268513
Pp max diag: 3100328653.4268513
Pp eigs: [1.05205191e+09 1.09128227e+09 1.67418127e+09 2.54318917e+09
 3.10033672e+09]
This is the update step.
log_likelihood: [[-3.0843439]], y: [[-1.08222559e-05]], cov: [[76.00588145]]
-------------------------------------------
dt_idx: 481, pulsar: 5, dt: 30.838123272502862, is_first_obs: False
This is the predict step. Some useful numbers are surfaced below.
Max variance at index 116: 3100328653.4268365
Pp max index: 116, value: 3100328653.4268365
Pp max diag: 3100328653.4268365
Pp eigs: [9.11358862e+08 1.05205191e+09 1.67418127e+09 2.54318917e+09
 3.10033672e+09]
This is the update step.
log_likelihood: [[-3.0817078]], y: [[-4.64068741e-05]], cov: [[75.60621838]]
-------------------------------------------
dt_idx: 482, pulsar: 11, dt: 30.688827630910605, is_first_obs: False
This is the predict step. Some useful numbers are surfaced below.
Max variance at index 116: 3100328653.42682
Pp max index: 116, value: 3100328653.42682
Pp max diag: 3100328653.42682
Pp eigs: [9.11358862e+08 1.05205191e+09 1.67418127e+09 2.54318917e+09
 3.10033672e+09]
This is the update step.
log_likelihood: [[-3.08284976]], y: [[1.07069887e-05]], cov: [[75.77909493]]
-------------------------------------------
dt_idx: 483, pulsar: 16, dt: 30.47492119801265, is_first_obs: False
This is the predict step. Some useful numbers are surfaced below.
Max variance at index 116: 3100328653.426812
Pp max index: 116, value: 3100328653.426812
Pp max diag: 3100328653.426812
Pp eigs: [1.03334982e+09 1.05205191e+09 1.67418127e+09 2.54318917e+09
 3.10033672e+09]
This is the update step.
log_likelihood: [[-3.08417037]], y: [[-1.80460378e-06]], cov: [[75.97950864]]
-------------------------------------------
dt_idx: 484, pulsar: 18, dt: 29.95998914661231, is_first_obs: False
This is the predict step. Some useful numbers are surfaced below.
Max variance at index 116: 3100328653.426805
Pp max index: 116, value: 3100328653.426805
Pp max diag: 3100328653.426805
Pp eigs: [8.45216531e+08 1.05205191e+09 1.67418127e+09 2.54318917e+09
 3.10033672e+09]
This is the update step.
log_likelihood: [[-3.0830501]], y: [[-3.44246345e-07]], cov: [[75.80946356]]
-------------------------------------------
dt_idx: 485, pulsar: 1, dt: 30.462720366594965, is_first_obs: False
This is the predict step. Some useful numbers are surfaced below.
Max variance at index 116: 3100328653.4268036
Pp max index: 116, value: 3100328653.4268036
Pp max diag: 3100328653.4268036
Pp eigs: [8.45216531e+08 1.05205191e+09 1.67418127e+09 2.88183994e+09
 3.10033672e+09]
This is the update step.
log_likelihood: [[-3.08467084]], y: [[1.28166024e-05]], cov: [[76.05559783]]
-------------------------------------------
dt_idx: 486, pulsar: 21, dt: 31.068454625474082, is_first_obs: False
This is the predict step. Some useful numbers are surfaced below.
Max variance at index 116: 3100328653.426794
Pp max index: 116, value: 3100328653.426794
Pp max diag: 3100328653.426794
Pp eigs: [8.45216531e+08 1.05205191e+09 1.67418127e+09 2.10341409e+09
 3.10033672e+09]
This is the update step.
log_likelihood: [[-3.0852786]], y: [[8.26539789e-07]], cov: [[76.1481002]]
-------------------------------------------
dt_idx: 487, pulsar: 6, dt: 31.62456179210433, is_first_obs: False
This is the predict step. Some useful numbers are surfaced below.
Max variance at index 116: 3100328653.426792
Pp max index: 116, value: 3100328653.426792
Pp max diag: 3100328653.426792
Pp eigs: [8.45216531e+08 1.05205191e+09 1.67418127e+09 2.10341409e+09
 3.10033672e+09]
This is the update step.
log_likelihood: [[-3.0829981]], y: [[-1.17975067e-05]], cov: [[75.80157937]]
-------------------------------------------
dt_idx: 488, pulsar: 2, dt: 29.767337875288945, is_first_obs: False
This is the predict step. Some useful numbers are surfaced below.
Max variance at index 116: 3100328653.426788
Pp max index: 116, value: 3100328653.426788
Pp max diag: 3100328653.426788
Pp eigs: [8.45216531e+08 1.05205191e+09 1.89315666e+09 2.10341409e+09
 3.10033672e+09]
This is the update step.
log_likelihood: [[-3.08469396]], y: [[-1.08567436e-05]], cov: [[76.05911331]]
-------------------------------------------
dt_idx: 489, pulsar: 27, dt: 31.340175747396767, is_first_obs: False
This is the predict step. Some useful numbers are surfaced below.
Max variance at index 116: 3100328653.42677
Pp max index: 116, value: 3100328653.42677
Pp max diag: 3100328653.42677
Pp eigs: [8.45216531e+08 1.05205191e+09 1.38428878e+09 2.10341409e+09
 3.10033672e+09]
This is the update step.
log_likelihood: [[-3.08439031]], y: [[-1.08714024e-05]], cov: [[76.01293765]]
-------------------------------------------
dt_idx: 490, pulsar: 13, dt: 31.71533015663977, is_first_obs: False
This is the predict step. Some useful numbers are surfaced below.
Max variance at index 116: 3100328653.426753
Pp max index: 116, value: 3100328653.426753
Pp max diag: 3100328653.426753
Pp eigs: [8.45216531e+08 1.05205191e+09 1.38428878e+09 2.10341409e+09
 3.10033672e+09]
This is the update step.
log_likelihood: [[-3.08576478]], y: [[2.39369982e-05]], cov: [[76.22218003]]
-------------------------------------------
dt_idx: 491, pulsar: 23, dt: 32.09157819062471, is_first_obs: False
This is the predict step. Some useful numbers are surfaced below.
Max variance at index 116: 3100328653.426742
Pp max index: 116, value: 3100328653.426742
Pp max diag: 3100328653.426742
Pp eigs: [8.45216531e+08 1.20117010e+09 1.38428878e+09 2.10341409e+09
 3.10033672e+09]
This is the update step.
log_likelihood: [[-3.0892639]], y: [[-2.60525807e-08]], cov: [[76.75747129]]
-------------------------------------------
dt_idx: 492, pulsar: 24, dt: 30.97837287486703, is_first_obs: False
This is the predict step. Some useful numbers are surfaced below.
Max variance at index 116: 3100328653.42674
Pp max index: 116, value: 3100328653.42674
Pp max diag: 3100328653.42674
Pp eigs: [8.45216531e+08 8.70191905e+08 1.38428878e+09 2.10341409e+09
 3.10033672e+09]
This is the update step.
log_likelihood: [[-3.08729221]], y: [[1.19468806e-06]], cov: [[76.45538358]]
-------------------------------------------
dt_idx: 493, pulsar: 30, dt: 32.674061006086845, is_first_obs: False
This is the predict step. Some useful numbers are surfaced below.
Max variance at index 116: 3100328653.426711
Pp max index: 116, value: 3100328653.426711
Pp max diag: 3100328653.426711
Pp eigs: [8.45216531e+08 8.70191905e+08 1.38428878e+09 2.10341409e+09
 3.10033672e+09]
This is the update step.
log_likelihood: [[-3.08666883]], y: [[3.95303335e-06]], cov: [[76.36012124]]
-------------------------------------------
dt_idx: 494, pulsar: 20, dt: 31.154962376278856, is_first_obs: False
This is the predict step. Some useful numbers are surfaced below.
Max variance at index 116: 3100328653.4267073
Pp max index: 116, value: 3100328653.4267073
Pp max diag: 3100328653.4267073
Pp eigs: [8.45216531e+08 8.70191905e+08 1.38428878e+09 2.10341409e+09
 3.10033672e+09]
This is the update step.
log_likelihood: [[-3.08480613]], y: [[1.24472512e-05]], cov: [[76.07617946]]
-------------------------------------------
dt_idx: 495, pulsar: 31, dt: 28.475524115683854, is_first_obs: False
This is the predict step. Some useful numbers are surfaced below.
Max variance at index 116: 3100328653.4267044
Pp max index: 116, value: 3100328653.4267044
Pp max diag: 3100328653.4267044
Pp eigs: [8.70191905e+08 9.41881830e+08 1.38428878e+09 2.10341409e+09
 3.10033672e+09]
This is the update step.
log_likelihood: [[-3.06328717]], y: [[-1.79439727e-05]], cov: [[72.87147435]]
-------------------------------------------
dt_idx: 496, pulsar: 13, dt: 27.671536380670688, is_first_obs: False
This is the predict step. Some useful numbers are surfaced below.
Max variance at index 116: 3100328653.426678
Pp max index: 116, value: 3100328653.426678
Pp max diag: 3100328653.426678
Pp eigs: [7.96905092e+08 8.70191905e+08 1.38428878e+09 2.10341409e+09
 3.10033672e+09]
This is the update step.
log_likelihood: [[-3.06234072]], y: [[-7.68365631e-06]], cov: [[72.73366746]]
-------------------------------------------
dt_idx: 497, pulsar: 30, dt: 27.107348374382212, is_first_obs: False
This is the predict step. Some useful numbers are surfaced below.
Max variance at index 116: 3100328653.426623
Pp max index: 116, value: 3100328653.426623
Pp max diag: 3100328653.426623
Pp eigs: [7.96905092e+08 8.70191905e+08 1.38428878e+09 2.10341409e+09
 3.10033672e+09]
This is the update step.
log_likelihood: [[-3.06133317]], y: [[-1.77223924e-06]], cov: [[72.58724903]]
-------------------------------------------
dt_idx: 498, pulsar: 3, dt: 29.533253108561038, is_first_obs: False
This is the predict step. Some useful numbers are surfaced below.
Max variance at index 116: 3100328653.426611
Pp max index: 116, value: 3100328653.426611
Pp max diag: 3100328653.426611
Pp eigs: [7.96905092e+08 8.70191905e+08 1.38428878e+09 2.10341409e+09
 3.10033672e+09]
This is the update step.
log_likelihood: [[-3.06452697]], y: [[-5.42551208e-07]], cov: [[73.0523914]]
-------------------------------------------
dt_idx: 499, pulsar: 12, dt: 30.077293595550234, is_first_obs: False
This is the predict step. Some useful numbers are surfaced below.
Max variance at index 116: 3100328653.4265924
Pp max index: 116, value: 3100328653.4265924
Pp max diag: 3100328653.4265924
Pp eigs: [7.96905092e+08 8.70191905e+08 1.38428878e+09 2.10341409e+09
 3.10033672e+09]
This is the update step.
log_likelihood: [[-3.06529204]], y: [[4.48839441e-06]], cov: [[73.16425738]]
-------------------------------------------
dt_idx: 500, pulsar: 21, dt: 28.35877079854409, is_first_obs: False
This is the predict step. Some useful numbers are surfaced below.
Max variance at index 116: 3100328653.4265714
Pp max index: 116, value: 3100328653.4265714
Pp max diag: 3100328653.4265714
Pp eigs: [7.96905092e+08 8.70191905e+08 1.38428878e+09 2.10341409e+09
 3.10033672e+09]
This is the update step.
log_likelihood: [[-3.06447492]], y: [[-5.16782435e-07]], cov: [[73.04478671]]
-------------------------------------------
dt_idx: 501, pulsar: 0, dt: 29.28736983771677, is_first_obs: False
This is the predict step. Some useful numbers are surfaced below.
Max variance at index 116: 3100328653.4265633
Pp max index: 116, value: 3100328653.4265633
Pp max diag: 3100328653.4265633
Pp eigs: [7.96905092e+08 8.70191905e+08 1.38428878e+09 2.10341409e+09
 3.10033672e+09]
This is the update step.
log_likelihood: [[-3.06737526]], y: [[8.34148208e-06]], cov: [[73.46972786]]
-------------------------------------------
dt_idx: 502, pulsar: 6, dt: 28.4655569601942, is_first_obs: False
This is the predict step. Some useful numbers are surfaced below.
Max variance at index 116: 3100328653.426514
Pp max index: 116, value: 3100328653.426514
Pp max diag: 3100328653.426514
Pp eigs: [7.96905092e+08 8.70191905e+08 1.38428878e+09 2.10341409e+09
 3.10033672e+09]
This is the update step.
log_likelihood: [[-3.06326994]], y: [[-9.97088917e-07]], cov: [[72.86896463]]
-------------------------------------------
dt_idx: 503, pulsar: 27, dt: 28.401223674383427, is_first_obs: False
This is the predict step. Some useful numbers are surfaced below.
Max variance at index 116: 3100328653.426499
Pp max index: 116, value: 3100328653.426499
Pp max diag: 3100328653.426499
Pp eigs: [7.96905092e+08 8.70191905e+08 1.38428878e+09 2.10341409e+09
 3.10033672e+09]
This is the update step.
log_likelihood: [[-3.06391379]], y: [[5.79877928e-08]], cov: [[72.9628576]]
-------------------------------------------
dt_idx: 504, pulsar: 25, dt: 30.24220810269868, is_first_obs: False
This is the predict step. Some useful numbers are surfaced below.
Max variance at index 116: 3477835341.517802
Pp max index: 116, value: 3477835341.517802
Pp max diag: 3477835341.517802
Pp eigs: [7.96905092e+08 8.70191905e+08 1.38428878e+09 2.10341409e+09
 3.47784459e+09]
This is the update step.
log_likelihood: [[-3.06634917]], y: [[2.91619222e-08]], cov: [[73.31910949]]
-------------------------------------------
dt_idx: 505, pulsar: 16, dt: 29.017291307648023, is_first_obs: False
This is the predict step. Some useful numbers are surfaced below.
Max variance at index 116: 2594077761.811887
Pp max index: 116, value: 2594077761.811887
Pp max diag: 2594077761.811887
Pp eigs: [8.43089501e+08 8.70191905e+08 1.38428878e+09 2.10341409e+09
 2.59408455e+09]
This is the update step.
log_likelihood: [[-3.06558905]], y: [[4.26589573e-06]], cov: [[73.20773156]]
-------------------------------------------
dt_idx: 506, pulsar: 10, dt: 29.472266856553375, is_first_obs: False
This is the predict step. Some useful numbers are surfaced below.
Max variance at index 116: 2594077761.8118753
Pp max index: 116, value: 2594077761.8118753
Pp max diag: 2594077761.8118753
Pp eigs: [7.96905092e+08 8.70191905e+08 1.38428878e+09 2.10341409e+09
 2.59408455e+09]
This is the update step.
log_likelihood: [[-3.06463586]], y: [[9.82189363e-06]], cov: [[73.06830224]]
-------------------------------------------
dt_idx: 507, pulsar: 20, dt: 27.820759763695573, is_first_obs: False
This is the predict step. Some useful numbers are surfaced below.
Max variance at index 116: 2594077761.811873
Pp max index: 116, value: 2594077761.811873
Pp max diag: 2594077761.811873
Pp eigs: [7.96905092e+08 8.70191905e+08 1.38428878e+09 2.10341409e+09
 2.59408455e+09]
This is the update step.
log_likelihood: [[-3.06249661]], y: [[7.17897509e-07]], cov: [[72.75634698]]
-------------------------------------------
dt_idx: 508, pulsar: 26, dt: 29.70355583825597, is_first_obs: False
This is the predict step. Some useful numbers are surfaced below.
Max variance at index 116: 2594077761.8118696
Pp max index: 116, value: 2594077761.8118696
Pp max diag: 2594077761.8118696
Pp eigs: [7.96905092e+08 8.70191905e+08 1.38428878e+09 2.10341409e+09
 2.59408455e+09]
This is the update step.
log_likelihood: [[-3.06679463]], y: [[1.05306453e-05]], cov: [[73.38446025]]
-------------------------------------------
dt_idx: 509, pulsar: 4, dt: 29.569428226616647, is_first_obs: False
This is the predict step. Some useful numbers are surfaced below.
Max variance at index 116: 2594077761.81171
Pp max index: 116, value: 2594077761.81171
Pp max diag: 2594077761.81171
Pp eigs: [8.70191905e+08 8.90966109e+08 1.38428878e+09 2.10341409e+09
 2.59408455e+09]
This is the update step.
log_likelihood: [[-3.06708539]], y: [[5.74900159e-06]], cov: [[73.42714742]]
-------------------------------------------
dt_idx: 510, pulsar: 24, dt: 28.640056581728988, is_first_obs: False
This is the predict step. Some useful numbers are surfaced below.
Max variance at index 116: 2594077761.8116884
Pp max index: 116, value: 2594077761.8116884
Pp max diag: 2594077761.8116884
Pp eigs: [7.55446970e+08 8.70191905e+08 1.38428878e+09 2.10341409e+09
 2.59408455e+09]
This is the update step.
log_likelihood: [[-3.06629972]], y: [[1.01199798e-05]], cov: [[73.3118588]]
-------------------------------------------
dt_idx: 511, pulsar: 15, dt: 30.198053695106946, is_first_obs: False
This is the predict step. Some useful numbers are surfaced below.
Max variance at index 116: 2594077761.8116407
Pp max index: 116, value: 2594077761.8116407
Pp max diag: 2594077761.8116407
Pp eigs: [7.55446970e+08 8.70191905e+08 1.38428878e+09 2.10341409e+09
 2.59408455e+09]
This is the update step.
log_likelihood: [[-3.06828446]], y: [[-1.1505893e-05]], cov: [[73.60344654]]
-------------------------------------------
dt_idx: 512, pulsar: 28, dt: 29.940201160212357, is_first_obs: False
This is the predict step. Some useful numbers are surfaced below.
Max variance at index 116: 2594077761.811629
Pp max index: 116, value: 2594077761.811629
Pp max diag: 2594077761.811629
Pp eigs: [7.55446970e+08 8.70191905e+08 1.38428878e+09 2.10341409e+09
 2.59408455e+09]
This is the update step.
log_likelihood: [[-3.0681532]], y: [[7.52325867e-06]], cov: [[73.58412663]]
-------------------------------------------
dt_idx: 513, pulsar: 17, dt: 30.847931097635517, is_first_obs: False
This is the predict step. Some useful numbers are surfaced below.
Max variance at index 116: 2594077761.8116236
Pp max index: 116, value: 2594077761.8116236
Pp max diag: 2594077761.8116236
Pp eigs: [8.49463008e+08 8.70191905e+08 1.38428878e+09 2.10341409e+09
 2.59408455e+09]
This is the update step.
log_likelihood: [[-3.06943189]], y: [[1.08278373e-06]], cov: [[73.77254991]]
-------------------------------------------
dt_idx: 514, pulsar: 19, dt: 30.31148591051499, is_first_obs: False
This is the predict step. Some useful numbers are surfaced below.
Max variance at index 116: 2594077761.81162
Pp max index: 116, value: 2594077761.81162
Pp max diag: 2594077761.81162
Pp eigs: [7.06950433e+08 8.70191905e+08 1.38428878e+09 2.10341409e+09
 2.59408455e+09]
This is the update step.
log_likelihood: [[-3.06621926]], y: [[-7.34505776e-07]], cov: [[73.30006144]]
-------------------------------------------
dt_idx: 515, pulsar: 9, dt: 31.36837792987073, is_first_obs: False
This is the predict step. Some useful numbers are surfaced below.
Max variance at index 116: 2594077761.8116055
Pp max index: 116, value: 2594077761.8116055
Pp max diag: 2594077761.8116055
Pp eigs: [7.06950433e+08 8.70191905e+08 1.38428878e+09 2.10341409e+09
 2.59408455e+09]
This is the update step.
log_likelihood: [[-3.07041123]], y: [[-4.21690428e-06]], cov: [[73.9171883]]
-------------------------------------------
dt_idx: 516, pulsar: 22, dt: 31.054967447861475, is_first_obs: False
This is the predict step. Some useful numbers are surfaced below.
Max variance at index 116: 2594077761.8115964
Pp max index: 116, value: 2594077761.8115964
Pp max diag: 2594077761.8115964
Pp eigs: [7.06950433e+08 8.70191905e+08 1.38428878e+09 2.10341409e+09
 2.59408455e+09]
This is the update step.
log_likelihood: [[-3.06845292]], y: [[8.34442322e-07]], cov: [[73.62824889]]
-------------------------------------------
dt_idx: 517, pulsar: 18, dt: 29.921209815420486, is_first_obs: False
This is the predict step. Some useful numbers are surfaced below.
Max variance at index 116: 2594077761.811496
Pp max index: 116, value: 2594077761.811496
Pp max diag: 2594077761.811496
Pp eigs: [7.06950433e+08 8.70191905e+08 1.38428878e+09 2.10341409e+09
 2.59408455e+09]
This is the update step.
log_likelihood: [[-3.06721884]], y: [[1.58464893e-06]], cov: [[73.44674658]]
-------------------------------------------
dt_idx: 518, pulsar: 14, dt: 31.445567855481748, is_first_obs: False
This is the predict step. Some useful numbers are surfaced below.
Max variance at index 116: 2594077761.8114934
Pp max index: 116, value: 2594077761.8114934
Pp max diag: 2594077761.8114934
Pp eigs: [7.06950433e+08 8.70191905e+08 1.38428878e+09 2.10341409e+09
 2.59408455e+09]
This is the update step.
log_likelihood: [[-3.07081458]], y: [[7.26071904e-07]], cov: [[73.97684102]]
-------------------------------------------
dt_idx: 519, pulsar: 23, dt: 29.444329519084206, is_first_obs: False
This is the predict step. Some useful numbers are surfaced below.
Max variance at index 116: 2594077761.811483
Pp max index: 116, value: 2594077761.811483
Pp max diag: 2594077761.811483
Pp eigs: [7.06950433e+08 9.72762877e+08 1.38428878e+09 2.10341409e+09
 2.59408455e+09]
This is the update step.
log_likelihood: [[-3.0695917]], y: [[1.13563163e-06]], cov: [[73.79613307]]
-------------------------------------------
dt_idx: 520, pulsar: 8, dt: 30.49426042571112, is_first_obs: False
This is the predict step. Some useful numbers are surfaced below.
Max variance at index 116: 2594077761.811478
Pp max index: 116, value: 2594077761.811478
Pp max diag: 2594077761.811478
Pp eigs: [7.06950433e+08 7.21963750e+08 1.38428878e+09 2.10341409e+09
 2.59408455e+09]
This is the update step.
log_likelihood: [[-3.06978762]], y: [[-8.44058018e-06]], cov: [[73.82505478]]
-------------------------------------------
dt_idx: 521, pulsar: 7, dt: 30.385590870733612, is_first_obs: False
This is the predict step. Some useful numbers are surfaced below.
Max variance at index 116: 2594077761.811443
Pp max index: 116, value: 2594077761.811443
Pp max diag: 2594077761.811443
Pp eigs: [7.06950433e+08 7.21963750e+08 1.38428878e+09 2.10341409e+09
 2.59408455e+09]
This is the update step.
log_likelihood: [[-3.06780693]], y: [[-7.95738144e-06]], cov: [[73.53318384]]
-------------------------------------------
dt_idx: 522, pulsar: 11, dt: 30.319842325239268, is_first_obs: False
This is the predict step. Some useful numbers are surfaced below.
Max variance at index 116: 2594077761.81143
Pp max index: 116, value: 2594077761.81143
Pp max diag: 2594077761.81143
Pp eigs: [7.06950433e+08 7.21963750e+08 1.38428878e+09 2.10341409e+09
 2.59408455e+09]
This is the update step.
log_likelihood: [[-3.06876133]], y: [[-3.58683177e-06]], cov: [[73.6736782]]
-------------------------------------------
dt_idx: 523, pulsar: 5, dt: 30.45002209302452, is_first_obs: False
This is the predict step. Some useful numbers are surfaced below.
Max variance at index 116: 2594077761.811419
Pp max index: 116, value: 2594077761.811419
Pp max diag: 2594077761.811419
Pp eigs: [7.06950433e+08 7.21963750e+08 1.38428878e+09 2.10341409e+09
 2.59408455e+09]
This is the update step.
log_likelihood: [[-3.06815492]], y: [[-2.41142528e-05]], cov: [[73.58437956]]
-------------------------------------------
dt_idx: 524, pulsar: 32, dt: 31.413932182446672, is_first_obs: False
This is the predict step. Some useful numbers are surfaced below.
Max variance at index 116: 2594077761.8113976
Pp max index: 116, value: 2594077761.8113976
Pp max diag: 2594077761.8113976
Pp eigs: [7.08962321e+08 7.21963750e+08 1.38428878e+09 2.10341409e+09
 2.59408455e+09]
This is the update step.
log_likelihood: [[-3.06908166]], y: [[5.2339376e-06]], cov: [[73.72089382]]
-------------------------------------------
dt_idx: 525, pulsar: 1, dt: 30.716343340840602, is_first_obs: False
This is the predict step. Some useful numbers are surfaced below.
Max variance at index 116: 2594077761.811397
Pp max index: 116, value: 2594077761.811397
Pp max diag: 2594077761.811397
Pp eigs: [7.06950433e+08 7.21963750e+08 1.38428878e+09 2.36117855e+09
 2.59408455e+09]
This is the update step.
log_likelihood: [[-3.0701908]], y: [[-1.02496444e-05]], cov: [[73.88460848]]
-------------------------------------------
dt_idx: 526, pulsar: 29, dt: 32.37851732502381, is_first_obs: False
This is the predict step. Some useful numbers are surfaced below.
Max variance at index 116: 2594077761.8113766
Pp max index: 116, value: 2594077761.8113766
Pp max diag: 2594077761.8113766
Pp eigs: [7.06950433e+08 7.21963750e+08 1.38428878e+09 1.74964555e+09
 2.59408455e+09]
This is the update step.
log_likelihood: [[-3.07416079]], y: [[5.63534064e-06]], cov: [[74.47358569]]
-------------------------------------------
dt_idx: 527, pulsar: 2, dt: 31.66175511068768, is_first_obs: False
This is the predict step. Some useful numbers are surfaced below.
Max variance at index 116: 2594077761.8113565
Pp max index: 116, value: 2594077761.8113565
Pp max diag: 2594077761.8113565
Pp eigs: [7.06950433e+08 7.21963750e+08 1.56050775e+09 1.74964555e+09
 2.59408455e+09]
This is the update step.
log_likelihood: [[-3.07312998]], y: [[2.00967146e-05]], cov: [[74.32020849]]
-------------------------------------------
dt_idx: 528, pulsar: 25, dt: 28.47656092537774, is_first_obs: False
This is the predict step. Some useful numbers are surfaced below.
Max variance at index 116: 2866812586.34883
Pp max index: 116, value: 2866812586.34883
Pp max diag: 2866812586.34883
Pp eigs: [7.06950433e+08 7.21963750e+08 1.15221604e+09 1.74964555e+09
 2.86682025e+09]
This is the update step.
log_likelihood: [[-3.04926762]], y: [[8.9458126e-07]], cov: [[70.85660431]]
-------------------------------------------
dt_idx: 529, pulsar: 2, dt: 25.94345944125343, is_first_obs: False
This is the predict step. Some useful numbers are surfaced below.
Max variance at index 116: 2183283140.3161073
Pp max index: 116, value: 2183283140.3161073
Pp max diag: 2183283140.3161073
Pp eigs: [7.06950433e+08 7.21963750e+08 1.26181180e+09 1.74964555e+09
 2.18328888e+09]
This is the update step.
log_likelihood: [[-3.04603039]], y: [[7.80294357e-06]], cov: [[70.39932827]]
-------------------------------------------
dt_idx: 530, pulsar: 1, dt: 27.33238200025426, is_first_obs: False
This is the predict step. Some useful numbers are surfaced below.
Max variance at index 116: 2183283140.316064
Pp max index: 116, value: 2183283140.316064
Pp max diag: 2183283140.316064
Pp eigs: [7.06950433e+08 7.21963750e+08 9.67946122e+08 1.92434216e+09
 2.18328888e+09]
This is the update step.
log_likelihood: [[-3.0477468]], y: [[3.15193624e-05]], cov: [[70.64141128]]
-------------------------------------------
dt_idx: 531, pulsar: 30, dt: 29.991933361921046, is_first_obs: False
This is the predict step. Some useful numbers are surfaced below.
Max variance at index 116: 2183283140.3160315
Pp max index: 116, value: 2183283140.3160315
Pp max diag: 2183283140.3160315
Pp eigs: [7.06950433e+08 7.21963750e+08 9.67946122e+08 1.46985404e+09
 2.18328888e+09]
This is the update step.
log_likelihood: [[-3.04998757]], y: [[1.833504e-05]], cov: [[70.95870398]]
-------------------------------------------
dt_idx: 532, pulsar: 3, dt: 30.00258361251266, is_first_obs: False
This is the predict step. Some useful numbers are surfaced below.
Max variance at index 116: 2183283140.3160257
Pp max index: 116, value: 2183283140.3160257
Pp max diag: 2183283140.3160257
Pp eigs: [7.06950433e+08 7.21963750e+08 9.67946122e+08 1.46985404e+09
 2.18328888e+09]
This is the update step.
log_likelihood: [[-3.05192232]], y: [[-2.41450864e-07]], cov: [[71.23381114]]
-------------------------------------------
dt_idx: 533, pulsar: 19, dt: 28.667029989571482, is_first_obs: False
This is the predict step. Some useful numbers are surfaced below.
Max variance at index 116: 2183283140.3160186
Pp max index: 116, value: 2183283140.3160186
Pp max diag: 2183283140.3160186
Pp eigs: [7.06950433e+08 7.21963750e+08 9.67946122e+08 1.46985404e+09
 2.18328888e+09]
This is the update step.
log_likelihood: [[-3.04954652]], y: [[2.21111307e-06]], cov: [[70.89613954]]
-------------------------------------------
dt_idx: 534, pulsar: 0, dt: 29.676527149522745, is_first_obs: False
This is the predict step. Some useful numbers are surfaced below.
Max variance at index 116: 2183283140.316
Pp max index: 116, value: 2183283140.316
Pp max diag: 2183283140.316
Pp eigs: [7.06950433e+08 7.21963750e+08 9.67946122e+08 1.46985404e+09
 2.18328888e+09]
This is the update step.
log_likelihood: [[-3.0528927]], y: [[1.88319792e-06]], cov: [[71.37219275]]
-------------------------------------------
dt_idx: 535, pulsar: 24, dt: 29.615163991749284, is_first_obs: False
This is the predict step. Some useful numbers are surfaced below.
Max variance at index 116: 2183283140.3159814
Pp max index: 116, value: 2183283140.3159814
Pp max diag: 2183283140.3159814
Pp eigs: [7.06950433e+08 7.21963750e+08 9.67946122e+08 1.46985404e+09
 2.18328888e+09]
This is the update step.
log_likelihood: [[-3.05199864]], y: [[5.83122947e-06]], cov: [[71.24468493]]
-------------------------------------------
dt_idx: 536, pulsar: 26, dt: 29.850608226767292, is_first_obs: False
This is the predict step. Some useful numbers are surfaced below.
Max variance at index 116: 2183283140.315907
Pp max index: 116, value: 2183283140.315907
Pp max diag: 2183283140.315907
Pp eigs: [7.06950433e+08 7.21963750e+08 9.67946122e+08 1.46985404e+09
 2.18328888e+09]
This is the update step.
log_likelihood: [[-3.05260139]], y: [[1.3943845e-05]], cov: [[71.33062178]]
-------------------------------------------
dt_idx: 537, pulsar: 12, dt: 30.7984393168158, is_first_obs: False
This is the predict step. Some useful numbers are surfaced below.
Max variance at index 116: 2183283140.315663
Pp max index: 116, value: 2183283140.315663
Pp max diag: 2183283140.315663
Pp eigs: [7.06950433e+08 7.21963750e+08 9.67946122e+08 1.46985404e+09
 2.18328888e+09]
This is the update step.
log_likelihood: [[-3.05441157]], y: [[-4.44827046e-06]], cov: [[71.58933278]]
-------------------------------------------
dt_idx: 538, pulsar: 5, dt: 29.042766281101436, is_first_obs: False
This is the predict step. Some useful numbers are surfaced below.
Max variance at index 116: 2183283140.3156557
Pp max index: 116, value: 2183283140.3156557
Pp max diag: 2183283140.3156557
Pp eigs: [7.06950433e+08 7.21963750e+08 9.67946122e+08 1.46985404e+09
 2.18328888e+09]
This is the update step.
log_likelihood: [[-3.05120935]], y: [[2.38174474e-05]], cov: [[71.13230841]]
-------------------------------------------
dt_idx: 539, pulsar: 15, dt: 30.103144864219203, is_first_obs: False
This is the predict step. Some useful numbers are surfaced below.
Max variance at index 116: 2183283140.315625
Pp max index: 116, value: 2183283140.315625
Pp max diag: 2183283140.315625
Pp eigs: [7.06950433e+08 7.21963750e+08 9.67946122e+08 1.46985404e+09
 2.18328888e+09]
This is the update step.
log_likelihood: [[-3.05411521]], y: [[2.09199898e-06]], cov: [[71.54691234]]
-------------------------------------------
dt_idx: 540, pulsar: 27, dt: 30.67863504236495, is_first_obs: False
This is the predict step. Some useful numbers are surfaced below.
Max variance at index 116: 2183283140.315606
Pp max index: 116, value: 2183283140.315606
Pp max diag: 2183283140.315606
Pp eigs: [7.06950433e+08 7.21963750e+08 9.67946122e+08 1.46985404e+09
 2.18328888e+09]
This is the update step.
log_likelihood: [[-3.05323043]], y: [[-3.04390797e-06]], cov: [[71.42041775]]
-------------------------------------------
dt_idx: 541, pulsar: 8, dt: 29.676816563264087, is_first_obs: False
This is the predict step. Some useful numbers are surfaced below.
Max variance at index 116: 2183283140.3155727
Pp max index: 116, value: 2183283140.3155727
Pp max diag: 2183283140.3155727
Pp eigs: [7.06950433e+08 7.21963750e+08 9.67946122e+08 1.46985404e+09
 2.18328888e+09]
This is the update step.
log_likelihood: [[-3.05413676]], y: [[-1.63273967e-06]], cov: [[71.54999692]]
-------------------------------------------
dt_idx: 542, pulsar: 17, dt: 30.244848469882097, is_first_obs: False
This is the predict step. Some useful numbers are surfaced below.
Max variance at index 116: 2183283140.3155136
Pp max index: 116, value: 2183283140.3155136
Pp max diag: 2183283140.3155136
Pp eigs: [7.06950433e+08 7.21963750e+08 9.67946122e+08 1.46985404e+09
 2.18328888e+09]
This is the update step.
log_likelihood: [[-3.05535194]], y: [[-4.12501377e-06]], cov: [[71.7240997]]
-------------------------------------------
dt_idx: 543, pulsar: 20, dt: 30.66140781748074, is_first_obs: False
This is the predict step. Some useful numbers are surfaced below.
Max variance at index 116: 2183283140.315507
Pp max index: 116, value: 2183283140.315507
Pp max diag: 2183283140.315507
Pp eigs: [7.06950433e+08 7.21963750e+08 9.67946122e+08 1.46985404e+09
 2.18328888e+09]
This is the update step.
log_likelihood: [[-3.05244694]], y: [[3.60041123e-06]], cov: [[71.30859093]]
-------------------------------------------
dt_idx: 544, pulsar: 22, dt: 30.204132251607046, is_first_obs: False
This is the predict step. Some useful numbers are surfaced below.
Max variance at index 116: 2183283140.3155026
Pp max index: 116, value: 2183283140.3155026
Pp max diag: 2183283140.3155026
Pp eigs: [7.06950433e+08 7.21963750e+08 9.67946122e+08 1.46985404e+09
 2.18328888e+09]
This is the update step.
log_likelihood: [[-3.05439536]], y: [[-1.98168791e-07]], cov: [[71.58701101]]
-------------------------------------------
dt_idx: 545, pulsar: 23, dt: 29.92841683919783, is_first_obs: False
This is the predict step. Some useful numbers are surfaced below.
Max variance at index 116: 2183283140.3153324
Pp max index: 116, value: 2183283140.3153324
Pp max diag: 2183283140.3153324
Pp eigs: [7.06950433e+08 8.01563141e+08 9.67946122e+08 1.46985404e+09
 2.18328888e+09]
This is the update step.
log_likelihood: [[-3.05441246]], y: [[-5.53263946e-08]], cov: [[71.58946019]]
-------------------------------------------
dt_idx: 546, pulsar: 4, dt: 30.59513217201939, is_first_obs: False
This is the predict step. Some useful numbers are surfaced below.
Max variance at index 116: 2183283140.315323
Pp max index: 116, value: 2183283140.315323
Pp max diag: 2183283140.315323
Pp eigs: [7.06950433e+08 7.38254046e+08 9.67946122e+08 1.46985404e+09
 2.18328888e+09]
This is the update step.
log_likelihood: [[-3.05452853]], y: [[4.05879534e-07]], cov: [[71.6060798]]
-------------------------------------------
dt_idx: 547, pulsar: 10, dt: 31.03083144093001, is_first_obs: False
This is the predict step. Some useful numbers are surfaced below.
Max variance at index 116: 2183283140.315286
Pp max index: 116, value: 2183283140.315286
Pp max diag: 2183283140.315286
Pp eigs: [6.29948095e+08 7.06950433e+08 9.67946122e+08 1.46985404e+09
 2.18328888e+09]
This is the update step.
log_likelihood: [[-3.05426823]], y: [[-1.85164516e-06]], cov: [[71.56881201]]
-------------------------------------------
dt_idx: 548, pulsar: 16, dt: 31.147338593955393, is_first_obs: False
This is the predict step. Some useful numbers are surfaced below.
Max variance at index 116: 2183283140.315283
Pp max index: 116, value: 2183283140.315283
Pp max diag: 2183283140.315283
Pp eigs: [7.02383326e+08 7.06950433e+08 9.67946122e+08 1.46985404e+09
 2.18328888e+09]
This is the update step.
log_likelihood: [[-3.05531459]], y: [[-1.00504352e-05]], cov: [[71.71874303]]
-------------------------------------------
dt_idx: 549, pulsar: 9, dt: 30.538225803286938, is_first_obs: False
This is the predict step. Some useful numbers are surfaced below.
Max variance at index 116: 2183283140.315263
Pp max index: 116, value: 2183283140.315263
Pp max diag: 2183283140.315263
Pp eigs: [6.05476064e+08 7.06950433e+08 9.67946122e+08 1.46985404e+09
 2.18328888e+09]
This is the update step.
log_likelihood: [[-3.05651515]], y: [[-4.33427613e-07]], cov: [[71.89115493]]
-------------------------------------------
dt_idx: 550, pulsar: 28, dt: 30.800644076643167, is_first_obs: False
This is the predict step. Some useful numbers are surfaced below.
Max variance at index 116: 2183283140.315245
Pp max index: 116, value: 2183283140.315245
Pp max diag: 2183283140.315245
Pp eigs: [6.05476064e+08 7.06950433e+08 9.67946122e+08 1.46985404e+09
 2.18328888e+09]
This is the update step.
log_likelihood: [[-3.05561735]], y: [[7.14323986e-07]], cov: [[71.76218239]]
-------------------------------------------
dt_idx: 551, pulsar: 11, dt: 30.1260047679698, is_first_obs: False
This is the predict step. Some useful numbers are surfaced below.
Max variance at index 116: 2183283140.3152347
Pp max index: 116, value: 2183283140.3152347
Pp max diag: 2183283140.3152347
Pp eigs: [6.05476064e+08 7.06950433e+08 9.67946122e+08 1.46985404e+09
 2.18328888e+09]
This is the update step.
log_likelihood: [[-3.05458739]], y: [[7.42705325e-06]], cov: [[71.61451046]]
-------------------------------------------
dt_idx: 552, pulsar: 31, dt: 32.616475049676716, is_first_obs: False
This is the predict step. Some useful numbers are surfaced below.
Max variance at index 116: 2183283140.315217
Pp max index: 116, value: 2183283140.315217
Pp max diag: 2183283140.315217
Pp eigs: [6.05476064e+08 7.92526344e+08 9.67946122e+08 1.46985404e+09
 2.18328888e+09]
This is the update step.
log_likelihood: [[-3.05790557]], y: [[6.96950535e-05]], cov: [[72.09135014]]
-------------------------------------------
dt_idx: 553, pulsar: 32, dt: 29.965123453349978, is_first_obs: False
This is the predict step. Some useful numbers are surfaced below.
Max variance at index 116: 2183283140.315205
Pp max index: 116, value: 2183283140.315205
Pp max diag: 2183283140.315205
Pp eigs: [5.95029393e+08 6.05476064e+08 9.67946122e+08 1.46985404e+09
 2.18328888e+09]
This is the update step.
log_likelihood: [[-3.0541184]], y: [[8.17883927e-06]], cov: [[71.54736869]]
-------------------------------------------
dt_idx: 554, pulsar: 7, dt: 30.44316088972268, is_first_obs: False
This is the predict step. Some useful numbers are surfaced below.
Max variance at index 116: 2183283140.315204
Pp max index: 116, value: 2183283140.315204
Pp max diag: 2183283140.315204
Pp eigs: [5.95029393e+08 6.05476064e+08 9.67946122e+08 1.46985404e+09
 2.18328888e+09]
This is the update step.
log_likelihood: [[-3.05443228]], y: [[1.08365957e-05]], cov: [[71.59229734]]
-------------------------------------------
dt_idx: 555, pulsar: 29, dt: 29.146388830542563, is_first_obs: False
This is the predict step. Some useful numbers are surfaced below.
Max variance at index 116: 2183283140.3151827
Pp max index: 116, value: 2183283140.3151827
Pp max diag: 2183283140.3151827
Pp eigs: [5.95029393e+08 6.05476064e+08 9.67946122e+08 1.46985404e+09
 2.18328888e+09]
This is the update step.
log_likelihood: [[-3.05476817]], y: [[1.97404576e-06]], cov: [[71.64040855]]
-------------------------------------------
dt_idx: 556, pulsar: 6, dt: 31.862399725097195, is_first_obs: False
This is the predict step. Some useful numbers are surfaced below.
Max variance at index 116: 2183283140.3151493
Pp max index: 116, value: 2183283140.3151493
Pp max diag: 2183283140.3151493
Pp eigs: [5.95029393e+08 6.05476064e+08 9.67946122e+08 1.46985404e+09
 2.18328888e+09]
This is the update step.
log_likelihood: [[-3.05576083]], y: [[2.15861963e-06]], cov: [[71.78277847]]
-------------------------------------------
dt_idx: 557, pulsar: 18, dt: 30.791829051198782, is_first_obs: False
This is the predict step. Some useful numbers are surfaced below.
Max variance at index 116: 2183283140.3151417
Pp max index: 116, value: 2183283140.3151417
Pp max diag: 2183283140.3151417
Pp eigs: [5.95029393e+08 6.05476064e+08 9.67946122e+08 1.46985404e+09
 2.18328888e+09]
This is the update step.
log_likelihood: [[-3.05497911]], y: [[2.02436451e-06]], cov: [[71.67063879]]
-------------------------------------------
dt_idx: 558, pulsar: 13, dt: 32.60173724867679, is_first_obs: False
This is the predict step. Some useful numbers are surfaced below.
Max variance at index 116: 2183283140.315138
Pp max index: 116, value: 2183283140.315138
Pp max diag: 2183283140.315138
Pp eigs: [5.95029393e+08 6.05476064e+08 9.67946122e+08 1.46985404e+09
 2.18328888e+09]
This is the update step.
log_likelihood: [[-3.0569736]], y: [[-2.50860224e-05]], cov: [[71.95710255]]
-------------------------------------------
dt_idx: 559, pulsar: 14, dt: 30.867260243705022, is_first_obs: False
This is the predict step. Some useful numbers are surfaced below.
Max variance at index 116: 2183283140.315108
Pp max index: 116, value: 2183283140.315108
Pp max diag: 2183283140.315108
Pp eigs: [5.95029393e+08 6.05476064e+08 9.67946122e+08 1.46985404e+09
 2.18328888e+09]
This is the update step.
log_likelihood: [[-3.05716346]], y: [[2.49846527e-06]], cov: [[71.98443089]]
-------------------------------------------
dt_idx: 560, pulsar: 21, dt: 32.73053930298045, is_first_obs: False
This is the predict step. Some useful numbers are surfaced below.
Max variance at index 116: 2183283140.315085
Pp max index: 116, value: 2183283140.315085
Pp max diag: 2183283140.315085
Pp eigs: [5.95029393e+08 6.05476064e+08 9.67946122e+08 1.46985404e+09
 2.18328888e+09]
This is the update step.
log_likelihood: [[-3.05890671]], y: [[-2.27041106e-06]], cov: [[72.23584174]]
-------------------------------------------
dt_idx: 561, pulsar: 27, dt: 28.17054437517016, is_first_obs: False
This is the predict step. Some useful numbers are surfaced below.
Max variance at index 116: 2183283140.3150806
Pp max index: 116, value: 2183283140.3150806
Pp max diag: 2183283140.3150806
Pp eigs: [5.95029393e+08 6.05476064e+08 9.67946122e+08 1.46985404e+09
 2.18328888e+09]
This is the update step.
log_likelihood: [[-3.03630097]], y: [[3.82642383e-06]], cov: [[69.04268109]]
-------------------------------------------
dt_idx: 562, pulsar: 12, dt: 28.986060614309928, is_first_obs: False
This is the predict step. Some useful numbers are surfaced below.
Max variance at index 116: 2183283140.3150024
Pp max index: 116, value: 2183283140.3150024
Pp max diag: 2183283140.3150024
Pp eigs: [5.95029393e+08 6.05476064e+08 9.67946122e+08 1.46985404e+09
 2.18328888e+09]
This is the update step.
log_likelihood: [[-3.03881558]], y: [[3.29061803e-06]], cov: [[69.39078658]]
-------------------------------------------
dt_idx: 563, pulsar: 32, dt: 28.14647388772832, is_first_obs: False
This is the predict step. Some useful numbers are surfaced below.
Max variance at index 116: 2183283140.3149796
Pp max index: 116, value: 2183283140.3149796
Pp max diag: 2183283140.3149796
Pp eigs: [5.95029393e+08 6.05476064e+08 9.67946122e+08 1.46985404e+09
 2.18328888e+09]
This is the update step.
log_likelihood: [[-3.0365683]], y: [[-2.54940268e-06]], cov: [[69.07960479]]
-------------------------------------------
dt_idx: 564, pulsar: 1, dt: 30.455673636308422, is_first_obs: False
This is the predict step. Some useful numbers are surfaced below.
Max variance at index 116: 2183283140.314977
Pp max index: 116, value: 2183283140.314977
Pp max diag: 2183283140.314977
Pp eigs: [5.95029393e+08 6.05476064e+08 9.67946122e+08 1.62207295e+09
 2.18328888e+09]
This is the update step.
log_likelihood: [[-3.03794319]], y: [[-1.77922738e-05]], cov: [[69.26982052]]
-------------------------------------------
dt_idx: 565, pulsar: 7, dt: 28.121814245669928, is_first_obs: False
This is the predict step. Some useful numbers are surfaced below.
Max variance at index 116: 2183283140.3148866
Pp max index: 116, value: 2183283140.3148866
Pp max diag: 2183283140.3148866
Pp eigs: [5.95029393e+08 6.05476064e+08 9.67946122e+08 1.25042216e+09
 2.18328888e+09]
This is the update step.
log_likelihood: [[-3.03651057]], y: [[-7.55169197e-06]], cov: [[69.07162984]]
-------------------------------------------
dt_idx: 566, pulsar: 17, dt: 28.996746367900457, is_first_obs: False
This is the predict step. Some useful numbers are surfaced below.
Max variance at index 116: 2183283140.314836
Pp max index: 116, value: 2183283140.314836
Pp max diag: 2183283140.314836
Pp eigs: [5.95029393e+08 6.05476064e+08 9.67946122e+08 1.25042216e+09
 2.18328888e+09]
This is the update step.
log_likelihood: [[-3.03940473]], y: [[1.12387116e-06]], cov: [[69.47259748]]
-------------------------------------------
dt_idx: 567, pulsar: 29, dt: 28.219599432382317, is_first_obs: False
This is the predict step. Some useful numbers are surfaced below.
Max variance at index 116: 2183283140.314816
Pp max index: 116, value: 2183283140.314816
Pp max diag: 2183283140.314816
Pp eigs: [5.95029393e+08 6.05476064e+08 9.67946122e+08 1.25042216e+09
 2.18328888e+09]
This is the update step.
log_likelihood: [[-3.03707168]], y: [[-1.18999889e-06]], cov: [[69.14918664]]
-------------------------------------------
dt_idx: 568, pulsar: 5, dt: 29.604503763185605, is_first_obs: False
This is the predict step. Some useful numbers are surfaced below.
Max variance at index 116: 2183283140.314731
Pp max index: 116, value: 2183283140.314731
Pp max diag: 2183283140.314731
Pp eigs: [5.95029393e+08 6.05476064e+08 9.67946122e+08 1.25042216e+09
 2.18328888e+09]
This is the update step.
log_likelihood: [[-3.0382076]], y: [[3.22754219e-05]], cov: [[69.30646069]]
-------------------------------------------
dt_idx: 569, pulsar: 25, dt: 31.59823109274661, is_first_obs: False
This is the predict step. Some useful numbers are surfaced below.
Max variance at index 116: 2419535063.0823874
Pp max index: 116, value: 2419535063.0823874
Pp max diag: 2419535063.0823874
Pp eigs: [5.95029393e+08 6.05476064e+08 9.67946122e+08 1.25042216e+09
 2.41954157e+09]
This is the update step.
log_likelihood: [[-3.04209542]], y: [[-2.45023674e-07]], cov: [[69.84746374]]
-------------------------------------------
dt_idx: 570, pulsar: 28, dt: 28.971588816344738, is_first_obs: False
This is the predict step. Some useful numbers are surfaced below.
Max variance at index 116: 1851365094.431258
Pp max index: 116, value: 1851365094.431258
Pp max diag: 1851365094.431258
Pp eigs: [5.95029393e+08 6.05476064e+08 9.67946122e+08 1.25042216e+09
 1.85137000e+09]
This is the update step.
log_likelihood: [[-3.03912201]], y: [[-4.9612791e-07]], cov: [[69.43332626]]
-------------------------------------------
dt_idx: 571, pulsar: 3, dt: 31.03038206519904, is_first_obs: False
This is the predict step. Some useful numbers are surfaced below.
Max variance at index 116: 1851365094.4312472
Pp max index: 116, value: 1851365094.4312472
Pp max diag: 1851365094.4312472
Pp eigs: [5.95029393e+08 6.05476064e+08 9.67946122e+08 1.25042216e+09
 1.85137000e+09]
This is the update step.
log_likelihood: [[-3.04205357]], y: [[-4.35894265e-08]], cov: [[69.84161825]]
-------------------------------------------
dt_idx: 572, pulsar: 8, dt: 29.763012320929104, is_first_obs: False
This is the predict step. Some useful numbers are surfaced below.
Max variance at index 116: 1851365094.4312391
Pp max index: 116, value: 1851365094.4312391
Pp max diag: 1851365094.4312391
Pp eigs: [5.95029393e+08 6.05476064e+08 9.67946122e+08 1.25042216e+09
 1.85137000e+09]
This is the update step.
log_likelihood: [[-3.04051765]], y: [[1.78710946e-05]], cov: [[69.62740425]]
-------------------------------------------
dt_idx: 573, pulsar: 15, dt: 29.919856093492772, is_first_obs: False
This is the predict step. Some useful numbers are surfaced below.
Max variance at index 116: 1851365094.4311762
Pp max index: 116, value: 1851365094.4311762
Pp max diag: 1851365094.4311762
Pp eigs: [5.95029393e+08 6.05476064e+08 9.67946122e+08 1.25042216e+09
 1.85137000e+09]
This is the update step.
log_likelihood: [[-3.04061578]], y: [[1.06841816e-05]], cov: [[69.64107052]]
-------------------------------------------
dt_idx: 574, pulsar: 23, dt: 29.54587823409725, is_first_obs: False
This is the predict step. Some useful numbers are surfaced below.
Max variance at index 116: 1851365094.4311564
Pp max index: 116, value: 1851365094.4311564
Pp max diag: 1851365094.4311564
Pp eigs: [5.95029393e+08 6.66296250e+08 9.67946122e+08 1.25042216e+09
 1.85137000e+09]
This is the update step.
log_likelihood: [[-3.03995101]], y: [[7.54204135e-07]], cov: [[69.54854202]]
-------------------------------------------
dt_idx: 575, pulsar: 9, dt: 29.44779913260981, is_first_obs: False
This is the predict step. Some useful numbers are surfaced below.
Max variance at index 116: 1851365094.431146
Pp max index: 116, value: 1851365094.431146
Pp max diag: 1851365094.431146
Pp eigs: [5.57157563e+08 5.95029393e+08 9.67946122e+08 1.25042216e+09
 1.85137000e+09]
This is the update step.
log_likelihood: [[-3.04091205]], y: [[-8.64909669e-08]], cov: [[69.68234864]]
-------------------------------------------
dt_idx: 576, pulsar: 13, dt: 28.861761133207214, is_first_obs: False
This is the predict step. Some useful numbers are surfaced below.
Max variance at index 116: 1851365094.4311254
Pp max index: 116, value: 1851365094.4311254
Pp max diag: 1851365094.4311254
Pp eigs: [5.57157563e+08 5.95029393e+08 9.67946122e+08 1.25042216e+09
 1.85137000e+09]
This is the update step.
log_likelihood: [[-3.03959885]], y: [[8.85334594e-06]], cov: [[69.49957514]]
-------------------------------------------
dt_idx: 577, pulsar: 2, dt: 31.740030069185625, is_first_obs: False
This is the predict step. Some useful numbers are surfaced below.
Max variance at index 116: 1851365094.4310932
Pp max index: 116, value: 1851365094.4310932
Pp max diag: 1851365094.4310932
Pp eigs: [5.57157563e+08 5.95029393e+08 1.07326940e+09 1.25042216e+09
 1.85137000e+09]
This is the update step.
log_likelihood: [[-3.04009842]], y: [[3.07710307e-05]], cov: [[69.56904975]]
-------------------------------------------
dt_idx: 578, pulsar: 21, dt: 28.433032275394154, is_first_obs: False
This is the predict step. Some useful numbers are surfaced below.
Max variance at index 116: 1851365094.4310446
Pp max index: 116, value: 1851365094.4310446
Pp max diag: 1851365094.4310446
Pp eigs: [5.57157563e+08 5.95029393e+08 8.25112083e+08 1.25042216e+09
 1.85137000e+09]
This is the update step.
log_likelihood: [[-3.03993857]], y: [[1.74339598e-06]], cov: [[69.546811]]
-------------------------------------------
dt_idx: 579, pulsar: 4, dt: 29.80611071779772, is_first_obs: False
This is the predict step. Some useful numbers are surfaced below.
Max variance at index 116: 1851365094.4310398
Pp max index: 116, value: 1851365094.4310398
Pp max diag: 1851365094.4310398
Pp eigs: [5.95029393e+08 6.13358643e+08 8.25112083e+08 1.25042216e+09
 1.85137000e+09]
This is the update step.
log_likelihood: [[-3.04040176]], y: [[2.20534766e-06]], cov: [[69.61126855]]
-------------------------------------------
dt_idx: 580, pulsar: 0, dt: 31.493506407969527, is_first_obs: False
This is the predict step. Some useful numbers are surfaced below.
Max variance at index 116: 1851365094.4309998
Pp max index: 116, value: 1851365094.4309998
Pp max diag: 1851365094.4309998
Pp eigs: [5.29540808e+08 5.95029393e+08 8.25112083e+08 1.25042216e+09
 1.85137000e+09]
This is the update step.
log_likelihood: [[-3.04387465]], y: [[1.60456298e-06]], cov: [[70.09645563]]
-------------------------------------------
dt_idx: 581, pulsar: 14, dt: 29.107699449272065, is_first_obs: False
This is the predict step. Some useful numbers are surfaced below.
Max variance at index 116: 1851365094.4309773
Pp max index: 116, value: 1851365094.4309773
Pp max diag: 1851365094.4309773
Pp eigs: [5.29540808e+08 5.95029393e+08 8.25112083e+08 1.25042216e+09
 1.85137000e+09]
This is the update step.
log_likelihood: [[-3.04013777]], y: [[6.61025777e-07]], cov: [[69.57452509]]
-------------------------------------------
dt_idx: 582, pulsar: 11, dt: 29.6939551862412, is_first_obs: False
This is the predict step. Some useful numbers are surfaced below.
Max variance at index 116: 1851365094.4309485
Pp max index: 116, value: 1851365094.4309485
Pp max diag: 1851365094.4309485
Pp eigs: [5.29540808e+08 5.95029393e+08 8.25112083e+08 1.25042216e+09
 1.85137000e+09]
This is the update step.
log_likelihood: [[-3.04051305]], y: [[5.86650336e-06]], cov: [[69.62676339]]
-------------------------------------------
dt_idx: 583, pulsar: 19, dt: 31.84099581196352, is_first_obs: False
This is the predict step. Some useful numbers are surfaced below.
Max variance at index 116: 1851365094.43093
Pp max index: 116, value: 1851365094.43093
Pp max diag: 1851365094.43093
Pp eigs: [5.29540808e+08 5.95029393e+08 8.25112083e+08 1.25042216e+09
 1.85137000e+09]
This is the update step.
log_likelihood: [[-3.04267116]], y: [[2.03697111e-06]], cov: [[69.92793848]]
-------------------------------------------
dt_idx: 584, pulsar: 6, dt: 29.492401563216138, is_first_obs: False
This is the predict step. Some useful numbers are surfaced below.
Max variance at index 116: 1851365094.4309099
Pp max index: 116, value: 1851365094.4309099
Pp max diag: 1851365094.4309099
Pp eigs: [5.29540808e+08 5.95029393e+08 8.25112083e+08 1.25042216e+09
 1.85137000e+09]
This is the update step.
log_likelihood: [[-3.04048559]], y: [[-2.29855502e-06]], cov: [[69.62294026]]
-------------------------------------------
dt_idx: 585, pulsar: 20, dt: 30.505405814548332, is_first_obs: False
This is the predict step. Some useful numbers are surfaced below.
Max variance at index 116: 1851365094.4309022
Pp max index: 116, value: 1851365094.4309022
Pp max diag: 1851365094.4309022
Pp eigs: [5.29540808e+08 5.95029393e+08 8.25112083e+08 1.25042216e+09
 1.85137000e+09]
This is the update step.
log_likelihood: [[-3.04118325]], y: [[-7.62803381e-06]], cov: [[69.72015443]]
-------------------------------------------
dt_idx: 586, pulsar: 26, dt: 31.14653159556565, is_first_obs: False
This is the predict step. Some useful numbers are surfaced below.
Max variance at index 116: 1851365094.4308982
Pp max index: 116, value: 1851365094.4308982
Pp max diag: 1851365094.4308982
Pp eigs: [5.29540808e+08 5.95029393e+08 8.25112083e+08 1.25042216e+09
 1.85137000e+09]
This is the update step.
log_likelihood: [[-3.04252135]], y: [[-2.67411407e-06]], cov: [[69.906989]]
-------------------------------------------
dt_idx: 587, pulsar: 10, dt: 30.378801023242648, is_first_obs: False
This is the predict step. Some useful numbers are surfaced below.
Max variance at index 116: 1851365094.4306333
Pp max index: 116, value: 1851365094.4306333
Pp max diag: 1851365094.4306333
Pp eigs: [5.29540808e+08 5.95029393e+08 8.25112083e+08 1.25042216e+09
 1.85137000e+09]
This is the update step.
log_likelihood: [[-3.0415566]], y: [[7.79774002e-07]], cov: [[69.77223319]]
-------------------------------------------
dt_idx: 588, pulsar: 22, dt: 30.61661814081448, is_first_obs: False
This is the predict step. Some useful numbers are surfaced below.
Max variance at index 116: 1851365094.43063
Pp max index: 116, value: 1851365094.43063
Pp max diag: 1851365094.43063
Pp eigs: [5.29540808e+08 5.95029393e+08 8.25112083e+08 1.25042216e+09
 1.85137000e+09]
This is the update step.
log_likelihood: [[-3.04227336]], y: [[2.87781451e-06]], cov: [[69.87232495]]
-------------------------------------------
dt_idx: 589, pulsar: 16, dt: 30.425729302929504, is_first_obs: False
This is the predict step. Some useful numbers are surfaced below.
Max variance at index 116: 1851365094.4304392
Pp max index: 116, value: 1851365094.4304392
Pp max diag: 1851365094.4304392
Pp eigs: [5.84242893e+08 5.95029393e+08 8.25112083e+08 1.25042216e+09
 1.85137000e+09]
This is the update step.
log_likelihood: [[-3.04241787]], y: [[2.66217287e-06]], cov: [[69.89252332]]
-------------------------------------------
dt_idx: 590, pulsar: 31, dt: 30.32632419757269, is_first_obs: False
This is the predict step. Some useful numbers are surfaced below.
Max variance at index 116: 1851365094.430417
Pp max index: 116, value: 1851365094.430417
Pp max diag: 1851365094.430417
Pp eigs: [5.12177979e+08 6.56328381e+08 8.25112083e+08 1.25042216e+09
 1.85137000e+09]
This is the update step.
log_likelihood: [[-3.04368475]], y: [[5.73371751e-05]], cov: [[70.0698381]]
-------------------------------------------
dt_idx: 591, pulsar: 24, dt: 31.813175504229687, is_first_obs: False
This is the predict step. Some useful numbers are surfaced below.
Max variance at index 116: 1851365094.430403
Pp max index: 116, value: 1851365094.430403
Pp max diag: 1851365094.430403
Pp eigs: [5.01356396e+08 5.12177979e+08 8.25112083e+08 1.25042216e+09
 1.85137000e+09]
This is the update step.
log_likelihood: [[-3.04399763]], y: [[1.45230978e-05]], cov: [[70.11369883]]
-------------------------------------------
dt_idx: 592, pulsar: 30, dt: 33.306908239181396, is_first_obs: False
This is the predict step. Some useful numbers are surfaced below.
Max variance at index 116: 1851365094.4303215
Pp max index: 116, value: 1851365094.4303215
Pp max diag: 1851365094.4303215
Pp eigs: [5.01356396e+08 5.12177979e+08 8.25112083e+08 1.25042216e+09
 1.85137000e+09]
This is the update step.
log_likelihood: [[-3.0460887]], y: [[4.00854277e-06]], cov: [[70.40753772]]
-------------------------------------------
dt_idx: 593, pulsar: 18, dt: 31.23573929908099, is_first_obs: False
This is the predict step. Some useful numbers are surfaced below.
Max variance at index 116: 1851365094.4303143
Pp max index: 116, value: 1851365094.4303143
Pp max diag: 1851365094.4303143
Pp eigs: [5.01356396e+08 5.12177979e+08 8.25112083e+08 1.25042216e+09
 1.85137000e+09]
This is the update step.
log_likelihood: [[-3.04378642]], y: [[8.60922204e-06]], cov: [[70.08408837]]
-------------------------------------------
dt_idx: 594, pulsar: 27, dt: 30.437044366156613, is_first_obs: False
This is the predict step. Some useful numbers are surfaced below.
Max variance at index 116: 1851365094.4303098
Pp max index: 116, value: 1851365094.4303098
Pp max diag: 1851365094.4303098
Pp eigs: [5.01356396e+08 5.12177979e+08 8.25112083e+08 1.25042216e+09
 1.85137000e+09]
This is the update step.
log_likelihood: [[-3.02721219]], y: [[1.80743662e-06]], cov: [[67.79899134]]
-------------------------------------------
dt_idx: 595, pulsar: 13, dt: 28.888504785851193, is_first_obs: False
This is the predict step. Some useful numbers are surfaced below.
Max variance at index 116: 1851365094.4302323
Pp max index: 116, value: 1851365094.4302323
Pp max diag: 1851365094.4302323
Pp eigs: [5.01356396e+08 5.12177979e+08 8.25112083e+08 1.25042216e+09
 1.85137000e+09]
This is the update step.
log_likelihood: [[-3.02558237]], y: [[-2.48463922e-06]], cov: [[67.57835122]]
-------------------------------------------
dt_idx: 596, pulsar: 24, dt: 27.923978389634026, is_first_obs: False
This is the predict step. Some useful numbers are surfaced below.
Max variance at index 116: 1851365094.4301505
Pp max index: 116, value: 1851365094.4301505
Pp max diag: 1851365094.4301505
Pp eigs: [5.01356396e+08 5.12177979e+08 8.25112083e+08 1.25042216e+09
 1.85137000e+09]
This is the update step.
log_likelihood: [[-3.02646143]], y: [[3.22356251e-06]], cov: [[67.69726557]]
-------------------------------------------
dt_idx: 597, pulsar: 25, dt: 29.765632833728084, is_first_obs: False
This is the predict step. Some useful numbers are surfaced below.
Max variance at index 116: 2025364606.9620905
Pp max index: 116, value: 2025364606.9620905
Pp max diag: 2025364606.9620905
Pp eigs: [5.01356396e+08 5.12177979e+08 8.25112083e+08 1.25042216e+09
 2.02537008e+09]
This is the update step.
log_likelihood: [[-3.02928307]], y: [[1.59586007e-07]], cov: [[68.08038066]]
-------------------------------------------
dt_idx: 598, pulsar: 18, dt: 26.965981455555667, is_first_obs: False
This is the predict step. Some useful numbers are surfaced below.
Max variance at index 116: 1574349012.0946553
Pp max index: 116, value: 1574349012.0946553
Pp max diag: 1574349012.0946553
Pp eigs: [5.01356396e+08 5.12177979e+08 8.25112083e+08 1.25042216e+09
 1.57435320e+09]
This is the update step.
log_likelihood: [[-3.02396228]], y: [[-4.39844678e-06]], cov: [[67.35973854]]
-------------------------------------------
dt_idx: 599, pulsar: 26, dt: 28.712271308755433, is_first_obs: False
This is the predict step. Some useful numbers are surfaced below.
Max variance at index 116: 1574349012.0946505
Pp max index: 116, value: 1574349012.0946505
Pp max diag: 1574349012.0946505
Pp eigs: [5.01356396e+08 5.12177979e+08 8.25112083e+08 1.25042216e+09
 1.57435320e+09]
This is the update step.
log_likelihood: [[-3.02700202]], y: [[7.80571954e-06]], cov: [[67.77049822]]
-------------------------------------------
dt_idx: 600, pulsar: 11, dt: 29.06733326922964, is_first_obs: False
This is the predict step. Some useful numbers are surfaced below.
Max variance at index 116: 1574349012.0943537
Pp max index: 116, value: 1574349012.0943537
Pp max diag: 1574349012.0943537
Pp eigs: [5.01356396e+08 5.12177979e+08 8.25112083e+08 1.25042216e+09
 1.57435320e+09]
This is the update step.
log_likelihood: [[-3.02679198]], y: [[1.25032796e-05]], cov: [[67.7420354]]
-------------------------------------------
dt_idx: 601, pulsar: 28, dt: 29.853130855273317, is_first_obs: False
This is the predict step. Some useful numbers are surfaced below.
Max variance at index 116: 1574349012.0943332
Pp max index: 116, value: 1574349012.0943332
Pp max diag: 1574349012.0943332
Pp eigs: [5.01356396e+08 5.12177979e+08 8.25112083e+08 1.25042216e+09
 1.57435320e+09]
This is the update step.
log_likelihood: [[-3.02730663]], y: [[1.28384883e-05]], cov: [[67.81179832]]
-------------------------------------------
dt_idx: 602, pulsar: 4, dt: 29.356338657527058, is_first_obs: False
This is the predict step. Some useful numbers are surfaced below.
Max variance at index 116: 1574349012.0943203
Pp max index: 116, value: 1574349012.0943203
Pp max diag: 1574349012.0943203
Pp eigs: [5.12177979e+08 5.14230270e+08 8.25112083e+08 1.25042216e+09
 1.57435320e+09]
This is the update step.
log_likelihood: [[-3.02698699]], y: [[6.7864631e-07]], cov: [[67.76846074]]
-------------------------------------------
dt_idx: 603, pulsar: 7, dt: 30.507612427749013, is_first_obs: False
This is the predict step. Some useful numbers are surfaced below.
Max variance at index 116: 1574349012.0942724
Pp max index: 116, value: 1574349012.0942724
Pp max diag: 1574349012.0942724
Pp eigs: [5.01356396e+08 5.12177979e+08 8.25112082e+08 1.25042216e+09
 1.57435320e+09]
This is the update step.
log_likelihood: [[-3.02711576]], y: [[6.75148743e-06]], cov: [[67.7859169]]
-------------------------------------------
dt_idx: 604, pulsar: 22, dt: 28.704573210455752, is_first_obs: False
This is the predict step. Some useful numbers are surfaced below.
Max variance at index 116: 1574349012.0942476
Pp max index: 116, value: 1574349012.0942476
Pp max diag: 1574349012.0942476
Pp eigs: [5.01356396e+08 5.12177979e+08 8.25112082e+08 1.25042216e+09
 1.57435320e+09]
This is the update step.
log_likelihood: [[-3.02680592]], y: [[2.12397481e-07]], cov: [[67.74392415]]
-------------------------------------------
dt_idx: 605, pulsar: 29, dt: 30.384004872121192, is_first_obs: False
This is the predict step. Some useful numbers are surfaced below.
Max variance at index 116: 1574349012.0940225
Pp max index: 116, value: 1574349012.0940225
Pp max diag: 1574349012.0940225
Pp eigs: [5.01356396e+08 5.12177979e+08 8.25112082e+08 1.25042216e+09
 1.57435320e+09]
This is the update step.
log_likelihood: [[-3.02736194]], y: [[-6.49961722e-06]], cov: [[67.81930049]]
-------------------------------------------
dt_idx: 606, pulsar: 17, dt: 30.752861911842114, is_first_obs: False
This is the predict step. Some useful numbers are surfaced below.
Max variance at index 116: 1574349012.0939791
Pp max index: 116, value: 1574349012.0939791
Pp max diag: 1574349012.0939791
Pp eigs: [5.01356396e+08 5.12177979e+08 8.25112082e+08 1.25042216e+09
 1.57435320e+09]
This is the update step.
log_likelihood: [[-3.02963623]], y: [[4.06229122e-07]], cov: [[68.12848382]]
-------------------------------------------
dt_idx: 607, pulsar: 3, dt: 30.297571575520212, is_first_obs: False
This is the predict step. Some useful numbers are surfaced below.
Max variance at index 116: 1574349012.0939703
Pp max index: 116, value: 1574349012.0939703
Pp max diag: 1574349012.0939703
Pp eigs: [5.01356396e+08 5.12177979e+08 8.25112082e+08 1.25042216e+09
 1.57435320e+09]
This is the update step.
log_likelihood: [[-3.03010294]], y: [[-2.56070989e-07]], cov: [[68.19210645]]
-------------------------------------------
dt_idx: 608, pulsar: 8, dt: 30.11957596298721, is_first_obs: False
This is the predict step. Some useful numbers are surfaced below.
Max variance at index 116: 1574349012.0939605
Pp max index: 116, value: 1574349012.0939605
Pp max diag: 1574349012.0939605
Pp eigs: [5.01356396e+08 5.12177979e+08 8.25112082e+08 1.25042216e+09
 1.57435320e+09]
This is the update step.
log_likelihood: [[-3.029004]], y: [[-7.79553713e-06]], cov: [[68.04239212]]
-------------------------------------------
dt_idx: 609, pulsar: 1, dt: 30.9947168955538, is_first_obs: False
This is the predict step. Some useful numbers are surfaced below.
Max variance at index 116: 1574349012.0938869
Pp max index: 116, value: 1574349012.0938869
Pp max diag: 1574349012.0938869
Pp eigs: [5.01356396e+08 5.12177979e+08 8.25112082e+08 1.37241603e+09
 1.57435320e+09]
This is the update step.
log_likelihood: [[-3.02890416]], y: [[1.15120823e-05]], cov: [[68.02880688]]
-------------------------------------------
dt_idx: 610, pulsar: 2, dt: 29.961324092072466, is_first_obs: False
This is the predict step. Some useful numbers are surfaced below.
Max variance at index 116: 1574349012.093847
Pp max index: 116, value: 1574349012.093847
Pp max diag: 1574349012.093847
Pp eigs: [5.01356396e+08 5.12177979e+08 9.03221920e+08 1.06753352e+09
 1.57435320e+09]
This is the update step.
log_likelihood: [[-3.02827319]], y: [[1.45722788e-05]], cov: [[67.94301372]]
-------------------------------------------
dt_idx: 611, pulsar: 10, dt: 29.302119901765273, is_first_obs: False
This is the predict step. Some useful numbers are surfaced below.
Max variance at index 116: 1574349012.093796
Pp max index: 116, value: 1574349012.093796
Pp max diag: 1574349012.093796
Pp eigs: [5.01356396e+08 5.12177979e+08 7.03989412e+08 1.06753352e+09
 1.57435320e+09]
This is the update step.
log_likelihood: [[-3.02751513]], y: [[-5.933327e-07]], cov: [[67.84008107]]
-------------------------------------------
dt_idx: 612, pulsar: 9, dt: 30.323580888112385, is_first_obs: False
This is the predict step. Some useful numbers are surfaced below.
Max variance at index 116: 1574349012.0937922
Pp max index: 116, value: 1574349012.0937922
Pp max diag: 1574349012.0937922
Pp eigs: [5.01356396e+08 5.12177979e+08 7.03989412e+08 1.06753352e+09
 1.57435320e+09]
This is the update step.
log_likelihood: [[-3.02942548]], y: [[1.56476193e-06]], cov: [[68.09977452]]
-------------------------------------------
dt_idx: 613, pulsar: 5, dt: 31.10214279103058, is_first_obs: False
This is the predict step. Some useful numbers are surfaced below.
Max variance at index 116: 1574349012.0937657
Pp max index: 116, value: 1574349012.0937657
Pp max diag: 1574349012.0937657
Pp eigs: [5.01356396e+08 5.12177979e+08 7.03989412e+08 1.06753352e+09
 1.57435320e+09]
This is the update step.
log_likelihood: [[-3.02945233]], y: [[-6.22798841e-05]], cov: [[68.10343113]]
-------------------------------------------
dt_idx: 614, pulsar: 15, dt: 30.601241511857065, is_first_obs: False
This is the predict step. Some useful numbers are surfaced below.
Max variance at index 116: 1574349012.0937319
Pp max index: 116, value: 1574349012.0937319
Pp max diag: 1574349012.0937319
Pp eigs: [5.01356396e+08 5.12177979e+08 7.03989412e+08 1.06753352e+09
 1.57435320e+09]
This is the update step.
log_likelihood: [[-3.02981832]], y: [[-2.32515018e-06]], cov: [[68.15329942]]
-------------------------------------------
dt_idx: 615, pulsar: 0, dt: 30.12924794854941, is_first_obs: False
This is the predict step. Some useful numbers are surfaced below.
Max variance at index 116: 1574349012.0937083
Pp max index: 116, value: 1574349012.0937083
Pp max diag: 1574349012.0937083
Pp eigs: [5.01356396e+08 5.12177979e+08 7.03989412e+08 1.06753352e+09
 1.57435320e+09]
This is the update step.
log_likelihood: [[-3.03095909]], y: [[6.18097433e-06]], cov: [[68.30897206]]
-------------------------------------------
dt_idx: 616, pulsar: 21, dt: 30.34599485763797, is_first_obs: False
This is the predict step. Some useful numbers are surfaced below.
Max variance at index 116: 1574349012.09368
Pp max index: 116, value: 1574349012.09368
Pp max diag: 1574349012.09368
Pp eigs: [5.01356396e+08 5.12177979e+08 7.03989412e+08 1.06753352e+09
 1.57435320e+09]
This is the update step.
log_likelihood: [[-3.02893373]], y: [[1.68976691e-06]], cov: [[68.03283039]]
-------------------------------------------
dt_idx: 617, pulsar: 20, dt: 29.929814568117813, is_first_obs: False
This is the predict step. Some useful numbers are surfaced below.
Max variance at index 116: 1574349012.093674
Pp max index: 116, value: 1574349012.093674
Pp max diag: 1574349012.093674
Pp eigs: [5.01356396e+08 5.12177979e+08 7.03989412e+08 1.06753352e+09
 1.57435320e+09]
This is the update step.
log_likelihood: [[-3.02892753]], y: [[2.50289372e-06]], cov: [[68.03198729]]
-------------------------------------------
dt_idx: 618, pulsar: 19, dt: 30.242835334307618, is_first_obs: False
This is the predict step. Some useful numbers are surfaced below.
Max variance at index 116: 1574349012.0936697
Pp max index: 116, value: 1574349012.0936697
Pp max diag: 1574349012.0936697
Pp eigs: [5.01356396e+08 5.12177979e+08 7.03989412e+08 1.06753352e+09
 1.57435320e+09]
This is the update step.
log_likelihood: [[-3.03045212]], y: [[-2.19937759e-06]], cov: [[68.23974586]]
-------------------------------------------
dt_idx: 619, pulsar: 16, dt: 29.82542667592013, is_first_obs: False
This is the predict step. Some useful numbers are surfaced below.
Max variance at index 116: 1574349012.0936465
Pp max index: 116, value: 1574349012.0936465
Pp max diag: 1574349012.0936465
Pp eigs: [5.01356396e+08 5.12177979e+08 7.03989412e+08 1.06753352e+09
 1.57435320e+09]
This is the update step.
log_likelihood: [[-3.02919418]], y: [[-5.69652578e-06]], cov: [[68.06827847]]
-------------------------------------------
dt_idx: 620, pulsar: 31, dt: 29.740057238075465, is_first_obs: False
This is the predict step. Some useful numbers are surfaced below.
Max variance at index 116: 1574349012.093619
Pp max index: 116, value: 1574349012.093619
Pp max diag: 1574349012.093619
Pp eigs: [5.12177979e+08 5.48244383e+08 7.03989412e+08 1.06753352e+09
 1.57435320e+09]
This is the update step.
log_likelihood: [[-3.02975377]], y: [[-2.55224332e-06]], cov: [[68.14450207]]
-------------------------------------------
dt_idx: 621, pulsar: 14, dt: 30.648752956578022, is_first_obs: False
This is the predict step. Some useful numbers are surfaced below.
Max variance at index 116: 1574349012.0936
Pp max index: 116, value: 1574349012.0936
Pp max diag: 1574349012.0936
Pp eigs: [4.26232787e+08 5.12177979e+08 7.03989412e+08 1.06753352e+09
 1.57435320e+09]
This is the update step.
log_likelihood: [[-3.02931482]], y: [[1.3942308e-07]], cov: [[68.08470441]]
-------------------------------------------
dt_idx: 622, pulsar: 30, dt: 29.096494025797753, is_first_obs: False
This is the predict step. Some useful numbers are surfaced below.
Max variance at index 116: 1574349012.0935605
Pp max index: 116, value: 1574349012.0935605
Pp max diag: 1574349012.0935605
Pp eigs: [4.26232787e+08 5.12177979e+08 7.03989412e+08 1.06753352e+09
 1.57435320e+09]
This is the update step.
log_likelihood: [[-3.02979183]], y: [[8.76977814e-06]], cov: [[68.14968843]]
-------------------------------------------
dt_idx: 623, pulsar: 6, dt: 30.50970363816729, is_first_obs: False
This is the predict step. Some useful numbers are surfaced below.
Max variance at index 116: 1574349012.0935526
Pp max index: 116, value: 1574349012.0935526
Pp max diag: 1574349012.0935526
Pp eigs: [4.26232787e+08 5.12177979e+08 7.03989412e+08 1.06753352e+09
 1.57435320e+09]
This is the update step.
log_likelihood: [[-3.02946403]], y: [[-8.17962659e-06]], cov: [[68.10502495]]
-------------------------------------------
dt_idx: 624, pulsar: 12, dt: 32.45635794832751, is_first_obs: False
This is the predict step. Some useful numbers are surfaced below.
Max variance at index 116: 1574349012.0935433
Pp max index: 116, value: 1574349012.0935433
Pp max diag: 1574349012.0935433
Pp eigs: [4.26232787e+08 5.12177979e+08 7.03989412e+08 1.06753352e+09
 1.57435320e+09]
This is the update step.
log_likelihood: [[-3.03274346]], y: [[-1.60860408e-05]], cov: [[68.55318353]]
-------------------------------------------
dt_idx: 625, pulsar: 32, dt: 32.243492412567136, is_first_obs: False
This is the predict step. Some useful numbers are surfaced below.
Max variance at index 116: 1574349012.0935342
Pp max index: 116, value: 1574349012.0935342
Pp max diag: 1574349012.0935342
Pp eigs: [4.26232787e+08 5.12177979e+08 7.03989412e+08 1.06753352e+09
 1.57435320e+09]
This is the update step.
log_likelihood: [[-3.03086296]], y: [[-4.16986663e-06]], cov: [[68.29584025]]
-------------------------------------------
dt_idx: 626, pulsar: 23, dt: 31.91090769977481, is_first_obs: False
This is the predict step. Some useful numbers are surfaced below.
Max variance at index 116: 1574349012.0935333
Pp max index: 116, value: 1574349012.0935333
Pp max diag: 1574349012.0935333
Pp eigs: [4.26232787e+08 5.63763476e+08 7.03989412e+08 1.06753352e+09
 1.57435320e+09]
This is the update step.
log_likelihood: [[-3.03214195]], y: [[3.47976229e-07]], cov: [[68.47076269]]
-------------------------------------------
dt_idx: 627, pulsar: 26, dt: 27.709427738885083, is_first_obs: False
This is the predict step. Some useful numbers are surfaced below.
Max variance at index 116: 1574349012.0935194
Pp max index: 116, value: 1574349012.0935194
Pp max diag: 1574349012.0935194
Pp eigs: [4.26232787e+08 4.36337931e+08 7.03989412e+08 1.06753352e+09
 1.57435320e+09]
This is the update step.
log_likelihood: [[-3.01249023]], y: [[-1.36374546e-05]], cov: [[65.83182543]]
-------------------------------------------
dt_idx: 628, pulsar: 10, dt: 28.20406443743794, is_first_obs: False
This is the predict step. Some useful numbers are surfaced below.
Max variance at index 116: 1574349012.0928595
Pp max index: 116, value: 1574349012.0928595
Pp max diag: 1574349012.0928595
Pp eigs: [4.26232787e+08 4.36337931e+08 7.03989412e+08 1.06753352e+09
 1.57435320e+09]
This is the update step.
log_likelihood: [[-3.01355818]], y: [[3.01970651e-06]], cov: [[65.97258574]]
-------------------------------------------
dt_idx: 629, pulsar: 20, dt: 28.369424029754267, is_first_obs: False
This is the predict step. Some useful numbers are surfaced below.
Max variance at index 116: 1574349012.0928514
Pp max index: 116, value: 1574349012.0928514
Pp max diag: 1574349012.0928514
Pp eigs: [4.26232787e+08 4.36337931e+08 7.03989412e+08 1.06753352e+09
 1.57435320e+09]
This is the update step.
log_likelihood: [[-3.01496533]], y: [[-4.32824585e-06]], cov: [[66.1585144]]
-------------------------------------------
dt_idx: 630, pulsar: 0, dt: 28.58425377967181, is_first_obs: False
This is the predict step. Some useful numbers are surfaced below.
Max variance at index 116: 1574349012.0928428
Pp max index: 116, value: 1574349012.0928428
Pp max diag: 1574349012.0928428
Pp eigs: [4.26232787e+08 4.36337931e+08 7.03989412e+08 1.06753352e+09
 1.57435320e+09]
This is the update step.
log_likelihood: [[-3.0165572]], y: [[-4.8030677e-06]], cov: [[66.3694818]]
-------------------------------------------
dt_idx: 631, pulsar: 14, dt: 28.079491707781948, is_first_obs: False
This is the predict step. Some useful numbers are surfaced below.
Max variance at index 116: 1574349012.0927734
Pp max index: 116, value: 1574349012.0927734
Pp max diag: 1574349012.0927734
Pp eigs: [4.26232787e+08 4.36337931e+08 7.03989412e+08 1.06753352e+09
 1.57435320e+09]
This is the update step.
log_likelihood: [[-3.01426535]], y: [[1.50881811e-06]], cov: [[66.0659602]]
-------------------------------------------
dt_idx: 632, pulsar: 6, dt: 28.024945315056375, is_first_obs: False
This is the predict step. Some useful numbers are surfaced below.
Max variance at index 116: 1574349012.0926902
Pp max index: 116, value: 1574349012.0926902
Pp max diag: 1574349012.0926902
Pp eigs: [4.26232787e+08 4.36337931e+08 7.03989412e+08 1.06753352e+09
 1.57435320e+09]
This is the update step.
log_likelihood: [[-3.01443124]], y: [[-3.916681e-06]], cov: [[66.08788295]]
-------------------------------------------
dt_idx: 633, pulsar: 7, dt: 29.548957799264677, is_first_obs: False
This is the predict step. Some useful numbers are surfaced below.
Max variance at index 116: 1574349012.092671
Pp max index: 116, value: 1574349012.092671
Pp max diag: 1574349012.092671
Pp eigs: [4.26232787e+08 4.36337931e+08 7.03989412e+08 1.06753352e+09
 1.57435320e+09]
This is the update step.
log_likelihood: [[-3.01587346]], y: [[-3.84437818e-06]], cov: [[66.2787842]]
-------------------------------------------
dt_idx: 634, pulsar: 21, dt: 28.886383139943632, is_first_obs: False
This is the predict step. Some useful numbers are surfaced below.
Max variance at index 116: 1574349012.0926151
Pp max index: 116, value: 1574349012.0926151
Pp max diag: 1574349012.0926151
Pp eigs: [4.26232787e+08 4.36337931e+08 7.03989412e+08 1.06753352e+09
 1.57435320e+09]
This is the update step.
log_likelihood: [[-3.01581199]], y: [[-6.22041053e-07]], cov: [[66.27063667]]
-------------------------------------------
dt_idx: 635, pulsar: 15, dt: 28.999790439329765, is_first_obs: False
This is the predict step. Some useful numbers are surfaced below.
Max variance at index 116: 1574349012.0926023
Pp max index: 116, value: 1574349012.0926023
Pp max diag: 1574349012.0926023
Pp eigs: [4.26232787e+08 4.36337931e+08 7.03989412e+08 1.06753352e+09
 1.57435320e+09]
This is the update step.
log_likelihood: [[-3.01649125]], y: [[5.76084881e-06]], cov: [[66.36072788]]
-------------------------------------------
dt_idx: 636, pulsar: 18, dt: 30.285371185497, is_first_obs: False
This is the predict step. Some useful numbers are surfaced below.
Max variance at index 116: 1574349012.092549
Pp max index: 116, value: 1574349012.092549
Pp max diag: 1574349012.092549
Pp eigs: [4.26232787e+08 4.36337931e+08 7.03989412e+08 1.06753352e+09
 1.57435320e+09]
This is the update step.
log_likelihood: [[-3.01520056]], y: [[4.15921018e-06]], cov: [[66.18964597]]
-------------------------------------------
dt_idx: 637, pulsar: 23, dt: 27.874249991112283, is_first_obs: False
This is the predict step. Some useful numbers are surfaced below.
Max variance at index 116: 1574349012.0925388
Pp max index: 116, value: 1574349012.0925388
Pp max diag: 1574349012.0925388
Pp eigs: [4.26232787e+08 4.71832858e+08 7.03989412e+08 1.06753352e+09
 1.57435320e+09]
This is the update step.
log_likelihood: [[-3.0157527]], y: [[-7.66646612e-08]], cov: [[66.26277813]]
-------------------------------------------
dt_idx: 638, pulsar: 17, dt: 29.818817199082286, is_first_obs: False
This is the predict step. Some useful numbers are surfaced below.
Max variance at index 116: 1574349012.0925114
Pp max index: 116, value: 1574349012.0925114
Pp max diag: 1574349012.0925114
Pp eigs: [4.14712318e+08 4.26232787e+08 7.03989412e+08 1.06753352e+09
 1.57435320e+09]
This is the update step.
log_likelihood: [[-3.018081]], y: [[4.97118356e-06]], cov: [[66.57205795]]
-------------------------------------------
dt_idx: 639, pulsar: 11, dt: 30.24627188834879, is_first_obs: False
This is the predict step. Some useful numbers are surfaced below.
Max variance at index 116: 1574349012.0924888
Pp max index: 116, value: 1574349012.0924888
Pp max diag: 1574349012.0924888
Pp eigs: [4.01396635e+08 4.26232787e+08 7.03989412e+08 1.06753352e+09
 1.57435320e+09]
This is the update step.
log_likelihood: [[-3.01722081]], y: [[-2.54469889e-06]], cov: [[66.45762732]]
-------------------------------------------
dt_idx: 640, pulsar: 1, dt: 29.739036833621835, is_first_obs: False
This is the predict step. Some useful numbers are surfaced below.
Max variance at index 116: 1574349012.0924435
Pp max index: 116, value: 1574349012.0924435
Pp max diag: 1574349012.0924435
Pp eigs: [4.01396635e+08 4.26232787e+08 7.03989412e+08 1.16021662e+09
 1.57435320e+09]
This is the update step.
log_likelihood: [[-3.01718302]], y: [[-3.99388923e-06]], cov: [[66.45260397]]
-------------------------------------------
dt_idx: 641, pulsar: 8, dt: 29.815633959648785, is_first_obs: False
This is the predict step. Some useful numbers are surfaced below.
Max variance at index 116: 1574349012.092352
Pp max index: 116, value: 1574349012.092352
Pp max diag: 1574349012.092352
Pp eigs: [4.01396635e+08 4.26232787e+08 7.03989412e+08 9.15701109e+08
 1.57435320e+09]
This is the update step.
log_likelihood: [[-3.01772566]], y: [[1.73230021e-06]], cov: [[66.52476259]]
-------------------------------------------
dt_idx: 642, pulsar: 32, dt: 28.746573713609465, is_first_obs: False
This is the predict step. Some useful numbers are surfaced below.
Max variance at index 116: 1574349012.0921764
Pp max index: 116, value: 1574349012.0921764
Pp max diag: 1574349012.0921764
Pp eigs: [4.01396635e+08 4.26232787e+08 7.03989412e+08 9.15701109e+08
 1.57435320e+09]
This is the update step.
log_likelihood: [[-3.01666635]], y: [[-1.32398419e-06]], cov: [[66.38397134]]
-------------------------------------------
dt_idx: 643, pulsar: 28, dt: 30.595322610294374, is_first_obs: False
This is the predict step. Some useful numbers are surfaced below.
Max variance at index 116: 1574349012.0921743
Pp max index: 116, value: 1574349012.0921743
Pp max diag: 1574349012.0921743
Pp eigs: [4.01396635e+08 4.26232787e+08 7.03989412e+08 9.15701109e+08
 1.57435320e+09]
This is the update step.
log_likelihood: [[-3.01789757]], y: [[-1.44848238e-05]], cov: [[66.54763959]]
-------------------------------------------
dt_idx: 644, pulsar: 25, dt: 30.907646321146576, is_first_obs: False
This is the predict step. Some useful numbers are surfaced below.
Max variance at index 116: 1717336754.1621256
Pp max index: 116, value: 1717336754.1621256
Pp max diag: 1717336754.1621256
Pp eigs: [4.01396635e+08 4.26232787e+08 7.03989412e+08 9.15701109e+08
 1.71734142e+09]
This is the update step.
log_likelihood: [[-3.01996682]], y: [[7.06859917e-08]], cov: [[66.82361772]]
-------------------------------------------
dt_idx: 645, pulsar: 16, dt: 29.401857829811394, is_first_obs: False
This is the predict step. Some useful numbers are surfaced below.
Max variance at index 116: 1348840257.7814221
Pp max index: 116, value: 1348840257.7814221
Pp max diag: 1348840257.7814221
Pp eigs: [4.13064808e+08 4.26232787e+08 7.03989412e+08 9.15701109e+08
 1.34884387e+09]
This is the update step.
log_likelihood: [[-3.01679381]], y: [[-7.76424795e-07]], cov: [[66.40089575]]
-------------------------------------------
dt_idx: 646, pulsar: 30, dt: 29.18963934580485, is_first_obs: False
This is the predict step. Some useful numbers are surfaced below.
Max variance at index 116: 1348840257.7813954
Pp max index: 116, value: 1348840257.7813954
Pp max diag: 1348840257.7813954
Pp eigs: [4.01396635e+08 4.26232787e+08 7.03989412e+08 9.15701109e+08
 1.34884387e+09]
This is the update step.
log_likelihood: [[-3.0167153]], y: [[4.9529286e-06]], cov: [[66.39047129]]
-------------------------------------------
dt_idx: 647, pulsar: 29, dt: 30.56757337990734, is_first_obs: False
This is the predict step. Some useful numbers are surfaced below.
Max variance at index 116: 1348840257.7813878
Pp max index: 116, value: 1348840257.7813878
Pp max diag: 1348840257.7813878
Pp eigs: [4.01396635e+08 4.26232787e+08 7.03989412e+08 9.15701109e+08
 1.34884387e+09]
This is the update step.
log_likelihood: [[-3.01805298]], y: [[6.73081151e-07]], cov: [[66.56832655]]
-------------------------------------------
dt_idx: 648, pulsar: 19, dt: 29.590398868090574, is_first_obs: False
This is the predict step. Some useful numbers are surfaced below.
Max variance at index 116: 1348840257.781348
Pp max index: 116, value: 1348840257.781348
Pp max diag: 1348840257.781348
Pp eigs: [4.01396635e+08 4.26232787e+08 7.03989412e+08 9.15701109e+08
 1.34884387e+09]
This is the update step.
log_likelihood: [[-3.01806037]], y: [[-2.24941102e-06]], cov: [[66.56931136]]
-------------------------------------------
dt_idx: 649, pulsar: 13, dt: 31.423239240999575, is_first_obs: False
This is the predict step. Some useful numbers are surfaced below.
Max variance at index 116: 1348840257.781326
Pp max index: 116, value: 1348840257.781326
Pp max diag: 1348840257.781326
Pp eigs: [4.01396635e+08 4.26232787e+08 7.03989412e+08 9.15701109e+08
 1.34884387e+09]
This is the update step.
log_likelihood: [[-3.0183668]], y: [[-2.05265782e-06]], cov: [[66.61012076]]
-------------------------------------------
dt_idx: 650, pulsar: 31, dt: 29.5781580618355, is_first_obs: False
This is the predict step. Some useful numbers are surfaced below.
Max variance at index 116: 1348840257.7812908
Pp max index: 116, value: 1348840257.7812908
Pp max diag: 1348840257.7812908
Pp eigs: [4.01396635e+08 4.63125402e+08 7.03989412e+08 9.15701109e+08
 1.34884387e+09]
This is the update step.
log_likelihood: [[-3.01744627]], y: [[5.42135773e-06]], cov: [[66.48760079]]
-------------------------------------------
dt_idx: 651, pulsar: 2, dt: 30.323727855914168, is_first_obs: False
This is the predict step. Some useful numbers are surfaced below.
Max variance at index 116: 1348840257.7812715
Pp max index: 116, value: 1348840257.7812715
Pp max diag: 1348840257.7812715
Pp eigs: [3.73561377e+08 4.01396635e+08 7.66717862e+08 9.15701109e+08
 1.34884387e+09]
This is the update step.
log_likelihood: [[-3.01811356]], y: [[-9.32097989e-06]], cov: [[66.57639338]]
-------------------------------------------
dt_idx: 652, pulsar: 4, dt: 30.873972862682958, is_first_obs: False
This is the predict step. Some useful numbers are surfaced below.
Max variance at index 116: 1348840257.7812257
Pp max index: 116, value: 1348840257.7812257
Pp max diag: 1348840257.7812257
Pp eigs: [3.73561377e+08 4.37633743e+08 6.04595278e+08 9.15701109e+08
 1.34884387e+09]
This is the update step.
log_likelihood: [[-3.01814634]], y: [[-1.71584839e-05]], cov: [[66.58075743]]
-------------------------------------------
dt_idx: 653, pulsar: 22, dt: 31.077618817190327, is_first_obs: False
This is the predict step. Some useful numbers are surfaced below.
Max variance at index 116: 1348840257.7811785
Pp max index: 116, value: 1348840257.7811785
Pp max diag: 1348840257.7811785
Pp eigs: [3.65659494e+08 3.73561377e+08 6.04595278e+08 9.15701109e+08
 1.34884387e+09]
This is the update step.
log_likelihood: [[-3.01848827]], y: [[-3.81096352e-06]], cov: [[66.62630507]]
-------------------------------------------
dt_idx: 654, pulsar: 24, dt: 31.691117495232156, is_first_obs: False
This is the predict step. Some useful numbers are surfaced below.
Max variance at index 116: 1348840257.7809513
Pp max index: 116, value: 1348840257.7809513
Pp max diag: 1348840257.7809513
Pp eigs: [3.65659494e+08 3.73561377e+08 6.04595278e+08 9.15701109e+08
 1.34884387e+09]
This is the update step.
log_likelihood: [[-3.01968743]], y: [[1.24177686e-06]], cov: [[66.78628781]]
-------------------------------------------
dt_idx: 655, pulsar: 27, dt: 32.31620337902395, is_first_obs: False
This is the predict step. Some useful numbers are surfaced below.
Max variance at index 116: 1348840257.7808669
Pp max index: 116, value: 1348840257.7808669
Pp max diag: 1348840257.7808669
Pp eigs: [3.65659494e+08 3.73561377e+08 6.04595278e+08 9.15701109e+08
 1.34884387e+09]
This is the update step.
log_likelihood: [[-3.02137564]], y: [[-4.39427999e-06]], cov: [[67.01216822]]
-------------------------------------------
dt_idx: 656, pulsar: 5, dt: 30.4876887661329, is_first_obs: False
This is the predict step. Some useful numbers are surfaced below.
Max variance at index 116: 1348840257.7808373
Pp max index: 116, value: 1348840257.7808373
Pp max diag: 1348840257.7808373
Pp eigs: [3.65659494e+08 3.73561377e+08 6.04595278e+08 9.15701109e+08
 1.34884387e+09]
This is the update step.
log_likelihood: [[-3.01902623]], y: [[-5.71356742e-06]], cov: [[66.69802785]]
-------------------------------------------
dt_idx: 657, pulsar: 3, dt: 31.14211058223689, is_first_obs: False
This is the predict step. Some useful numbers are surfaced below.
Max variance at index 116: 1348840257.7808058
Pp max index: 116, value: 1348840257.7808058
Pp max diag: 1348840257.7808058
Pp eigs: [3.65659494e+08 3.73561377e+08 6.04595278e+08 9.15701109e+08
 1.34884387e+09]
This is the update step.
log_likelihood: [[-3.0206328]], y: [[2.2530865e-07]], cov: [[66.91268335]]
-------------------------------------------
dt_idx: 658, pulsar: 12, dt: 29.92780390255981, is_first_obs: False
This is the predict step. Some useful numbers are surfaced below.
Max variance at index 116: 1348840257.7807958
Pp max index: 116, value: 1348840257.7807958
Pp max diag: 1348840257.7807958
Pp eigs: [3.65659494e+08 3.73561377e+08 6.04595278e+08 9.15701109e+08
 1.34884387e+09]
This is the update step.
log_likelihood: [[-3.01996132]], y: [[1.13717597e-05]], cov: [[66.82288245]]
-------------------------------------------
dt_idx: 659, pulsar: 9, dt: 31.17744212747724, is_first_obs: False
This is the predict step. Some useful numbers are surfaced below.
Max variance at index 116: 1348840257.7807865
Pp max index: 116, value: 1348840257.7807865
Pp max diag: 1348840257.7807865
Pp eigs: [3.65659494e+08 3.73561377e+08 6.04595278e+08 9.15701109e+08
 1.34884387e+09]
This is the update step.
log_likelihood: [[-3.02027251]], y: [[-2.45598179e-07]], cov: [[66.8644842]]
-------------------------------------------
dt_idx: 660, pulsar: 6, dt: 29.09344393458631, is_first_obs: False
This is the predict step. Some useful numbers are surfaced below.
Max variance at index 116: 1348840257.7807586
Pp max index: 116, value: 1348840257.7807586
Pp max diag: 1348840257.7807586
Pp eigs: [3.65659494e+08 3.73561377e+08 6.04595278e+08 9.15701109e+08
 1.34884387e+09]
This is the update step.
log_likelihood: [[-3.00415174]], y: [[-1.50430807e-05]], cov: [[64.74305359]]
-------------------------------------------
dt_idx: 661, pulsar: 26, dt: 31.382308011971137, is_first_obs: False
This is the predict step. Some useful numbers are surfaced below.
Max variance at index 116: 1348840257.7807403
Pp max index: 116, value: 1348840257.7807403
Pp max diag: 1348840257.7807403
Pp eigs: [3.65659494e+08 3.73561377e+08 6.04595278e+08 9.15701109e+08
 1.34884387e+09]
This is the update step.
log_likelihood: [[-3.00688258]], y: [[-7.70332394e-06]], cov: [[65.09762696]]
-------------------------------------------
dt_idx: 662, pulsar: 15, dt: 29.0379728074427, is_first_obs: False
This is the predict step. Some useful numbers are surfaced below.
Max variance at index 116: 1348840257.7800927
Pp max index: 116, value: 1348840257.7800927
Pp max diag: 1348840257.7800927
Pp eigs: [3.65659494e+08 3.73561377e+08 6.04595278e+08 9.15701109e+08
 1.34884387e+09]
This is the update step.
log_likelihood: [[-3.0053412]], y: [[1.04539377e-05]], cov: [[64.89725585]]
-------------------------------------------
dt_idx: 663, pulsar: 3, dt: 27.456740999243877, is_first_obs: False
This is the predict step. Some useful numbers are surfaced below.
Max variance at index 116: 1348840257.7800434
Pp max index: 116, value: 1348840257.7800434
Pp max diag: 1348840257.7800434
Pp eigs: [3.65659494e+08 3.73561377e+08 6.04595278e+08 9.15701109e+08
 1.34884387e+09]
This is the update step.
log_likelihood: [[-3.0051226]], y: [[-3.02420927e-07]], cov: [[64.86888798]]
-------------------------------------------
dt_idx: 664, pulsar: 11, dt: 28.909586751803204, is_first_obs: False
This is the predict step. Some useful numbers are surfaced below.
Max variance at index 116: 1348840257.7800193
Pp max index: 116, value: 1348840257.7800193
Pp max diag: 1348840257.7800193
Pp eigs: [3.65659494e+08 3.73561377e+08 6.04595278e+08 9.15701109e+08
 1.34884387e+09]
This is the update step.
log_likelihood: [[-3.0057771]], y: [[-1.50760242e-06]], cov: [[64.95385704]]
-------------------------------------------
dt_idx: 665, pulsar: 12, dt: 27.601869345848204, is_first_obs: False
This is the predict step. Some useful numbers are surfaced below.
Max variance at index 116: 1348840257.7799795
Pp max index: 116, value: 1348840257.7799795
Pp max diag: 1348840257.7799795
Pp eigs: [3.65659494e+08 3.73561377e+08 6.04595278e+08 9.15701109e+08
 1.34884387e+09]
This is the update step.
log_likelihood: [[-3.00499301]], y: [[1.16556487e-06]], cov: [[64.85207851]]
-------------------------------------------
dt_idx: 666, pulsar: 2, dt: 28.485362955685012, is_first_obs: False
This is the predict step. Some useful numbers are surfaced below.
Max variance at index 116: 1348840257.779956
Pp max index: 116, value: 1348840257.779956
Pp max diag: 1348840257.779956
Pp eigs: [3.65659494e+08 3.73561377e+08 6.51746896e+08 9.15701109e+08
 1.34884387e+09]
This is the update step.
log_likelihood: [[-3.00546938]], y: [[-2.09224673e-05]], cov: [[64.9138952]]
-------------------------------------------
dt_idx: 667, pulsar: 13, dt: 28.7202353206608, is_first_obs: False
This is the predict step. Some useful numbers are surfaced below.
Max variance at index 116: 1348840257.7798607
Pp max index: 116, value: 1348840257.7798607
Pp max diag: 1348840257.7798607
Pp eigs: [3.65659494e+08 3.73561377e+08 5.22550261e+08 9.15701109e+08
 1.34884387e+09]
This is the update step.
log_likelihood: [[-3.00586955]], y: [[-5.37651094e-06]], cov: [[64.96586802]]
-------------------------------------------
dt_idx: 668, pulsar: 9, dt: 27.56645770633662, is_first_obs: False
This is the predict step. Some useful numbers are surfaced below.
Max variance at index 116: 1348840257.779779
Pp max index: 116, value: 1348840257.779779
Pp max diag: 1348840257.779779
Pp eigs: [3.65659494e+08 3.73561377e+08 5.22550261e+08 9.15701109e+08
 1.34884387e+09]
This is the update step.
log_likelihood: [[-3.00509395]], y: [[3.11651134e-07]], cov: [[64.86517108]]
-------------------------------------------
dt_idx: 669, pulsar: 1, dt: 29.343340423636963, is_first_obs: False
This is the predict step. Some useful numbers are surfaced below.
Max variance at index 116: 1348840257.7797205
Pp max index: 116, value: 1348840257.7797205
Pp max diag: 1348840257.7797205
Pp eigs: [3.65659494e+08 3.73561377e+08 5.22550261e+08 9.88931541e+08
 1.34884387e+09]
This is the update step.
log_likelihood: [[-3.0061252]], y: [[5.89647548e-06]], cov: [[64.9990941]]
-------------------------------------------
dt_idx: 670, pulsar: 21, dt: 29.897989854525637, is_first_obs: False
This is the predict step. Some useful numbers are surfaced below.
Max variance at index 116: 1348840257.779637
Pp max index: 116, value: 1348840257.779637
Pp max diag: 1348840257.779637
Pp eigs: [3.65659494e+08 3.73561377e+08 5.22550261e+08 7.91493607e+08
 1.34884387e+09]
This is the update step.
log_likelihood: [[-3.00641524]], y: [[-2.25330766e-06]], cov: [[65.03680912]]
-------------------------------------------
dt_idx: 671, pulsar: 23, dt: 29.711565928238407, is_first_obs: False
This is the predict step. Some useful numbers are surfaced below.
Max variance at index 116: 1348840257.7796247
Pp max index: 116, value: 1348840257.7796247
Pp max diag: 1348840257.7796247
Pp eigs: [3.65659494e+08 4.03945126e+08 5.22550261e+08 7.91493607e+08
 1.34884387e+09]
This is the update step.
log_likelihood: [[-3.00598263]], y: [[-9.24356571e-07]], cov: [[64.98056278]]
-------------------------------------------
dt_idx: 672, pulsar: 31, dt: 29.227599923941824, is_first_obs: False
This is the predict step. Some useful numbers are surfaced below.
Max variance at index 116: 1348840257.7795975
Pp max index: 116, value: 1348840257.7795975
Pp max diag: 1348840257.7795975
Pp eigs: [3.44842880e+08 3.94863936e+08 5.22550261e+08 7.91493607e+08
 1.34884387e+09]
This is the update step.
log_likelihood: [[-3.00615691]], y: [[-3.41696159e-05]], cov: [[65.00321632]]
-------------------------------------------
dt_idx: 673, pulsar: 17, dt: 29.954265407367988, is_first_obs: False
This is the predict step. Some useful numbers are surfaced below.
Max variance at index 116: 1348840257.7795534
Pp max index: 116, value: 1348840257.7795534
Pp max diag: 1348840257.7795534
Pp eigs: [3.44842880e+08 3.53812710e+08 5.22550261e+08 7.91493607e+08
 1.34884387e+09]
This is the update step.
log_likelihood: [[-3.00796512]], y: [[2.05693779e-06]], cov: [[65.23872105]]
-------------------------------------------
dt_idx: 674, pulsar: 16, dt: 29.64875482890341, is_first_obs: False
This is the predict step. Some useful numbers are surfaced below.
Max variance at index 116: 1348840257.779532
Pp max index: 116, value: 1348840257.779532
Pp max diag: 1348840257.779532
Pp eigs: [3.44842880e+08 3.52810612e+08 5.22550261e+08 7.91493607e+08
 1.34884387e+09]
This is the update step.
log_likelihood: [[-3.00646741]], y: [[-6.96184199e-08]], cov: [[65.04359605]]
-------------------------------------------
dt_idx: 675, pulsar: 19, dt: 29.547955097401584, is_first_obs: False
This is the predict step. Some useful numbers are surfaced below.
Max variance at index 116: 1348840257.7794726
Pp max index: 116, value: 1348840257.7794726
Pp max diag: 1348840257.7794726
Pp eigs: [3.23529356e+08 3.44842880e+08 5.22550261e+08 7.91493607e+08
 1.34884387e+09]
This is the update step.
log_likelihood: [[-3.00718528]], y: [[-2.75164916e-06]], cov: [[65.13704858]]
-------------------------------------------
dt_idx: 676, pulsar: 32, dt: 29.942156968171947, is_first_obs: False
This is the predict step. Some useful numbers are surfaced below.
Max variance at index 116: 1348840257.7794197
Pp max index: 116, value: 1348840257.7794197
Pp max diag: 1348840257.7794197
Pp eigs: [3.23529356e+08 3.44842880e+08 5.22550261e+08 7.91493607e+08
 1.34884387e+09]
This is the update step.
log_likelihood: [[-3.00695733]], y: [[-5.22780054e-06]], cov: [[65.10735957]]
-------------------------------------------
dt_idx: 677, pulsar: 5, dt: 29.037906216151182, is_first_obs: False
This is the predict step. Some useful numbers are surfaced below.
Max variance at index 116: 1348840257.7794175
Pp max index: 116, value: 1348840257.7794175
Pp max diag: 1348840257.7794175
Pp eigs: [3.23529356e+08 3.44842880e+08 5.22550261e+08 7.91493607e+08
 1.34884387e+09]
This is the update step.
log_likelihood: [[-3.00681583]], y: [[1.10209196e-05]], cov: [[65.08893699]]
-------------------------------------------
dt_idx: 678, pulsar: 24, dt: 29.25876254544214, is_first_obs: False
This is the predict step. Some useful numbers are surfaced below.
Max variance at index 116: 1348840257.779348
Pp max index: 116, value: 1348840257.779348
Pp max diag: 1348840257.779348
Pp eigs: [3.23529356e+08 3.44842880e+08 5.22550261e+08 7.91493607e+08
 1.34884387e+09]
This is the update step.
log_likelihood: [[-3.0077798]], y: [[1.98688976e-05]], cov: [[65.21454498]]
-------------------------------------------
dt_idx: 679, pulsar: 20, dt: 31.303986013090167, is_first_obs: False
This is the predict step. Some useful numbers are surfaced below.
Max variance at index 116: 1348840257.7791536
Pp max index: 116, value: 1348840257.7791536
Pp max diag: 1348840257.7791536
Pp eigs: [3.23529356e+08 3.44842880e+08 5.22550261e+08 7.91493607e+08
 1.34884387e+09]
This is the update step.
log_likelihood: [[-3.00836448]], y: [[-1.4376732e-06]], cov: [[65.2908495]]
-------------------------------------------
dt_idx: 680, pulsar: 25, dt: 30.189160795719534, is_first_obs: False
This is the predict step. Some useful numbers are surfaced below.
Max variance at index 116: 1460208337.0788248
Pp max index: 116, value: 1460208337.0788248
Pp max diag: 1460208337.0788248
Pp eigs: [3.23529356e+08 3.44842880e+08 5.22550261e+08 7.91493607e+08
 1.46021233e+09]
This is the update step.
log_likelihood: [[-3.00950737]], y: [[4.45044502e-07]], cov: [[65.44026051]]
-------------------------------------------
dt_idx: 681, pulsar: 8, dt: 30.665244701968298, is_first_obs: False
This is the predict step. Some useful numbers are surfaced below.
Max variance at index 116: 1161953571.870231
Pp max index: 116, value: 1161953571.870231
Pp max diag: 1161953571.870231
Pp eigs: [3.23529356e+08 3.44842880e+08 5.22550261e+08 7.91493607e+08
 1.16195670e+09]
This is the update step.
log_likelihood: [[-3.00897094]], y: [[-1.20356949e-05]], cov: [[65.37008976]]
-------------------------------------------
dt_idx: 682, pulsar: 14, dt: 31.529618930551738, is_first_obs: False
This is the predict step. Some useful numbers are surfaced below.
Max variance at index 116: 1161953571.8701606
Pp max index: 116, value: 1161953571.8701606
Pp max diag: 1161953571.8701606
Pp eigs: [3.23529356e+08 3.44842880e+08 5.22550261e+08 7.91493607e+08
 1.16195670e+09]
This is the update step.
log_likelihood: [[-3.00791538]], y: [[1.00844893e-06]], cov: [[65.23223156]]
-------------------------------------------
dt_idx: 683, pulsar: 18, dt: 31.196797258368242, is_first_obs: False
This is the predict step. Some useful numbers are surfaced below.
Max variance at index 116: 1161953571.8701227
Pp max index: 116, value: 1161953571.8701227
Pp max diag: 1161953571.8701227
Pp eigs: [3.23529356e+08 3.44842880e+08 5.22550261e+08 7.91493607e+08
 1.16195670e+09]
This is the update step.
log_likelihood: [[-3.00805436]], y: [[-3.42266083e-06]], cov: [[65.25036629]]
-------------------------------------------
dt_idx: 684, pulsar: 22, dt: 30.130804191750507, is_first_obs: False
This is the predict step. Some useful numbers are surfaced below.
Max variance at index 116: 1161953571.8701186
Pp max index: 116, value: 1161953571.8701186
Pp max diag: 1161953571.8701186
Pp eigs: [3.23529356e+08 3.44842880e+08 5.22550261e+08 7.91493607e+08
 1.16195670e+09]
This is the update step.
log_likelihood: [[-3.00830089]], y: [[3.04074534e-06]], cov: [[65.282546]]
-------------------------------------------
dt_idx: 685, pulsar: 30, dt: 30.62967249914452, is_first_obs: False
This is the predict step. Some useful numbers are surfaced below.
Max variance at index 116: 1161953571.8698826
Pp max index: 116, value: 1161953571.8698826
Pp max diag: 1161953571.8698826
Pp eigs: [3.23529356e+08 3.44842880e+08 5.22550261e+08 7.91493607e+08
 1.16195670e+09]
This is the update step.
log_likelihood: [[-3.00800359]], y: [[-1.24303442e-05]], cov: [[65.24374035]]
-------------------------------------------
dt_idx: 686, pulsar: 0, dt: 31.88426560324651, is_first_obs: False
This is the predict step. Some useful numbers are surfaced below.
Max variance at index 116: 1161953571.8698742
Pp max index: 116, value: 1161953571.8698742
Pp max diag: 1161953571.8698742
Pp eigs: [3.23529356e+08 3.44842880e+08 5.22550261e+08 7.91493607e+08
 1.16195670e+09]
This is the update step.
log_likelihood: [[-3.01028874]], y: [[5.9560388e-07]], cov: [[65.54260696]]
-------------------------------------------
dt_idx: 687, pulsar: 27, dt: 30.165021909000696, is_first_obs: False
This is the predict step. Some useful numbers are surfaced below.
Max variance at index 116: 1161953571.8698452
Pp max index: 116, value: 1161953571.8698452
Pp max diag: 1161953571.8698452
Pp eigs: [3.23529356e+08 3.44842880e+08 5.22550261e+08 7.91493607e+08
 1.16195670e+09]
This is the update step.
log_likelihood: [[-3.01031319]], y: [[4.83153988e-07]], cov: [[65.54581175]]
-------------------------------------------
dt_idx: 688, pulsar: 29, dt: 31.105871136453416, is_first_obs: False
This is the predict step. Some useful numbers are surfaced below.
Max variance at index 116: 1161953571.8698149
Pp max index: 116, value: 1161953571.8698149
Pp max diag: 1161953571.8698149
Pp eigs: [3.23529356e+08 3.44842880e+08 5.22550261e+08 7.91493607e+08
 1.16195670e+09]
This is the update step.
log_likelihood: [[-3.00984101]], y: [[-6.80117273e-06]], cov: [[65.48394258]]
-------------------------------------------
dt_idx: 689, pulsar: 10, dt: 33.11831343661856, is_first_obs: False
This is the predict step. Some useful numbers are surfaced below.
Max variance at index 116: 1161953571.8697734
Pp max index: 116, value: 1161953571.8697734
Pp max diag: 1161953571.8697734
Pp eigs: [3.23529356e+08 3.44842880e+08 5.22550261e+08 7.91493607e+08
 1.16195670e+09]
This is the update step.
log_likelihood: [[-3.0102775]], y: [[1.18066936e-06]], cov: [[65.54113262]]
-------------------------------------------
dt_idx: 690, pulsar: 4, dt: 31.089242829382417, is_first_obs: False
This is the predict step. Some useful numbers are surfaced below.
Max variance at index 116: 1161953571.8697698
Pp max index: 116, value: 1161953571.8697698
Pp max diag: 1161953571.8697698
Pp eigs: [3.23529356e+08 3.74034061e+08 5.22550261e+08 7.91493607e+08
 1.16195670e+09]
This is the update step.
log_likelihood: [[-3.0096199]], y: [[4.61695017e-06]], cov: [[65.45499037]]
-------------------------------------------
dt_idx: 691, pulsar: 7, dt: 32.38615443792608, is_first_obs: False
This is the predict step. Some useful numbers are surfaced below.
Max variance at index 116: 1161953571.8697178
Pp max index: 116, value: 1161953571.8697178
Pp max diag: 1161953571.8697178
Pp eigs: [3.16234899e+08 3.23529356e+08 5.22550261e+08 7.91493607e+08
 1.16195670e+09]
This is the update step.
log_likelihood: [[-3.01053593]], y: [[1.36202474e-05]], cov: [[65.5750173]]
-------------------------------------------
dt_idx: 692, pulsar: 28, dt: 31.77181101407166, is_first_obs: False
This is the predict step. Some useful numbers are surfaced below.
Max variance at index 116: 1161953571.8696961
Pp max index: 116, value: 1161953571.8696961
Pp max diag: 1161953571.8696961
Pp eigs: [3.16234899e+08 3.23529356e+08 5.22550261e+08 7.91493607e+08
 1.16195670e+09]
This is the update step.
log_likelihood: [[-3.01070398]], y: [[3.22046553e-07]], cov: [[65.59706159]]
-------------------------------------------
dt_idx: 693, pulsar: 29, dt: 26.687700905270045, is_first_obs: False
This is the predict step. Some useful numbers are surfaced below.
Max variance at index 116: 1161953571.869683
Pp max index: 116, value: 1161953571.869683
Pp max diag: 1161953571.869683
Pp eigs: [3.16234899e+08 3.23529356e+08 5.22550261e+08 7.91493607e+08
 1.16195670e+09]
This is the update step.
log_likelihood: [[-2.99489042]], y: [[4.08467963e-06]], cov: [[63.55487976]]
-------------------------------------------
dt_idx: 694, pulsar: 2, dt: 29.360839165857545, is_first_obs: False
This is the predict step. Some useful numbers are surfaced below.
Max variance at index 116: 1161953571.8695998
Pp max index: 116, value: 1161953571.8695998
Pp max diag: 1161953571.8695998
Pp eigs: [3.16234899e+08 3.23529356e+08 5.61985867e+08 7.91493607e+08
 1.16195670e+09]
This is the update step.
log_likelihood: [[-2.99628941]], y: [[-8.07108425e-05]], cov: [[63.73295324]]
-------------------------------------------
dt_idx: 695, pulsar: 10, dt: 26.871724321500018, is_first_obs: False
This is the predict step. Some useful numbers are surfaced below.
Max variance at index 116: 1161953571.8695104
Pp max index: 116, value: 1161953571.8695104
Pp max diag: 1161953571.8695104
Pp eigs: [3.16234899e+08 3.23529356e+08 4.55583360e+08 7.91493607e+08
 1.16195670e+09]
This is the update step.
log_likelihood: [[-2.99530106]], y: [[-1.10092423e-06]], cov: [[63.60709753]]
-------------------------------------------
dt_idx: 696, pulsar: 32, dt: 28.532428981562454, is_first_obs: False
This is the predict step. Some useful numbers are surfaced below.
Max variance at index 116: 1161953571.869503
Pp max index: 116, value: 1161953571.869503
Pp max diag: 1161953571.869503
Pp eigs: [3.16234899e+08 3.23529356e+08 4.55583360e+08 7.91493607e+08
 1.16195670e+09]
This is the update step.
log_likelihood: [[-2.99587996]], y: [[-2.23257425e-06]], cov: [[63.68078461]]
-------------------------------------------
dt_idx: 697, pulsar: 17, dt: 29.048809507985908, is_first_obs: False
This is the predict step. Some useful numbers are surfaced below.
Max variance at index 116: 1161953571.8695009
Pp max index: 116, value: 1161953571.8695009
Pp max diag: 1161953571.8695009
Pp eigs: [3.16234899e+08 3.23529356e+08 4.55583360e+08 7.91493607e+08
 1.16195670e+09]
This is the update step.
log_likelihood: [[-2.99737131]], y: [[-4.54621119e-06]], cov: [[63.87100864]]
-------------------------------------------
dt_idx: 698, pulsar: 11, dt: 30.130483041637472, is_first_obs: False
This is the predict step. Some useful numbers are surfaced below.
Max variance at index 116: 1161953571.8694806
Pp max index: 116, value: 1161953571.8694806
Pp max diag: 1161953571.8694806
Pp eigs: [3.16234899e+08 3.23529356e+08 4.55583360e+08 7.91493607e+08
 1.16195670e+09]
This is the update step.
log_likelihood: [[-2.99777985]], y: [[8.5890305e-06]], cov: [[63.92321782]]
-------------------------------------------
dt_idx: 699, pulsar: 22, dt: 28.316109207537437, is_first_obs: False
This is the predict step. Some useful numbers are surfaced below.
Max variance at index 116: 1161953571.8694434
Pp max index: 116, value: 1161953571.8694434
Pp max diag: 1161953571.8694434
Pp eigs: [3.16234899e+08 3.23529356e+08 4.55583360e+08 7.91493607e+08
 1.16195670e+09]
This is the update step.
log_likelihood: [[-2.99628264]], y: [[2.26141332e-07]], cov: [[63.7320903]]
Log-likelihood: -2348.5937990813436
Execution time: 9.1499 seconds
