[tempo2Util.C:396] Warning: [TIM1] Please place MODE flags in the parameter file 
[preProcess.C:158] Warning: PSR J0030+0451 uses DM2+ but does not define DM_SERIES. Assume Taylor. This has behaviour has changed since June 2020!
See https://bitbucket.org/psrsoft/tempo2/issues/27/tempo2-dm-polynomial-is-not-a-taylor

[tempo2Util.C:401] Warning: [DUP1] duplicated warnings have been suppressed.
[preProcess.C:158] Warning: PSR J0030+0451 uses DM2+ but does not define DM_SERIES. Assume Taylor. This has behaviour has changed since June 2020!
See https://bitbucket.org/psrsoft/tempo2/issues/27/tempo2-dm-polynomial-is-not-a-taylor

[preProcess.C:158] Warning: PSR J0034-0534 uses DM2+ but does not define DM_SERIES. Assume Taylor. This has behaviour has changed since June 2020!
See https://bitbucket.org/psrsoft/tempo2/issues/27/tempo2-dm-polynomial-is-not-a-taylor

[preProcess.C:158] Warning: PSR J0218+4232 uses DM2+ but does not define DM_SERIES. Assume Taylor. This has behaviour has changed since June 2020!
See https://bitbucket.org/psrsoft/tempo2/issues/27/tempo2-dm-polynomial-is-not-a-taylor

[preProcess.C:158] Warning: PSR J0437-4715 uses DM2+ but does not define DM_SERIES. Assume Taylor. This has behaviour has changed since June 2020!
See https://bitbucket.org/psrsoft/tempo2/issues/27/tempo2-dm-polynomial-is-not-a-taylor

[preProcess.C:158] Warning: PSR J0613-0200 uses DM2+ but does not define DM_SERIES. Assume Taylor. This has behaviour has changed since June 2020!
See https://bitbucket.org/psrsoft/tempo2/issues/27/tempo2-dm-polynomial-is-not-a-taylor

[preProcess.C:158] Warning: PSR J0621+1002 uses DM2+ but does not define DM_SERIES. Assume Taylor. This has behaviour has changed since June 2020!
See https://bitbucket.org/psrsoft/tempo2/issues/27/tempo2-dm-polynomial-is-not-a-taylor

[preProcess.C:158] Warning: PSR J0711-6830 uses DM2+ but does not define DM_SERIES. Assume Taylor. This has behaviour has changed since June 2020!
See https://bitbucket.org/psrsoft/tempo2/issues/27/tempo2-dm-polynomial-is-not-a-taylor

[preProcess.C:158] Warning: PSR J0751+1807 uses DM2+ but does not define DM_SERIES. Assume Taylor. This has behaviour has changed since June 2020!
See https://bitbucket.org/psrsoft/tempo2/issues/27/tempo2-dm-polynomial-is-not-a-taylor

[preProcess.C:158] Warning: PSR J0900-3144 uses DM2+ but does not define DM_SERIES. Assume Taylor. This has behaviour has changed since June 2020!
See https://bitbucket.org/psrsoft/tempo2/issues/27/tempo2-dm-polynomial-is-not-a-taylor

[preProcess.C:158] Warning: PSR J1012+5307 uses DM2+ but does not define DM_SERIES. Assume Taylor. This has behaviour has changed since June 2020!
See https://bitbucket.org/psrsoft/tempo2/issues/27/tempo2-dm-polynomial-is-not-a-taylor

[preProcess.C:158] Warning: PSR J1022+1001 uses DM2+ but does not define DM_SERIES. Assume Taylor. This has behaviour has changed since June 2020!
See https://bitbucket.org/psrsoft/tempo2/issues/27/tempo2-dm-polynomial-is-not-a-taylor

[preProcess.C:158] Warning: PSR J1024-0719 uses DM2+ but does not define DM_SERIES. Assume Taylor. This has behaviour has changed since June 2020!
See https://bitbucket.org/psrsoft/tempo2/issues/27/tempo2-dm-polynomial-is-not-a-taylor

[preProcess.C:158] Warning: PSR J1045-4509 uses DM2+ but does not define DM_SERIES. Assume Taylor. This has behaviour has changed since June 2020!
See https://bitbucket.org/psrsoft/tempo2/issues/27/tempo2-dm-polynomial-is-not-a-taylor

[preProcess.C:158] Warning: PSR J1455-3330 uses DM2+ but does not define DM_SERIES. Assume Taylor. This has behaviour has changed since June 2020!
See https://bitbucket.org/psrsoft/tempo2/issues/27/tempo2-dm-polynomial-is-not-a-taylor

[preProcess.C:158] Warning: PSR J1600-3053 uses DM2+ but does not define DM_SERIES. Assume Taylor. This has behaviour has changed since June 2020!
See https://bitbucket.org/psrsoft/tempo2/issues/27/tempo2-dm-polynomial-is-not-a-taylor

[preProcess.C:158] Warning: PSR J1603-7202 uses DM2+ but does not define DM_SERIES. Assume Taylor. This has behaviour has changed since June 2020!
See https://bitbucket.org/psrsoft/tempo2/issues/27/tempo2-dm-polynomial-is-not-a-taylor

[preProcess.C:158] Warning: PSR J1614-2230 uses DM2+ but does not define DM_SERIES. Assume Taylor. This has behaviour has changed since June 2020!
See https://bitbucket.org/psrsoft/tempo2/issues/27/tempo2-dm-polynomial-is-not-a-taylor

[preProcess.C:158] Warning: PSR J1640+2224 uses DM2+ but does not define DM_SERIES. Assume Taylor. This has behaviour has changed since June 2020!
See https://bitbucket.org/psrsoft/tempo2/issues/27/tempo2-dm-polynomial-is-not-a-taylor

[preProcess.C:158] Warning: PSR J1643-1224 uses DM2+ but does not define DM_SERIES. Assume Taylor. This has behaviour has changed since June 2020!
See https://bitbucket.org/psrsoft/tempo2/issues/27/tempo2-dm-polynomial-is-not-a-taylor

[preProcess.C:158] Warning: PSR J1713+0747 uses DM2+ but does not define DM_SERIES. Assume Taylor. This has behaviour has changed since June 2020!
See https://bitbucket.org/psrsoft/tempo2/issues/27/tempo2-dm-polynomial-is-not-a-taylor

[preProcess.C:158] Warning: PSR J1730-2304 uses DM2+ but does not define DM_SERIES. Assume Taylor. This has behaviour has changed since June 2020!
See https://bitbucket.org/psrsoft/tempo2/issues/27/tempo2-dm-polynomial-is-not-a-taylor

[preProcess.C:158] Warning: PSR J1744-1134 uses DM2+ but does not define DM_SERIES. Assume Taylor. This has behaviour has changed since June 2020!
See https://bitbucket.org/psrsoft/tempo2/issues/27/tempo2-dm-polynomial-is-not-a-taylor

[preProcess.C:158] Warning: PSR J1857+0943 uses DM2+ but does not define DM_SERIES. Assume Taylor. This has behaviour has changed since June 2020!
See https://bitbucket.org/psrsoft/tempo2/issues/27/tempo2-dm-polynomial-is-not-a-taylor

[preProcess.C:158] Warning: PSR J1909-3744 uses DM2+ but does not define DM_SERIES. Assume Taylor. This has behaviour has changed since June 2020!
See https://bitbucket.org/psrsoft/tempo2/issues/27/tempo2-dm-polynomial-is-not-a-taylor

[preProcess.C:158] Warning: PSR J1918-0642 uses DM2+ but does not define DM_SERIES. Assume Taylor. This has behaviour has changed since June 2020!
See https://bitbucket.org/psrsoft/tempo2/issues/27/tempo2-dm-polynomial-is-not-a-taylor

[preProcess.C:158] Warning: PSR J1939+2134 uses DM2+ but does not define DM_SERIES. Assume Taylor. This has behaviour has changed since June 2020!
See https://bitbucket.org/psrsoft/tempo2/issues/27/tempo2-dm-polynomial-is-not-a-taylor

[preProcess.C:158] Warning: PSR J1944+0907 uses DM2+ but does not define DM_SERIES. Assume Taylor. This has behaviour has changed since June 2020!
See https://bitbucket.org/psrsoft/tempo2/issues/27/tempo2-dm-polynomial-is-not-a-taylor

[preProcess.C:158] Warning: PSR J2010-1323 uses DM2+ but does not define DM_SERIES. Assume Taylor. This has behaviour has changed since June 2020!
See https://bitbucket.org/psrsoft/tempo2/issues/27/tempo2-dm-polynomial-is-not-a-taylor

[preProcess.C:158] Warning: PSR J2124-3358 uses DM2+ but does not define DM_SERIES. Assume Taylor. This has behaviour has changed since June 2020!
See https://bitbucket.org/psrsoft/tempo2/issues/27/tempo2-dm-polynomial-is-not-a-taylor

[preProcess.C:158] Warning: PSR J2129-5721 uses DM2+ but does not define DM_SERIES. Assume Taylor. This has behaviour has changed since June 2020!
See https://bitbucket.org/psrsoft/tempo2/issues/27/tempo2-dm-polynomial-is-not-a-taylor

[preProcess.C:158] Warning: PSR J2145-0750 uses DM2+ but does not define DM_SERIES. Assume Taylor. This has behaviour has changed since June 2020!
See https://bitbucket.org/psrsoft/tempo2/issues/27/tempo2-dm-polynomial-is-not-a-taylor

[preProcess.C:158] Warning: PSR J2229+2643 uses DM2+ but does not define DM_SERIES. Assume Taylor. This has behaviour has changed since June 2020!
See https://bitbucket.org/psrsoft/tempo2/issues/27/tempo2-dm-polynomial-is-not-a-taylor

[preProcess.C:158] Warning: PSR J2317+1439 uses DM2+ but does not define DM_SERIES. Assume Taylor. This has behaviour has changed since June 2020!
See https://bitbucket.org/psrsoft/tempo2/issues/27/tempo2-dm-polynomial-is-not-a-taylor

=== JAX VERSION INFO ===
JAX version: 0.5.3

=== DEVICE INFO ===
Default device: gpu

=== JAX CONFIG SETTINGS ===
eager_constant_folding: False
jax2tf_associative_scan_reductions: False
jax2tf_default_native_serialization: True
jax_array_garbage_collection_guard: None
jax_backend_target: 
jax_bcoo_cusparse_lowering: False
jax_check_proxy_envs: True
jax_check_tracer_leaks: False
jax_compilation_cache_dir: None
jax_compilation_cache_expect_pgle: False
jax_compilation_cache_include_metadata_in_key: False
jax_compilation_cache_max_size: -1
jax_compiler_detailed_logging_min_ops: 10
jax_compiler_enable_remat_pass: True
jax_cpu_collectives_implementation: None
jax_cpu_enable_async_dispatch: True
jax_cpu_enable_gloo_collectives: False
jax_cuda_visible_devices: all
jax_custom_vjp_disable_shape_check: False
jax_data_dependent_tracing_fallback: False
jax_debug_infs: False
jax_debug_key_reuse: False
jax_debug_log_modules: 
jax_debug_nans: False
jax_default_device: None
jax_default_dtype_bits: 64
jax_default_matmul_precision: None
jax_default_prng_impl: threefry2x32
jax_disable_jit: False
jax_disable_most_optimizations: False
jax_disable_vmap_shmap_error: False
jax_disallow_mesh_context_manager: False
jax_distributed_debug: False
jax_dump_ir_to: 
jax_dynamic_shapes: False
jax_eager_pmap: True
jax_enable_checks: False
jax_enable_compilation_cache: True
jax_enable_custom_prng: False
jax_enable_custom_vjp_by_custom_transpose: False
jax_enable_empty_arrays: False
jax_enable_pgle: False
jax_enable_x64: True
jax_exec_time_optimization_effort: 0.0
jax_experimental_unsafe_xla_runtime_errors: False
jax_explain_cache_misses: False
jax_export_calling_convention_version: 9
jax_export_ignore_forward_compatibility: False
jax_high_dynamic_range_gumbel: False
jax_hlo_source_file_canonicalization_regex: None
jax_include_debug_info_in_dumps: True
jax_include_full_tracebacks_in_locations: True
jax_legacy_prng_key: allow
jax_log_checkpoint_residuals: False
jax_log_compiles: False
jax_logging_level: NOTSET
jax_memory_fitting_effort: 0.0
jax_memory_fitting_level: UNKNOWN
jax_mock_gpu_topology: 
jax_mutable_array_checks: False
jax_no_tracing: False
jax_num_cpu_devices: -1
jax_numpy_dtype_promotion: standard
jax_numpy_rank_promotion: allow
jax_optimization_level: UNKNOWN
jax_persistent_cache_enable_xla_caches: xla_gpu_per_fusion_autotune_cache_dir
jax_persistent_cache_min_compile_time_secs: 1.0
jax_persistent_cache_min_entry_size_bytes: 0
jax_pgle_aggregation_percentile: 90
jax_pgle_profiling_runs: 3
jax_pjrt_client_create_options: None
jax_platform_name: 
jax_platforms: None
jax_pmap_no_rank_reduction: True
jax_pmap_shmap_merge: False
jax_pprint_use_color: True
jax_raise_persistent_cache_errors: False
jax_random_seed_offset: 0
jax_remat_opt_barrier: True
jax_remove_custom_partitioning_ptr_from_cache_key: False
jax_rocm_visible_devices: all
jax_serialization_version: 0
jax_share_binary_between_hosts: False
jax_share_binary_between_hosts_timeout_ms: 1200000
jax_softmax_custom_jvp: False
jax_spmd_mode: allow_jit
jax_threefry_gpu_kernel_lowering: False
jax_threefry_partitionable: True
jax_traceback_filtering: auto
jax_traceback_in_locations_limit: 10
jax_tracer_error_num_traceback_frames: 5
jax_transfer_guard: None
jax_transfer_guard_device_to_device: None
jax_transfer_guard_device_to_host: None
jax_transfer_guard_host_to_device: None
jax_use_direct_linearize: False
jax_use_magma: auto
jax_use_shardy_partitioner: False
jax_varying_axes_in_types: False
jax_xla_backend: 
jax_xla_profile_version: 0
mock_num_gpu_processes: 0

JAX GPU acceleration is AVAILABLE!
GPU devices: [CudaDevice(id=0)]
-----------------------------------------------
Timespan: 14.957676828928976 years
Average cadence: 29.99753869537954 days
Mvals
[2.67430113e-10 8.01932221e-09 7.94263699e-09 9.90814252e-10
 3.74166268e-10 7.52560262e-09 7.91802815e-09 3.27534259e-10]
Getting the data. Loading 33 pulsars from ../data/IPTA_MockDataChallenge2/dataset_1b/
Timespan: 14.957676828928976 years
Average cadence: 29.99753869537954 days
Mvals
[2.67430113e-10 8.01932221e-09 7.94263699e-09 9.90814252e-10
 3.74166268e-10 7.52560262e-09 7.91802815e-09 3.27534259e-10]
J0030+0451 205.53069593846152
Timespan: 14.96402717264457 years
Average cadence: 30.010274274809166 days
Mvals
[9.95875519e-10 2.94899149e-08 3.14293807e-08 3.68966010e-09
 1.39345263e-09 2.55283432e-08 2.25357211e-08 1.47720464e-08
 1.11419427e-07 3.56186635e-08 1.73429432e-08 7.46933476e-09]
J0034-0534 532.7134293952242
Timespan: 14.954550643158557 years
Average cadence: 29.99126914699381 days
Mvals
[1.17675205e-09 4.06616693e-08 6.14373708e-07 4.36021523e-09
 1.64651420e-09 4.79283596e-08 6.37172640e-08 1.17442900e-07
 4.22677774e-07 7.96499872e-08 4.40236016e-07 1.95870382e-08]
J0218+4232 430.46105454575843
Timespan: 14.962514096871661 years
Average cadence: 30.0072398096602 days
Mvals
[2.78487251e-11 1.69358195e-09 9.57076613e-10 1.03194824e-10
 3.89642669e-11 1.36969040e-08 6.81905152e-10 2.78970498e-11
 8.62814059e-10 5.90762370e-10 1.59385408e-10 5.91276414e-10
 2.06323013e-08 8.61516695e-10 8.62905255e-10 3.15638009e-10
 1.04222357e-09 4.68631730e-09]
J0437-4715 173.68794573751967
Timespan: 14.962670146186571 years
Average cadence: 30.00755276570384 days
Mvals
[4.35493966e-10 1.00111537e-07 1.38133553e-08 1.61326435e-09
 6.09391879e-10 2.40376623e-08 1.10560169e-08 4.84485847e-10
 9.80666700e-10 6.31994956e-09 5.91334021e-09 8.27389021e-09
 1.10034181e-08 3.34716210e-08 1.18335425e-07 1.07472460e-09]
J0613-0200 326.60056202349193
Timespan: 14.959550902330289 years
Average cadence: 30.001297139288766 days
Mvals
[1.92621396e-09 5.43791979e-07 5.91832174e-08 7.13479001e-09
 2.69516197e-09 1.10887168e-07 4.68033339e-08 6.05143263e-08
 4.22948392e-08 3.10047747e-07 4.77217227e-08 3.62091941e-09
 5.86483233e-08]
J0621+1002 34.65740662142043
Timespan: 14.95891260121387 years
Average cadence: 30.00001702990694 days
Mvals
[4.41447490e-10 1.07489883e-07 1.30040459e-08 1.63599667e-09
 6.17660030e-10 1.60654399e-08 1.27235979e-08]
J0711-6830 182.1172346472276
Timespan: 14.962043408002845 years
Average cadence: 30.006295845719993 days
Mvals
[4.79003396e-10 5.89174991e-08 2.88294034e-08 1.77472842e-09
 6.70262364e-10 1.46501124e-08 1.22489446e-08 5.85853936e-10
 3.08998216e-09 3.59577760e-09 2.57352723e-09 6.86859259e-09
 5.60412373e-09 7.61116392e-09 2.34823414e-08 7.01021817e-09
 4.31587446e-09]
J0751+1807 287.4578539950941
Timespan: 14.953947124000674 years
Average cadence: 29.990058792638717 days
Mvals
[4.53964640e-10 2.70545571e-08 1.44535468e-08 1.68173618e-09
 6.35210235e-10 1.11734882e-08 1.66242424e-08 4.65274926e-10
 5.31136208e-08 2.82021436e-08 2.09485127e-08 2.46489687e-08
 5.08982015e-08]
J0900-3144 90.01184191936728
Timespan: 14.959802688931948 years
Average cadence: 30.00180209593495 days
Mvals
[5.42337118e-10 2.12480168e-08 6.27336734e-08 2.00961035e-09
 7.58805273e-10 1.26467310e-08 4.93323234e-08 5.67699297e-10
 1.08871246e-07 4.56647910e-09 3.16831570e-07 4.30211301e-09
 5.71582472e-09 8.07285120e-09 2.26900837e-08]
J1012+5307 190.26783444155498
Timespan: 14.953730788380255 years
Average cadence: 29.98962493274062 days
Mvals
[2.28096766e-10 8.60051802e-09 1.99768032e-09 8.45118507e-10
 3.19163071e-10 5.55621181e-09 5.24112381e-09 2.79580910e-10
 2.84951965e-08 5.40815204e-09 2.14789274e-09 5.40414530e-09
 2.34239573e-10 1.32438238e-07 2.17899976e-09 2.85846398e-08
 2.94481299e-09 2.23027586e-09]
J1022+1001 60.77944795669458
Timespan: 14.954078759076086 years
Average cadence: 29.990322786059185 days
Mvals
[3.92335982e-10 1.44491700e-08 1.10027478e-08 1.45368534e-09
 5.48929373e-10 9.05647850e-09 1.11209224e-08 4.59537093e-10]
J1024-0719 193.71568344854623
Timespan: 14.961219228341578 years
Average cadence: 30.00464295793778 days
Mvals
[5.06133645e-10 1.72117826e-08 2.02808976e-08 1.87515725e-09
 7.08151099e-10 1.15329614e-08 4.50900822e-08 1.06069594e-08
 8.57142084e-08 1.90295478e-08 8.53638424e-08 5.22410020e-10]
J1045-4509 133.79314954119278
Timespan: 14.962116483107367 years
Average cadence: 30.006442397440598 days
Mvals
[7.91860951e-10 3.19818432e-08 1.90160507e-07 2.93431022e-09
 1.10794115e-09 4.27001211e-08 4.88243567e-08 9.26441443e-10
 1.35767972e-07 1.13260297e-07 8.96969047e-08 1.09187279e-07
 8.37259445e-10 9.79032539e-07]
J1455-3330 125.20024324499536
Timespan: 14.965494977535087 years
Average cadence: 30.013217949452233 days
Mvals
[8.25704955e-11 4.11683341e-09 5.34200011e-08 3.05883015e-10
 1.15531769e-10 1.83714384e-08 3.20754203e-09 9.89841019e-11
 2.71330581e-09 3.39614927e-09 4.23801273e-09 3.44841995e-09
 6.26064712e-10 1.06532338e-08 2.70905504e-09 3.67635942e-08
 5.19916035e-09]
J1600-3053 277.93770698961544
Timespan: 14.95665290628149 years
Average cadence: 29.995485224135955 days
Mvals
[3.72801133e-10 1.88506147e-08 1.68056118e-08 1.38123025e-09
 5.21590291e-10 5.20277980e-08 8.95296724e-09 1.25064382e-08
 1.39884394e-08 3.50317292e-08 1.39985406e-08 5.55012431e-10
 5.01928373e-09 1.06529854e-08]
J1603-7202 67.37658112877924
Timespan: 14.95892718052607 years
Average cadence: 30.00004626863745 days
Mvals
[2.24580683e-10 1.31623074e-08 1.59167577e-08 1.70274204e-09
 3.04692926e-10 2.85785548e-08 2.92137564e-07 2.74914370e-10
 1.17129999e-09 4.01250452e-09 1.58511157e-08 1.04214825e-08
 2.88314388e-09 3.61222898e-09 6.15636782e-10]
J1614-2230 317.37893706872126
Timespan: 14.951574663087294 years
Average cadence: 29.985300835312433 days
Mvals
[2.64885502e-10 1.68363537e-08 8.88181687e-09 9.81561016e-10
 3.70635289e-10 9.98580114e-08 6.29073469e-09 2.72829434e-10
 6.26059081e-10 3.08205182e-07 2.35732413e-08 6.16060804e-08
 2.15212889e-08 2.76957838e-10 1.85591365e-08 1.75156254e-07
 9.95744823e-10]
J1640+2224 316.1239793318562
Timespan: 14.959757189825003 years
Average cadence: 30.001710847725967 days
Mvals
[1.82920260e-10 1.16755498e-08 5.70694110e-09 6.77894285e-10
 2.55918980e-10 1.93301676e-07 5.47031739e-09 2.20171383e-10
 3.65589668e-08 6.90048807e-08 1.61619852e-08 5.23450667e-08
 1.95831099e-10 1.52543454e-08]
J1643-1224 216.37333714263337
Timespan: 14.95860191225065 years
Average cadence: 29.99939394489828 days
Mvals
[1.42605080e-10 1.26509825e-08 4.43777811e-09 5.28389378e-10
 1.99535820e-10 2.08411671e-08 3.50478420e-09 1.54298372e-10
 1.45060603e-07 1.74304908e-08 2.05452052e-08 1.70988330e-08
 5.07549333e-10 3.69893442e-08 4.04057557e-10 6.91777103e-08
 3.50751488e-10]
J1713+0747 218.81184041715784
Timespan: 14.95601130433826 years
Average cadence: 29.994198494964092 days
Mvals
[3.05918219e-10 2.77727084e-08 2.03716333e-08 1.13331227e-09
 4.28031905e-10 3.30096021e-08 4.02702329e-08 3.74550665e-10]
J1730-2304 123.1102871473716
Timespan: 14.959452511327482 years
Average cadence: 30.001099816673246 days
Mvals
[9.18875649e-11 9.19537275e-09 2.76663855e-09 3.40379080e-10
 1.28567776e-10 6.38389781e-09 2.45699002e-09 1.09597104e-10]
J1744-1134 245.4261196898099
Timespan: 14.958782957192183 years
Average cadence: 29.99975702953377 days
Mvals
[2.08490967e-10 2.38564889e-07 6.44585035e-09 7.72599710e-10
 2.91717797e-10 8.14609307e-09 5.34232400e-09 2.23918588e-10
 2.07530731e-09 5.36611452e-09 6.72918610e-09 8.11948087e-09
 6.73012426e-09 2.13556202e-10 3.21963134e-08 6.15598394e-10]
J1857+0943 186.49407837798236
Timespan: 14.954082029214945 years
Average cadence: 29.990329344304698 days
Mvals
[3.16111243e-11 1.39081484e-08 1.09043037e-09 1.17088911e-10
 4.42312331e-11 1.19620568e-09 1.55565012e-09 3.71317433e-11
 1.60860938e-10 1.92649378e-09 1.30967861e-08 1.43542639e-09
 2.60706296e-09 2.22648966e-09 2.48627288e-09 5.05892053e-10
 8.75131655e-11]
J1909-3744 339.3156872184855
Timespan: 14.955715626613342 years
Average cadence: 29.993605514911373 days
Mvals
[4.78711000e-10 9.10727049e-08 1.48827352e-08 1.77407821e-09
 6.69839144e-10 1.84718492e-08 1.13231832e-08 5.61544135e-10
 4.84135091e-08 2.06292897e-07 1.78447138e-07 2.09326958e-07
 5.12607995e-10 7.28534768e-09 2.04127195e-08]
J1918-0642 130.78951412337267
Timespan: 14.959304686063108 years
Average cadence: 30.00080335391777 days
Mvals
[1.28231450e-11 1.90368949e-09 3.84468658e-10 4.75123412e-11
 1.79421894e-11 4.03101706e-10 3.83574776e-10 1.32728072e-11]
J1939+2134 641.9282245822369
Timespan: 14.958123947137024 years
Average cadence: 29.998435388489085 days
Mvals
[6.06597966e-10 1.00732412e-07 1.92444549e-08 2.24713700e-09
 8.48766807e-10 1.99138998e-08 1.51673273e-08 6.59015570e-10]
J1944+0907 192.85651792018598
Timespan: 14.958125564966723 years
Average cadence: 29.99843863303766 days
Mvals
[3.88786039e-10 3.78403201e-08 1.63969881e-08 1.44013090e-09
 5.43997633e-10 1.22891829e-08 9.71073630e-09 4.72738710e-10]
J2010-1323 191.45090909263828
Timespan: 14.958654372444466 years
Average cadence: 29.999499153528735 days
Mvals
[5.24780025e-10 2.69978884e-08 9.83106672e-08 1.94457729e-09
 7.34295919e-10 1.30587433e-08 3.74816766e-08 6.07805658e-10]
J2124-3358 202.7938937460303
Timespan: 14.957290564648092 years
Average cadence: 29.99676404448656 days
Mvals
[2.60699451e-10 1.20105728e-08 1.58710718e-08 9.65933914e-10
 3.64764930e-10 6.52938092e-09 1.08166592e-07 2.71198878e-09
 1.90817208e-07 8.21747091e-09 1.87414012e-07 3.31614329e-10
 4.83647088e-09]
J2129-5721 268.3592272938659
Timespan: 14.959160569811218 years
Average cadence: 30.000514329566457 days
Mvals
[4.15702603e-10 1.95277984e-08 1.50116962e-08 1.53996981e-09
 5.81648569e-10 1.03998581e-08 1.01394557e-08 5.06891229e-10
 1.32248115e-08 1.29042373e-08 1.25087601e-08 3.94451171e-08
 9.94311781e-09 6.39023739e-09 1.28106234e-08]
J2145-0750 62.29588783738885
Timespan: 14.957813700870593 years
Average cadence: 29.99781319130641 days
Mvals
[1.71196119e-09 6.66838605e-08 6.19505132e-08 6.34326087e-09
 2.39541904e-09 4.07534576e-08 8.02229757e-08 8.93020896e-08
 2.29465505e-06 3.21166568e-07 1.34506674e-06 2.37315780e-09]
J2229+2643 335.8162081968717
Timespan: 14.958736151822867 years
Average cadence: 29.99966316162278 days
Mvals
[2.16800481e-10 6.79538409e-09 6.77898426e-09 8.03284235e-10
 3.03342364e-10 5.22363945e-09 7.91557297e-09 2.51639755e-10
 3.63157611e-09 4.05935715e-09 3.85105891e-09 1.27791291e-09
 2.41187018e-09 1.64072365e-08]
J2317+1439 290.25460366486976
Total length of the data is  3019
Total number of pulsars is  33
Got the data
The number of pulsars is: 33
The frequencies are: [205.53069594 532.7134294  430.46105455 173.68794574 326.60056202
  34.65740662 182.11723465 287.457854    90.01184192 190.26783444
  60.77944796 193.71568345 133.79314954 125.20024324 277.93770699
  67.37658113 317.37893707 316.12397933 216.37333714 218.81184042
 123.11028715 245.42611969 186.49407838 339.31568722 130.78951412
 641.92822458 192.85651792 191.45090909 202.79389375 268.35922729
  62.29588784 335.8162082  290.25460366]
Initialized the model
Initialized the Kalman filter
Precomputing the observation matrices
This might take a few seconds, but only needs to be done once.
dt for the first 5 timesteps is: [ 5563.41197586 32399.22021103  8506.6115427   4760.21435547
   298.50439262]
The HPH magnitude is: [[0.00010565]]
The R matrix for this timestep is: 44.89000000014605
log_likelihood: [[-2.82104724]], y: [[2.53170627e-06]], cov: [[44.89010565]]
Qgw block values: q11=9.566457755119744e-24, q22=9.272353293100992e-31
dt_idx: 0, dt: 5563.411975860596
Qspin block values: q11=5.739874653071846e-18, q22=5.563411975860596e-25
The HPH magnitude is: [[309516.71089747]]
The R matrix for this timestep is: 44.890000000035215
log_likelihood: [[-7.24039473]], y: [[-2.34266825e-06]], cov: [[309561.60089747]]
Qgw block values: q11=1.889431571405199e-21, q22=5.3998700351715085e-30
dt_idx: 1, dt: 32399.220211029053
Qspin block values: q11=1.1336589428431195e-15, q22=3.239922021102905e-24
The HPH magnitude is: [[14411253.96797337]]
The R matrix for this timestep is: 44.89000000000126
log_likelihood: [[-9.16070008]], y: [[1.14138913e-06]], cov: [[14411298.85797337]]
Qgw block values: q11=3.419773149101532e-23, q22=1.417768590450287e-30
dt_idx: 2, dt: 8506.611542701721
Qspin block values: q11=2.0518638894609193e-17, q22=8.506611542701721e-25
The HPH magnitude is: [[21598745.64996485]]
The R matrix for this timestep is: 44.890000000007255
log_likelihood: [[-9.36301247]], y: [[3.53368951e-06]], cov: [[21598790.53996485]]
Qgw block values: q11=5.992485944308741e-24, q22=7.933690592447917e-31
dt_idx: 3, dt: 4760.21435546875
Qspin block values: q11=3.595491566585245e-18, q22=4.7602143554687495e-25
The HPH magnitude is: [[26244902.99107052]]
The R matrix for this timestep is: 44.89000000009627
log_likelihood: [[-9.46043057]], y: [[-7.05108606e-06]], cov: [[26244947.88107052]]
Qgw block values: q11=1.4776775455721073e-27, q22=4.975073210398356e-32
dt_idx: 4, dt: 298.50439262390137
Qspin block values: q11=8.866065273432644e-22, q22=2.9850439262390136e-26
The HPH magnitude is: [[26550262.49718788]]
The R matrix for this timestep is: 44.890000000033524
log_likelihood: [[-9.46621447]], y: [[3.88178079e-06]], cov: [[26550307.38718788]]
Qgw block values: q11=9.862056238501068e-25, q22=4.347725097338359e-31
dt_idx: 5, dt: 2608.635058403015
Qspin block values: q11=5.9172337431006405e-19, q22=2.608635058403015e-25
The HPH magnitude is: [[29307096.62494723]]
The R matrix for this timestep is: 44.89000000000008
log_likelihood: [[-9.51560942]], y: [[-1.6576224e-07]], cov: [[29307141.51494723]]
Qgw block values: q11=1.8113345138008915e-21, q22=5.324422035376231e-30
dt_idx: 6, dt: 31946.532212257385
Qspin block values: q11=1.0868007082805348e-15, q22=3.1946532212257385e-24
The HPH magnitude is: [[74098906.6505141]]
The R matrix for this timestep is: 44.890000000026106
log_likelihood: [[-9.9793945]], y: [[7.46916366e-06]], cov: [[74098951.5405141]]
Qgw block values: q11=2.511276553098185e-25, q22=2.755736986796061e-31
dt_idx: 7, dt: 1653.4421920776367
Qspin block values: q11=1.506765931858911e-19, q22=1.6534421920776368e-25
The HPH magnitude is: [[76990126.04977846]]
The R matrix for this timestep is: 44.89000000002323
log_likelihood: [[-9.99853269]], y: [[-4.6812443e-06]], cov: [[76990170.93977846]]
Qgw block values: q11=5.112653617761654e-24, q22=7.524685877164205e-31
dt_idx: 8, dt: 4514.811526298523
Qspin block values: q11=3.0675921706569923e-18, q22=4.514811526298523e-25
The HPH magnitude is: [[85097143.99416299]]
The R matrix for this timestep is: 44.89000000000582
log_likelihood: [[-10.04859081]], y: [[2.31818872e-06]], cov: [[85097188.88416299]]
Qgw block values: q11=1.4001472104759607e-24, q22=4.886495289802552e-31
dt_idx: 9, dt: 2931.8971738815308
Qspin block values: q11=8.400883262855764e-19, q22=2.9318971738815306e-25
The HPH magnitude is: [[90592549.4739863]]
The R matrix for this timestep is: 44.89000000000865
log_likelihood: [[-10.07988005]], y: [[-2.64704644e-06]], cov: [[90592594.3639863]]
Qgw block values: q11=1.5074505607351924e-25, q22=2.3246305656433107e-31
dt_idx: 10, dt: 1394.7783393859863
Qspin block values: q11=9.044703364411155e-20, q22=1.3947783393859864e-25
The HPH magnitude is: [[93269413.64574018]]
The R matrix for this timestep is: 44.89000000003131
log_likelihood: [[-10.09444017]], y: [[-4.5687053e-06]], cov: [[93269458.53574018]]
Qgw block values: q11=4.621084098400605e-22, q22=3.37692080227534e-30
dt_idx: 11, dt: 20261.52481365204
Qspin block values: q11=2.772650459040363e-16, q22=2.026152481365204e-24
The HPH magnitude is: [[1.36502602e+08]]
The R matrix for this timestep is: 44.89000000004852
log_likelihood: [[-10.28486581]], y: [[4.77983801e-07]], cov: [[1.36502647e+08]]
Qgw block values: q11=7.979247798771871e-26, q22=1.8804432678222657e-31
dt_idx: 12, dt: 1128.2659606933594
Qspin block values: q11=4.7875486792631227e-20, q22=1.1282659606933593e-25
The HPH magnitude is: [[1.39263445e+08]]
The R matrix for this timestep is: 44.89000000075542
log_likelihood: [[-10.29487769]], y: [[1.88771091e-05]], cov: [[1.3926349e+08]]
Qgw block values: q11=1.6907801977028306e-25, q22=2.41528639793396e-31
dt_idx: 13, dt: 1449.171838760376
Qspin block values: q11=1.0144681186216984e-19, q22=1.4491718387603759e-25
The HPH magnitude is: [[1.42588638e+08]]
The R matrix for this timestep is: 44.89000000000719
log_likelihood: [[-10.30667588]], y: [[-2.91749044e-06]], cov: [[1.42588683e+08]]
Qgw block values: q11=1.7930077178056498e-26, q22=1.1432300662994384e-31
dt_idx: 14, dt: 685.9380397796631
Qspin block values: q11=1.0758046306833899e-20, q22=6.85938039779663e-26
The HPH magnitude is: [[1.44232896e+08]]
The R matrix for this timestep is: 44.89000000000322
log_likelihood: [[-10.31240863]], y: [[-1.85760968e-06]], cov: [[1.44232941e+08]]
Qgw block values: q11=9.946773739002936e-23, q22=2.023797232468923e-30
dt_idx: 15, dt: 12142.783394813538
Qspin block values: q11=5.968064243401761e-17, q22=1.2142783394813537e-24
The HPH magnitude is: [[1.74870488e+08]]
The R matrix for this timestep is: 44.89000000002885
log_likelihood: [[-10.40871676]], y: [[7.5494865e-06]], cov: [[1.74870533e+08]]
Qgw block values: q11=2.2729869494550946e-23, q22=1.2372911276817322e-30
dt_idx: 16, dt: 7423.746766090393
Qspin block values: q11=1.3637921696730567e-17, q22=7.423746766090392e-25
The HPH magnitude is: [[1.95050734e+08]]
The R matrix for this timestep is: 44.89000000000736
log_likelihood: [[-10.46332378]], y: [[-1.77619307e-06]], cov: [[1.95050779e+08]]
Qgw block values: q11=2.262811901112507e-22, q22=2.661679354985555e-30
dt_idx: 17, dt: 15970.07612991333
Qspin block values: q11=1.3576871406675043e-16, q22=1.597007612991333e-24
The HPH magnitude is: [[2.42201194e+08]]
The R matrix for this timestep is: 44.89000000040306
log_likelihood: [[-10.57157828]], y: [[-4.82064464e-05]], cov: [[2.42201239e+08]]
Qgw block values: q11=2.9303236216314856e-25, q22=2.9012029695510866e-31
dt_idx: 18, dt: 1740.7217817306519
Qspin block values: q11=1.7581941729788912e-19, q22=1.7407217817306517e-25
The HPH magnitude is: [[2.47648723e+08]]
The R matrix for this timestep is: 44.890000000000164
log_likelihood: [[-10.58269955]], y: [[8.08006289e-07]], cov: [[2.47648768e+08]]
Qgw block values: q11=4.0368159582214835e-26, q22=1.4983705711364746e-31
dt_idx: 19, dt: 899.0223426818848
Qspin block values: q11=2.4220895749328902e-20, q22=8.990223426818848e-26
The HPH magnitude is: [[2.5048436e+08]]
The R matrix for this timestep is: 44.89000000000003
log_likelihood: [[-10.58839214]], y: [[7.49907856e-07]], cov: [[2.50484405e+08]]
Qgw block values: q11=6.891069436868443e-26, q22=1.7907506879170736e-31
dt_idx: 20, dt: 1074.4504127502441
Qspin block values: q11=4.134641662121066e-20, q22=1.074450412750244e-25
The HPH magnitude is: [[2.53902754e+08]]
The R matrix for this timestep is: 44.8900000000439
log_likelihood: [[-10.59516957]], y: [[7.11836848e-06]], cov: [[2.53902799e+08]]
Qgw block values: q11=6.061384076357609e-24, q22=7.963980461756388e-31
dt_idx: 21, dt: 4778.388277053833
Qspin block values: q11=3.636830445814565e-18, q22=4.778388277053833e-25
The HPH magnitude is: [[2.69408659e+08]]
The R matrix for this timestep is: 44.89000000002008
log_likelihood: [[-10.6248086]], y: [[-1.65027488e-06]], cov: [[2.69408704e+08]]
Qgw block values: q11=2.2812983558867083e-25, q22=2.6689080635706586e-31
dt_idx: 22, dt: 1601.344838142395
Qspin block values: q11=1.3687790135320248e-19, q22=1.601344838142395e-25
The HPH magnitude is: [[2.74634946e+08]]
The R matrix for this timestep is: 44.890000000001535
log_likelihood: [[-10.63441527]], y: [[9.48795142e-07]], cov: [[2.74634991e+08]]
Qgw block values: q11=2.0796333278533163e-22, q22=2.587826609611511e-30
dt_idx: 23, dt: 15526.959657669067
Qspin block values: q11=1.2477799967119897e-16, q22=1.5526959657669067e-24
The HPH magnitude is: [[3.28502922e+08]]
The R matrix for this timestep is: 44.89000000002116
log_likelihood: [[-10.72396675]], y: [[2.15164149e-06]], cov: [[3.28502967e+08]]
Qgw block values: q11=3.0677073511075298e-22, q22=2.9458517939249674e-30
dt_idx: 24, dt: 17675.110763549805
Qspin block values: q11=1.8406244106645177e-16, q22=1.7675110763549806e-24
The HPH magnitude is: [[3.95678822e+08]]
The R matrix for this timestep is: 44.89000000000714
log_likelihood: [[-10.81699528]], y: [[-7.2674772e-06]], cov: [[3.95678867e+08]]
Qgw block values: q11=3.1766103641059914e-22, q22=2.9803062998453777e-30
dt_idx: 25, dt: 17881.837799072266
Qspin block values: q11=1.9059662184635947e-16, q22=1.7881837799072265e-24
The HPH magnitude is: [[4.70053845e+08]]
The R matrix for this timestep is: 44.89000000002213
log_likelihood: [[-10.90311749]], y: [[-1.01558605e-05]], cov: [[4.7005389e+08]]
Qgw block values: q11=1.5736662503153144e-25, q22=2.358180958429972e-31
dt_idx: 26, dt: 1414.9085750579834
Qspin block values: q11=9.441997501891886e-20, q22=1.4149085750579834e-25
The HPH magnitude is: [[4.76156096e+08]]
The R matrix for this timestep is: 44.890000000013536
log_likelihood: [[-10.90956673]], y: [[-6.20467856e-06]], cov: [[4.76156141e+08]]
Qgw block values: q11=9.892005822764919e-25, q22=4.352121779123942e-31
dt_idx: 27, dt: 2611.2730674743652
Qspin block values: q11=5.935203493658951e-19, q22=2.611273067474365e-25
The HPH magnitude is: [[4.87643301e+08]]
The R matrix for this timestep is: 44.89000000001455
log_likelihood: [[-10.92148596]], y: [[6.89165195e-06]], cov: [[4.87643346e+08]]
Qgw block values: q11=1.992086620952488e-22, q22=2.55099137878418e-30
dt_idx: 28, dt: 15305.948272705078
Qspin block values: q11=1.1952519725714926e-16, q22=1.5305948272705078e-24
The HPH magnitude is: [[5.57537347e+08]]
The R matrix for this timestep is: 44.890000000158956
log_likelihood: [[-10.9884586]], y: [[1.38842867e-05]], cov: [[5.57537392e+08]]
Qgw block values: q11=1.5570676107344803e-23, q22=1.0907086103757222e-30
dt_idx: 29, dt: 6544.2516622543335
Qspin block values: q11=9.342405664406882e-18, q22=6.544251662254334e-25
The HPH magnitude is: [[5.88873713e+08]]
The R matrix for this timestep is: 44.89000000001178
log_likelihood: [[-11.01579973]], y: [[-4.41271714e-07]], cov: [[5.88873758e+08]]
Qgw block values: q11=1.1855185874319455e-24, q22=4.622841895421346e-31
dt_idx: 30, dt: 2773.7051372528076
Qspin block values: q11=7.113111524591673e-19, q22=2.7737051372528077e-25
The HPH magnitude is: [[6.0243014e+08]]
The R matrix for this timestep is: 44.890000000035066
log_likelihood: [[-11.0271797]], y: [[5.44316093e-06]], cov: [[6.02430185e+08]]
Qgw block values: q11=5.242230935413427e-22, q22=3.5219103835423785e-30
dt_idx: 31, dt: 21131.462301254272
Qspin block values: q11=3.1453385612480556e-16, q22=2.1131462301254272e-24
The HPH magnitude is: [[7.10579447e+08]]
The R matrix for this timestep is: 44.89000000002897
log_likelihood: [[-11.10973422]], y: [[2.44955907e-06]], cov: [[7.10579492e+08]]
Qgw block values: q11=6.715465762342015e-07, q22=3.8184226841934722e-28
dt_idx: 32, dt: 2296318.626564026
Qspin block values: q11=0.039674487922107794, q22=2.244385894919081e-22
The HPH magnitude is: [[9500964.31258595]]
The R matrix for this timestep is: 44.89000000001846
log_likelihood: [[-8.95239282]], y: [[0.00106927]], cov: [[9501009.20258595]]
Qgw block values: q11=9.748828796786442e-22, q22=4.331022093772888e-30
dt_idx: 33, dt: 25986.13256263733
Qspin block values: q11=5.849297278071865e-16, q22=2.598613256263733e-24
The HPH magnitude is: [[20976.07577194]]
The R matrix for this timestep is: 44.89000000000303
log_likelihood: [[-5.89557633]], y: [[3.9543615e-05]], cov: [[21020.96577194]]
Qgw block values: q11=7.100625924533812e-22, q22=3.896773195584615e-30
dt_idx: 34, dt: 23380.63917350769
Qspin block values: q11=4.260375554720287e-16, q22=2.338063917350769e-24
The HPH magnitude is: [[104549.23788526]]
The R matrix for this timestep is: 44.89000000000011
log_likelihood: [[-6.69785988]], y: [[7.94095456e-06]], cov: [[104594.12788526]]
Qgw block values: q11=1.9976123035935832e-22, q22=2.553347861925761e-30
dt_idx: 35, dt: 15320.087171554565
Qspin block values: q11=1.1985673821561498e-16, q22=1.5320087171554564e-24
The HPH magnitude is: [[21765.07195936]]
The R matrix for this timestep is: 44.89000000000854
log_likelihood: [[-5.91399959]], y: [[5.8235681e-05]], cov: [[21809.96195936]]
Qgw block values: q11=6.729680760376456e-22, q22=3.8276986495653785e-30
dt_idx: 36, dt: 22966.191897392273
Qspin block values: q11=4.0378084562258734e-16, q22=2.2966191897392273e-24
The HPH magnitude is: [[12627.56872993]]
The R matrix for this timestep is: 44.89000000005725
log_likelihood: [[-5.64253169]], y: [[-0.00012215]], cov: [[12672.45872993]]
Qgw block values: q11=1.757738610862751e-24, q22=5.271380295753479e-31
dt_idx: 37, dt: 3162.8281774520874
Qspin block values: q11=1.0546431665176503e-18, q22=3.1628281774520872e-25
The HPH magnitude is: [[7011.45130849]]
The R matrix for this timestep is: 44.890000000012556
log_likelihood: [[-5.34977952]], y: [[-8.2795918e-05]], cov: [[7056.34130849]]
Qgw block values: q11=1.7532879204749843e-23, q22=1.1347251087824505e-30
dt_idx: 38, dt: 6808.350652694702
Qspin block values: q11=1.0519727522849905e-17, q22=6.808350652694702e-25
The HPH magnitude is: [[11684.59429066]]
The R matrix for this timestep is: 44.89000000000143
log_likelihood: [[-5.60386902]], y: [[-1.56124379e-05]], cov: [[11729.48429066]]
Qgw block values: q11=5.1540358323548796e-27, q22=7.544933144251505e-32
dt_idx: 39, dt: 452.69598865509033
Qspin block values: q11=3.092421499412928e-21, q22=4.526959886550903e-26
The HPH magnitude is: [[13167.31300546]]
The R matrix for this timestep is: 44.8900000003802
log_likelihood: [[-5.66338661]], y: [[0.00079781]], cov: [[13212.20300546]]
Qgw block values: q11=7.448836060658946e-23, q22=1.837817531267802e-30
dt_idx: 40, dt: 11026.905187606812
Qspin block values: q11=4.4693016363953674e-17, q22=1.1026905187606811e-24
The HPH magnitude is: [[150676.20184647]]
The R matrix for this timestep is: 44.890000000005486
log_likelihood: [[-6.8805317]], y: [[-0.00019696]], cov: [[150721.09184647]]
Qgw block values: q11=4.1702457479578435e-25, q22=3.2633235422770184e-31
dt_idx: 41, dt: 1957.994125366211
Qspin block values: q11=2.5021474487747056e-19, q22=1.9579941253662109e-25
The HPH magnitude is: [[9985.32507593]]
The R matrix for this timestep is: 44.8900000000228
log_likelihood: [[-5.5256172]], y: [[-2.85540318e-05]], cov: [[10030.21507593]]
Qgw block values: q11=1.4877334611146452e-22, q22=2.314450845559438e-30
dt_idx: 42, dt: 13886.705073356628
Qspin block values: q11=8.92640076668787e-17, q22=1.3886705073356627e-24
The HPH magnitude is: [[7961.28494502]]
The R matrix for this timestep is: 44.89000000001895
log_likelihood: [[-5.41292273]], y: [[0.00010873]], cov: [[8006.17494502]]
Qgw block values: q11=2.456228086681787e-23, q22=1.2696844937006633e-30
dt_idx: 43, dt: 7618.1069622039795
Qspin block values: q11=1.4737368520090722e-17, q22=7.618106962203979e-25
The HPH magnitude is: [[16788.48549401]]
The R matrix for this timestep is: 44.89000000000625
log_likelihood: [[-5.78449795]], y: [[3.63530892e-05]], cov: [[16833.37549401]]
Qgw block values: q11=1.343959911534279e-24, q22=4.8202366018295285e-31
dt_idx: 44, dt: 2892.1419610977173
Qspin block values: q11=8.063759469205673e-19, q22=2.892141961097717e-25
The HPH magnitude is: [[38516.565116]]
The R matrix for this timestep is: 44.8900000000079
log_likelihood: [[-6.19894278]], y: [[-6.27641793e-05]], cov: [[38561.455116]]
Qgw block values: q11=2.6250017712886415e-26, q22=1.2981238174438477e-31
dt_idx: 45, dt: 778.8742904663086
Qspin block values: q11=1.5750010627731847e-20, q22=7.788742904663086e-26
The HPH magnitude is: [[5745.17547632]]
The R matrix for this timestep is: 44.89000000001006
log_likelihood: [[-5.25088797]], y: [[1.19120646e-05]], cov: [[5790.06547632]]
Qgw block values: q11=1.3790111370114066e-23, q22=1.0474392466545106e-30
dt_idx: 46, dt: 6284.635479927063
Qspin block values: q11=8.274066822068439e-18, q22=6.284635479927063e-25
The HPH magnitude is: [[125515.61403645]]
The R matrix for this timestep is: 44.89000000013119
log_likelihood: [[-6.78921005]], y: [[0.00036524]], cov: [[125560.50403645]]
Qgw block values: q11=3.1227287399561404e-23, q22=1.3754696269035339e-30
dt_idx: 47, dt: 8252.817761421204
Qspin block values: q11=1.873637243973684e-17, q22=8.252817761421203e-25
The HPH magnitude is: [[8424.5038192]]
The R matrix for this timestep is: 44.89000000000671
log_likelihood: [[-5.44104564]], y: [[9.64809193e-05]], cov: [[8469.3938192]]
Qgw block values: q11=3.509427159994017e-22, q22=3.0809524494806926e-30
dt_idx: 48, dt: 18485.714696884155
Qspin block values: q11=2.1056562959964102e-16, q22=1.8485714696884155e-24
The HPH magnitude is: [[13365.23609452]]
The R matrix for this timestep is: 44.89000000000002
log_likelihood: [[-5.67082122]], y: [[-1.2674639e-05]], cov: [[13410.12609452]]
Qgw block values: q11=9.182225624239031e-26, q22=1.970556559562683e-31
dt_idx: 49, dt: 1182.3339357376099
Qspin block values: q11=5.509335374543419e-20, q22=1.18233393573761e-25
The HPH magnitude is: [[37217.89097051]]
The R matrix for this timestep is: 44.89000000000733
log_likelihood: [[-6.18181367]], y: [[7.40105974e-05]], cov: [[37262.78097051]]
Qgw block values: q11=8.504843752082607e-26, q22=1.9208569844563803e-31
dt_idx: 50, dt: 1152.5141906738281
Qspin block values: q11=5.1029062512495644e-20, q22=1.152514190673828e-25
The HPH magnitude is: [[24797.35596189]]
The R matrix for this timestep is: 44.89000000006406
log_likelihood: [[-5.97908901]], y: [[9.74773799e-06]], cov: [[24842.24596189]]
Qgw block values: q11=2.484790822120035e-24, q22=5.916109396616618e-31
dt_idx: 51, dt: 3549.6656379699707
Qspin block values: q11=1.490874493272021e-18, q22=3.5496656379699707e-25
The HPH magnitude is: [[126540.73152657]]
The R matrix for this timestep is: 44.890000000033865
log_likelihood: [[-6.79327564]], y: [[-0.00019695]], cov: [[126585.62152657]]
Qgw block values: q11=2.4955005907958634e-27, q22=5.924596945444743e-32
dt_idx: 52, dt: 355.47581672668457
Qspin block values: q11=1.497300354477518e-21, q22=3.5547581672668454e-26
The HPH magnitude is: [[233090.98505627]]
The R matrix for this timestep is: 44.89000000000083
log_likelihood: [[-7.09862689]], y: [[-7.95747642e-05]], cov: [[233135.87505627]]
Qgw block values: q11=1.853515538073712e-26, q22=1.1559480810165405e-31
dt_idx: 53, dt: 693.5688486099243
Qspin block values: q11=1.1121093228442273e-20, q22=6.935688486099243e-26
The HPH magnitude is: [[7185.25009048]]
The R matrix for this timestep is: 44.89000000001279
log_likelihood: [[-5.36194538]], y: [[8.1336447e-05]], cov: [[7230.14009048]]
Qgw block values: q11=1.5589357852997634e-30, q22=5.064644813537598e-33
dt_idx: 54, dt: 30.387868881225586
Qspin block values: q11=9.35361471179858e-25, q22=3.0387868881225585e-27
The HPH magnitude is: [[6116.29503174]]
The R matrix for this timestep is: 44.89000000003735
log_likelihood: [[-5.28195074]], y: [[-5.93988852e-05]], cov: [[6161.18503174]]
Qgw block values: q11=1.4258756084635554e-24, q22=4.916244398752848e-31
dt_idx: 55, dt: 2949.746639251709
Qspin block values: q11=8.555253650781332e-19, q22=2.949746639251709e-25
The HPH magnitude is: [[36674.86591448]]
The R matrix for this timestep is: 44.89000000004166
log_likelihood: [[-6.17447363]], y: [[0.00014319]], cov: [[36719.75591448]]
Qgw block values: q11=1.2987711891337066e-21, q22=4.765595020771027e-30
dt_idx: 56, dt: 28593.57012462616
Qspin block values: q11=7.792627134802239e-16, q22=2.8593570124626158e-24
The HPH magnitude is: [[13967.07563503]]
The R matrix for this timestep is: 44.890000000000136
log_likelihood: [[-5.692772]], y: [[-1.32108132e-05]], cov: [[14011.96563503]]
Qgw block values: q11=2.1285172045179506e-24, q22=5.61864991346995e-31
dt_idx: 57, dt: 3371.18994808197
Qspin block values: q11=1.2771103227107704e-18, q22=3.37118994808197e-25
The HPH magnitude is: [[33711.22620443]]
The R matrix for this timestep is: 44.89000000042488
log_likelihood: [[-6.13239698]], y: [[-0.00044395]], cov: [[33756.11620443]]
Qgw block values: q11=1.1320500966431542e-23, q22=9.807571132977804e-31
dt_idx: 58, dt: 5884.542679786682
Qspin block values: q11=6.792300579858925e-18, q22=5.8845426797866815e-25
The HPH magnitude is: [[20044.90566209]]
The R matrix for this timestep is: 44.89000000003495
log_likelihood: [[-5.87292218]], y: [[-0.00014646]], cov: [[20089.79566209]]
Qgw block values: q11=3.999244782545306e-24, q22=6.933176350593567e-31
dt_idx: 59, dt: 4159.90581035614
Qspin block values: q11=2.3995468695271833e-18, q22=4.15990581035614e-25
The HPH magnitude is: [[47959.10260446]]
The R matrix for this timestep is: 44.89000000003362
log_likelihood: [[-6.30845827]], y: [[0.00014197]], cov: [[48003.99260446]]
Qgw block values: q11=4.212023803978496e-21, q22=7.05401735162735e-30
dt_idx: 60, dt: 42324.1041097641
Qspin block values: q11=2.5272142823870978e-15, q22=4.23241041097641e-24
The HPH magnitude is: [[7.96616579e+10]]
The R matrix for this timestep is: 44.89000000014101
log_likelihood: [[-13.46946565]], y: [[-6.12904774e-06]], cov: [[7.96616579e+10]]
Qgw block values: q11=4.6921049784260723e-23, q22=1.5754168688456218e-30
dt_idx: 61, dt: 9452.50121307373
Qspin block values: q11=2.815262987055643e-17, q22=9.452501213073731e-25
The HPH magnitude is: [[5346.43449352]]
The R matrix for this timestep is: 44.89000000001334
log_likelihood: [[-5.21521172]], y: [[-1.84989905e-05]], cov: [[5391.32449352]]
Qgw block values: q11=3.042232931151284e-21, q22=6.32902880636851e-30
dt_idx: 62, dt: 37974.17283821106
Qspin block values: q11=1.8253397586907704e-15, q22=3.797417283821106e-24
The HPH magnitude is: [[50275.67142744]]
The R matrix for this timestep is: 44.890000000028756
log_likelihood: [[-6.33202306]], y: [[-0.00025286]], cov: [[50320.56142744]]
Qgw block values: q11=1.862346880288818e-21, q22=5.373943671067556e-30
dt_idx: 63, dt: 32243.662026405334
Qspin block values: q11=1.1174081281732905e-15, q22=3.2243662026405334e-24
The HPH magnitude is: [[6844.42343899]]
The R matrix for this timestep is: 44.89000000015575
log_likelihood: [[-5.33780189]], y: [[-0.00016812]], cov: [[6889.31343899]]
Qgw block values: q11=7.210849162632361e-25, q22=3.9168329985936482e-31
dt_idx: 64, dt: 2350.099799156189
Qspin block values: q11=4.326509497579416e-19, q22=2.3500997991561887e-25
The HPH magnitude is: [[16835.41568623]]
The R matrix for this timestep is: 44.890000000020066
log_likelihood: [[-5.78588997]], y: [[2.12004979e-05]], cov: [[16880.30568623]]
Qgw block values: q11=5.880508501237879e-07, q22=3.653389300855093e-28
dt_idx: 65, dt: 2196852.681731224
Qspin block values: q11=0.03476484817867167, q22=2.149290192880796e-22
The HPH magnitude is: [[3321.62612378]]
The R matrix for this timestep is: 44.89000000001834
log_likelihood: [[-4.97975538]], y: [[3.16902086e-07]], cov: [[3366.51612378]]
Qgw block values: q11=3.277368335265718e-21, q22=6.488057186126709e-30
dt_idx: 66, dt: 38928.343116760254
Qspin block values: q11=1.9664210011594306e-15, q22=3.8928343116760256e-24
The HPH magnitude is: [[1250.16837144]]
The R matrix for this timestep is: 44.89000000000013
log_likelihood: [[-4.50209406]], y: [[2.89800267e-07]], cov: [[1295.05837144]]
Qgw block values: q11=7.799066397450057e-23, q22=1.8661811164220173e-30
dt_idx: 67, dt: 11197.086698532104
Qspin block values: q11=4.679439838470034e-17, q22=1.1197086698532105e-24
The HPH magnitude is: [[1770.00333414]]
The R matrix for this timestep is: 44.89000000002646
log_likelihood: [[-4.67082952]], y: [[1.19349426e-05]], cov: [[1814.89333414]]
Qgw block values: q11=3.2140629533602e-23, q22=1.3887509775161744e-30
dt_idx: 68, dt: 8332.505865097046
Qspin block values: q11=1.92843777201612e-17, q22=8.332505865097045e-25
The HPH magnitude is: [[452.29490541]]
The R matrix for this timestep is: 44.89000000049979
log_likelihood: [[-4.02341953]], y: [[6.24516127e-05]], cov: [[497.18490541]]
Qgw block values: q11=1.1799556599693718e-25, q22=2.1423716560999554e-31
dt_idx: 69, dt: 1285.4229936599731
Qspin block values: q11=7.079733959816231e-20, q22=1.2854229936599732e-25
The HPH magnitude is: [[1024.29746831]]
The R matrix for this timestep is: 44.890000000005166
log_likelihood: [[-4.40626566]], y: [[6.84985425e-07]], cov: [[1069.18746831]]
Qgw block values: q11=2.5905332703270576e-26, q22=1.292416942914327e-31
dt_idx: 70, dt: 775.4501657485962
Qspin block values: q11=1.5543199621962344e-20, q22=7.754501657485962e-26
The HPH magnitude is: [[469.20155313]]
The R matrix for this timestep is: 44.890000000009266
log_likelihood: [[-4.04013922]], y: [[-1.3315669e-07]], cov: [[514.09155313]]
Qgw block values: q11=4.650553270199225e-23, q22=1.5707526187896729e-30
dt_idx: 71, dt: 9424.515712738037
Qspin block values: q11=2.790331962119535e-17, q22=9.424515712738036e-25
The HPH magnitude is: [[504.33031219]]
The R matrix for this timestep is: 44.890000000005514
log_likelihood: [[-4.07318836]], y: [[4.01794596e-06]], cov: [[549.22031219]]
Qgw block values: q11=7.7585641324858e-22, q22=4.013593359152476e-30
dt_idx: 72, dt: 24081.560154914856
Qspin block values: q11=4.655138479491481e-16, q22=2.4081560154914856e-24
The HPH magnitude is: [[2211.53644296]]
The R matrix for this timestep is: 44.890000000080136
log_likelihood: [[-4.77970734]], y: [[9.03212708e-06]], cov: [[2256.42644296]]
Qgw block values: q11=1.432976097119867e-27, q22=4.9243914286295575e-32
dt_idx: 73, dt: 295.46348571777344
Qspin block values: q11=8.597856582719202e-22, q22=2.9546348571777344e-26
The HPH magnitude is: [[1885.23402187]]
The R matrix for this timestep is: 44.89000000002499
log_likelihood: [[-4.7016083]], y: [[-3.14830008e-05]], cov: [[1930.12402187]]
Qgw block values: q11=1.2754975500859193e-22, q22=2.19870076529185e-30
dt_idx: 74, dt: 13192.204591751099
Qspin block values: q11=7.652985300515515e-17, q22=1.3192204591751098e-24
The HPH magnitude is: [[731.79025664]]
The R matrix for this timestep is: 44.89000000000142
log_likelihood: [[-4.24645291]], y: [[-1.91068026e-07]], cov: [[776.68025664]]
Qgw block values: q11=6.3518795918895824e-24, q22=8.089226643244425e-31
dt_idx: 75, dt: 4853.535985946655
Qspin block values: q11=3.811127755133749e-18, q22=4.853535985946655e-25
The HPH magnitude is: [[603.97242463]]
The R matrix for this timestep is: 44.89000000001088
log_likelihood: [[-4.15654889]], y: [[-6.92564836e-06]], cov: [[648.86242463]]
Qgw block values: q11=1.0106485841203562e-23, q22=9.443644760449727e-31
dt_idx: 76, dt: 5666.186856269836
Qspin block values: q11=6.0638915047221376e-18, q22=5.666186856269836e-25
The HPH magnitude is: [[917.22199652]]
The R matrix for this timestep is: 44.89000000001514
log_likelihood: [[-4.35350397]], y: [[-2.65361635e-07]], cov: [[962.11199652]]
Qgw block values: q11=7.860065342339271e-25, q22=4.031020159721374e-31
dt_idx: 77, dt: 2418.6120958328247
Qspin block values: q11=4.716039205403562e-19, q22=2.4186120958328245e-25
The HPH magnitude is: [[534.24789162]]
The R matrix for this timestep is: 44.89000000002548
log_likelihood: [[-4.09970884]], y: [[2.12461064e-05]], cov: [[579.13789162]]
Qgw block values: q11=5.786042240568668e-23, q22=1.689403739929199e-30
dt_idx: 78, dt: 10136.422439575195
Qspin block values: q11=3.4716253443412004e-17, q22=1.0136422439575195e-24
The HPH magnitude is: [[436.63550955]]
The R matrix for this timestep is: 44.89000000000019
log_likelihood: [[-4.00741814]], y: [[-1.05384507e-06]], cov: [[481.52550955]]
Qgw block values: q11=1.825262306088013e-21, q22=5.338034131844838e-30
dt_idx: 79, dt: 32028.20479106903
Qspin block values: q11=1.0951573836528075e-15, q22=3.202820479106903e-24
The HPH magnitude is: [[5624.748973]]
The R matrix for this timestep is: 44.890000000020926
log_likelihood: [[-5.24037889]], y: [[1.24882361e-06]], cov: [[5669.638973]]
Qgw block values: q11=1.1363843950628023e-22, q22=2.1156703763008118e-30
dt_idx: 80, dt: 12694.02225780487
Qspin block values: q11=6.818306370376814e-17, q22=1.2694022257804871e-24
The HPH magnitude is: [[929.58303922]]
The R matrix for this timestep is: 44.89000000000346
log_likelihood: [[-4.35988696]], y: [[-9.30385246e-06]], cov: [[974.47303922]]
Qgw block values: q11=1.0347851191047477e-21, q22=4.417972174008688e-30
dt_idx: 81, dt: 26507.833044052124
Qspin block values: q11=6.208710714628486e-16, q22=2.650783304405212e-24
The HPH magnitude is: [[609.1682776]]
The R matrix for this timestep is: 44.89000000000588
log_likelihood: [[-4.16053676]], y: [[-3.78123936e-06]], cov: [[654.0582776]]
Qgw block values: q11=1.5108006494705291e-25, q22=2.326351342201233e-31
dt_idx: 82, dt: 1395.8108053207397
Qspin block values: q11=9.064803896823174e-20, q22=1.3958108053207398e-25
The HPH magnitude is: [[629.43055168]]
The R matrix for this timestep is: 44.89000000000119
log_likelihood: [[-4.17579133]], y: [[-2.77768045e-06]], cov: [[674.32055168]]
Qgw block values: q11=2.8229489670277446e-25, q22=2.8653252506256105e-31
dt_idx: 83, dt: 1719.1951503753662
Qspin block values: q11=1.6937693802166466e-19, q22=1.7191951503753663e-25
The HPH magnitude is: [[2528.25101319]]
The R matrix for this timestep is: 44.89000000000901
log_likelihood: [[-4.84537984]], y: [[1.4046966e-05]], cov: [[2573.14101319]]
Qgw block values: q11=2.3855373967062775e-24, q22=5.836264882087707e-31
dt_idx: 84, dt: 3501.7589292526245
Qspin block values: q11=1.4313224380237664e-18, q22=3.501758929252624e-25
The HPH magnitude is: [[276.04094597]]
The R matrix for this timestep is: 44.89000000018766
log_likelihood: [[-3.80455152]], y: [[6.78398841e-07]], cov: [[320.93094597]]
Qgw block values: q11=9.617301511212342e-23, q22=2.0012007727622985e-30
dt_idx: 85, dt: 12007.204636573792
Qspin block values: q11=5.770380906727405e-17, q22=1.200720463657379e-24
The HPH magnitude is: [[1131.40497775]]
The R matrix for this timestep is: 44.89000000002335
log_likelihood: [[-4.454001]], y: [[8.64821526e-06]], cov: [[1176.29497775]]
Qgw block values: q11=1.185717651638824e-23, q22=9.960168364842732e-31
dt_idx: 86, dt: 5976.10101890564
Qspin block values: q11=7.114305909832944e-18, q22=5.97610101890564e-25
The HPH magnitude is: [[259.61090289]]
The R matrix for this timestep is: 44.89000000000003
log_likelihood: [[-3.77827556]], y: [[-3.26330423e-07]], cov: [[304.50090289]]
Qgw block values: q11=2.7009222027140227e-23, q22=1.3105198686917623e-30
dt_idx: 87, dt: 7863.119212150574
Qspin block values: q11=1.6205533216284136e-17, q22=7.863119212150573e-25
The HPH magnitude is: [[1219.61177507]]
The R matrix for this timestep is: 44.89000000001848
log_likelihood: [[-4.49015527]], y: [[-5.01452399e-06]], cov: [[1264.50177507]]
Qgw block values: q11=3.7317627170879084e-22, q22=3.1446882055600485e-30
dt_idx: 88, dt: 18868.12923336029
Qspin block values: q11=2.239057630252745e-16, q22=1.886812923336029e-24
The HPH magnitude is: [[330.3092243]]
The R matrix for this timestep is: 44.89000000018742
log_likelihood: [[-3.88266711]], y: [[1.78175451e-06]], cov: [[375.1992243]]
Qgw block values: q11=9.982473457547007e-24, q22=9.404859371185302e-31
dt_idx: 89, dt: 5642.915622711182
Qspin block values: q11=5.989484074528204e-18, q22=5.642915622711181e-25
The HPH magnitude is: [[1188.10527602]]
The R matrix for this timestep is: 44.8900000000634
log_likelihood: [[-4.47753937]], y: [[-2.12147656e-05]], cov: [[1232.99527602]]
Qgw block values: q11=7.451720692722165e-23, q22=1.838054738044739e-30
dt_idx: 90, dt: 11028.328428268433
Qspin block values: q11=4.471032415633299e-17, q22=1.1028328428268432e-24
The HPH magnitude is: [[1085.97386398]]
The R matrix for this timestep is: 44.89000000000321
log_likelihood: [[-4.43430708]], y: [[-6.69481203e-07]], cov: [[1130.86386398]]
Qgw block values: q11=1.3023417417045172e-21, q22=4.769958180427551e-30
dt_idx: 91, dt: 28619.749082565308
Qspin block values: q11=7.814050450227103e-16, q22=2.8619749082565308e-24
The HPH magnitude is: [[1124.95252725]]
The R matrix for this timestep is: 44.89000000001404
log_likelihood: [[-4.45125075]], y: [[-1.60247259e-05]], cov: [[1169.84252725]]
Qgw block values: q11=5.3450082507499355e-24, q22=7.636992743810018e-31
dt_idx: 92, dt: 4582.195646286011
Qspin block values: q11=3.207004950449961e-18, q22=4.582195646286011e-25
The HPH magnitude is: [[1347.31065057]]
The R matrix for this timestep is: 44.890000000039656
log_likelihood: [[-4.53825902]], y: [[1.47908053e-05]], cov: [[1392.20065057]]
Qgw block values: q11=5.625027641416324e-23, q22=1.6735851165453593e-30
dt_idx: 93, dt: 10041.510699272156
Qspin block values: q11=3.375016584849794e-17, q22=1.0041510699272155e-24
The HPH magnitude is: [[663.35266025]]
The R matrix for this timestep is: 44.89000000004009
log_likelihood: [[-4.20033192]], y: [[-2.07120448e-05]], cov: [[708.24266025]]
Qgw block values: q11=6.96057073675496e-24, q22=8.339778863588969e-31
dt_idx: 94, dt: 5003.867318153381
Qspin block values: q11=4.1763424420529764e-18, q22=5.003867318153381e-25
The HPH magnitude is: [[1117.6108529]]
The R matrix for this timestep is: 44.890000000044324
log_likelihood: [[-4.44810297]], y: [[-1.05902566e-05]], cov: [[1162.5008529]]
Qgw block values: q11=3.191223739209248e-22, q22=2.9848694152832033e-30
dt_idx: 95, dt: 17909.21649169922
Qspin block values: q11=1.9147342435255487e-16, q22=1.790921649169922e-24
The HPH magnitude is: [[9869.94067129]]
The R matrix for this timestep is: 44.89000000002509
log_likelihood: [[-5.51983201]], y: [[-6.71550977e-06]], cov: [[9914.83067129]]
Qgw block values: q11=1.142072166746152e-21, q22=4.565665609677633e-30
dt_idx: 96, dt: 27393.993658065796
Qspin block values: q11=6.85243300047691e-16, q22=2.7393993658065795e-24
The HPH magnitude is: [[25638.40330991]]
The R matrix for this timestep is: 44.89000000055365
log_likelihood: [[-5.99573653]], y: [[0.00020968]], cov: [[25683.29330991]]
Qgw block values: q11=6.289210669882858e-22, q22=3.7422974082628884e-30
dt_idx: 97, dt: 22453.78444957733
Qspin block values: q11=3.773526401929715e-16, q22=2.245378444957733e-24
The HPH magnitude is: [[12382.1080223]]
The R matrix for this timestep is: 44.89000000000677
log_likelihood: [[-5.63275186]], y: [[-3.78820595e-06]], cov: [[12426.9980223]]
Qgw block values: q11=5.585367587239791e-07, q22=3.591317091487122e-28
dt_idx: 98, dt: 2159446.7591371536
Qspin block values: q11=0.033028312832396475, q22=2.1134788000268236e-22
The HPH magnitude is: [[423.98082935]]
The R matrix for this timestep is: 44.89000000000017
log_likelihood: [[-3.99410219]], y: [[1.13628093e-07]], cov: [[468.87082935]]
Qgw block values: q11=5.0580514320064905e-21, q22=7.497802532513936e-30
dt_idx: 99, dt: 44986.81519508362
Qspin block values: q11=3.034830859203894e-15, q22=4.4986815195083615e-24
The HPH magnitude is: [[459.38779758]]
The R matrix for this timestep is: 44.89000000001107
log_likelihood: [[-4.03050218]], y: [[1.52004208e-05]], cov: [[504.27779758]]
Qgw block values: q11=1.4439627299113697e-19, q22=2.2915266511599222e-29
dt_idx: 100, dt: 137491.59906959534
Qspin block values: q11=8.654848136939109e-06, q22=1.3730273282792163e-23
The HPH magnitude is: [[450.40404765]]
The R matrix for this timestep is: 44.89000000001701
log_likelihood: [[-4.02151434]], y: [[2.16127913e-05]], cov: [[495.29404765]]
Qgw block values: q11=2.9564009240092773e-25, q22=2.9097836176554364e-31
dt_idx: 101, dt: 1745.8701705932617
Qspin block values: q11=1.7738405544055665e-19, q22=1.7458701705932618e-25
The HPH magnitude is: [[616.16180497]]
The R matrix for this timestep is: 44.89000000003516
log_likelihood: [[-4.16585464]], y: [[-9.38811632e-06]], cov: [[661.05180497]]
Qgw block values: q11=3.8533225213047595e-25, q22=3.178469425837199e-31
dt_idx: 102, dt: 1907.0816555023193
Qspin block values: q11=2.311993512782855e-19, q22=1.9070816555023192e-25
The HPH magnitude is: [[785.65360354]]
The R matrix for this timestep is: 44.89000000003672
log_likelihood: [[-4.27997875]], y: [[1.86842871e-06]], cov: [[830.54360354]]
Qgw block values: q11=9.44441017939102e-23, q22=1.989136247634888e-30
dt_idx: 103, dt: 11934.817485809326
Qspin block values: q11=5.666646107634611e-17, q22=1.1934817485809326e-24
The HPH magnitude is: [[260.28856818]]
The R matrix for this timestep is: 44.89000000000003
log_likelihood: [[-3.77938707]], y: [[2.20436366e-07]], cov: [[305.17856818]]
Qgw block values: q11=5.239033487470549e-25, q22=3.5211941862106323e-31
dt_idx: 104, dt: 2112.7165117263794
Qspin block values: q11=3.143420092482329e-19, q22=2.112716511726379e-25
The HPH magnitude is: [[577.34064836]]
The R matrix for this timestep is: 44.890000000026
log_likelihood: [[-4.13559395]], y: [[7.6944086e-06]], cov: [[622.23064836]]
Qgw block values: q11=7.088937525017699e-24, q22=8.39073427359263e-31
dt_idx: 105, dt: 5034.440564155579
Qspin block values: q11=4.253362515010619e-18, q22=5.0344405641555785e-25
The HPH magnitude is: [[529.23382505]]
The R matrix for this timestep is: 44.89000000000364
log_likelihood: [[-4.09536108]], y: [[-3.00928565e-06]], cov: [[574.12382505]]
Qgw block values: q11=7.530905630849832e-25, q22=3.973946229616801e-31
dt_idx: 106, dt: 2384.3677377700806
Qspin block values: q11=4.518543378509899e-19, q22=2.3843677377700806e-25
The HPH magnitude is: [[603.44371975]]
The R matrix for this timestep is: 44.89000000000326
log_likelihood: [[-4.15614131]], y: [[1.37158717e-05]], cov: [[648.33371975]]
Qgw block values: q11=5.599479265956267e-23, q22=1.6710475125312804e-30
dt_idx: 107, dt: 10026.285075187683
Qspin block values: q11=3.35968755957376e-17, q22=1.0026285075187683e-24
The HPH magnitude is: [[588.74656298]]
The R matrix for this timestep is: 44.89000000000742
log_likelihood: [[-4.14467631]], y: [[6.00122575e-08]], cov: [[633.63656298]]
Qgw block values: q11=2.9357826740398814e-25, q22=2.903003452618917e-31
dt_idx: 108, dt: 1741.80207157135
Qspin block values: q11=1.7614696044239286e-19, q22=1.7418020715713502e-25
The HPH magnitude is: [[537.48950981]]
The R matrix for this timestep is: 44.89000000037508
log_likelihood: [[-4.10249969]], y: [[-3.99223688e-05]], cov: [[582.37950981]]
Qgw block values: q11=1.132463887027436e-23, q22=9.808765951792399e-31
dt_idx: 109, dt: 5885.259571075439
Qspin block values: q11=6.794783322164616e-18, q22=5.885259571075439e-25
The HPH magnitude is: [[616.52690978]]
The R matrix for this timestep is: 44.89000000001775
log_likelihood: [[-4.16613072]], y: [[-1.94766362e-06]], cov: [[661.41690978]]
Qgw block values: q11=1.3418045159278956e-22, q22=2.2361589345932006e-30
dt_idx: 110, dt: 13416.953607559204
Qspin block values: q11=8.050827095567374e-17, q22=1.3416953607559204e-24
The HPH magnitude is: [[539.21444105]]
The R matrix for this timestep is: 44.89000000000095
log_likelihood: [[-4.10397844]], y: [[7.41289919e-07]], cov: [[584.10444105]]
Qgw block values: q11=7.798903624490544e-26, q22=1.8661681334177653e-31
dt_idx: 111, dt: 1119.7008800506592
Qspin block values: q11=4.6793421746943255e-20, q22=1.1197008800506591e-25
The HPH magnitude is: [[753.08379074]]
The R matrix for this timestep is: 44.8900000000068
log_likelihood: [[-4.25997641]], y: [[2.8537046e-06]], cov: [[797.97379074]]
Qgw block values: q11=4.157896188559871e-25, q22=3.2600990756352745e-31
dt_idx: 112, dt: 1956.0594453811646
Qspin block values: q11=2.4947377131359224e-19, q22=1.9560594453811644e-25
The HPH magnitude is: [[544.07102506]]
The R matrix for this timestep is: 44.890000000042285
log_likelihood: [[-4.10811854]], y: [[-5.73374488e-07]], cov: [[588.96102506]]
Qgw block values: q11=2.2046637156007717e-31, q22=2.6386818885803222e-33
dt_idx: 113, dt: 15.832091331481934
Qspin block values: q11=1.322798229360463e-25, q22=1.5832091331481934e-27
The HPH magnitude is: [[696.17483671]]
The R matrix for this timestep is: 44.89000000001649
log_likelihood: [[-4.22298259]], y: [[-2.00189074e-05]], cov: [[741.06483671]]
Qgw block values: q11=1.488664220201594e-22, q22=2.3149334022204083e-30
dt_idx: 114, dt: 13889.600413322449
Qspin block values: q11=8.931985321209562e-17, q22=1.3889600413322449e-24
The HPH magnitude is: [[567.26605694]]
The R matrix for this timestep is: 44.89000000000818
log_likelihood: [[-4.12743216]], y: [[2.23921222e-06]], cov: [[612.15605694]]
Qgw block values: q11=8.741882957695753e-25, q22=4.176456033388774e-31
dt_idx: 115, dt: 2505.873620033264
Qspin block values: q11=5.245129774617451e-19, q22=2.505873620033264e-25
The HPH magnitude is: [[529.65018812]]
The R matrix for this timestep is: 44.89000000000503
log_likelihood: [[-4.09572356]], y: [[8.38731098e-07]], cov: [[574.54018812]]
Qgw block values: q11=2.5176772619901887e-22, q22=2.7580762626330058e-30
dt_idx: 116, dt: 16548.457575798035
Qspin block values: q11=1.5106063571941133e-16, q22=1.6548457575798033e-24
The HPH magnitude is: [[592.09497929]]
The R matrix for this timestep is: 44.89000000001047
log_likelihood: [[-4.14731157]], y: [[9.57954712e-06]], cov: [[636.98497929]]
Qgw block values: q11=8.802140362278364e-22, q22=4.1860301100413e-30
dt_idx: 117, dt: 25116.180660247803
Qspin block values: q11=5.281284217367019e-16, q22=2.5116180660247803e-24
The HPH magnitude is: [[545.28992327]]
The R matrix for this timestep is: 44.89000000003218
log_likelihood: [[-4.10915226]], y: [[-2.6607851e-05]], cov: [[590.17992327]]
Qgw block values: q11=5.759972103006115e-28, q22=3.6342353185017906e-32
dt_idx: 118, dt: 218.05411911010742
Qspin block values: q11=3.455983261803669e-22, q22=2.180541191101074e-26
The HPH magnitude is: [[831.54824074]]
The R matrix for this timestep is: 44.89000000013298
log_likelihood: [[-4.30687165]], y: [[-3.16554904e-05]], cov: [[876.43824074]]
Qgw block values: q11=9.216919265469416e-24, q22=9.158018414179484e-31
dt_idx: 119, dt: 5494.81104850769
Qspin block values: q11=5.53015155928165e-18, q22=5.49481104850769e-25
The HPH magnitude is: [[846.6553063]]
The R matrix for this timestep is: 44.89000000003117
log_likelihood: [[-4.31541666]], y: [[-2.68741724e-06]], cov: [[891.5453063]]
Qgw block values: q11=2.13881089592089e-24, q22=5.627692775726319e-31
dt_idx: 120, dt: 3376.615665435791
Qspin block values: q11=1.283286537552534e-18, q22=3.376615665435791e-25
The HPH magnitude is: [[660.27263541]]
The R matrix for this timestep is: 44.890000000001855
log_likelihood: [[-4.19815277]], y: [[1.87645554e-06]], cov: [[705.16263541]]
Qgw block values: q11=2.5038022666258165e-24, q22=5.931159375508626e-31
dt_idx: 121, dt: 3558.695625305176
Qspin block values: q11=1.5022813599754898e-18, q22=3.558695625305176e-25
The HPH magnitude is: [[713.1593874]]
The R matrix for this timestep is: 44.8900000000134
log_likelihood: [[-4.2343128]], y: [[2.0167106e-06]], cov: [[758.0493874]]
Qgw block values: q11=1.5633189992985539e-25, q22=2.353001044591268e-31
dt_idx: 122, dt: 1411.8006267547607
Qspin block values: q11=9.379913995791323e-20, q22=1.4118006267547607e-25
The HPH magnitude is: [[584.66414439]]
The R matrix for this timestep is: 44.89000000003922
log_likelihood: [[-4.14144446]], y: [[-1.20157944e-05]], cov: [[629.55414439]]
Qgw block values: q11=9.780642276304527e-24, q22=9.341043108304342e-31
dt_idx: 123, dt: 5604.625864982605
Qspin block values: q11=5.868385365782716e-18, q22=5.604625864982605e-25
The HPH magnitude is: [[838.90785106]]
The R matrix for this timestep is: 44.890000000032565
log_likelihood: [[-4.31105271]], y: [[4.87739891e-05]], cov: [[883.79785106]]
Qgw block values: q11=2.2541648120158547e-25, q22=2.6582845878601075e-31
dt_idx: 124, dt: 1594.9707527160645
Qspin block values: q11=1.3524988872095126e-19, q22=1.5949707527160643e-25
The HPH magnitude is: [[607.52792296]]
The R matrix for this timestep is: 44.89000000000895
log_likelihood: [[-4.1592812]], y: [[-1.64804927e-06]], cov: [[652.41792296]]
Qgw block values: q11=5.132438448354984e-21, q22=7.534379669666291e-30
dt_idx: 125, dt: 45206.27801799774
Qspin block values: q11=3.0794630690129906e-15, q22=4.520627801799774e-24
The HPH magnitude is: [[423.86920862]]
The R matrix for this timestep is: 44.890000000186724
log_likelihood: [[-3.99398314]], y: [[-5.00788739e-05]], cov: [[468.75920862]]
Qgw block values: q11=8.610261059429327e-24, q22=8.952514321009318e-31
dt_idx: 126, dt: 5371.508592605591
Qspin block values: q11=5.166156635657596e-18, q22=5.371508592605591e-25
The HPH magnitude is: [[1013.21502847]]
The R matrix for this timestep is: 44.89000000002686
log_likelihood: [[-4.40105597]], y: [[-4.77245347e-05]], cov: [[1058.10502847]]
Qgw block values: q11=4.432915876865338e-25, q22=3.3304486958185833e-31
dt_idx: 127, dt: 1998.26921749115
Qspin block values: q11=2.659749526119203e-19, q22=1.9982692174911497e-25
The HPH magnitude is: [[653.86292391]]
The R matrix for this timestep is: 44.89000000003265
log_likelihood: [[-4.19358714]], y: [[-1.0076019e-05]], cov: [[698.75292391]]
Qgw block values: q11=1.1813378229471074e-23, q22=9.947889540990194e-31
dt_idx: 128, dt: 5968.733724594116
Qspin block values: q11=7.088026937682645e-18, q22=5.968733724594116e-25
The HPH magnitude is: [[861.93119241]]
The R matrix for this timestep is: 44.89000000000009
log_likelihood: [[-4.32391118]], y: [[-1.34339534e-06]], cov: [[906.82119241]]
Qgw block values: q11=1.6938570361361562e-21, q22=5.2067313345273334e-30
dt_idx: 129, dt: 31240.388007164
Qspin block values: q11=1.0163142216816936e-15, q22=3.1240388007164e-24
The HPH magnitude is: [[372.83602451]]
The R matrix for this timestep is: 44.89000000019485
log_likelihood: [[-3.93635142]], y: [[8.20384774e-06]], cov: [[417.72602451]]
Qgw block values: q11=1.5381224312984072e-21, q22=5.0420043950080875e-30
dt_idx: 130, dt: 30252.026370048523
Qspin block values: q11=9.228734587790444e-16, q22=3.0252026370048523e-24
The HPH magnitude is: [[715.60398962]]
The R matrix for this timestep is: 44.89000000058435
log_likelihood: [[-4.23592264]], y: [[9.04866786e-05]], cov: [[760.49398962]]
Qgw block values: q11=6.195196628880996e-07, q22=3.717321733896911e-28
dt_idx: 131, dt: 2235382.537033081
Qspin block values: q11=0.0366157643282786, q22=2.1861496076768114e-22
The HPH magnitude is: [[236.00715134]]
The R matrix for this timestep is: 44.890000000013615
log_likelihood: [[-3.73793283]], y: [[-3.7826046e-06]], cov: [[280.89715134]]
Qgw block values: q11=1.778211833373391e-21, q22=5.291767442544301e-30
dt_idx: 132, dt: 31750.604655265808
Qspin block values: q11=1.0669271000240347e-15, q22=3.1750604655265807e-24
The HPH magnitude is: [[281.53121674]]
The R matrix for this timestep is: 44.890000000035855
log_likelihood: [[-3.81303284]], y: [[5.7550339e-06]], cov: [[326.42121674]]
Qgw block values: q11=4.762996416518335e-23, q22=1.58331139087677e-30
dt_idx: 133, dt: 9499.86834526062
Qspin block values: q11=2.8577978499110007e-17, q22=9.499868345260619e-25
The HPH magnitude is: [[270.48615287]]
The R matrix for this timestep is: 44.89000000002188
log_likelihood: [[-3.79582156]], y: [[3.26671791e-05]], cov: [[315.37615287]]
Qgw block values: q11=7.631801598883505e-22, q22=3.9916146558125814e-30
dt_idx: 134, dt: 23949.68793487549
Qspin block values: q11=4.579080959330103e-16, q22=2.3949687934875488e-24
The HPH magnitude is: [[276.15746339]]
The R matrix for this timestep is: 44.890000000005436
log_likelihood: [[-3.80473302]], y: [[-1.29088614e-05]], cov: [[321.04746339]]
Qgw block values: q11=3.2390532381056845e-24, q22=6.462674460411072e-31
dt_idx: 135, dt: 3877.604676246643
Qspin block values: q11=1.9434319428634107e-18, q22=3.877604676246643e-25
The HPH magnitude is: [[261.89628454]]
The R matrix for this timestep is: 44.89000000003675
log_likelihood: [[-3.78201422]], y: [[5.02234846e-06]], cov: [[306.78628454]]
Qgw block values: q11=1.2512144713432223e-23, q22=1.0140285223325094e-30
dt_idx: 136, dt: 6084.171133995056
Qspin block values: q11=7.507286828059334e-18, q22=6.084171133995056e-25
The HPH magnitude is: [[276.37850868]]
The R matrix for this timestep is: 44.89000000000917
log_likelihood: [[-3.80507716]], y: [[-2.50567307e-06]], cov: [[321.26850868]]
Qgw block values: q11=1.10090570723799e-22, q22=2.093419630686442e-30
dt_idx: 137, dt: 12560.517784118652
Qspin block values: q11=6.60543424342794e-17, q22=1.2560517784118653e-24
The HPH magnitude is: [[211.66050692]]
The R matrix for this timestep is: 44.890000000151
log_likelihood: [[-3.69260131]], y: [[-4.05817469e-06]], cov: [[256.55050692]]
Qgw block values: q11=1.162267613067439e-21, q22=4.59242032178243e-30
dt_idx: 138, dt: 27554.52193069458
Qspin block values: q11=6.973605678404633e-16, q22=2.755452193069458e-24
The HPH magnitude is: [[257.90700062]]
The R matrix for this timestep is: 44.89000000003771
log_likelihood: [[-3.77546984]], y: [[3.84560344e-05]], cov: [[302.79700062]]
Qgw block values: q11=3.41129335278545e-25, q22=3.0519630686442058e-31
dt_idx: 139, dt: 1831.1778411865234
Qspin block values: q11=2.0467760116712697e-19, q22=1.8311778411865234e-25
The HPH magnitude is: [[299.14558573]]
The R matrix for this timestep is: 44.89000000000243
log_likelihood: [[-3.83931108]], y: [[8.43488418e-06]], cov: [[344.03558573]]
Qgw block values: q11=1.2882719466206102e-24, q22=4.752718599637349e-31
dt_idx: 140, dt: 2851.6311597824097
Qspin block values: q11=7.72963167972366e-19, q22=2.8516311597824096e-25
The HPH magnitude is: [[251.99594984]]
The R matrix for this timestep is: 44.89000000050367
log_likelihood: [[-3.76561256]], y: [[-4.1296983e-05]], cov: [[296.88594984]]
Qgw block values: q11=3.060855614248554e-27, q22=6.341916688283285e-32
dt_idx: 141, dt: 380.51500129699707
Qspin block values: q11=1.836513368549132e-21, q22=3.805150012969971e-26
The HPH magnitude is: [[281.89893409]]
The R matrix for this timestep is: 44.890000000000995
log_likelihood: [[-3.81359578]], y: [[3.49867356e-06]], cov: [[326.78893409]]
Qgw block values: q11=2.912221168570167e-25, q22=2.895216439565023e-31
dt_idx: 142, dt: 1737.1298637390137
Qspin block values: q11=1.7473327011421004e-19, q22=1.7371298637390137e-25
The HPH magnitude is: [[275.90254634]]
The R matrix for this timestep is: 44.89000000001103
log_likelihood: [[-3.80433585]], y: [[1.17874223e-05]], cov: [[320.79254634]]
Qgw block values: q11=2.297286438633334e-24, q22=5.763389455477396e-31
dt_idx: 143, dt: 3458.033673286438
Qspin block values: q11=1.3783718631800003e-18, q22=3.4580336732864377e-25
The HPH magnitude is: [[266.67739658]]
The R matrix for this timestep is: 44.89000000000157
log_likelihood: [[-3.78974637]], y: [[1.07482123e-06]], cov: [[311.56739658]]
Qgw block values: q11=1.7218433474805678e-24, q22=5.235250460306804e-31
dt_idx: 144, dt: 3141.150276184082
Qspin block values: q11=1.0331060084883406e-18, q22=3.141150276184082e-25
The HPH magnitude is: [[258.36417733]]
The R matrix for this timestep is: 44.89000000004141
log_likelihood: [[-3.77622419]], y: [[-1.96271748e-05]], cov: [[303.25417733]]
Qgw block values: q11=5.49134985693633e-23, q22=1.6602212025324504e-30
dt_idx: 145, dt: 9961.327215194702
Qspin block values: q11=3.294809914161798e-17, q22=9.961327215194702e-25
The HPH magnitude is: [[305.30465003]]
The R matrix for this timestep is: 44.89000000003284
log_likelihood: [[-3.8481831]], y: [[-1.95341168e-05]], cov: [[350.19465003]]
Qgw block values: q11=4.99355588117523e-25, q22=3.4653163639704388e-31
dt_idx: 146, dt: 2079.189818382263
Qspin block values: q11=2.996133528705138e-19, q22=2.079189818382263e-25
The HPH magnitude is: [[279.71142996]]
The R matrix for this timestep is: 44.89000000007654
log_likelihood: [[-3.81023756]], y: [[1.59449911e-05]], cov: [[324.60142996]]
Qgw block values: q11=3.6205671286338836e-26, q22=1.4449909241994221e-31
dt_idx: 147, dt: 866.9945545196533
Qspin block values: q11=2.17234027718033e-20, q22=8.669945545196533e-26
The HPH magnitude is: [[265.16676895]]
The R matrix for this timestep is: 44.89000000002821
log_likelihood: [[-3.78731624]], y: [[-5.35049329e-06]], cov: [[310.05676895]]
Qgw block values: q11=5.603493427151502e-25, q22=3.6010228204727173e-31
dt_idx: 148, dt: 2160.6136922836304
Qspin block values: q11=3.362096056290901e-19, q22=2.16061369228363e-25
The HPH magnitude is: [[309.61966754]]
The R matrix for this timestep is: 44.89000000002585
log_likelihood: [[-3.85430634]], y: [[1.58334449e-06]], cov: [[354.50966754]]
Qgw block values: q11=4.5562133700723677e-23, q22=1.5600586865743e-30
dt_idx: 149, dt: 9360.3521194458
Qspin block values: q11=2.7337280220434204e-17, q22=9.3603521194458e-25
The HPH magnitude is: [[301.55001598]]
The R matrix for this timestep is: 44.890000000004825
log_likelihood: [[-3.84279338]], y: [[6.12662377e-07]], cov: [[346.44001598]]
Qgw block values: q11=2.0721345126704257e-23, q22=1.1997172390619914e-30
dt_idx: 150, dt: 7198.303434371948
Qspin block values: q11=1.2432807076022553e-17, q22=7.198303434371948e-25
The HPH magnitude is: [[282.70532647]]
The R matrix for this timestep is: 44.89000000033366
log_likelihood: [[-3.81482808]], y: [[-0.00016811]], cov: [[327.59532647]]
Qgw block values: q11=2.3400183936099906e-22, q22=2.6916133584976198e-30
dt_idx: 151, dt: 16149.680150985718
Qspin block values: q11=1.4040110361659943e-16, q22=1.6149680150985717e-24
The HPH magnitude is: [[284.52352617]]
The R matrix for this timestep is: 44.89000000004312
log_likelihood: [[-3.81759547]], y: [[-4.3514827e-06]], cov: [[329.41352617]]
Qgw block values: q11=1.2618531847598602e-23, q22=1.016894411722819e-30
dt_idx: 152, dt: 6101.366470336914
Qspin block values: q11=7.571119108559161e-18, q22=6.101366470336914e-25
The HPH magnitude is: [[245.86756507]]
The R matrix for this timestep is: 44.89000000000002
log_likelihood: [[-3.75518344]], y: [[2.3352969e-07]], cov: [[290.75756507]]
Qgw block values: q11=1.557173510259296e-22, q22=2.3499137387275696e-30
dt_idx: 153, dt: 14099.482432365417
Qspin block values: q11=9.343041061555776e-17, q22=1.4099482432365418e-24
The HPH magnitude is: [[266.76547355]]
The R matrix for this timestep is: 44.89000000000009
log_likelihood: [[-3.7898877]], y: [[1.18789396e-06]], cov: [[311.65547355]]
Qgw block values: q11=3.86175686395639e-24, q22=6.852797422409057e-31
dt_idx: 154, dt: 4111.678453445435
Qspin block values: q11=2.3170541183738342e-18, q22=4.1116784534454344e-25
The HPH magnitude is: [[306.21545843]]
The R matrix for this timestep is: 44.89000000005285
log_likelihood: [[-3.84948185]], y: [[3.31490863e-05]], cov: [[351.10545843]]
Qgw block values: q11=1.2837687711475013e-24, q22=4.747174399693807e-31
dt_idx: 155, dt: 2848.304639816284
Qspin block values: q11=7.702612626885007e-19, q22=2.848304639816284e-25
The HPH magnitude is: [[248.25143684]]
The R matrix for this timestep is: 44.890000000268884
log_likelihood: [[-3.75926614]], y: [[6.74497697e-05]], cov: [[293.14143684]]
Qgw block values: q11=1.489744023614463e-28, q22=2.3154929796854654e-32
dt_idx: 156, dt: 138.92957878112793
Qspin block values: q11=8.938464141686777e-23, q22=1.3892957878112793e-26
The HPH magnitude is: [[292.12835963]]
The R matrix for this timestep is: 44.89000000001822
log_likelihood: [[-3.82900724]], y: [[-7.67858226e-06]], cov: [[337.01835963]]
Qgw block values: q11=1.3192071130259086e-22, q22=2.2235347072283426e-30
dt_idx: 157, dt: 13341.208243370056
Qspin block values: q11=7.915242678155452e-17, q22=1.3341208243370056e-24
The HPH magnitude is: [[324.16225146]]
The R matrix for this timestep is: 44.89000000002321
log_likelihood: [[-3.87440765]], y: [[-2.37934016e-05]], cov: [[369.05225146]]
Qgw block values: q11=6.373534843387206e-24, q22=8.098408993085226e-31
dt_idx: 158, dt: 4859.045395851135
Qspin block values: q11=3.8241209060323235e-18, q22=4.859045395851135e-25
The HPH magnitude is: [[288.00820445]]
The R matrix for this timestep is: 44.89000000000679
log_likelihood: [[-3.82285691]], y: [[-5.50117131e-06]], cov: [[332.89820445]]
Qgw block values: q11=9.162636724468627e-22, q22=4.242414261500041e-30
dt_idx: 159, dt: 25454.485569000244
Qspin block values: q11=5.497582034681176e-16, q22=2.5454485569000243e-24
The HPH magnitude is: [[373.50264946]]
The R matrix for this timestep is: 44.89000000001157
log_likelihood: [[-3.93714871]], y: [[1.07766094e-05]], cov: [[418.39264946]]
Qgw block values: q11=1.7535785747091926e-28, q22=2.4448262214660645e-32
dt_idx: 160, dt: 146.68957328796387
Qspin block values: q11=1.0521471448255155e-22, q22=1.4668957328796386e-26
The HPH magnitude is: [[325.87901406]]
The R matrix for this timestep is: 44.890000000017345
log_likelihood: [[-3.87672817]], y: [[-7.83108638e-07]], cov: [[370.76901406]]
Qgw block values: q11=4.804754725631015e-23, q22=1.5879250218073526e-30
dt_idx: 161, dt: 9527.550130844116
Qspin block values: q11=2.882852835378609e-17, q22=9.527550130844115e-25
The HPH magnitude is: [[321.20239551]]
The R matrix for this timestep is: 44.890000000008115
log_likelihood: [[-3.87038141]], y: [[1.69709683e-05]], cov: [[366.09239551]]
Qgw block values: q11=5.225533905837767e-22, q22=3.518167194366455e-30
dt_idx: 162, dt: 21109.00316619873
Qspin block values: q11=3.13532034350266e-16, q22=2.110900316619873e-24
The HPH magnitude is: [[304.34046673]]
The R matrix for this timestep is: 44.89000000001519
log_likelihood: [[-3.84680457]], y: [[4.5333764e-06]], cov: [[349.23046673]]
Qgw block values: q11=1.9266376235658963e-26, q22=1.1709533596038819e-31
dt_idx: 163, dt: 702.5720157623291
Qspin block values: q11=1.1559825741395378e-20, q22=7.025720157623291e-26
The HPH magnitude is: [[367.03238388]]
The R matrix for this timestep is: 44.890000000000164
log_likelihood: [[-3.929356]], y: [[2.34255725e-06]], cov: [[411.92238388]]
Qgw block values: q11=6.966955700578788e-07, q22=3.8654235192657187e-28
dt_idx: 164, dt: 2324649.742778778
Qspin block values: q11=0.04115243843714706, q22=2.2714376271999575e-22
The HPH magnitude is: [[161.0066683]]
The R matrix for this timestep is: 44.890000000021956
log_likelihood: [[-3.58262575]], y: [[-1.55984781e-06]], cov: [[205.8966683]]
Qgw block values: q11=4.181095043539189e-21, q22=7.036709107240041e-30
dt_idx: 165, dt: 42220.25464344025
Qspin block values: q11=2.5086570261235132e-15, q22=4.222025464344025e-24
The HPH magnitude is: [[156.80286252]]
The R matrix for this timestep is: 44.89000000001578
log_likelihood: [[-3.57231156]], y: [[-4.62280819e-07]], cov: [[201.69286252]]
Qgw block values: q11=2.208034268633472e-21, q22=5.68776338450114e-30
dt_idx: 166, dt: 34126.580307006836
Qspin block values: q11=1.3248205611800833e-15, q22=3.4126580307006835e-24
The HPH magnitude is: [[180.29721197]]
The R matrix for this timestep is: 44.890000000032444
log_likelihood: [[-3.62740459]], y: [[8.7577901e-06]], cov: [[225.18721197]]
Qgw block values: q11=3.041931093849432e-22, q22=2.9375777858098347e-30
dt_idx: 167, dt: 17625.46671485901
Qspin block values: q11=1.8251586563096592e-16, q22=1.762546671485901e-24
The HPH magnitude is: [[166.00448189]]
The R matrix for this timestep is: 44.89000000000843
log_likelihood: [[-3.59461749]], y: [[9.58462313e-06]], cov: [[210.89448189]]
Qgw block values: q11=2.0811541690306027e-25, q22=2.5884572839736938e-31
dt_idx: 168, dt: 1553.0743703842163
Qspin block values: q11=1.2486925014183617e-19, q22=1.5530743703842162e-25
The HPH magnitude is: [[167.82732781]]
The R matrix for this timestep is: 44.890000000000136
log_likelihood: [[-3.59892063]], y: [[-5.65918317e-07]], cov: [[212.71732781]]
Qgw block values: q11=3.36224289751559e-23, q22=1.4097732950846354e-30
dt_idx: 169, dt: 8458.639770507812
Qspin block values: q11=2.0173457385093537e-17, q22=8.458639770507812e-25
The HPH magnitude is: [[187.3206588]]
The R matrix for this timestep is: 44.890000000011355
log_likelihood: [[-3.64276102]], y: [[9.50523953e-06]], cov: [[232.2106588]]
Qgw block values: q11=3.621713063102183e-24, q22=6.707761273384094e-31
dt_idx: 170, dt: 4024.6567640304565
Qspin block values: q11=2.17302783786131e-18, q22=4.0246567640304563e-25
The HPH magnitude is: [[170.30121283]]
The R matrix for this timestep is: 44.890000000036316
log_likelihood: [[-3.60470203]], y: [[6.79448022e-06]], cov: [[215.19121283]]
Qgw block values: q11=2.0572841750966064e-24, q22=5.555259445508321e-31
dt_idx: 171, dt: 3333.1556673049927
Qspin block values: q11=1.2343705050579638e-18, q22=3.3331556673049926e-25
The HPH magnitude is: [[175.98549398]]
The R matrix for this timestep is: 44.890000000026255
log_likelihood: [[-3.61773812]], y: [[-9.52948483e-06]], cov: [[220.87549398]]
Qgw block values: q11=1.9794260627234267e-24, q22=5.484276545842489e-31
dt_idx: 172, dt: 3290.565927505493
Qspin block values: q11=1.187655637634056e-18, q22=3.290565927505493e-25
The HPH magnitude is: [[163.55255502]]
The R matrix for this timestep is: 44.890000000187456
log_likelihood: [[-3.58877028]], y: [[6.48152689e-05]], cov: [[208.44255502]]
Qgw block values: q11=9.257405134594868e-26, q22=1.9759199285507203e-31
dt_idx: 173, dt: 1185.5519571304321
Qspin block values: q11=5.554443080756921e-20, q22=1.185551957130432e-25
The HPH magnitude is: [[176.17239269]]
The R matrix for this timestep is: 44.89000000002775
log_likelihood: [[-3.61816102]], y: [[3.56903882e-06]], cov: [[221.06239269]]
Qgw block values: q11=2.4280598253958832e-23, q22=1.2648121991157531e-30
dt_idx: 174, dt: 7588.873194694519
Qspin block values: q11=1.45683589523753e-17, q22=7.588873194694519e-25
The HPH magnitude is: [[176.0749046]]
The R matrix for this timestep is: 44.890000000004335
log_likelihood: [[-3.61794048]], y: [[2.11454388e-06]], cov: [[220.9649046]]
Qgw block values: q11=2.0712462057538024e-23, q22=1.1995457782745362e-30
dt_idx: 175, dt: 7197.274669647217
Qspin block values: q11=1.2427477234522814e-17, q22=7.197274669647217e-25
The HPH magnitude is: [[183.26941402]]
The R matrix for this timestep is: 44.890000000009984
log_likelihood: [[-3.63396082]], y: [[1.90051549e-05]], cov: [[228.15941402]]
Qgw block values: q11=1.86171355907167e-26, q22=1.157649811108907e-31
dt_idx: 176, dt: 694.5898866653442
Qspin block values: q11=1.117028135443002e-20, q22=6.945898866653442e-26
The HPH magnitude is: [[177.83163252]]
The R matrix for this timestep is: 44.89000000006634
log_likelihood: [[-3.62189989]], y: [[-6.55160099e-06]], cov: [[222.72163252]]
Qgw block values: q11=1.6257065394872972e-23, q22=1.1065056492487589e-30
dt_idx: 177, dt: 6639.033895492554
Qspin block values: q11=9.754239236923781e-18, q22=6.639033895492553e-25
The HPH magnitude is: [[183.4763277]]
The R matrix for this timestep is: 44.890000000002786
log_likelihood: [[-3.63441405]], y: [[-1.99238449e-06]], cov: [[228.3663277]]
Qgw block values: q11=1.6934339151342402e-22, q22=2.4165493528048197e-30
dt_idx: 178, dt: 14499.296116828918
Qspin block values: q11=1.016060349080544e-16, q22=1.4499296116828918e-24
The HPH magnitude is: [[179.52398257]]
The R matrix for this timestep is: 44.89000000003325
log_likelihood: [[-3.62568477]], y: [[-1.92555363e-06]], cov: [[224.41398257]]
Qgw block values: q11=2.831697668346157e-25, q22=2.8682822084426882e-31
dt_idx: 179, dt: 1720.9693250656128
Qspin block values: q11=1.6990186010076943e-19, q22=1.7209693250656127e-25
The HPH magnitude is: [[187.70857296]]
The R matrix for this timestep is: 44.89000000000625
log_likelihood: [[-3.64359559]], y: [[2.37655545e-06]], cov: [[232.59857296]]
Qgw block values: q11=1.4691742806925076e-23, q22=1.0697871007919312e-30
dt_idx: 180, dt: 6418.722604751587
Qspin block values: q11=8.815045684155044e-18, q22=6.418722604751587e-25
The HPH magnitude is: [[170.01061312]]
The R matrix for this timestep is: 44.89000000002651
log_likelihood: [[-3.60402636]], y: [[-3.35494727e-06]], cov: [[214.90061312]]
Qgw block values: q11=7.860160505942381e-25, q22=4.031036427815755e-31
dt_idx: 181, dt: 2418.621856689453
Qspin block values: q11=4.716096303565429e-19, q22=2.418621856689453e-25
The HPH magnitude is: [[181.15354383]]
The R matrix for this timestep is: 44.89000000000082
log_likelihood: [[-3.62930236]], y: [[7.54898741e-07]], cov: [[226.04354383]]
Qgw block values: q11=7.658551656850222e-24, q22=8.609708875020345e-31
dt_idx: 182, dt: 5165.825325012207
Qspin block values: q11=4.595130994110133e-18, q22=5.165825325012207e-25
The HPH magnitude is: [[191.05430918]]
The R matrix for this timestep is: 44.89000000003447
log_likelihood: [[-3.65073643]], y: [[9.53877859e-06]], cov: [[235.94430918]]
Qgw block values: q11=6.829035715350586e-24, q22=8.286911725997925e-31
dt_idx: 183, dt: 4972.147035598755
Qspin block values: q11=4.0974214292103516e-18, q22=4.972147035598755e-25
The HPH magnitude is: [[177.49055282]]
The R matrix for this timestep is: 44.89000000012428
log_likelihood: [[-3.62113359]], y: [[1.76115578e-06]], cov: [[222.38055282]]
Qgw block values: q11=3.494566222908607e-25, q22=3.0765974537531535e-31
dt_idx: 184, dt: 1845.958472251892
Qspin block values: q11=2.0967397337451643e-19, q22=1.8459584722518921e-25
The HPH magnitude is: [[187.02045775]]
The R matrix for this timestep is: 44.890000000757375
log_likelihood: [[-3.6421142]], y: [[-8.07057439e-05]], cov: [[231.91045775]]
Qgw block values: q11=1.975044620050157e-22, q22=2.5436960867245992e-30
dt_idx: 185, dt: 15262.176520347595
Qspin block values: q11=1.1850267720300941e-16, q22=1.5262176520347594e-24
The HPH magnitude is: [[175.39102611]]
The R matrix for this timestep is: 44.89000000002105
log_likelihood: [[-3.61639059]], y: [[-8.07364686e-06]], cov: [[220.28102611]]
Qgw block values: q11=4.99188708333286e-25, q22=3.464930295944214e-31
dt_idx: 186, dt: 2078.9581775665283
Qspin block values: q11=2.9951322499997164e-19, q22=2.0789581775665283e-25
The HPH magnitude is: [[181.19083321]]
The R matrix for this timestep is: 44.89000000003667
log_likelihood: [[-3.62938484]], y: [[-2.62071065e-06]], cov: [[226.08083321]]
Qgw block values: q11=1.5378419184827755e-22, q22=2.3401488521893818e-30
dt_idx: 187, dt: 14040.893113136292
Qspin block values: q11=9.227051510896653e-17, q22=1.404089311313629e-24
The HPH magnitude is: [[198.44760702]]
The R matrix for this timestep is: 44.89000000003526
log_likelihood: [[-3.66616344]], y: [[1.34090811e-05]], cov: [[243.33760702]]
Qgw block values: q11=2.1630922661734346e-25, q22=2.6219914197921754e-31
dt_idx: 188, dt: 1573.1948518753052
Qspin block values: q11=1.2978553597040608e-19, q22=1.573194851875305e-25
The HPH magnitude is: [[183.15608472]]
The R matrix for this timestep is: 44.89000000002367
log_likelihood: [[-3.6337124]], y: [[-2.25325947e-06]], cov: [[228.04608472]]
Qgw block values: q11=2.3448054409506437e-25, q22=2.693447546958923e-31
dt_idx: 189, dt: 1616.068528175354
Qspin block values: q11=1.4068832645703861e-19, q22=1.616068528175354e-25
The HPH magnitude is: [[167.54722676]]
The R matrix for this timestep is: 44.89000000000013
log_likelihood: [[-3.5982618]], y: [[-4.13168917e-07]], cov: [[212.43722676]]
Qgw block values: q11=7.264227571924506e-25, q22=3.926474051475525e-31
dt_idx: 190, dt: 2355.884430885315
Qspin block values: q11=4.358536543154703e-19, q22=2.3558844308853148e-25
The HPH magnitude is: [[169.20520379]]
The R matrix for this timestep is: 44.89000000000002
log_likelihood: [[-3.60214893]], y: [[-6.02320322e-07]], cov: [[214.09520379]]
Qgw block values: q11=7.520175228602428e-23, q22=1.8436659633318582e-30
dt_idx: 191, dt: 11061.99577999115
Qspin block values: q11=4.512105137161456e-17, q22=1.106199577999115e-24
The HPH magnitude is: [[187.40065072]]
The R matrix for this timestep is: 44.89000000000664
log_likelihood: [[-3.64293323]], y: [[-1.01504826e-05]], cov: [[232.29065072]]
Qgw block values: q11=1.2813889769829874e-24, q22=4.744239217440287e-31
dt_idx: 192, dt: 2846.5435304641724
Qspin block values: q11=7.688333861897924e-19, q22=2.8465435304641725e-25
The HPH magnitude is: [[175.07551508]]
The R matrix for this timestep is: 44.890000000006566
log_likelihood: [[-3.61567393]], y: [[-8.22085559e-06]], cov: [[219.96551508]]
Qgw block values: q11=1.1181338647646759e-21, q22=4.533540693442027e-30
dt_idx: 193, dt: 27201.24416065216
Qspin block values: q11=6.708803188588054e-16, q22=2.720124416065216e-24
The HPH magnitude is: [[190.6424588]]
The R matrix for this timestep is: 44.89000000000137
log_likelihood: [[-3.6498629]], y: [[1.68145676e-06]], cov: [[235.5324588]]
Qgw block values: q11=1.1670423266483164e-21, q22=4.598700439771016e-30
dt_idx: 194, dt: 27592.2026386261
Qspin block values: q11=7.002253959889899e-16, q22=2.75922026386261e-24
The HPH magnitude is: [[181.23512967]]
The R matrix for this timestep is: 44.890000000007
log_likelihood: [[-3.62948279]], y: [[3.84481442e-06]], cov: [[226.12512967]]
Qgw block values: q11=1.6256940552581898e-22, q22=2.38388805325826e-30
dt_idx: 195, dt: 14303.32831954956
Qspin block values: q11=9.754164331549137e-17, q22=1.430332831954956e-24
The HPH magnitude is: [[196.61580322]]
The R matrix for this timestep is: 44.8900000000538
log_likelihood: [[-3.66238528]], y: [[3.22103971e-05]], cov: [[241.50580322]]
Qgw block values: q11=5.461432289277576e-21, q22=7.692044166088104e-30
dt_idx: 196, dt: 46152.264996528625
Qspin block values: q11=3.2768593735665453e-15, q22=4.615226499652862e-24
The HPH magnitude is: [[191.92787869]]
The R matrix for this timestep is: 44.89000000025803
log_likelihood: [[-3.65258423]], y: [[5.39500149e-05]], cov: [[236.81787869]]
Qgw block values: q11=6.609794584413368e-07, q22=3.7983229302512096e-28
dt_idx: 197, dt: 2284203.4070711136
Qspin block values: q11=0.03905336905517615, q22=2.2328130979679126e-22
The HPH magnitude is: [[106.92050496]]
The R matrix for this timestep is: 44.8900000003648
log_likelihood: [[-3.43025507]], y: [[2.61827461e-05]], cov: [[151.81050496]]
Qgw block values: q11=5.8897927285982535e-22, q22=3.66133602253596e-30
dt_idx: 198, dt: 21968.01613521576
Qspin block values: q11=3.533875637158952e-16, q22=2.1968016135215758e-24
The HPH magnitude is: [[117.83146014]]
The R matrix for this timestep is: 44.890000000026724
log_likelihood: [[-3.46495849]], y: [[1.24275456e-05]], cov: [[162.72146014]]
Qgw block values: q11=1.4334251370959662e-22, q22=2.2859387521743776e-30
dt_idx: 199, dt: 13715.632513046265
Qspin block values: q11=8.600550822575797e-17, q22=1.3715632513046265e-24
The HPH magnitude is: [[119.52859485]]
The R matrix for this timestep is: 44.890000000005344
log_likelihood: [[-3.47014632]], y: [[9.14299962e-06]], cov: [[164.41859485]]
Qgw block values: q11=1.3048001206588086e-24, q22=4.7729576476415e-31
dt_idx: 200, dt: 2863.7745885849
Qspin block values: q11=7.828800723952852e-19, q22=2.8637745885848996e-25
The HPH magnitude is: [[111.13966693]]
The R matrix for this timestep is: 44.890000000005855
log_likelihood: [[-3.44396161]], y: [[3.02642128e-06]], cov: [[156.02966693]]
Qgw block values: q11=3.4448017661364476e-22, q22=3.061923455874125e-30
dt_idx: 201, dt: 18371.54073524475
Qspin block values: q11=2.0668810596818684e-16, q22=1.837154073524475e-24
The HPH magnitude is: [[117.65455815]]
The R matrix for this timestep is: 44.89000000002695
log_likelihood: [[-3.46441462]], y: [[1.20973652e-05]], cov: [[162.54455815]]
Qgw block values: q11=2.260316933738859e-22, q22=2.6607007428805035e-30
dt_idx: 202, dt: 15964.20445728302
Qspin block values: q11=1.3561901602433155e-16, q22=1.596420445728302e-24
The HPH magnitude is: [[123.21299927]]
The R matrix for this timestep is: 44.890000000045866
log_likelihood: [[-3.48122697]], y: [[7.57353784e-06]], cov: [[168.10299927]]
Qgw block values: q11=1.4541576970094021e-25, q22=2.2969070466359455e-31
dt_idx: 203, dt: 1378.1442279815674
Qspin block values: q11=8.724946182056413e-20, q22=1.3781442279815674e-25
The HPH magnitude is: [[121.27291268]]
The R matrix for this timestep is: 44.89000000016096
log_likelihood: [[-3.47542289]], y: [[7.51746834e-06]], cov: [[166.16291268]]
Qgw block values: q11=2.0282879735584964e-23, q22=1.1911948026021322e-30
dt_idx: 204, dt: 7147.168815612793
Qspin block values: q11=1.2169727841350978e-17, q22=7.147168815612793e-25
The HPH magnitude is: [[127.17307118]]
The R matrix for this timestep is: 44.890000000013494
log_likelihood: [[-3.49286908]], y: [[-1.50265308e-05]], cov: [[172.06307118]]
Qgw block values: q11=4.058369090378616e-24, q22=6.967175738016764e-31
dt_idx: 205, dt: 4180.305442810059
Qspin block values: q11=2.4350214542271695e-18, q22=4.180305442810058e-25
The HPH magnitude is: [[123.43798277]]
The R matrix for this timestep is: 44.89000000000529
log_likelihood: [[-3.48189571]], y: [[5.31798867e-06]], cov: [[168.32798277]]
Qgw block values: q11=3.0190830275419424e-23, q22=1.3600804672241211e-30
dt_idx: 206, dt: 8160.482803344727
Qspin block values: q11=1.8114498165251653e-17, q22=8.1604828033447265e-25
The HPH magnitude is: [[148.99226593]]
The R matrix for this timestep is: 44.89000000076299
log_likelihood: [[-3.55256408]], y: [[2.21142658e-05]], cov: [[193.88226594]]
Qgw block values: q11=1.7002384960691273e-22, q22=2.4197817651430766e-30
dt_idx: 207, dt: 14518.69059085846
Qspin block values: q11=1.0201430976414763e-16, q22=1.4518690590858459e-24
The HPH magnitude is: [[124.62262649]]
The R matrix for this timestep is: 44.89000000000329
log_likelihood: [[-3.48540224]], y: [[-3.76167844e-06]], cov: [[169.51262649]]
Qgw block values: q11=1.2083990303048333e-22, q22=2.1594494423866273e-30
dt_idx: 208, dt: 12956.696654319763
Qspin block values: q11=7.250394181829e-17, q22=1.2956696654319762e-24
The HPH magnitude is: [[121.9833417]]
The R matrix for this timestep is: 44.890000000040395
log_likelihood: [[-3.47755608]], y: [[-2.29214178e-08]], cov: [[166.8733417]]
Qgw block values: q11=2.5211629907090352e-23, q22=1.2807761322657267e-30
dt_idx: 209, dt: 7684.65679359436
Qspin block values: q11=1.5126977944254212e-17, q22=7.68465679359436e-25
The HPH magnitude is: [[125.34259459]]
The R matrix for this timestep is: 44.89000000003474
log_likelihood: [[-3.48752139]], y: [[1.84952334e-05]], cov: [[170.23259459]]
Qgw block values: q11=1.1533015156194089e-24, q22=4.580580700238546e-31
dt_idx: 210, dt: 2748.3484201431274
Qspin block values: q11=6.919809093716454e-19, q22=2.748348420143127e-25
The HPH magnitude is: [[116.81080897]]
The R matrix for this timestep is: 44.89000000005175
log_likelihood: [[-3.46181242]], y: [[5.83564337e-05]], cov: [[161.70080897]]
Qgw block values: q11=3.057163295200112e-24, q22=6.339365571339925e-31
dt_idx: 211, dt: 3803.619342803955
Qspin block values: q11=1.834297977120067e-18, q22=3.803619342803955e-25
The HPH magnitude is: [[123.77624574]]
The R matrix for this timestep is: 44.89000000003169
log_likelihood: [[-3.48289948]], y: [[4.9062956e-06]], cov: [[168.66624574]]
Qgw block values: q11=9.958074979263891e-24, q22=9.39719088236491e-31
dt_idx: 212, dt: 5638.314529418945
Qspin block values: q11=5.974844987558334e-18, q22=5.638314529418945e-25
The HPH magnitude is: [[123.60926275]]
The R matrix for this timestep is: 44.890000000019434
log_likelihood: [[-3.48240422]], y: [[2.49703607e-05]], cov: [[168.49926275]]
Qgw block values: q11=3.5048011088995e-24, q22=6.634792990684509e-31
dt_idx: 213, dt: 3980.8757944107056
Qspin block values: q11=2.1028806653397003e-18, q22=3.9808757944107055e-25
The HPH magnitude is: [[119.80217189]]
The R matrix for this timestep is: 44.89000000000464
log_likelihood: [[-3.47097759]], y: [[-1.20954203e-07]], cov: [[164.69217189]]
Qgw block values: q11=9.599137945989676e-25, q22=4.3087404012680054e-31
dt_idx: 214, dt: 2585.244240760803
Qspin block values: q11=5.759482767593805e-19, q22=2.5852442407608032e-25
The HPH magnitude is: [[121.54784288]]
The R matrix for this timestep is: 44.89000000001971
log_likelihood: [[-3.4762495]], y: [[-1.22917094e-05]], cov: [[166.43784288]]
Qgw block values: q11=1.1789968276317656e-26, q22=9.941314125061036e-32
dt_idx: 215, dt: 596.4788475036621
Qspin block values: q11=7.073980965790593e-21, q22=5.964788475036621e-26
The HPH magnitude is: [[129.12205665]]
The R matrix for this timestep is: 44.890000000012265
log_likelihood: [[-3.49850083]], y: [[-1.93436102e-06]], cov: [[174.01205665]]
Qgw block values: q11=4.013783726011277e-24, q22=6.9415678644180295e-31
dt_idx: 216, dt: 4164.940718650818
Qspin block values: q11=2.4082702356067663e-18, q22=4.164940718650818e-25
The HPH magnitude is: [[130.64857246]]
The R matrix for this timestep is: 44.890000000040864
log_likelihood: [[-3.50286794]], y: [[-9.72802808e-06]], cov: [[175.53857246]]
Qgw block values: q11=1.770013229648801e-24, q22=5.283622190157573e-31
dt_idx: 217, dt: 3170.1733140945435
Qspin block values: q11=1.0620079377892807e-18, q22=3.1701733140945433e-25
The HPH magnitude is: [[121.60706834]]
The R matrix for this timestep is: 44.89000000000696
log_likelihood: [[-3.47642738]], y: [[-2.24358707e-06]], cov: [[166.49706834]]
Qgw block values: q11=7.525635080052162e-23, q22=1.8441120392481485e-30
dt_idx: 218, dt: 11064.672235488892
Qspin block values: q11=4.515381048031298e-17, q22=1.1064672235488891e-24
The HPH magnitude is: [[125.92367907]]
The R matrix for this timestep is: 44.89000000000102
log_likelihood: [[-3.48922522]], y: [[-6.71550387e-06]], cov: [[170.81367907]]
Qgw block values: q11=9.296152286217138e-23, q22=1.9786728490193686e-30
dt_idx: 219, dt: 11872.037094116211
Qspin block values: q11=5.577691371730283e-17, q22=1.187203709411621e-24
The HPH magnitude is: [[128.18548858]]
The R matrix for this timestep is: 44.89000000000888
log_likelihood: [[-3.49580246]], y: [[-8.34215499e-06]], cov: [[173.07548858]]
Qgw block values: q11=7.334811818844558e-26, q22=1.8283917093276978e-31
dt_idx: 220, dt: 1097.0350255966187
Qspin block values: q11=4.400887091306735e-20, q22=1.0970350255966186e-25
The HPH magnitude is: [[124.50969615]]
The R matrix for this timestep is: 44.89000000014948
log_likelihood: [[-3.48506903]], y: [[1.37026374e-05]], cov: [[169.39969615]]
Qgw block values: q11=3.469423396319278e-24, q22=6.612393428484599e-31
dt_idx: 221, dt: 3967.4360570907593
Qspin block values: q11=2.0816540377915665e-18, q22=3.967436057090759e-25
The HPH magnitude is: [[130.95104729]]
The R matrix for this timestep is: 44.89000000009099
log_likelihood: [[-3.50372876]], y: [[-3.68491619e-06]], cov: [[175.84104729]]
Qgw block values: q11=6.397037349891203e-23, q22=1.7468912927309672e-30
dt_idx: 222, dt: 10481.347756385803
Qspin block values: q11=3.838222409934721e-17, q22=1.0481347756385802e-24
The HPH magnitude is: [[125.11804494]]
The R matrix for this timestep is: 44.89000000003417
log_likelihood: [[-3.48686141]], y: [[1.14635092e-06]], cov: [[170.00804494]]
Qgw block values: q11=1.2257541832554784e-23, q22=1.0071033625602722e-30
dt_idx: 223, dt: 6042.620175361633
Qspin block values: q11=7.35452509953287e-18, q22=6.042620175361633e-25
The HPH magnitude is: [[121.09440752]]
The R matrix for this timestep is: 44.890000000000114
log_likelihood: [[-3.47488546]], y: [[6.82810349e-07]], cov: [[165.98440752]]
Qgw block values: q11=8.970821401560471e-23, q22=1.9553161535263062e-30
dt_idx: 224, dt: 11731.896921157837
Qspin block values: q11=5.382492840936282e-17, q22=1.1731896921157837e-24
The HPH magnitude is: [[125.80879809]]
The R matrix for this timestep is: 44.89000000002075
log_likelihood: [[-3.48888883]], y: [[-5.26075022e-06]], cov: [[170.69879809]]
Qgw block values: q11=1.728066455084075e-21, q22=5.241549979527792e-30
dt_idx: 225, dt: 31449.299877166748
Qspin block values: q11=1.0368398730504452e-15, q22=3.1449299877166747e-24
The HPH magnitude is: [[129.18414318]]
The R matrix for this timestep is: 44.89000000000627
log_likelihood: [[-3.49867919]], y: [[-5.06192579e-06]], cov: [[174.07414318]]
Qgw block values: q11=6.083468155901736e-24, q22=7.973640742301941e-31
dt_idx: 226, dt: 4784.184445381165
Qspin block values: q11=3.650080893541042e-18, q22=4.784184445381165e-25
The HPH magnitude is: [[134.08549393]]
The R matrix for this timestep is: 44.89000000000011
log_likelihood: [[-3.51256298]], y: [[8.59460583e-07]], cov: [[178.97549393]]
Qgw block values: q11=1.1636435919422322e-22, q22=2.1324535439809163e-30
dt_idx: 227, dt: 12794.721263885498
Qspin block values: q11=6.981861551653394e-17, q22=1.2794721263885499e-24
The HPH magnitude is: [[123.97033809]]
The R matrix for this timestep is: 44.890000000000015
log_likelihood: [[-3.48347452]], y: [[5.15550048e-07]], cov: [[168.86033809]]
Qgw block values: q11=4.2142601365788317e-22, q22=3.274764180024465e-30
dt_idx: 228, dt: 19648.58508014679
Qspin block values: q11=2.5285560819472986e-16, q22=1.9648585080146788e-24
The HPH magnitude is: [[126.24510761]]
The R matrix for this timestep is: 44.89000000000107
log_likelihood: [[-3.49016521]], y: [[2.35513687e-06]], cov: [[171.13510761]]
Qgw block values: q11=2.730923781389139e-22, q22=2.8338451221783955e-30
dt_idx: 229, dt: 17003.070733070374
Qspin block values: q11=1.6385542688334834e-16, q22=1.7003070733070372e-24
The HPH magnitude is: [[142.66501905]]
The R matrix for this timestep is: 44.89000000003103
log_likelihood: [[-3.53597465]], y: [[-2.53229794e-05]], cov: [[187.55501905]]
Qgw block values: q11=6.257527077104895e-07, q22=3.7297260345907097e-28
dt_idx: 230, dt: 2242858.521859169
Qspin block values: q11=0.036982301064580676, q22=2.1932981856370865e-22
The HPH magnitude is: [[65.10278341]]
The R matrix for this timestep is: 44.89000000007605
log_likelihood: [[-3.26914591]], y: [[3.07478731e-05]], cov: [[109.99278341]]
Qgw block values: q11=1.4190477619776875e-23, q22=1.0574794155756632e-30
dt_idx: 231, dt: 6344.8764934539795
Qspin block values: q11=8.514286571866124e-18, q22=6.344876493453979e-25
The HPH magnitude is: [[80.11001319]]
The R matrix for this timestep is: 44.890000000000875
log_likelihood: [[-3.33309545]], y: [[1.02786078e-06]], cov: [[125.00001319]]
Qgw block values: q11=1.500414850601888e-20, q22=1.0773166434764863e-29
dt_idx: 232, dt: 64638.99860858917
Qspin block values: q11=9.002489103611327e-15, q22=6.463899860858917e-24
The HPH magnitude is: [[90.76352288]]
The R matrix for this timestep is: 44.89000000043494
log_likelihood: [[-3.37399054]], y: [[9.80439367e-06]], cov: [[135.65352288]]
Qgw block values: q11=1.4240282157632717e-22, q22=2.280932584921519e-30
dt_idx: 233, dt: 13685.595509529114
Qspin block values: q11=8.54416929457963e-17, q22=1.3685595509529114e-24
The HPH magnitude is: [[98.02595401]]
The R matrix for this timestep is: 44.89000000003183
log_likelihood: [[-3.40006689]], y: [[-1.53984667e-06]], cov: [[142.91595401]]
Qgw block values: q11=1.9535877920562984e-21, q22=5.460309109052022e-30
dt_idx: 234, dt: 32761.854654312134
Qspin block values: q11=1.1721526752337792e-15, q22=3.276185465431213e-24
The HPH magnitude is: [[93.13664703]]
The R matrix for this timestep is: 44.89000000005049
log_likelihood: [[-3.38266191]], y: [[-1.506748e-06]], cov: [[138.02664703]]
Qgw block values: q11=1.5128493831766305e-25, q22=2.3274024232228596e-31
dt_idx: 235, dt: 1396.4414539337158
Qspin block values: q11=9.077096299059782e-20, q22=1.3964414539337159e-25
The HPH magnitude is: [[97.98978629]]
The R matrix for this timestep is: 44.890000000017686
log_likelihood: [[-3.39994034]], y: [[1.30495496e-06]], cov: [[142.87978629]]
Qgw block values: q11=6.688057291359582e-24, q22=8.22948983033498e-31
dt_idx: 236, dt: 4937.693898200989
Qspin block values: q11=4.0128343748157485e-18, q22=4.937693898200989e-25
The HPH magnitude is: [[87.16754443]]
The R matrix for this timestep is: 44.8900000000002
log_likelihood: [[-3.36055742]], y: [[8.42496203e-07]], cov: [[132.05754443]]
Qgw block values: q11=1.0361277138447403e-21, q22=4.4198820657730106e-30
dt_idx: 237, dt: 26519.29239463806
Qspin block values: q11=6.216766283068442e-16, q22=2.651929239463806e-24
The HPH magnitude is: [[89.80392331]]
The R matrix for this timestep is: 44.89000000003182
log_likelihood: [[-3.37044102]], y: [[3.93041411e-06]], cov: [[134.69392331]]
Qgw block values: q11=9.195805279010089e-24, q22=9.15102004845937e-31
dt_idx: 238, dt: 5490.612029075623
Qspin block values: q11=5.517483167406053e-18, q22=5.490612029075622e-25
The HPH magnitude is: [[91.1169016]]
The R matrix for this timestep is: 44.890000000005706
log_likelihood: [[-3.37529135]], y: [[-1.70264109e-06]], cov: [[136.0069016]]
Qgw block values: q11=1.2652284581899613e-23, q22=1.0178002859751383e-30
dt_idx: 239, dt: 6106.80171585083
Qspin block values: q11=7.591370749139767e-18, q22=6.10680171585083e-25
The HPH magnitude is: [[94.74431946]]
The R matrix for this timestep is: 44.89000000021526
log_likelihood: [[-3.38845203]], y: [[-5.45868768e-05]], cov: [[139.63431946]]
Qgw block values: q11=2.5565702298329443e-26, q22=1.2867440255482992e-31
dt_idx: 240, dt: 772.0464153289795
Qspin block values: q11=1.5339421378997664e-20, q22=7.720464153289795e-26
The HPH magnitude is: [[92.84391722]]
The R matrix for this timestep is: 44.89000000000589
log_likelihood: [[-3.38160038]], y: [[-6.76817524e-06]], cov: [[137.73391722]]
Qgw block values: q11=1.8068164271801288e-22, q22=2.469321255683899e-30
dt_idx: 241, dt: 14815.927534103394
Qspin block values: q11=1.0840898563080772e-16, q22=1.4815927534103392e-24
The HPH magnitude is: [[90.25801883]]
The R matrix for this timestep is: 44.890000000003916
log_likelihood: [[-3.37212384]], y: [[5.09024161e-06]], cov: [[135.14801883]]
Qgw block values: q11=3.318415247413358e-25, q22=3.0240095710754396e-31
dt_idx: 242, dt: 1814.4057426452637
Qspin block values: q11=1.9910491484480146e-19, q22=1.8144057426452636e-25
The HPH magnitude is: [[276.2626002]]
The R matrix for this timestep is: 44.89000000000703
log_likelihood: [[-3.80489673]], y: [[-4.89980726e-06]], cov: [[321.1526002]]
Qgw block values: q11=4.0074252073492776e-23, q22=1.4947253263791402e-30
dt_idx: 243, dt: 8968.351958274841
Qspin block values: q11=2.4044551244095664e-17, q22=8.96835195827484e-25
The HPH magnitude is: [[98.61240477]]
The R matrix for this timestep is: 44.8900000000128
log_likelihood: [[-3.40211443]], y: [[-2.87559486e-07]], cov: [[143.50240477]]
Qgw block values: q11=1.092105094830712e-24, q22=4.498085735638937e-31
dt_idx: 244, dt: 2698.851441383362
Qspin block values: q11=6.552630568984272e-19, q22=2.6988514413833617e-25
The HPH magnitude is: [[119.07792377]]
The R matrix for this timestep is: 44.89000000002508
log_likelihood: [[-3.46877394]], y: [[-9.24983382e-07]], cov: [[163.96792378]]
Qgw block values: q11=8.166594133877625e-26, q22=1.895046664873759e-31
dt_idx: 245, dt: 1137.0279989242554
Qspin block values: q11=4.899956480326575e-20, q22=1.1370279989242554e-25
The HPH magnitude is: [[652.09433325]]
The R matrix for this timestep is: 44.89000000058331
log_likelihood: [[-4.19232]], y: [[-3.68598064e-06]], cov: [[696.98433325]]
Qgw block values: q11=9.812396400144046e-25, q22=4.3404152377446495e-31
dt_idx: 246, dt: 2604.2491426467896
Qspin block values: q11=5.887437840086428e-19, q22=2.6042491426467894e-25
The HPH magnitude is: [[93.298833]]
The R matrix for this timestep is: 44.89000000000396
log_likelihood: [[-3.38324909]], y: [[5.2502249e-06]], cov: [[138.188833]]
Qgw block values: q11=1.0915883083799255e-22, q22=2.0874970790545145e-30
dt_idx: 247, dt: 12524.982474327087
Qspin block values: q11=6.549529850279553e-17, q22=1.2524982474327088e-24
The HPH magnitude is: [[105.91917993]]
The R matrix for this timestep is: 44.89000000003771
log_likelihood: [[-3.4269462]], y: [[-1.67303432e-05]], cov: [[150.80917993]]
Qgw block values: q11=2.0033554398636323e-23, q22=1.186293783346812e-30
dt_idx: 248, dt: 7117.762700080872
Qspin block values: q11=1.2020132639181793e-17, q22=7.117762700080871e-25
The HPH magnitude is: [[92.8748022]]
The R matrix for this timestep is: 44.8900000000297
log_likelihood: [[-3.38171248]], y: [[1.61938775e-05]], cov: [[137.7648022]]
Qgw block values: q11=9.855315916350991e-23, q22=2.017575372695923e-30
dt_idx: 249, dt: 12105.452236175537
Qspin block values: q11=5.913189549810595e-17, q22=1.2105452236175536e-24
The HPH magnitude is: [[97.33213311]]
The R matrix for this timestep is: 44.89000000000106
log_likelihood: [[-3.39763361]], y: [[-2.61232178e-06]], cov: [[142.22213311]]
Qgw block values: q11=6.008918310771334e-23, q22=1.7108227548599243e-30
dt_idx: 250, dt: 10264.936529159546
Qspin block values: q11=3.6053509864628003e-17, q22=1.0264936529159546e-24
The HPH magnitude is: [[88.85277779]]
The R matrix for this timestep is: 44.890000000033865
log_likelihood: [[-3.36689773]], y: [[2.71761275e-05]], cov: [[133.74277779]]
Qgw block values: q11=1.463475033026664e-23, q22=1.0684019956588746e-30
dt_idx: 251, dt: 6410.411973953247
Qspin block values: q11=8.780850198159983e-18, q22=6.410411973953247e-25
The HPH magnitude is: [[86.84989618]]
The R matrix for this timestep is: 44.89000000000008
log_likelihood: [[-3.35935328]], y: [[9.52754085e-08]], cov: [[131.73989618]]
Qgw block values: q11=4.6069502057416946e-26, q22=1.5658281294504802e-31
dt_idx: 252, dt: 939.4968776702881
Qspin block values: q11=2.764170123445017e-20, q22=9.39496877670288e-26
The HPH magnitude is: [[8.91247307]]
The R matrix for this timestep is: 44.890000000020706
log_likelihood: [[-2.91159825]], y: [[2.52523016e-06]], cov: [[53.80247307]]
Qgw block values: q11=7.50728860754045e-25, q22=3.969787762959798e-31
dt_idx: 253, dt: 2381.872657775879
Qspin block values: q11=4.50437316452427e-19, q22=2.381872657775879e-25
The HPH magnitude is: [[226.24492943]]
The R matrix for this timestep is: 44.89000000002625
log_likelihood: [[-3.72024683]], y: [[1.53628133e-05]], cov: [[271.13492943]]
Qgw block values: q11=1.524000882630961e-23, q22=1.082932341893514e-30
dt_idx: 254, dt: 6497.594051361084
Qspin block values: q11=9.144005295785765e-18, q22=6.497594051361084e-25
The HPH magnitude is: [[92.58844062]]
The R matrix for this timestep is: 44.89000000001085
log_likelihood: [[-3.38067209]], y: [[7.23341951e-06]], cov: [[137.47844062]]
Qgw block values: q11=9.49939826214916e-24, q22=9.25063651561737e-31
dt_idx: 255, dt: 5550.381909370422
Qspin block values: q11=5.6996389572894955e-18, q22=5.550381909370422e-25
The HPH magnitude is: [[98.46345974]]
The R matrix for this timestep is: 44.89000000000375
log_likelihood: [[-3.4015952]], y: [[-3.46759393e-06]], cov: [[143.35345974]]
Qgw block values: q11=5.014961443162585e-25, q22=3.470260823567708e-31
dt_idx: 256, dt: 2082.156494140625
Qspin block values: q11=3.0089768658975504e-19, q22=2.082156494140625e-25
The HPH magnitude is: [[97.5862347]]
The R matrix for this timestep is: 44.89000000002901
log_likelihood: [[-3.39852614]], y: [[-1.1142213e-05]], cov: [[142.4762347]]
Qgw block values: q11=4.408201076591442e-23, q22=1.5429791234334311e-30
dt_idx: 257, dt: 9257.874740600586
Qspin block values: q11=2.644920645954865e-17, q22=9.257874740600585e-25
The HPH magnitude is: [[90.51821859]]
The R matrix for this timestep is: 44.89000000000002
log_likelihood: [[-3.37308556]], y: [[8.72293609e-07]], cov: [[135.40821859]]
Qgw block values: q11=4.1940537198386425e-23, q22=1.5175776233673096e-30
dt_idx: 258, dt: 9105.465740203857
Qspin block values: q11=2.5164322319031854e-17, q22=9.105465740203858e-25
The HPH magnitude is: [[97.45868873]]
The R matrix for this timestep is: 44.89000000001237
log_likelihood: [[-3.39807833]], y: [[-6.3415552e-06]], cov: [[142.34868873]]
Qgw block values: q11=1.2701732369237745e-23, q22=1.0191244881947835e-30
dt_idx: 259, dt: 6114.746929168701
Qspin block values: q11=7.621039421542646e-18, q22=6.114746929168701e-25
The HPH magnitude is: [[91.48340505]]
The R matrix for this timestep is: 44.89000000004092
log_likelihood: [[-3.37663691]], y: [[4.38999777e-06]], cov: [[136.37340505]]
Qgw block values: q11=8.213350316509338e-22, q22=4.090531112511953e-30
dt_idx: 260, dt: 24543.186675071716
Qspin block values: q11=4.928010189905602e-16, q22=2.4543186675071716e-24
The HPH magnitude is: [[95.43398643]]
The R matrix for this timestep is: 44.890000000175974
log_likelihood: [[-3.3909155]], y: [[-1.7212124e-05]], cov: [[140.32398643]]
Qgw block values: q11=3.617117064046502e-23, q22=1.4445317975680034e-30
dt_idx: 261, dt: 8667.19078540802
Qspin block values: q11=2.1702702384279008e-17, q22=8.66719078540802e-25
The HPH magnitude is: [[109.00537507]]
The R matrix for this timestep is: 44.89000000001556
log_likelihood: [[-3.43707503]], y: [[-6.21256e-06]], cov: [[153.89537507]]
Qgw block values: q11=1.441590657841723e-20, q22=1.0630497044086457e-29
dt_idx: 262, dt: 63782.98226451874
Qspin block values: q11=8.649543947050338e-15, q22=6.3782982264518736e-24
The HPH magnitude is: [[92.06872751]]
The R matrix for this timestep is: 44.89000000001403
log_likelihood: [[-3.37877834]], y: [[1.75662302e-06]], cov: [[136.95872751]]
Qgw block values: q11=6.406300230106959e-07, q22=3.75900329380101e-28
dt_idx: 263, dt: 2260504.16344738
Qspin block values: q11=0.0378570690031629, q22=2.2101668074000855e-22
The HPH magnitude is: [[-46.46287806]]
The R matrix for this timestep is: 44.890000000005806
log_likelihood: [[nan]], y: [[-3.94228503e-06]], cov: [[-1.57287806]]
Qgw block values: q11=8.326469648752216e-23, q22=1.9073331298828125e-30
dt_idx: 264, dt: 11443.998779296875
Qspin block values: q11=4.995881789251329e-17, q22=1.1443998779296875e-24
The HPH magnitude is: [[-704.6066325]]
The R matrix for this timestep is: 44.890000000006715
log_likelihood: [[nan]], y: [[4.11109191e-06]], cov: [[-659.7166325]]
Qgw block values: q11=3.3779925934182355e-24, q22=6.553789410591125e-31
dt_idx: 265, dt: 3932.2736463546753
Qspin block values: q11=2.026795556050941e-18, q22=3.932273646354675e-25
The HPH magnitude is: [[99.63481325]]
The R matrix for this timestep is: 44.89000000000017
log_likelihood: [[-3.40566414]], y: [[-6.27736695e-06]], cov: [[144.52481325]]
Qgw block values: q11=5.513666316589778e-25, q22=3.581676942507426e-31
dt_idx: 266, dt: 2149.0061655044556
Qspin block values: q11=3.308199789953867e-19, q22=2.1490061655044554e-25
The HPH magnitude is: [[119.72262558]]
The R matrix for this timestep is: 44.890000000046015
log_likelihood: [[-3.47073603]], y: [[-2.98879007e-07]], cov: [[164.61262558]]
Qgw block values: q11=7.520770177877018e-22, q22=3.9721626536051435e-30
dt_idx: 267, dt: 23832.97592163086
Qspin block values: q11=4.51246210672621e-16, q22=2.383297592163086e-24
The HPH magnitude is: [[15705.10652626]]
The R matrix for this timestep is: 44.89000000002517
log_likelihood: [[-5.75123625]], y: [[-0.00023161]], cov: [[15749.99652626]]
Qgw block values: q11=8.234794799392969e-23, q22=1.9003073371251423e-30
dt_idx: 268, dt: 11401.844022750854
Qspin block values: q11=4.940876879635781e-17, q22=1.1401844022750854e-24
The HPH magnitude is: [[1786.94545171]]
The R matrix for this timestep is: 44.890000000019086
log_likelihood: [[-4.67547539]], y: [[-4.89567668e-05]], cov: [[1831.83545171]]
Qgw block values: q11=9.620478844151884e-22, q22=4.31193111594518e-30
dt_idx: 269, dt: 25871.58669567108
Qspin block values: q11=5.77228730649113e-16, q22=2.587158669567108e-24
The HPH magnitude is: [[16.71190263]]
The R matrix for this timestep is: 44.89000000001784
log_likelihood: [[-2.97928491]], y: [[-2.48108124e-05]], cov: [[61.60190263]]
Qgw block values: q11=2.3196636313519128e-24, q22=5.782042183876037e-31
dt_idx: 270, dt: 3469.2253103256226
Qspin block values: q11=1.3917981788111476e-18, q22=3.4692253103256223e-25
The HPH magnitude is: [[53.51483892]]
The R matrix for this timestep is: 44.89000000000929
log_likelihood: [[-3.21348352]], y: [[-7.01033301e-07]], cov: [[98.40483892]]
Qgw block values: q11=2.986505538880444e-25, q22=2.9196269210179645e-31
dt_idx: 271, dt: 1751.7761526107788
Qspin block values: q11=1.7919033233282664e-19, q22=1.7517761526107788e-25
The HPH magnitude is: [[67.92320464]]
The R matrix for this timestep is: 44.890000000000846
log_likelihood: [[-3.28180523]], y: [[-2.74753602e-06]], cov: [[112.81320464]]
Qgw block values: q11=4.574441007157123e-23, q22=1.5621363143920899e-30
dt_idx: 272, dt: 9372.817886352539
Qspin block values: q11=2.7446646042942736e-17, q22=9.372817886352538e-25
The HPH magnitude is: [[72.22039259]]
The R matrix for this timestep is: 44.890000000149584
log_likelihood: [[-3.30049704]], y: [[4.44003073e-06]], cov: [[117.11039259]]
Qgw block values: q11=3.8090633137939554e-22, q22=3.166253249327342e-30
dt_idx: 273, dt: 18997.51949596405
Qspin block values: q11=2.285437988276373e-16, q22=1.899751949596405e-24
The HPH magnitude is: [[870.2379671]]
The R matrix for this timestep is: 44.89000000038562
log_likelihood: [[-4.32847049]], y: [[8.994657e-06]], cov: [[915.1279671]]
Qgw block values: q11=3.196956953461155e-23, q22=1.3862828404108683e-30
dt_idx: 274, dt: 8317.69704246521
Qspin block values: q11=1.918174172076693e-17, q22=8.31769704246521e-25
The HPH magnitude is: [[-3660.41758689]]
The R matrix for this timestep is: 44.890000000010666
log_likelihood: [[nan]], y: [[-5.59818247e-06]], cov: [[-3615.52758689]]
Qgw block values: q11=1.195047708418986e-26, q22=9.986224667231241e-32
dt_idx: 275, dt: 599.1734800338745
Qspin block values: q11=7.170286250513916e-21, q22=5.991734800338744e-26
The HPH magnitude is: [[1395.58163254]]
The R matrix for this timestep is: 44.890000000128296
log_likelihood: [[-4.55530146]], y: [[5.57172516e-05]], cov: [[1440.47163254]]
Qgw block values: q11=4.782953945679889e-23, q22=1.585519731203715e-30
dt_idx: 276, dt: 9513.11838722229
Qspin block values: q11=2.869772367407933e-17, q22=9.513118387222289e-25
The HPH magnitude is: [[-52174.81324204]]
The R matrix for this timestep is: 44.89000000001273
log_likelihood: [[nan]], y: [[0.00035977]], cov: [[-52129.92324204]]
Qgw block values: q11=2.1477696568433517e-23, q22=1.2141401441891988e-30
dt_idx: 277, dt: 7284.840865135193
Qspin block values: q11=1.288661794106011e-17, q22=7.284840865135192e-25
The HPH magnitude is: [[84.49349723]]
The R matrix for this timestep is: 44.8900000003911
log_likelihood: [[-3.35032895]], y: [[5.86257455e-06]], cov: [[129.38349723]]
Qgw block values: q11=2.5409301141374553e-23, q22=1.2841147211392721e-30
dt_idx: 278, dt: 7704.688326835632
Qspin block values: q11=1.5245580684824732e-17, q22=7.704688326835632e-25
The HPH magnitude is: [[-183.29510282]]
The R matrix for this timestep is: 44.89000000006143
log_likelihood: [[nan]], y: [[3.85619649e-05]], cov: [[-138.40510282]]
Qgw block values: q11=9.02738518808946e-24, q22=9.094808853467305e-31
dt_idx: 279, dt: 5456.885312080383
Qspin block values: q11=5.4164311128536756e-18, q22=5.456885312080384e-25
The HPH magnitude is: [[144.03357223]]
The R matrix for this timestep is: 44.8900000000325
log_likelihood: [[-3.53960981]], y: [[9.607297e-06]], cov: [[188.92357223]]
Qgw block values: q11=9.395482646411434e-23, q22=1.9856953382492065e-30
dt_idx: 280, dt: 11914.17202949524
Qspin block values: q11=5.63728958784686e-17, q22=1.191417202949524e-24
The HPH magnitude is: [[173.53359779]]
The R matrix for this timestep is: 44.89000000001182
log_likelihood: [[-3.61215668]], y: [[-4.85309738e-05]], cov: [[218.42359779]]
Qgw block values: q11=7.357366328488418e-23, q22=1.8302638901074728e-30
dt_idx: 281, dt: 10981.583340644836
Qspin block values: q11=4.414419797093051e-17, q22=1.0981583340644836e-24
The HPH magnitude is: [[156268.05124827]]
The R matrix for this timestep is: 44.890000000024536
log_likelihood: [[-6.89874619]], y: [[0.00236178]], cov: [[156312.94124827]]
Qgw block values: q11=1.4177772106468286e-23, q22=1.0571637148857117e-30
dt_idx: 282, dt: 6342.98228931427
Qspin block values: q11=8.506663263880972e-18, q22=6.3429822893142695e-25
The HPH magnitude is: [[-697.26799347]]
The R matrix for this timestep is: 44.89000000000277
log_likelihood: [[nan]], y: [[-0.00019098]], cov: [[-652.37799347]]
Qgw block values: q11=6.124456860871258e-23, q22=1.7217183623313906e-30
dt_idx: 283, dt: 10330.310173988342
Qspin block values: q11=3.6746741165227553e-17, q22=1.0330310173988341e-24
The HPH magnitude is: [[73.33401855]]
The R matrix for this timestep is: 44.89000000016407
log_likelihood: [[-3.30522918]], y: [[-2.21888132e-05]], cov: [[118.22401855]]
Qgw block values: q11=3.825750147002422e-24, q22=6.8314325682322185e-31
dt_idx: 284, dt: 4098.859540939331
Qspin block values: q11=2.2954500882014535e-18, q22=4.098859540939331e-25
The HPH magnitude is: [[91.33347052]]
The R matrix for this timestep is: 44.890000000004605
log_likelihood: [[-3.37608688]], y: [[1.68378139e-05]], cov: [[136.22347052]]
Qgw block values: q11=4.403746126902705e-25, q22=3.323127538363139e-31
dt_idx: 285, dt: 1993.8765230178833
Qspin block values: q11=2.6422476761416225e-19, q22=1.9938765230178832e-25
The HPH magnitude is: [[-429.15289916]]
The R matrix for this timestep is: 44.89000000003524
log_likelihood: [[nan]], y: [[-2.76067113e-05]], cov: [[-384.26289916]]
Qgw block values: q11=3.764123129970862e-24, q22=6.7945524962743124e-31
dt_idx: 286, dt: 4076.7314977645874
Qspin block values: q11=2.2584738779825173e-18, q22=4.076731497764587e-25
The HPH magnitude is: [[190.86911139]]
The R matrix for this timestep is: 44.8900000000308
log_likelihood: [[-3.65034382]], y: [[-4.6662548e-05]], cov: [[235.75911139]]
Qgw block values: q11=5.5860259444066415e-28, q22=3.5972771644592286e-32
dt_idx: 287, dt: 215.8366298675537
Qspin block values: q11=3.351615566643985e-22, q22=2.158366298675537e-26
The HPH magnitude is: [[32.72094365]]
The R matrix for this timestep is: 44.890000000001294
log_likelihood: [[-3.09479276]], y: [[2.42098992e-05]], cov: [[77.61094365]]
Qgw block values: q11=1.3848210063515832e-23, q22=1.0489081637064616e-30
dt_idx: 288, dt: 6293.4489822387695
Qspin block values: q11=8.308926038109499e-18, q22=6.2934489822387695e-25
The HPH magnitude is: [[-5050.7569763]]
The R matrix for this timestep is: 44.89000000001786
log_likelihood: [[nan]], y: [[0.00011192]], cov: [[-5005.8669763]]
Qgw block values: q11=6.58730652309637e-23, q22=1.7640418152809143e-30
dt_idx: 289, dt: 10584.250891685486
Qspin block values: q11=3.952383913857822e-17, q22=1.0584250891685486e-24
The HPH magnitude is: [[-6.00832894]]
The R matrix for this timestep is: 44.8900000000001
log_likelihood: [[-2.74920001]], y: [[1.83673784e-05]], cov: [[38.88167106]]
Qgw block values: q11=1.39440189207123e-25, q22=2.2650036478042603e-31
dt_idx: 290, dt: 1359.0021886825562
Qspin block values: q11=8.366411352427379e-20, q22=1.3590021886825561e-25
The HPH magnitude is: [[-625.4206234]]
The R matrix for this timestep is: 44.89000000004917
log_likelihood: [[nan]], y: [[9.35349007e-05]], cov: [[-580.5306234]]
Qgw block values: q11=1.8126998016810815e-21, q22=5.325759455045064e-30
dt_idx: 291, dt: 31954.556730270386
Qspin block values: q11=1.0876198810086487e-15, q22=3.1954556730270386e-24
The HPH magnitude is: [[-51.67614235]]
The R matrix for this timestep is: 44.8900000000083
log_likelihood: [[nan]], y: [[-5.42122148e-06]], cov: [[-6.78614235]]
Qgw block values: q11=1.2257247155201132e-22, q22=2.169721033414205e-30
dt_idx: 292, dt: 13018.32620048523
Qspin block values: q11=7.354348293120679e-17, q22=1.3018326200485229e-24
The HPH magnitude is: [[-17.21065634]]
The R matrix for this timestep is: 44.890000000031336
log_likelihood: [[-2.57928174]], y: [[-8.42853227e-05]], cov: [[27.67934366]]
Qgw block values: q11=6.584739358676937e-25, q22=3.800019113222758e-31
dt_idx: 293, dt: 2280.011467933655
Qspin block values: q11=3.950843615206162e-19, q22=2.2800114679336545e-25
The HPH magnitude is: [[-95645.78051352]]
The R matrix for this timestep is: 44.890000000021054
log_likelihood: [[nan]], y: [[0.00108471]], cov: [[-95600.89051352]]
Qgw block values: q11=4.406909932652661e-22, q22=3.323923165003459e-30
dt_idx: 294, dt: 19943.538990020752
Qspin block values: q11=2.6441459595915966e-16, q22=1.994353899002075e-24
The HPH magnitude is: [[2794.89225345]]
The R matrix for this timestep is: 44.89000000000855
log_likelihood: [[-4.89467986]], y: [[6.99028535e-05]], cov: [[2839.78225345]]
Qgw block values: q11=2.538984716321773e-21, q22=5.958811037222544e-30
dt_idx: 295, dt: 35752.866223335266
Qspin block values: q11=1.5233908297930636e-15, q22=3.575286622333526e-24
The HPH magnitude is: [[881.41395317]]
The R matrix for this timestep is: 44.89000000000003
log_likelihood: [[-4.33453975]], y: [[-0.00021659]], cov: [[926.30395317]]
Qgw block values: q11=5.293907749777038e-07, q22=3.527830730075968e-28
dt_idx: 296, dt: 2121191.535516739
Qspin block values: q11=0.03131285447108093, q22=2.0768265888912883e-22
The HPH magnitude is: [[-176641.42182467]]
The R matrix for this timestep is: 44.89000000000541
log_likelihood: [[nan]], y: [[0.00102837]], cov: [[-176596.53182467]]
Qgw block values: q11=3.064685258022675e-20, q22=1.3668941276868183e-29
dt_idx: 297, dt: 82013.6476612091
Qspin block values: q11=1.838811154813605e-14, q22=8.201364766120911e-24
The HPH magnitude is: [[245723.73372909]]
The R matrix for this timestep is: 44.89000000002099
log_likelihood: [[-7.12501144]], y: [[0.00020315]], cov: [[245768.62372909]]
Qgw block values: q11=7.416653498809511e-21, q22=8.518090459346772e-30
dt_idx: 298, dt: 51108.54275608063
Qspin block values: q11=4.449992099285706e-15, q22=5.110854275608063e-24
The HPH magnitude is: [[72208.67226459]]
The R matrix for this timestep is: 44.890000000009664
log_likelihood: [[-6.51290699]], y: [[-0.00018381]], cov: [[72253.56226459]]
Qgw block values: q11=1.6394344038277673e-22, q22=2.390585418542226e-30
dt_idx: 299, dt: 14343.512511253357
Qspin block values: q11=9.836606422966604e-17, q22=1.4343512511253357e-24
The HPH magnitude is: [[4796.87045073]]
The R matrix for this timestep is: 44.890000000395915
log_likelihood: [[-5.16145536]], y: [[0.00032238]], cov: [[4841.76045073]]
Qgw block values: q11=3.348834416696527e-23, q22=1.4078967598279317e-30
dt_idx: 300, dt: 8447.38055896759
Qspin block values: q11=2.009300650017916e-17, q22=8.44738055896759e-25
The HPH magnitude is: [[-1262447.40899209]]
The R matrix for this timestep is: 44.890000000039436
log_likelihood: [[nan]], y: [[-0.01947141]], cov: [[-1262402.51899209]]
Qgw block values: q11=7.751814776812817e-22, q22=4.0124291820526125e-30
dt_idx: 301, dt: 24074.575092315674
Qspin block values: q11=4.65108886608769e-16, q22=2.4074575092315672e-24
The HPH magnitude is: [[-331685.69185996]]
The R matrix for this timestep is: 44.89000000002938
log_likelihood: [[nan]], y: [[0.00042969]], cov: [[-331640.80185996]]
Qgw block values: q11=2.200579873065394e-22, q22=2.637051613966624e-30
dt_idx: 302, dt: 15822.309683799744
Qspin block values: q11=1.3203479238392363e-16, q22=1.5822309683799743e-24
The HPH magnitude is: [[-16583.68424682]]
The R matrix for this timestep is: 44.89000000003085
log_likelihood: [[nan]], y: [[-0.00113599]], cov: [[-16538.79424682]]
Qgw block values: q11=1.0879996243740237e-24, q22=4.492442216873169e-31
dt_idx: 303, dt: 2695.4653301239014
Qspin block values: q11=6.527997746244142e-19, q22=2.695465330123901e-25
The HPH magnitude is: [[79329.61121828]]
The R matrix for this timestep is: 44.89000000000925
log_likelihood: [[-6.55990476]], y: [[0.00432106]], cov: [[79374.50121828]]
Qgw block values: q11=3.315920651715547e-27, q22=6.513398170471191e-32
dt_idx: 304, dt: 390.8038902282715
Qspin block values: q11=1.989552391029328e-21, q22=3.908038902282715e-26
The HPH magnitude is: [[-330772.0137139]]
The R matrix for this timestep is: 44.89000000000605
log_likelihood: [[nan]], y: [[-0.00813565]], cov: [[-330727.1237139]]
Qgw block values: q11=7.782907800489317e-23, q22=1.8648914014498392e-30
dt_idx: 305, dt: 11189.348408699036
Qspin block values: q11=4.66974468029359e-17, q22=1.1189348408699034e-24
The HPH magnitude is: [[182845.5606161]]
The R matrix for this timestep is: 44.89000000002009
log_likelihood: [[-6.97725984]], y: [[-0.00191108]], cov: [[182890.4506161]]
Qgw block values: q11=3.4494367330595974e-29, q22=1.4218561013539633e-32
dt_idx: 306, dt: 85.3113660812378
Qspin block values: q11=2.0696620398357584e-23, q22=8.531136608123779e-27
The HPH magnitude is: [[-17013.52989674]]
The R matrix for this timestep is: 44.8900000000741
log_likelihood: [[nan]], y: [[-0.00077257]], cov: [[-16968.63989674]]
Qgw block values: q11=3.017193041019857e-23, q22=1.3597965984344483e-30
dt_idx: 307, dt: 8158.779590606689
Qspin block values: q11=1.8103158246119142e-17, q22=8.158779590606689e-25
The HPH magnitude is: [[-6260.9962305]]
The R matrix for this timestep is: 44.89000000000002
log_likelihood: [[nan]], y: [[0.00267682]], cov: [[-6216.1062305]]
Qgw block values: q11=3.57018088464363e-23, q22=1.43825643157959e-30
dt_idx: 308, dt: 8629.538589477539
Qspin block values: q11=2.142108530786178e-17, q22=8.62953858947754e-25
The HPH magnitude is: [[-4117758.699362]]
The R matrix for this timestep is: 44.89000000000626
log_likelihood: [[nan]], y: [[0.02391651]], cov: [[-4117713.809362]]
Qgw block values: q11=9.542216511212493e-25, q22=4.300206785202026e-31
dt_idx: 309, dt: 2580.124071121216
Qspin block values: q11=5.725329906727496e-19, q22=2.5801240711212156e-25
The HPH magnitude is: [[129384.0750791]]
The R matrix for this timestep is: 44.890000000075695
log_likelihood: [[-6.80438227]], y: [[0.00574095]], cov: [[129428.9650791]]
Qgw block values: q11=6.948677607347801e-23, q22=1.7957269705136618e-30
dt_idx: 310, dt: 10774.36182308197
Qspin block values: q11=4.16920656440868e-17, q22=1.077436182308197e-24
The HPH magnitude is: [[240183.45585589]]
The R matrix for this timestep is: 44.8900000001934
log_likelihood: [[-7.11361113]], y: [[0.00602841]], cov: [[240228.34585589]]
Qgw block values: q11=3.918344140136516e-24, q22=6.886107160250346e-31
dt_idx: 311, dt: 4131.6642961502075
Qspin block values: q11=2.3510064840819093e-18, q22=4.1316642961502072e-25
The HPH magnitude is: [[-620205.52694239]]
The R matrix for this timestep is: 44.89000000004565
log_likelihood: [[nan]], y: [[1.87121281e-06]], cov: [[-620160.63694239]]
Qgw block values: q11=6.642385208746098e-24, q22=8.210714235305786e-31
dt_idx: 312, dt: 4926.428541183472
Qspin block values: q11=3.9854311252476584e-18, q22=4.926428541183472e-25
The HPH magnitude is: [[124228.40182857]]
The R matrix for this timestep is: 44.890000000055984
log_likelihood: [[-6.78405773]], y: [[-0.00199364]], cov: [[124273.29182857]]
Qgw block values: q11=4.640499641001361e-23, q22=1.5696199107170105e-30
dt_idx: 313, dt: 9417.719464302063
Qspin block values: q11=2.7842997846008164e-17, q22=9.417719464302063e-25
The HPH magnitude is: [[96.60007813]]
The R matrix for this timestep is: 44.89000000000617
log_likelihood: [[-3.39505333]], y: [[-0.00075014]], cov: [[141.49007813]]
Qgw block values: q11=1.514019549839297e-22, q22=2.3280023390452067e-30
dt_idx: 314, dt: 13968.01403427124
Qspin block values: q11=9.084117299035782e-17, q22=1.396801403427124e-24
The HPH magnitude is: [[-31539453.7336473]]
The R matrix for this timestep is: 44.89000000004115
log_likelihood: [[nan]], y: [[-0.25661332]], cov: [[-31539408.8436473]]
Qgw block values: q11=2.223635555075498e-24, q22=5.701127948760987e-31
dt_idx: 315, dt: 3420.676769256592
Qspin block values: q11=1.3341813330452987e-18, q22=3.4206767692565916e-25
The HPH magnitude is: [[230508.88570166]]
The R matrix for this timestep is: 44.89000000000084
log_likelihood: [[-7.09305824]], y: [[-0.01784857]], cov: [[230553.77570166]]
Qgw block values: q11=4.302279777925794e-24, q22=7.104046591122946e-31
dt_idx: 316, dt: 4262.427954673767
Qspin block values: q11=2.5813678667554765e-18, q22=4.262427954673767e-25
The HPH magnitude is: [[-205445.3186696]]
The R matrix for this timestep is: 44.89000000001424
log_likelihood: [[nan]], y: [[-0.01150233]], cov: [[-205400.4286696]]
Qgw block values: q11=2.542010310737126e-27, q22=5.961177047093709e-32
dt_idx: 317, dt: 357.67062282562256
Qspin block values: q11=1.5252061864422754e-21, q22=3.5767062282562255e-26
The HPH magnitude is: [[704114.02608023]]
The R matrix for this timestep is: 44.8900000000189
log_likelihood: [[-7.6513182]], y: [[0.00645669]], cov: [[704158.91608023]]
Qgw block values: q11=1.016274504816002e-23, q22=9.46113548119863e-31
dt_idx: 318, dt: 5676.681288719177
Qspin block values: q11=6.097647028896012e-18, q22=5.676681288719177e-25
The HPH magnitude is: [[-47240.86587658]]
The R matrix for this timestep is: 44.89000000011878
log_likelihood: [[nan]], y: [[-0.00165904]], cov: [[-47195.97587658]]
Qgw block values: q11=8.255235528506983e-23, q22=1.9018783769607544e-30
dt_idx: 319, dt: 11411.270261764526
Qspin block values: q11=4.953141317104189e-17, q22=1.1411270261764526e-24
The HPH magnitude is: [[4181.4175328]]
The R matrix for this timestep is: 44.89000000000909
log_likelihood: [[-5.09348052]], y: [[0.00561062]], cov: [[4226.3075328]]
Qgw block values: q11=7.834671862675546e-23, q22=1.8690167287190755e-30
dt_idx: 320, dt: 11214.100372314453
Qspin block values: q11=4.700803117605327e-17, q22=1.1214100372314453e-24
The HPH magnitude is: [[-276854.0341352]]
The R matrix for this timestep is: 44.89000000002427
log_likelihood: [[nan]], y: [[-0.03769809]], cov: [[-276809.1441352]]
Qgw block values: q11=3.8095187194486925e-23, q22=1.469703139781952e-30
dt_idx: 321, dt: 8818.218838691711
Qspin block values: q11=2.2857112316692153e-17, q22=8.818218838691712e-25
The HPH magnitude is: [[-378178.45779966]]
The R matrix for this timestep is: 44.89000000001839
log_likelihood: [[nan]], y: [[0.01271755]], cov: [[-378133.56779966]]
Qgw block values: q11=1.558129301387137e-25, q22=2.35039443174998e-31
dt_idx: 322, dt: 1410.2366590499878
Qspin block values: q11=9.348775808322822e-20, q22=1.4102366590499878e-25
The HPH magnitude is: [[50785.64814095]]
The R matrix for this timestep is: 44.89000000000899
log_likelihood: [[-6.33706483]], y: [[0.0079691]], cov: [[50830.53814095]]
Qgw block values: q11=4.039404397888784e-21, q22=6.956306289990743e-30
dt_idx: 323, dt: 41737.83773994446
Qspin block values: q11=2.4236426387332704e-15, q22=4.173783773994446e-24
The HPH magnitude is: [[19022.41411553]]
The R matrix for this timestep is: 44.89000000000013
log_likelihood: [[-5.84680373]], y: [[0.03466172]], cov: [[19067.30411553]]
Qgw block values: q11=1.209311269157213e-22, q22=2.1599927061398823e-30
dt_idx: 324, dt: 12959.956236839294
Qspin block values: q11=7.255867614943279e-17, q22=1.2959956236839295e-24
The HPH magnitude is: [[800763.7449959]]
The R matrix for this timestep is: 44.89000000000226
log_likelihood: [[-7.71562718]], y: [[0.00185856]], cov: [[800808.6349959]]
Qgw block values: q11=5.4221766383057585e-24, q22=7.673570222854614e-31
dt_idx: 325, dt: 4604.142133712769
Qspin block values: q11=3.253305982983455e-18, q22=4.604142133712769e-25
The HPH magnitude is: [[-2.48032645e+08]]
The R matrix for this timestep is: 44.890000000001244
log_likelihood: [[nan]], y: [[3.78273807]], cov: [[-2.480326e+08]]
Qgw block values: q11=2.9657611744465275e-21, q22=6.275547817866008e-30
dt_idx: 326, dt: 37653.286907196045
Qspin block values: q11=1.7794567046679165e-15, q22=3.7653286907196044e-24
The HPH magnitude is: [[-97484.55798821]]
The R matrix for this timestep is: 44.89000000057928
log_likelihood: [[nan]], y: [[-0.00325486]], cov: [[-97439.66798821]]
Qgw block values: q11=1.503854417887278e-21, q22=5.004279023488363e-30
dt_idx: 327, dt: 30025.674140930176
Qspin block values: q11=9.023126507323668e-16, q22=3.0025674140930173e-24
The HPH magnitude is: [[-58529.68961522]]
The R matrix for this timestep is: 44.89000000002219
log_likelihood: [[nan]], y: [[-0.00824024]], cov: [[-58484.79961522]]
Qgw block values: q11=9.17318186341644e-21, q22=9.14350947411855e-30
dt_idx: 328, dt: 54861.056844711304
Qspin block values: q11=5.503909118049863e-15, q22=5.4861056844711305e-24
The HPH magnitude is: [[188301.9083596]]
The R matrix for this timestep is: 44.890000000000086
log_likelihood: [[-6.99195864]], y: [[0.00031471]], cov: [[188346.7983596]]
Qgw block values: q11=6.149998260661958e-07, q22=3.7082746420433606e-28
dt_idx: 329, dt: 2229929.9888677597
Qspin block values: q11=0.036349958081124345, q22=2.1809351769179575e-22
The HPH magnitude is: [[110868.24482938]]
The R matrix for this timestep is: 44.89000000008406
log_likelihood: [[-6.72718984]], y: [[0.00873263]], cov: [[110913.13482938]]
Qgw block values: q11=1.6690547070874422e-22, q22=2.4048967860539755e-30
dt_idx: 330, dt: 14429.380716323853
Qspin block values: q11=1.0014328242524653e-16, q22=1.4429380716323852e-24
The HPH magnitude is: [[-12629.69908611]]
The R matrix for this timestep is: 44.89000000002542
log_likelihood: [[nan]], y: [[-0.00241639]], cov: [[-12584.80908611]]
Qgw block values: q11=6.044743950394906e-23, q22=1.7142160396575928e-30
dt_idx: 331, dt: 10285.296237945557
Qspin block values: q11=3.626846370236943e-17, q22=1.0285296237945555e-24
The HPH magnitude is: [[-284904.95647544]]
The R matrix for this timestep is: 44.89000000022476
log_likelihood: [[nan]], y: [[-0.00112529]], cov: [[-284860.06647544]]
Qgw block values: q11=1.9161333209744308e-22, q22=2.5181493968963623e-30
dt_idx: 332, dt: 15108.896381378174
Qspin block values: q11=1.1496799925846583e-16, q22=1.5108896381378173e-24
The HPH magnitude is: [[2773.32681537]]
The R matrix for this timestep is: 44.890000000223075
log_likelihood: [[-4.89086835]], y: [[-0.00427258]], cov: [[2818.21681537]]
Qgw block values: q11=2.525052362737708e-26, q22=1.2814344072341918e-31
dt_idx: 333, dt: 768.8606443405151
Qspin block values: q11=1.5150314176426245e-20, q22=7.688606443405151e-26
The HPH magnitude is: [[-1150989.77478292]]
The R matrix for this timestep is: 44.8900000000052
log_likelihood: [[nan]], y: [[0.07504471]], cov: [[-1150944.88478292]]
Qgw block values: q11=7.668478654335825e-22, q22=3.997998765309652e-30
dt_idx: 334, dt: 23987.99259185791
Qspin block values: q11=4.601087192601495e-16, q22=2.3987992591857908e-24
The HPH magnitude is: [[9874828.64606028]]
The R matrix for this timestep is: 44.890000000009216
log_likelihood: [[-8.97169057]], y: [[0.18903214]], cov: [[9874873.53606028]]
Qgw block values: q11=4.3390998912973886e-23, q22=1.5348742520014445e-30
dt_idx: 335, dt: 9209.245512008667
Qspin block values: q11=2.603459934778433e-17, q22=9.209245512008666e-25
The HPH magnitude is: [[2182950.98574387]]
The R matrix for this timestep is: 44.89000000004848
log_likelihood: [[-8.21704291]], y: [[0.00793132]], cov: [[2182995.87574387]]
Qgw block values: q11=2.6734526584271138e-24, q22=6.0622021929423015e-31
dt_idx: 336, dt: 3637.321315765381
Qspin block values: q11=1.6040715950562683e-18, q22=3.6373213157653807e-25
The HPH magnitude is: [[-31335.02890862]]
The R matrix for this timestep is: 44.89000000016069
log_likelihood: [[nan]], y: [[0.00307196]], cov: [[-31290.13890862]]
Qgw block values: q11=5.726314124682925e-23, q22=1.6835705002148946e-30
dt_idx: 337, dt: 10101.423001289368
Qspin block values: q11=3.4357884748097544e-17, q22=1.0101423001289368e-24
The HPH magnitude is: [[-3155634.82886302]]
The R matrix for this timestep is: 44.89000000004369
log_likelihood: [[nan]], y: [[-0.01739028]], cov: [[-3155589.93886302]]
Qgw block values: q11=4.6805535529406296e-24, q22=7.306431620915731e-31
dt_idx: 338, dt: 4383.8589725494385
Qspin block values: q11=2.8083321317643773e-18, q22=4.383858972549438e-25
The HPH magnitude is: [[53404.20791355]]
The R matrix for this timestep is: 44.89000000000127
log_likelihood: [[-6.36218105]], y: [[-0.00203444]], cov: [[53449.09791355]]
Qgw block values: q11=4.219111444859246e-23, q22=1.5205939224561056e-30
dt_idx: 339, dt: 9123.563534736633
Qspin block values: q11=2.5314668669155475e-17, q22=9.123563534736632e-25
The HPH magnitude is: [[-83583.59253866]]
The R matrix for this timestep is: 44.89000000001068
log_likelihood: [[nan]], y: [[0.0001105]], cov: [[-83538.70253866]]
Qgw block values: q11=2.114472676777942e-23, q22=1.2078331467310588e-30
dt_idx: 340, dt: 7246.9988803863525
Qspin block values: q11=1.2686836060667652e-17, q22=7.246998880386353e-25
The HPH magnitude is: [[-380094.01289437]]
The R matrix for this timestep is: 44.890000000014794
log_likelihood: [[nan]], y: [[0.00778261]], cov: [[-380049.12289437]]
Qgw block values: q11=3.056064342999082e-24, q22=6.338605880737305e-31
dt_idx: 341, dt: 3803.163528442383
Qspin block values: q11=1.833638605799449e-18, q22=3.8031635284423828e-25
The HPH magnitude is: [[8874.07295695]]
The R matrix for this timestep is: 44.890000000009316
log_likelihood: [[-5.46690601]], y: [[-0.00172262]], cov: [[8918.96295695]]
Qgw block values: q11=6.2804255769426604e-24, q22=8.05877955277761e-31
dt_idx: 342, dt: 4835.267731666565
Qspin block values: q11=3.768255346165596e-18, q22=4.835267731666565e-25
The HPH magnitude is: [[-2382571.95024564]]
The R matrix for this timestep is: 44.89000000001819
log_likelihood: [[nan]], y: [[0.01240341]], cov: [[-2382527.06024564]]
Qgw block values: q11=2.3372345694456733e-22, q22=2.6905455675125122e-30
dt_idx: 343, dt: 16143.273405075073
Qspin block values: q11=1.402340741667404e-16, q22=1.6143273405075073e-24
The HPH magnitude is: [[-1519335.70195327]]
The R matrix for this timestep is: 44.890000000001436
log_likelihood: [[nan]], y: [[0.01956041]], cov: [[-1519290.81195327]]
Qgw block values: q11=2.1951305372650396e-24, q22=5.67666198571523e-31
dt_idx: 344, dt: 3405.997191429138
Qspin block values: q11=1.3170783223590235e-18, q22=3.405997191429138e-25
The HPH magnitude is: [[46416.31733617]]
The R matrix for this timestep is: 44.89000000004217
log_likelihood: [[-6.29212503]], y: [[-0.00125001]], cov: [[46461.20733617]]
Qgw block values: q11=3.38639592481666e-22, q22=3.0445199829737346e-30
dt_idx: 345, dt: 18267.119897842407
Qspin block values: q11=2.031837554889996e-16, q22=1.8267119897842408e-24
The HPH magnitude is: [[2197643.80854821]]
The R matrix for this timestep is: 44.89000000003675
log_likelihood: [[-8.22039692]], y: [[0.00048427]], cov: [[2197688.69854821]]
Qgw block values: q11=1.6828284633543158e-25, q22=2.411494084993998e-31
dt_idx: 346, dt: 1446.896450996399
Qspin block values: q11=1.0096970780125895e-19, q22=1.4468964509963988e-25
The HPH magnitude is: [[-492487.07320366]]
The R matrix for this timestep is: 44.89000000000011
log_likelihood: [[nan]], y: [[-0.00016981]], cov: [[-492442.18320366]]
Qgw block values: q11=3.1547644048224124e-23, q22=1.3801572209993999e-30
dt_idx: 347, dt: 8280.943325996399
Qspin block values: q11=1.892858642893447e-17, q22=8.280943325996399e-25
The HPH magnitude is: [[2998719.55589328]]
The R matrix for this timestep is: 44.890000000007966
log_likelihood: [[-8.37579399]], y: [[-0.01420802]], cov: [[2998764.44589328]]
Qgw block values: q11=4.1669458717375514e-24, q22=7.028762534459432e-31
dt_idx: 348, dt: 4217.257520675659
Qspin block values: q11=2.500167523042531e-18, q22=4.217257520675659e-25
The HPH magnitude is: [[415817.0694706]]
The R matrix for this timestep is: 44.89000000002087
log_likelihood: [[-7.38799286]], y: [[-0.0026133]], cov: [[415861.9594706]]
Qgw block values: q11=1.4316213838714285e-22, q22=2.2849795112609863e-30
dt_idx: 349, dt: 13709.877067565918
Qspin block values: q11=8.58972830322857e-17, q22=1.3709877067565918e-24
The HPH magnitude is: [[-127068.50955244]]
The R matrix for this timestep is: 44.89000000002237
log_likelihood: [[nan]], y: [[0.0035923]], cov: [[-127023.61955244]]
Qgw block values: q11=3.65667227880126e-22, q22=3.123452682177226e-30
dt_idx: 350, dt: 18740.716093063354
Qspin block values: q11=2.194003367280756e-16, q22=1.8740716093063352e-24
The HPH magnitude is: [[55490.91249903]]
The R matrix for this timestep is: 44.890000000008314
log_likelihood: [[-6.38133012]], y: [[-0.00163281]], cov: [[55535.80249903]]
Qgw block values: q11=9.129990802769183e-23, q22=1.966812824090322e-30
dt_idx: 351, dt: 11800.876944541931
Qspin block values: q11=5.47799448166151e-17, q22=1.1800876944541931e-24
The HPH magnitude is: [[208838.78006548]]
The R matrix for this timestep is: 44.8900000000002
log_likelihood: [[-7.04370492]], y: [[0.00225002]], cov: [[208883.67006548]]
Qgw block values: q11=1.4364110385056514e-25, q22=2.2875248956680296e-31
dt_idx: 352, dt: 1372.5149374008179
Qspin block values: q11=8.618466231033908e-20, q22=1.3725149374008178e-25
The HPH magnitude is: [[-249803.89270495]]
The R matrix for this timestep is: 44.89000000000577
log_likelihood: [[nan]], y: [[0.00021764]], cov: [[-249759.00270495]]
Qgw block values: q11=1.977119694791249e-24, q22=5.4821456797917685e-31
dt_idx: 353, dt: 3289.287407875061
Qspin block values: q11=1.1862718168747493e-18, q22=3.289287407875061e-25
The HPH magnitude is: [[-168727.84234889]]
The R matrix for this timestep is: 44.890000000038086
log_likelihood: [[nan]], y: [[0.00158147]], cov: [[-168682.95234889]]
Qgw block values: q11=1.831015888261006e-24, q22=5.343637089729309e-31
dt_idx: 354, dt: 3206.1822538375854
Qspin block values: q11=1.0986095329566036e-18, q22=3.2061822538375853e-25
The HPH magnitude is: [[110563.72273688]]
The R matrix for this timestep is: 44.890000000000015
log_likelihood: [[-6.72581515]], y: [[-0.00185774]], cov: [[110608.61273688]]
Qgw block values: q11=7.788417912854974e-27, q22=8.658101383845011e-32
dt_idx: 355, dt: 519.4860830307007
Qspin block values: q11=4.6730507477129846e-21, q22=5.194860830307007e-26
The HPH magnitude is: [[-2972.15134249]]
The R matrix for this timestep is: 44.8900000000267
log_likelihood: [[nan]], y: [[0.00118513]], cov: [[-2927.26134249]]
Qgw block values: q11=5.298617116438854e-23, q22=1.6405662163098653e-30
dt_idx: 356, dt: 9843.397297859192
Qspin block values: q11=3.1791702698633126e-17, q22=9.843397297859192e-25
The HPH magnitude is: [[81394.08115967]]
The R matrix for this timestep is: 44.890000000034625
log_likelihood: [[-6.57274313]], y: [[0.01122497]], cov: [[81438.97115967]]
Qgw block values: q11=1.7960085326139223e-24, q22=5.309362562497457e-31
dt_idx: 357, dt: 3185.617537498474
Qspin block values: q11=1.0776051195683535e-18, q22=3.185617537498474e-25
The HPH magnitude is: [[-4979985.18873419]]
The R matrix for this timestep is: 44.890000000006715
log_likelihood: [[nan]], y: [[0.07981548]], cov: [[-4979940.29873419]]
Qgw block values: q11=1.9215005406057502e-23, q22=1.1699117108980815e-30
dt_idx: 358, dt: 7019.470265388489
Qspin block values: q11=1.1529003243634499e-17, q22=7.019470265388488e-25
The HPH magnitude is: [[159054.39749126]]
The R matrix for this timestep is: 44.890000000366406
log_likelihood: [[-6.9075804]], y: [[-0.00638315]], cov: [[159099.28749126]]
Qgw block values: q11=1.2996379893011827e-22, q22=2.2124852488835653e-30
dt_idx: 359, dt: 13274.911493301392
Qspin block values: q11=7.797827935807096e-17, q22=1.327491149330139e-24
The HPH magnitude is: [[4135172.09199382]]
The R matrix for this timestep is: 44.89000000001241
log_likelihood: [[-8.53646371]], y: [[0.06396473]], cov: [[4135216.98199382]]
Qgw block values: q11=8.183886144285652e-24, q22=8.80223132133484e-31
dt_idx: 360, dt: 5281.338792800903
Qspin block values: q11=4.910331686571391e-18, q22=5.281338792800903e-25
The HPH magnitude is: [[-1913263.48864286]]
The R matrix for this timestep is: 44.8900000000211
log_likelihood: [[nan]], y: [[0.02375217]], cov: [[-1913218.59864286]]
Qgw block values: q11=5.6869811873134076e-21, q22=7.796508951346079e-30
dt_idx: 361, dt: 46779.05370807648
Qspin block values: q11=3.4121887123880442e-15, q22=4.677905370807648e-24
The HPH magnitude is: [[-1787770.49903926]]
The R matrix for this timestep is: 44.890000000002395
log_likelihood: [[nan]], y: [[0.02727926]], cov: [[-1787725.60903926]]
Qgw block values: q11=6.801598071275898e-07, q22=3.8346502576224066e-28
dt_idx: 362, dt: 2306100.0855531693
Qspin block values: q11=0.04018071067887358, q22=2.2537273727738675e-22
The HPH magnitude is: [[226645.65242946]]
The R matrix for this timestep is: 44.89000000000115
log_likelihood: [[-7.08460909]], y: [[-0.00267463]], cov: [[226690.54242946]]
Qgw block values: q11=4.895197008882541e-22, q22=3.442413024584452e-30
dt_idx: 363, dt: 20654.478147506714
Qspin block values: q11=2.937118205329524e-16, q22=2.0654478147506714e-24
The HPH magnitude is: [[60926.03758815]]
The R matrix for this timestep is: 44.890000000000114
log_likelihood: [[-6.42801475]], y: [[-0.00033656]], cov: [[60970.92758815]]
Qgw block values: q11=2.0883588508048108e-22, q22=2.591440809885661e-30
dt_idx: 364, dt: 15548.644859313965
Qspin block values: q11=1.2530153104828864e-16, q22=1.5548644859313965e-24
The HPH magnitude is: [[-84224.68757908]]
The R matrix for this timestep is: 44.89000000015875
log_likelihood: [[nan]], y: [[0.00014343]], cov: [[-84179.79757908]]
Qgw block values: q11=4.537894406878081e-24, q22=7.231433219909668e-31
dt_idx: 365, dt: 4338.859931945801
Qspin block values: q11=2.722736644126848e-18, q22=4.338859931945801e-25
The HPH magnitude is: [[145375.73386298]]
The R matrix for this timestep is: 44.89000000004143
log_likelihood: [[-6.86263137]], y: [[0.00029181]], cov: [[145420.62386298]]
Qgw block values: q11=1.2606872876306657e-24, q22=4.718551605542501e-31
dt_idx: 366, dt: 2831.1309633255005
Qspin block values: q11=7.564123725783994e-19, q22=2.8311309633255006e-25
The HPH magnitude is: [[-1896636.6246717]]
The R matrix for this timestep is: 44.89000000000011
log_likelihood: [[nan]], y: [[-0.00731256]], cov: [[-1896591.7346717]]
Qgw block values: q11=3.771299184248976e-24, q22=6.798867545127868e-31
dt_idx: 367, dt: 4079.320527076721
Qspin block values: q11=2.2627795105493853e-18, q22=4.079320527076721e-25
The HPH magnitude is: [[-279751.65447944]]
The R matrix for this timestep is: 44.8900000000392
log_likelihood: [[nan]], y: [[-5.60765064e-05]], cov: [[-279706.76447944]]
Qgw block values: q11=1.0312787875202039e-22, q22=2.0483222359021504e-30
dt_idx: 368, dt: 12289.933415412903
Qspin block values: q11=6.187672725121223e-17, q22=1.2289933415412902e-24
The HPH magnitude is: [[54854.69119759]]
The R matrix for this timestep is: 44.89000000001065
log_likelihood: [[-6.37556903]], y: [[0.00069694]], cov: [[54899.58119759]]
Qgw block values: q11=1.0652974752574016e-22, q22=2.0706016252835593e-30
dt_idx: 369, dt: 12423.609751701355
Qspin block values: q11=6.39178485154441e-17, q22=1.2423609751701354e-24
The HPH magnitude is: [[-5929.58434947]]
The R matrix for this timestep is: 44.89000000001265
log_likelihood: [[nan]], y: [[-0.00085416]], cov: [[-5884.69434947]]
Qgw block values: q11=1.2581843860442355e-22, q22=2.188707276503245e-30
dt_idx: 370, dt: 13132.24365901947
Qspin block values: q11=7.549106316265412e-17, q22=1.313224365901947e-24
The HPH magnitude is: [[6621.84618917]]
The R matrix for this timestep is: 44.89000000059876
log_likelihood: [[-5.32138138]], y: [[0.00453205]], cov: [[6666.73618917]]
Qgw block values: q11=2.2257613099162176e-23, q22=1.2286620593070984e-30
dt_idx: 371, dt: 7371.97235584259
Qspin block values: q11=1.3354567859497305e-17, q22=7.37197235584259e-25
The HPH magnitude is: [[-220255.6499307]]
The R matrix for this timestep is: 44.89000000000568
log_likelihood: [[nan]], y: [[-0.02667259]], cov: [[-220210.7599307]]
Qgw block values: q11=8.014082590735175e-26, q22=1.8831757624944052e-31
dt_idx: 372, dt: 1129.905457496643
Qspin block values: q11=4.808449554441105e-20, q22=1.129905457496643e-25
The HPH magnitude is: [[1233829.98720987]]
The R matrix for this timestep is: 44.890000000038256
log_likelihood: [[-7.93177357]], y: [[0.02378807]], cov: [[1233874.87720987]]
Qgw block values: q11=3.28477216946105e-23, q22=1.3988613430658976e-30
dt_idx: 373, dt: 8393.168058395386
Qspin block values: q11=1.97086330167663e-17, q22=8.393168058395386e-25
The HPH magnitude is: [[-305322.10071185]]
The R matrix for this timestep is: 44.8900000000068
log_likelihood: [[nan]], y: [[-0.00339694]], cov: [[-305277.21071185]]
Qgw block values: q11=6.125413804211999e-25, q22=3.709522949854533e-31
dt_idx: 374, dt: 2225.7137699127197
Qspin block values: q11=3.6752482825272e-19, q22=2.2257137699127198e-25
The HPH magnitude is: [[16245.9385351]]
The R matrix for this timestep is: 44.8900000003629
log_likelihood: [[-5.76811731]], y: [[-0.00066161]], cov: [[16290.8285351]]
Qgw block values: q11=4.653446967557592e-24, q22=7.292299675941468e-31
dt_idx: 375, dt: 4375.37980556488
Qspin block values: q11=2.792068180534555e-18, q22=4.375379805564881e-25
The HPH magnitude is: [[-391691.90542312]]
The R matrix for this timestep is: 44.890000000220745
log_likelihood: [[nan]], y: [[0.0031673]], cov: [[-391647.01542312]]
Qgw block values: q11=2.9996020664572224e-23, q22=1.3571487968762716e-30
dt_idx: 376, dt: 8142.892781257629
Qspin block values: q11=1.7997612398743335e-17, q22=8.142892781257629e-25
The HPH magnitude is: [[-6676.69785421]]
The R matrix for this timestep is: 44.89000000003357
log_likelihood: [[nan]], y: [[-0.00084775]], cov: [[-6631.80785421]]
Qgw block values: q11=9.21714232664403e-24, q22=9.158092292149861e-31
dt_idx: 377, dt: 5494.855375289917
Qspin block values: q11=5.530285395986418e-18, q22=5.4948553752899165e-25
The HPH magnitude is: [[-40277.09976698]]
The R matrix for this timestep is: 44.890000000031876
log_likelihood: [[nan]], y: [[-0.00033226]], cov: [[-40232.20976698]]
Qgw block values: q11=5.308768219171183e-26, q22=1.6416132148106894e-31
dt_idx: 378, dt: 984.9679288864136
Qspin block values: q11=3.1852609315027095e-20, q22=9.849679288864135e-26
The HPH magnitude is: [[1975696.38153058]]
The R matrix for this timestep is: 44.89000000001674
log_likelihood: [[-8.16716564]], y: [[0.01788017]], cov: [[1975741.27153058]]
Qgw block values: q11=1.8233106192819924e-22, q22=2.476812543551127e-30
dt_idx: 379, dt: 14860.875261306763
Qspin block values: q11=1.0939863715691953e-16, q22=1.4860875261306762e-24
The HPH magnitude is: [[-475127.0285583]]
The R matrix for this timestep is: 44.89000000000921
log_likelihood: [[nan]], y: [[-0.00816822]], cov: [[-475082.1385583]]
Qgw block values: q11=5.914379770262068e-25, q22=3.6664237197240192e-31
dt_idx: 380, dt: 2199.8542318344116
Qspin block values: q11=3.5486278621572408e-19, q22=2.1998542318344114e-25
The HPH magnitude is: [[-147958.63709019]]
The R matrix for this timestep is: 44.89000000000002
log_likelihood: [[nan]], y: [[0.00235331]], cov: [[-147913.74709019]]
Qgw block values: q11=1.2696863551911301e-23, q22=1.0189942549069723e-30
dt_idx: 381, dt: 6113.9655294418335
Qspin block values: q11=7.61811813114678e-18, q22=6.113965529441833e-25
The HPH magnitude is: [[68475.42273695]]
The R matrix for this timestep is: 44.89000000002828
log_likelihood: [[-6.48638129]], y: [[0.00097053]], cov: [[68520.31273695]]
Qgw block values: q11=1.4712868984966436e-24, q22=4.9678907950719196e-31
dt_idx: 382, dt: 2980.734477043152
Qspin block values: q11=8.827721390979863e-19, q22=2.9807344770431517e-25
The HPH magnitude is: [[-208129.05505247]]
The R matrix for this timestep is: 44.8900000000073
log_likelihood: [[nan]], y: [[-0.00090758]], cov: [[-208084.16505247]]
Qgw block values: q11=2.974551482866426e-24, q22=6.281741797129313e-31
dt_idx: 383, dt: 3769.045078277588
Qspin block values: q11=1.7847308897198556e-18, q22=3.769045078277588e-25
The HPH magnitude is: [[-9463.18449133]]
The R matrix for this timestep is: 44.890000000005394
log_likelihood: [[nan]], y: [[-6.01237711e-06]], cov: [[-9418.29449133]]
Qgw block values: q11=4.861900498744354e-22, q22=3.434590308825175e-30
dt_idx: 384, dt: 20607.54185295105
Qspin block values: q11=2.9171402992466124e-16, q22=2.060754185295105e-24
The HPH magnitude is: [[78551.54642532]]
The R matrix for this timestep is: 44.890000000001486
log_likelihood: [[-6.55497935]], y: [[-0.00171589]], cov: [[78596.43642532]]
Qgw block values: q11=2.4719443598106528e-24, q22=5.905896272659302e-31
dt_idx: 385, dt: 3543.537763595581
Qspin block values: q11=1.4831666158863915e-18, q22=3.543537763595581e-25
The HPH magnitude is: [[-124420.39028501]]
The R matrix for this timestep is: 44.89000000001683
log_likelihood: [[nan]], y: [[0.0009232]], cov: [[-124375.50028501]]
Qgw block values: q11=1.9822924658414535e-22, q22=2.5468038326899212e-30
dt_idx: 386, dt: 15280.822996139526
Qspin block values: q11=1.189375479504872e-16, q22=1.5280822996139526e-24
The HPH magnitude is: [[-47288.77097609]]
The R matrix for this timestep is: 44.89000000001061
log_likelihood: [[nan]], y: [[0.00034984]], cov: [[-47243.88097609]]
Qgw block values: q11=1.0915685333010122e-20, q22=9.689244621912639e-30
dt_idx: 387, dt: 58135.46773147583
Qspin block values: q11=6.5494111998060726e-15, q22=5.8135467731475826e-24
The HPH magnitude is: [[15695.49827338]]
The R matrix for this timestep is: 44.890000000054506
log_likelihood: [[-5.75093113]], y: [[-0.00025979]], cov: [[15740.38827338]]
Qgw block values: q11=2.8214211753192177e-24, q22=6.1720422712961835e-31
dt_idx: 388, dt: 3703.22536277771
Qspin block values: q11=1.6928527051915306e-18, q22=3.70322536277771e-25
The HPH magnitude is: [[-14472.5417112]]
The R matrix for this timestep is: 44.89000000005173
log_likelihood: [[nan]], y: [[-0.00025984]], cov: [[-14427.6517112]]
Qgw block values: q11=2.4199856487791987e-23, q22=1.263408656279246e-30
dt_idx: 389, dt: 7580.451937675476
Qspin block values: q11=1.4519913892675192e-17, q22=7.580451937675476e-25
The HPH magnitude is: [[35104.1131122]]
The R matrix for this timestep is: 44.89000000000524
log_likelihood: [[-6.1526143]], y: [[-9.41703865e-05]], cov: [[35149.0031122]]
Qgw block values: q11=3.8682821744408277e-26, q22=1.4772215461730958e-31
dt_idx: 390, dt: 886.3329277038574
Qspin block values: q11=2.3209693046644964e-20, q22=8.863329277038574e-26
The HPH magnitude is: [[-25575.26098559]]
The R matrix for this timestep is: 44.890000000017956
log_likelihood: [[nan]], y: [[2.2589314e-05]], cov: [[-25530.37098559]]
Qgw block values: q11=5.15439142889331e-21, q22=7.545106658140818e-30
dt_idx: 391, dt: 45270.63994884491
Qspin block values: q11=3.0926348573359858e-15, q22=4.527063994884491e-24
The HPH magnitude is: [[9935.62474931]]
The R matrix for this timestep is: 44.890000000023576
log_likelihood: [[-5.52313351]], y: [[0.00134834]], cov: [[9980.51474931]]
Qgw block values: q11=6.317954369160584e-23, q22=1.7396628111203513e-30
dt_idx: 392, dt: 10437.976866722107
Qspin block values: q11=3.79077262149635e-17, q22=1.0437976866722106e-24
The HPH magnitude is: [[-7477895.03429764]]
The R matrix for this timestep is: 44.89000000003234
log_likelihood: [[nan]], y: [[-0.02854945]], cov: [[-7477850.14429764]]
Qgw block values: q11=7.47087478251707e-24, q22=8.538797949155171e-31
dt_idx: 393, dt: 5123.278769493103
Qspin block values: q11=4.482524869510241e-18, q22=5.123278769493103e-25
The HPH magnitude is: [[-25896.41208668]]
The R matrix for this timestep is: 44.89000000006876
log_likelihood: [[nan]], y: [[-0.00082]], cov: [[-25851.52208668]]
Qgw block values: q11=7.637116094642521e-21, q22=8.601668782075247e-30
dt_idx: 394, dt: 51610.01269245148
Qspin block values: q11=4.582269656785512e-15, q22=5.161001269245148e-24
The HPH magnitude is: [[9889469.53679305]]
The R matrix for this timestep is: 44.89000000000345
log_likelihood: [[-8.97243134]], y: [[0.03133374]], cov: [[9889514.42679305]]
Qgw block values: q11=5.636499974255759e-07, q22=3.602225222163435e-28
dt_idx: 395, dt: 2166020.0085115433
Qspin block values: q11=0.033329204868618394, q22=2.1197737871429444e-22
The HPH magnitude is: [[-494.00045092]]
The R matrix for this timestep is: 44.890000000038704
log_likelihood: [[nan]], y: [[0.00050774]], cov: [[-449.11045092]]
Qgw block values: q11=9.0303045433643e-23, q22=1.9596283644040424e-30
dt_idx: 396, dt: 11757.770186424255
Qspin block values: q11=5.4181827260185795e-17, q22=1.1757770186424255e-24
The HPH magnitude is: [[2904172.15991931]]
The R matrix for this timestep is: 44.89000000005217
log_likelihood: [[-8.35977573]], y: [[0.02122774]], cov: [[2904217.04991931]]
Qgw block values: q11=3.467162441689065e-24, q22=6.6109567276636765e-31
dt_idx: 397, dt: 3966.5740365982056
Qspin block values: q11=2.080297465013439e-18, q22=3.9665740365982056e-25
The HPH magnitude is: [[-2815519.9838086]]
The R matrix for this timestep is: 44.89000000001676
log_likelihood: [[nan]], y: [[0.02262215]], cov: [[-2815475.0938086]]
Qgw block values: q11=3.026579434670629e-22, q22=2.932627775669098e-30
dt_idx: 398, dt: 17595.766654014587
Qspin block values: q11=1.8159476608023771e-16, q22=1.7595766654014586e-24
The HPH magnitude is: [[230962.16565222]]
The R matrix for this timestep is: 44.89000000000014
log_likelihood: [[-7.0940403]], y: [[-0.00510745]], cov: [[231007.05565222]]
Qgw block values: q11=8.601075003414313e-21, q22=8.949329455852508e-30
dt_idx: 399, dt: 53695.97673511505
Qspin block values: q11=5.1606450020485874e-15, q22=5.369597673511505e-24
The HPH magnitude is: [[2448.19501676]]
The R matrix for this timestep is: 44.89000000000826
log_likelihood: [[-4.82957663]], y: [[0.00412393]], cov: [[2493.08501676]]
Qgw block values: q11=3.2531684310834504e-24, q22=6.472048568725586e-31
dt_idx: 400, dt: 3883.2291412353516
Qspin block values: q11=1.9519010586500702e-18, q22=3.8832291412353513e-25
The HPH magnitude is: [[4.01019509e+08]]
The R matrix for this timestep is: 44.89000000000009
log_likelihood: [[-10.82369891]], y: [[0.24022351]], cov: [[4.01019554e+08]]
Qgw block values: q11=2.61955249732071e-25, q22=2.794786392847697e-31
dt_idx: 401, dt: 1676.8718357086182
Qspin block values: q11=1.571731498392426e-19, q22=1.6768718357086182e-25
The HPH magnitude is: [[3.37287617e+08]]
The R matrix for this timestep is: 44.890000000022226
log_likelihood: [[-10.7371619]], y: [[-1.23798064]], cov: [[3.37287662e+08]]
Qgw block values: q11=1.29508000553956e-22, q22=2.2098957370122276e-30
dt_idx: 402, dt: 13259.374422073364
Qspin block values: q11=7.770480033237361e-17, q22=1.3259374422073364e-24
The HPH magnitude is: [[-36040854.03473508]]
The R matrix for this timestep is: 44.89000000051401
log_likelihood: [[nan]], y: [[-0.17425931]], cov: [[-36040809.14473508]]
Qgw block values: q11=4.539521091724419e-25, q22=3.356934989293416e-31
dt_idx: 403, dt: 2014.1609935760498
Qspin block values: q11=2.7237126550346514e-19, q22=2.0141609935760498e-25
The HPH magnitude is: [[-6788.16099502]]
The R matrix for this timestep is: 44.89000000014911
log_likelihood: [[nan]], y: [[-0.01956305]], cov: [[-6743.27099502]]
Qgw block values: q11=3.7147066448793602e-25, q22=3.1398899412155153e-31
dt_idx: 404, dt: 1883.933964729309
Qspin block values: q11=2.228823986927616e-19, q22=1.8839339647293091e-25
The HPH magnitude is: [[8.32701179e+08]]
The R matrix for this timestep is: 44.890000000010176
log_likelihood: [[-11.18903129]], y: [[6.30456356]], cov: [[8.32701224e+08]]
Qgw block values: q11=3.939081044861153e-24, q22=6.898233488400777e-31
dt_idx: 405, dt: 4138.940093040466
Qspin block values: q11=2.3634486269166917e-18, q22=4.138940093040466e-25
The HPH magnitude is: [[-3249890.61075738]]
The R matrix for this timestep is: 44.890000000063026
log_likelihood: [[nan]], y: [[0.21444295]], cov: [[-3249845.72075738]]
Qgw block values: q11=7.56773551331152e-26, q22=1.8475444666544598e-31
dt_idx: 406, dt: 1108.5266799926758
Qspin block values: q11=4.540641307986911e-20, q22=1.1085266799926757e-25
The HPH magnitude is: [[35514559.69235384]]
The R matrix for this timestep is: 44.89000000022129
log_likelihood: [[-9.61166582]], y: [[-0.21143993]], cov: [[35514604.58235385]]
Qgw block values: q11=6.515781894841204e-25, q22=3.7867075379689536e-31
dt_idx: 407, dt: 2272.024522781372
Qspin block values: q11=3.909469136904722e-19, q22=2.272024522781372e-25
The HPH magnitude is: [[-15321251.20359104]]
The R matrix for this timestep is: 44.89000000002224
log_likelihood: [[nan]], y: [[-0.34494525]], cov: [[-15321206.31359104]]
Qgw block values: q11=2.518949815387336e-24, q22=5.9430961481730146e-31
dt_idx: 408, dt: 3565.8576889038086
Qspin block values: q11=1.5113698892324014e-18, q22=3.5658576889038087e-25
The HPH magnitude is: [[5072514.729043]]
The R matrix for this timestep is: 44.89000000000556
log_likelihood: [[-8.63861659]], y: [[-0.10780986]], cov: [[5072559.619043]]
Qgw block values: q11=2.3787058379686646e-22, q22=2.7063658048311868e-30
dt_idx: 409, dt: 16238.194828987122
Qspin block values: q11=1.4272235027811986e-16, q22=1.6238194828987121e-24
The HPH magnitude is: [[395935.59690413]]
The R matrix for this timestep is: 44.89000000000119
log_likelihood: [[-7.36349864]], y: [[0.00322136]], cov: [[395980.48690413]]
Qgw block values: q11=1.9114585542739664e-23, q22=1.1678701184590658e-30
dt_idx: 410, dt: 7007.2207107543945
Qspin block values: q11=1.1468751325643798e-17, q22=7.007220710754394e-25
The HPH magnitude is: [[927336.88853028]]
The R matrix for this timestep is: 44.89000000001162
log_likelihood: [[-7.78899883]], y: [[-0.00356576]], cov: [[927381.77853028]]
Qgw block values: q11=9.020120903276164e-24, q22=9.09236868540446e-31
dt_idx: 411, dt: 5455.421211242676
Qspin block values: q11=5.412072541965698e-18, q22=5.455421211242675e-25
The HPH magnitude is: [[-1119780.86275947]]
The R matrix for this timestep is: 44.89000000000087
log_likelihood: [[nan]], y: [[0.00433959]], cov: [[-1119735.97275947]]
Qgw block values: q11=7.316404888610168e-22, q22=3.9358526264826456e-30
dt_idx: 412, dt: 23615.115758895874
Qspin block values: q11=4.3898429331661003e-16, q22=2.3615115758895872e-24
The HPH magnitude is: [[-1463411.66828554]]
The R matrix for this timestep is: 44.890000000005145
log_likelihood: [[nan]], y: [[-0.00898844]], cov: [[-1463366.77828554]]
Qgw block values: q11=1.3630754099768402e-22, q22=2.2479132421811423e-30
dt_idx: 413, dt: 13487.479453086853
Qspin block values: q11=8.178452459861041e-17, q22=1.3487479453086852e-24
The HPH magnitude is: [[7300570.92037111]]
The R matrix for this timestep is: 44.89000000005144
log_likelihood: [[-8.82067316]], y: [[0.00649681]], cov: [[7300615.81037111]]
Qgw block values: q11=9.974837421679011e-25, q22=4.364235657056173e-31
dt_idx: 414, dt: 2618.5413942337036
Qspin block values: q11=5.984902453007406e-19, q22=2.6185413942337036e-25
The HPH magnitude is: [[689244.7259841]]
The R matrix for this timestep is: 44.8900000000027
log_likelihood: [[-7.64064694]], y: [[-0.00360471]], cov: [[689289.6159841]]
Qgw block values: q11=6.503035187566744e-29, q22=1.7564870516459149e-32
dt_idx: 415, dt: 105.38922309875488
Qspin block values: q11=3.901821112540046e-23, q22=1.0538922309875487e-26
The HPH magnitude is: [[-96107.02156462]]
The R matrix for this timestep is: 44.890000000029154
log_likelihood: [[nan]], y: [[0.00018621]], cov: [[-96062.13156462]]
Qgw block values: q11=5.811433341169602e-23, q22=1.6918713579177858e-30
dt_idx: 416, dt: 10151.228147506714
Qspin block values: q11=3.4868600047017613e-17, q22=1.0151228147506714e-24
The HPH magnitude is: [[-873709.34067563]]
The R matrix for this timestep is: 44.89000000000448
log_likelihood: [[nan]], y: [[-0.00064621]], cov: [[-873664.45067563]]
Qgw block values: q11=2.1364335279405524e-22, q22=2.6111754042307535e-30
dt_idx: 417, dt: 15667.052425384521
Qspin block values: q11=1.2818601167643313e-16, q22=1.566705242538452e-24
The HPH magnitude is: [[-46258.6982282]]
The R matrix for this timestep is: 44.890000000019384
log_likelihood: [[nan]], y: [[-0.00038849]], cov: [[-46213.8082282]]
Qgw block values: q11=1.241902151332396e-22, q22=2.1792248593966167e-30
dt_idx: 418, dt: 13075.3491563797
Qspin block values: q11=7.451412907994375e-17, q22=1.30753491563797e-24
The HPH magnitude is: [[-2136997.31715692]]
The R matrix for this timestep is: 44.890000000026205
log_likelihood: [[nan]], y: [[-0.00279713]], cov: [[-2136952.42715692]]
Qgw block values: q11=2.502249110382945e-21, q22=5.929932718118032e-30
dt_idx: 419, dt: 35579.59630870819
Qspin block values: q11=1.5013494662297668e-15, q22=3.557959630870819e-24
The HPH magnitude is: [[195075.6006834]]
The R matrix for this timestep is: 44.890000000042335
log_likelihood: [[-7.00962481]], y: [[-1.60024993e-05]], cov: [[195120.4906834]]
Qgw block values: q11=2.7378996896032904e-22, q22=2.836256007830302e-30
dt_idx: 420, dt: 17017.53604698181
Qspin block values: q11=1.642739813761974e-16, q22=1.701753604698181e-24
The HPH magnitude is: [[41344.8539496]]
The R matrix for this timestep is: 44.89000000002814
log_likelihood: [[-6.23433273]], y: [[-0.00011332]], cov: [[41389.7439496]]
Qgw block values: q11=1.3080737951325956e-22, q22=2.2172619274457296e-30
dt_idx: 421, dt: 13303.571564674377
Qspin block values: q11=7.848442770795574e-17, q22=1.3303571564674378e-24
The HPH magnitude is: [[355347.75686746]]
The R matrix for this timestep is: 44.89000000000597
log_likelihood: [[-7.30942779]], y: [[0.00088565]], cov: [[355392.64686746]]
Qgw block values: q11=2.053690260547746e-23, q22=1.196147028764089e-30
dt_idx: 422, dt: 7176.882172584534
Qspin block values: q11=1.2322141563286476e-17, q22=7.176882172584533e-25
The HPH magnitude is: [[-10773.41756049]]
The R matrix for this timestep is: 44.89000000001874
log_likelihood: [[nan]], y: [[6.68963816e-05]], cov: [[-10728.52756049]]
Qgw block values: q11=4.367397379762894e-24, q22=7.139708614349365e-31
dt_idx: 423, dt: 4283.825168609619
Qspin block values: q11=2.620438427857736e-18, q22=4.283825168609619e-25
The HPH magnitude is: [[21871.71391257]]
The R matrix for this timestep is: 44.89000000063139
log_likelihood: [[-5.91643843]], y: [[-4.11685645e-05]], cov: [[21916.60391257]]
Qgw block values: q11=1.054268521960651e-24, q22=4.4455278078715e-31
dt_idx: 424, dt: 2667.3166847229004
Qspin block values: q11=6.325611131763905e-19, q22=2.6673166847229e-25
The HPH magnitude is: [[72635.1104758]]
The R matrix for this timestep is: 44.89000000003471
log_likelihood: [[-6.5158493]], y: [[0.00023807]], cov: [[72680.0004758]]
Qgw block values: q11=1.9184105914078728e-22, q22=2.519146585146586e-30
dt_idx: 425, dt: 15114.879510879517
Qspin block values: q11=1.1510463548447236e-16, q22=1.5114879510879515e-24
The HPH magnitude is: [[-849013.97587396]]
The R matrix for this timestep is: 44.890000000022525
log_likelihood: [[nan]], y: [[0.00186821]], cov: [[-848969.08587396]]
Qgw block values: q11=3.466292947391215e-22, q22=3.0682777624130248e-30
dt_idx: 426, dt: 18409.66657447815
Qspin block values: q11=2.079775768434729e-16, q22=1.840966657447815e-24
The HPH magnitude is: [[-2191.31583991]]
The R matrix for this timestep is: 44.89000000000962
log_likelihood: [[nan]], y: [[-0.00011613]], cov: [[-2146.42583991]]
Qgw block values: q11=6.424150107399129e-22, q22=3.768872781276703e-30
dt_idx: 427, dt: 22613.236687660217
Qspin block values: q11=3.854490064439477e-16, q22=2.2613236687660217e-24
The HPH magnitude is: [[113149.05764242]]
The R matrix for this timestep is: 44.89000000000003
log_likelihood: [[-6.73736752]], y: [[0.00023858]], cov: [[113193.94764242]]
Qgw block values: q11=6.461543394252656e-07, q22=3.7697590198114203e-28
dt_idx: 428, dt: 2266986.883167267
Qspin block values: q11=0.03818185699358582, q22=2.2163625676185916e-22
The HPH magnitude is: [[-166621.17487935]]
The R matrix for this timestep is: 44.8900000000281
log_likelihood: [[nan]], y: [[-0.00027906]], cov: [[-166576.28487935]]
Qgw block values: q11=1.8152322402125395e-22, q22=2.4731491974194843e-30
dt_idx: 429, dt: 14838.895184516907
Qspin block values: q11=1.0891393441275237e-16, q22=1.4838895184516906e-24
The HPH magnitude is: [[24961.33406526]]
The R matrix for this timestep is: 44.89000000000699
log_likelihood: [[-5.98237855]], y: [[-0.00048617]], cov: [[25006.22406526]]
Qgw block values: q11=7.551700209740821e-22, q22=3.977600530942281e-30
dt_idx: 430, dt: 23865.603185653687
Qspin block values: q11=4.531020125844492e-16, q22=2.3865603185653685e-24
The HPH magnitude is: [[15295.35218328]]
The R matrix for this timestep is: 44.890000000020045
log_likelihood: [[-5.73805596]], y: [[-7.55720575e-05]], cov: [[15340.24218328]]
Qgw block values: q11=1.635557175747639e-25, q22=2.388699369430542e-31
dt_idx: 431, dt: 1433.2196216583252
Qspin block values: q11=9.813343054485833e-20, q22=1.4332196216583251e-25
The HPH magnitude is: [[-50550.32150767]]
The R matrix for this timestep is: 44.89000000000017
log_likelihood: [[nan]], y: [[-0.00089135]], cov: [[-50505.43150767]]
Qgw block values: q11=2.090726691472063e-22, q22=2.5924198563893636e-30
dt_idx: 432, dt: 15554.519138336182
Qspin block values: q11=1.2544360148832377e-16, q22=1.555451913833618e-24
The HPH magnitude is: [[93486.34173801]]
The R matrix for this timestep is: 44.89000000000099
log_likelihood: [[-6.64196388]], y: [[0.00136226]], cov: [[93531.23173801]]
Qgw block values: q11=1.4740417331205409e-24, q22=4.9709894847869876e-31
dt_idx: 433, dt: 2982.5936908721924
Qspin block values: q11=8.844250398723245e-19, q22=2.9825936908721924e-25
The HPH magnitude is: [[-5595.00617369]]
The R matrix for this timestep is: 44.89000000000844
log_likelihood: [[nan]], y: [[-6.97949891e-05]], cov: [[-5550.11617369]]
Qgw block values: q11=1.7582991714579695e-24, q22=5.271940601666768e-31
dt_idx: 434, dt: 3163.164361000061
Qspin block values: q11=1.0549795028747819e-18, q22=3.163164361000061e-25
The HPH magnitude is: [[-89125.84129116]]
The R matrix for this timestep is: 44.89000000005391
log_likelihood: [[nan]], y: [[0.00155433]], cov: [[-89080.95129116]]
Qgw block values: q11=2.9027950585584456e-25, q22=2.8920893732706705e-31
dt_idx: 435, dt: 1735.2536239624023
Qspin block values: q11=1.7416770351350673e-19, q22=1.7352536239624023e-25
The HPH magnitude is: [[353356.90798407]]
The R matrix for this timestep is: 44.89000000003725
log_likelihood: [[-7.306619]], y: [[0.00165711]], cov: [[353401.79798407]]
Qgw block values: q11=9.267421572343878e-25, q22=4.2585252285003666e-31
dt_idx: 436, dt: 2555.1151371002197
Qspin block values: q11=5.560452943406327e-19, q22=2.5551151371002197e-25
The HPH magnitude is: [[417110.42196725]]
The R matrix for this timestep is: 44.89000000000002
log_likelihood: [[-7.38954547]], y: [[0.00108768]], cov: [[417155.31196725]]
Qgw block values: q11=2.4408737067686704e-24, q22=5.881047507921855e-31
dt_idx: 437, dt: 3528.628504753113
Qspin block values: q11=1.4645242240612022e-18, q22=3.5286285047531125e-25
The HPH magnitude is: [[-21263.03497384]]
The R matrix for this timestep is: 44.89000000011862
log_likelihood: [[nan]], y: [[-0.0004139]], cov: [[-21218.14497384]]
Qgw block values: q11=2.8978773660792237e-22, q22=2.8904552648862203e-30
dt_idx: 438, dt: 17342.73158931732
Qspin block values: q11=1.738726419647534e-16, q22=1.7342731589317323e-24
The HPH magnitude is: [[65574.1070411]]
The R matrix for this timestep is: 44.89000000057132
log_likelihood: [[-6.46474879]], y: [[-0.00037731]], cov: [[65618.9970411]]
Qgw block values: q11=9.866090057639085e-23, q22=2.018310330549876e-30
dt_idx: 439, dt: 12109.861983299255
Qspin block values: q11=5.919654034583451e-17, q22=1.2109861983299255e-24
The HPH magnitude is: [[239954.87299464]]
The R matrix for this timestep is: 44.890000000001265
log_likelihood: [[-7.11313514]], y: [[0.00202377]], cov: [[239999.76299464]]
Qgw block values: q11=6.545379037918759e-25, q22=3.7924324305852253e-31
dt_idx: 440, dt: 2275.4594583511353
Qspin block values: q11=3.9272274227512548e-19, q22=2.2754594583511354e-25
The HPH magnitude is: [[46286.82897443]]
The R matrix for this timestep is: 44.890000000017125
log_likelihood: [[-6.29072957]], y: [[0.00038145]], cov: [[46331.71897443]]
Qgw block values: q11=5.2707326351382775e-28, q22=3.5282816569010415e-32
dt_idx: 441, dt: 211.6968994140625
Qspin block values: q11=3.162439581082966e-22, q22=2.116968994140625e-26
The HPH magnitude is: [[60166.52512345]]
The R matrix for this timestep is: 44.890000000015796
log_likelihood: [[-6.42174715]], y: [[0.00067167]], cov: [[60211.41512345]]
Qgw block values: q11=4.2767661008607754e-27, q22=7.089975770314534e-32
dt_idx: 442, dt: 425.39854621887207
Qspin block values: q11=2.566059660516465e-21, q22=4.2539854621887206e-26
The HPH magnitude is: [[-431196.5261297]]
The R matrix for this timestep is: 44.89000000004584
log_likelihood: [[nan]], y: [[0.00174938]], cov: [[-431151.6361297]]
Qgw block values: q11=2.2782635387095583e-23, q22=1.2382478176752727e-30
dt_idx: 443, dt: 7429.486906051636
Qspin block values: q11=1.3669581232257349e-17, q22=7.429486906051636e-25
The HPH magnitude is: [[-27664.43754875]]
The R matrix for this timestep is: 44.89000000003654
log_likelihood: [[nan]], y: [[0.00027687]], cov: [[-27619.54754875]]
Qgw block values: q11=9.206486725936855e-25, q22=4.249171191851298e-31
dt_idx: 444, dt: 2549.502715110779
Qspin block values: q11=5.523892035562112e-19, q22=2.5495027151107787e-25
The HPH magnitude is: [[6703.949847]]
The R matrix for this timestep is: 44.89000000004401
log_likelihood: [[-5.32750148]], y: [[2.46428554e-05]], cov: [[6748.839847]]
Qgw block values: q11=1.4876824185875793e-25, q22=2.3144243764877318e-31
dt_idx: 445, dt: 1388.6546258926392
Qspin block values: q11=8.926094511525476e-20, q22=1.3886546258926392e-25
The HPH magnitude is: [[-252603.68216218]]
The R matrix for this timestep is: 44.89000000003418
log_likelihood: [[nan]], y: [[0.00067454]], cov: [[-252558.79216218]]
Qgw block values: q11=2.23011039085098e-22, q22=2.64879514503479e-30
dt_idx: 446, dt: 15892.77087020874
Qspin block values: q11=1.338066234510588e-16, q22=1.589277087020874e-24
The HPH magnitude is: [[2012740.92860296]]
The R matrix for this timestep is: 44.89000000000734
log_likelihood: [[-8.17645368]], y: [[0.00012125]], cov: [[2012785.81860296]]
Qgw block values: q11=1.1922850023197633e-23, q22=9.978523359298706e-31
dt_idx: 447, dt: 5987.114015579224
Qspin block values: q11=7.153710013918579e-18, q22=5.987114015579223e-25
The HPH magnitude is: [[-637930.45349349]]
The R matrix for this timestep is: 44.89000000000466
log_likelihood: [[nan]], y: [[0.00379108]], cov: [[-637885.56349349]]
Qgw block values: q11=1.4343052597568518e-23, q22=1.061255893389384e-30
dt_idx: 448, dt: 6367.535360336304
Qspin block values: q11=8.60583155854111e-18, q22=6.367535360336303e-25
The HPH magnitude is: [[314771.39278452]]
The R matrix for this timestep is: 44.890000000054606
log_likelihood: [[-7.24881079]], y: [[0.00282754]], cov: [[314816.28278452]]
Qgw block values: q11=3.254098939653251e-25, q22=3.004345227877299e-31
dt_idx: 449, dt: 1802.6071367263794
Qspin block values: q11=1.9524593637919507e-19, q22=1.8026071367263794e-25
The HPH magnitude is: [[324064.96673419]]
The R matrix for this timestep is: 44.89000000014866
log_likelihood: [[-7.26335743]], y: [[0.0018851]], cov: [[324109.85673419]]
Qgw block values: q11=1.3534488352420604e-23, q22=1.0409268209139507e-30
dt_idx: 450, dt: 6245.560925483704
Qspin block values: q11=8.120693011452361e-18, q22=6.245560925483703e-25
The HPH magnitude is: [[303036.76051694]]
The R matrix for this timestep is: 44.89000000000305
log_likelihood: [[-7.22981729]], y: [[0.00366387]], cov: [[303081.65051694]]
Qgw block values: q11=1.2091495985411582e-23, q22=1.0025351228713989e-30
dt_idx: 451, dt: 6015.210737228394
Qspin block values: q11=7.25489759124695e-18, q22=6.015210737228393e-25
The HPH magnitude is: [[4634.76213397]]
The R matrix for this timestep is: 44.890000000039045
log_likelihood: [[-5.14442806]], y: [[-0.00086396]], cov: [[4679.65213397]]
Qgw block values: q11=1.158800188597443e-25, q22=2.12949081103007e-31
dt_idx: 452, dt: 1277.694486618042
Qspin block values: q11=6.952801131584659e-20, q22=1.2776944866180419e-25
The HPH magnitude is: [[-550131.80617774]]
The R matrix for this timestep is: 44.89000000039014
log_likelihood: [[nan]], y: [[-0.00390717]], cov: [[-550086.91617774]]
Qgw block values: q11=4.193231519868954e-24, q22=7.043511021931966e-31
dt_idx: 453, dt: 4226.10661315918
Qspin block values: q11=2.5159389119213723e-18, q22=4.22610661315918e-25
The HPH magnitude is: [[1275956.86933138]]
The R matrix for this timestep is: 44.89000000002071
log_likelihood: [[-7.94855959]], y: [[0.00073796]], cov: [[1276001.75933138]]
Qgw block values: q11=9.367841777829594e-25, q22=4.273851555188497e-31
dt_idx: 454, dt: 2564.310933113098
Qspin block values: q11=5.620705066697756e-19, q22=2.564310933113098e-25
The HPH magnitude is: [[-1819.20352659]]
The R matrix for this timestep is: 44.89000000001218
log_likelihood: [[nan]], y: [[0.00068798]], cov: [[-1774.31352659]]
Qgw block values: q11=7.499593091374773e-23, q22=1.841982436180115e-30
dt_idx: 455, dt: 11051.894617080688
Qspin block values: q11=4.499755854824864e-17, q22=1.1051894617080689e-24
The HPH magnitude is: [[16698051.58599574]]
The R matrix for this timestep is: 44.89000000000954
log_likelihood: [[-9.23434118]], y: [[-0.11789397]], cov: [[16698096.47599574]]
Qgw block values: q11=6.535798361261518e-25, q22=3.790581159591675e-31
dt_idx: 456, dt: 2274.348695755005
Qspin block values: q11=3.921479016756911e-19, q22=2.2743486957550047e-25
The HPH magnitude is: [[830657.96985055]]
The R matrix for this timestep is: 44.89000000000472
log_likelihood: [[-7.73395225]], y: [[0.00715164]], cov: [[830702.85985055]]
Qgw block values: q11=3.110422036735731e-24, q22=6.375966472625733e-31
dt_idx: 457, dt: 3825.5798835754395
Qspin block values: q11=1.8662532220414386e-18, q22=3.8255798835754395e-25
The HPH magnitude is: [[447805.60084208]]
The R matrix for this timestep is: 44.89000000001589
log_likelihood: [[-7.4250459]], y: [[0.00225036]], cov: [[447850.49084208]]
Qgw block values: q11=9.648224464571216e-23, q22=2.0033433291117352e-30
dt_idx: 458, dt: 12020.05997467041
Qspin block values: q11=5.788934678742729e-17, q22=1.202005997467041e-24
The HPH magnitude is: [[-10222408.1436574]]
The R matrix for this timestep is: 44.890000000007824
log_likelihood: [[nan]], y: [[0.03280117]], cov: [[-10222363.2536574]]
Qgw block values: q11=6.397788720232297e-22, q22=3.763710546016693e-30
dt_idx: 459, dt: 22582.26327610016
Qspin block values: q11=3.8386732321393776e-16, q22=2.2582263276100157e-24
The HPH magnitude is: [[-2120745.01898398]]
The R matrix for this timestep is: 44.89000000000008
log_likelihood: [[nan]], y: [[-0.01687121]], cov: [[-2120700.12898398]]
Qgw block values: q11=3.8986499208145865e-23, q22=1.481077091217041e-30
dt_idx: 460, dt: 8886.462547302246
Qspin block values: q11=2.339189952488752e-17, q22=8.886462547302245e-25
The HPH magnitude is: [[-31197.1145731]]
The R matrix for this timestep is: 44.89000000022852
log_likelihood: [[nan]], y: [[-0.0044059]], cov: [[-31152.2245731]]
Qgw block values: q11=7.583991416419544e-07, q22=3.9761274335296625e-28
dt_idx: 461, dt: 2391386.0812749863
Qspin block values: q11=0.044777067697467275, q22=2.3350997218867807e-22
The HPH magnitude is: [[-51807.72422703]]
The R matrix for this timestep is: 44.89000000005244
log_likelihood: [[nan]], y: [[0.01463437]], cov: [[-51762.83422703]]
Qgw block values: q11=2.204741825530254e-22, q22=2.6387130505243938e-30
dt_idx: 462, dt: 15832.278303146362
Qspin block values: q11=1.3228450953181522e-16, q22=1.5832278303146361e-24
The HPH magnitude is: [[1994769.55304797]]
The R matrix for this timestep is: 44.890000000037574
log_likelihood: [[-8.17196933]], y: [[0.04997886]], cov: [[1994814.44304797]]
Qgw block values: q11=1.2810409990991175e-23, q22=1.022022823492686e-30
dt_idx: 463, dt: 6132.136940956116
Qspin block values: q11=7.686245994594706e-18, q22=6.132136940956115e-25
The HPH magnitude is: [[3734438.79178963]]
The R matrix for this timestep is: 44.89000000000134
log_likelihood: [[-8.4854986]], y: [[0.06676508]], cov: [[3734483.68178963]]
Qgw block values: q11=3.5834781154006305e-23, q22=1.4400398270289103e-30
dt_idx: 464, dt: 8640.238962173462
Qspin block values: q11=2.1500868692403785e-17, q22=8.64023896217346e-25
The HPH magnitude is: [[-1221446.84742681]]
The R matrix for this timestep is: 44.8900000000092
log_likelihood: [[nan]], y: [[0.01350111]], cov: [[-1221401.95742681]]
Qgw block values: q11=1.373537170984178e-25, q22=2.2536495892206828e-31
dt_idx: 465, dt: 1352.1897535324097
Qspin block values: q11=8.241223025905068e-20, q22=1.3521897535324096e-25
The HPH magnitude is: [[8139628.98675264]]
The R matrix for this timestep is: 44.89000000000853
log_likelihood: [[-8.87506887]], y: [[0.02144783]], cov: [[8139673.87675264]]
Qgw block values: q11=4.939235648921515e-24, q22=7.4386278804143275e-31
dt_idx: 466, dt: 4463.176728248596
Qspin block values: q11=2.9635413893529086e-18, q22=4.463176728248596e-25
The HPH magnitude is: [[753012.99757866]]
The R matrix for this timestep is: 44.89000000000009
log_likelihood: [[-7.68488722]], y: [[-0.0047239]], cov: [[753057.88757866]]
Qgw block values: q11=2.15495669693963e-24, q22=5.641818369229635e-31
dt_idx: 467, dt: 3385.0910215377808
Qspin block values: q11=1.2929740181637779e-18, q22=3.3850910215377805e-25
The HPH magnitude is: [[3573864.65448218]]
The R matrix for this timestep is: 44.89000000000002
log_likelihood: [[-8.46352387]], y: [[0.00866188]], cov: [[3573909.54448218]]
Qgw block values: q11=8.95277131525032e-22, q22=4.209773678779602e-30
dt_idx: 468, dt: 25258.642072677612
Qspin block values: q11=5.371662789150191e-16, q22=2.525864207267761e-24
The HPH magnitude is: [[3731905.7993157]]
The R matrix for this timestep is: 44.8900000000051
log_likelihood: [[-8.48515935]], y: [[-0.01606582]], cov: [[3731950.6893157]]
Qgw block values: q11=6.956234833334909e-23, q22=1.7963777321179707e-30
dt_idx: 469, dt: 10778.266392707825
Qspin block values: q11=4.173740900000945e-17, q22=1.0778266392707824e-24
The HPH magnitude is: [[-8266.56253278]]
The R matrix for this timestep is: 44.89000000000602
log_likelihood: [[nan]], y: [[0.00025907]], cov: [[-8221.67253278]]
Qgw block values: q11=1.6743176285527529e-23, q22=1.117426246325175e-30
dt_idx: 470, dt: 6704.55747795105
Qspin block values: q11=1.0045905771316516e-17, q22=6.70455747795105e-25
The HPH magnitude is: [[428600.86791766]]
The R matrix for this timestep is: 44.890000000020954
log_likelihood: [[-7.40313159]], y: [[-0.00745369]], cov: [[428645.75791766]]
Qgw block values: q11=8.601703964978755e-26, q22=1.9281215794881185e-31
dt_idx: 471, dt: 1156.872947692871
Qspin block values: q11=5.1610223789872524e-20, q22=1.156872947692871e-25
The HPH magnitude is: [[-2184078.64193083]]
The R matrix for this timestep is: 44.8900000004441
log_likelihood: [[nan]], y: [[-0.00418861]], cov: [[-2184033.75193082]]
Qgw block values: q11=7.840511076599834e-26, q22=1.8694809420903524e-31
dt_idx: 472, dt: 1121.6885652542114
Qspin block values: q11=4.7043066459599e-20, q22=1.1216885652542115e-25
The HPH magnitude is: [[7687420.42272339]]
The R matrix for this timestep is: 44.8900000000031
log_likelihood: [[-8.84648937]], y: [[-0.06474391]], cov: [[7687465.31272339]]
Qgw block values: q11=3.5950140734967176e-22, q22=3.105797358671824e-30
dt_idx: 473, dt: 18634.784152030945
Qspin block values: q11=2.1570084440980304e-16, q22=1.8634784152030943e-24
The HPH magnitude is: [[55411649.79455328]]
The R matrix for this timestep is: 44.890000000008456
log_likelihood: [[-9.83408915]], y: [[-0.34158043]], cov: [[55411694.68455328]]
Qgw block values: q11=2.4545298928294286e-24, q22=5.89199486732483e-31
dt_idx: 474, dt: 3535.1969203948975
Qspin block values: q11=1.472717935697657e-18, q22=3.5351969203948973e-25
The HPH magnitude is: [[-254263.65958399]]
The R matrix for this timestep is: 44.890000000027015
log_likelihood: [[nan]], y: [[-0.00228223]], cov: [[-254218.76958399]]
Qgw block values: q11=2.2483533093532593e-25, q22=2.6559981648127238e-31
dt_idx: 475, dt: 1593.5988988876343
Qspin block values: q11=1.3490119856119557e-19, q22=1.5935988988876342e-25
The HPH magnitude is: [[-16748129.48102672]]
The R matrix for this timestep is: 44.89000000004513
log_likelihood: [[nan]], y: [[-0.0583357]], cov: [[-16748084.59102672]]
Qgw block values: q11=7.082123735186651e-25, q22=3.8933856280644736e-31
dt_idx: 476, dt: 2336.031376838684
Qspin block values: q11=4.24927424111199e-19, q22=2.336031376838684e-25
The HPH magnitude is: [[1139042.52010021]]
The R matrix for this timestep is: 44.89000000004039
log_likelihood: [[-7.89180752]], y: [[0.01173268]], cov: [[1139087.41010021]]
Qgw block values: q11=1.0049045191256512e-24, q22=4.375031501452128e-31
dt_idx: 477, dt: 2625.018900871277
Qspin block values: q11=6.029427114753907e-19, q22=2.625018900871277e-25
The HPH magnitude is: [[97600.77941443]]
The R matrix for this timestep is: 44.890000000009394
log_likelihood: [[-6.66348883]], y: [[0.00152813]], cov: [[97645.66941443]]
Qgw block values: q11=1.369009035558821e-22, q22=2.251170329729716e-30
dt_idx: 478, dt: 13507.021978378296
Qspin block values: q11=8.214054213352926e-17, q22=1.3507021978378295e-24
The HPH magnitude is: [[-409235.91150253]]
The R matrix for this timestep is: 44.890000000032046
log_likelihood: [[nan]], y: [[-0.00398408]], cov: [[-409191.02150253]]
Qgw block values: q11=8.368708846215048e-24, q22=8.868001084327698e-31
dt_idx: 479, dt: 5320.800650596619
Qspin block values: q11=5.021225307729029e-18, q22=5.320800650596618e-25
The HPH magnitude is: [[-2602342.15163497]]
The R matrix for this timestep is: 44.890000000029026
log_likelihood: [[nan]], y: [[-0.00481872]], cov: [[-2602297.26163497]]
Qgw block values: q11=1.890611335172568e-24, q22=5.400993696848551e-31
dt_idx: 480, dt: 3240.596218109131
Qspin block values: q11=1.1343668011035407e-18, q22=3.2405962181091306e-25
The HPH magnitude is: [[-103546.43429241]]
The R matrix for this timestep is: 44.89000000068064
log_likelihood: [[nan]], y: [[0.00260005]], cov: [[-103501.54429241]]
Qgw block values: q11=2.719221372258389e-25, q22=2.829791512489319e-31
dt_idx: 481, dt: 1697.8749074935913
Qspin block values: q11=1.631532823355033e-19, q22=1.6978749074935913e-25
The HPH magnitude is: [[1666540.53191102]]
The R matrix for this timestep is: 44.890000000023335
log_likelihood: [[-8.08208225]], y: [[-0.00747046]], cov: [[1666585.42191102]]
Qgw block values: q11=4.3321101265896945e-23, q22=1.5340496435165405e-30
dt_idx: 482, dt: 9204.297861099243
Qspin block values: q11=2.5992660759538166e-17, q22=9.204297861099244e-25
The HPH magnitude is: [[-64874.82646373]]
The R matrix for this timestep is: 44.890000000005536
log_likelihood: [[nan]], y: [[-0.00089733]], cov: [[-64829.93646373]]
Qgw block values: q11=2.0371645198097158e-24, q22=5.53709046681722e-31
dt_idx: 483, dt: 3322.254280090332
Qspin block values: q11=1.2222987118858295e-18, q22=3.322254280090332e-25
The HPH magnitude is: [[-27537.18076508]]
The R matrix for this timestep is: 44.890000000004655
log_likelihood: [[nan]], y: [[0.00030655]], cov: [[-27492.29076508]]
Qgw block values: q11=5.198252171450448e-23, q22=1.63014173301061e-30
dt_idx: 484, dt: 9780.85039806366
Qspin block values: q11=3.1189513028702686e-17, q22=9.780850398063659e-25
The HPH magnitude is: [[-37907.51545639]]
The R matrix for this timestep is: 44.89000000017829
log_likelihood: [[nan]], y: [[-0.00090446]], cov: [[-37862.62545639]]
Qgw block values: q11=2.8500090646999234e-23, q22=1.3342022388776143e-30
dt_idx: 485, dt: 8005.213433265686
Qspin block values: q11=1.7100054388199537e-17, q22=8.005213433265686e-25
The HPH magnitude is: [[1260132.68287017]]
The R matrix for this timestep is: 44.89000000000128
log_likelihood: [[-7.94232013]], y: [[-0.00221511]], cov: [[1260177.57287017]]
Qgw block values: q11=1.0880205487316096e-22, q22=2.085220330397288e-30
dt_idx: 486, dt: 12511.321982383728
Qspin block values: q11=6.528123292389657e-17, q22=1.2511321982383729e-24
The HPH magnitude is: [[12015.9120903]]
The R matrix for this timestep is: 44.890000000035876
log_likelihood: [[-5.61779652]], y: [[0.00038027]], cov: [[12060.8020903]]
Qgw block values: q11=2.8578613322343293e-27, q22=6.198500426610311e-32
dt_idx: 487, dt: 371.91002559661865
Qspin block values: q11=1.7147167993405974e-21, q22=3.7191002559661864e-26
The HPH magnitude is: [[508270.6489528]]
The R matrix for this timestep is: 44.89000000014093
log_likelihood: [[-7.48836737]], y: [[0.0009312]], cov: [[508315.5389528]]
Qgw block values: q11=1.1840091319092485e-22, q22=2.1448220640818277e-30
dt_idx: 488, dt: 12868.932384490967
Qspin block values: q11=7.10405479145549e-17, q22=1.2868932384490966e-24
The HPH magnitude is: [[302158.70928331]]
The R matrix for this timestep is: 44.89000000001926
log_likelihood: [[-7.22836665]], y: [[-0.00016477]], cov: [[302203.59928331]]
Qgw block values: q11=1.7879144661736958e-26, q22=1.1421465460459392e-31
dt_idx: 489, dt: 685.2879276275635
Qspin block values: q11=1.0727486797042174e-20, q22=6.852879276275635e-26
The HPH magnitude is: [[-20416.8145376]]
The R matrix for this timestep is: 44.89000000010337
log_likelihood: [[nan]], y: [[1.2566589e-05]], cov: [[-20371.9245376]]
Qgw block values: q11=1.4828989233677272e-24, q22=4.9809261337916055e-31
dt_idx: 490, dt: 2988.5556802749634
Qspin block values: q11=8.897393540206364e-19, q22=2.988555680274963e-25
The HPH magnitude is: [[26493.11398436]]
The R matrix for this timestep is: 44.89000000000013
log_likelihood: [[-6.01210508]], y: [[0.00133044]], cov: [[26538.00398436]]
Qgw block values: q11=4.044998376642614e-22, q22=3.230321157296499e-30
dt_idx: 491, dt: 19381.92694377899
Qspin block values: q11=2.4269990259855683e-16, q22=1.938192694377899e-24
The HPH magnitude is: [[-1009862.91361599]]
The R matrix for this timestep is: 44.890000000027875
log_likelihood: [[nan]], y: [[0.00817849]], cov: [[-1009818.02361599]]
Qgw block values: q11=1.4278926249188029e-21, q22=4.9185614484151206e-30
dt_idx: 492, dt: 29511.368690490723
Qspin block values: q11=8.567355749512817e-16, q22=2.951136869049072e-24
The HPH magnitude is: [[338069.70835781]]
The R matrix for this timestep is: 44.890000000026205
log_likelihood: [[-7.28450862]], y: [[-0.00113774]], cov: [[338114.59835781]]
Qgw block values: q11=7.325887991986334e-23, q22=1.8276499101320904e-30
dt_idx: 493, dt: 10965.899460792542
Qspin block values: q11=4.3955327951918e-17, q22=1.0965899460792541e-24
The HPH magnitude is: [[56092.34230537]]
The R matrix for this timestep is: 44.89000000001272
log_likelihood: [[-6.38671581]], y: [[-0.00212438]], cov: [[56137.23230537]]
Qgw block values: q11=6.63473893345023e-07, q22=3.803086844700565e-28
dt_idx: 494, dt: 2287074.851958275
Qspin block values: q11=0.039199994170479466, q22=2.2355562360915373e-22
The HPH magnitude is: [[-293635.33197715]]
The R matrix for this timestep is: 44.89000000043448
log_likelihood: [[nan]], y: [[-0.00315095]], cov: [[-293590.44197715]]
Qgw block values: q11=3.800477663131283e-21, q22=6.816356759389241e-30
dt_idx: 495, dt: 40898.14055633545
Qspin block values: q11=2.28028659787877e-15, q22=4.0898140556335446e-24
The HPH magnitude is: [[-9495.5254789]]
The R matrix for this timestep is: 44.8900000000775
log_likelihood: [[nan]], y: [[0.00040494]], cov: [[-9450.6354789]]
Qgw block values: q11=1.7134001574416363e-24, q22=5.22667928536733e-31
dt_idx: 496, dt: 3136.007571220398
Qspin block values: q11=1.028040094464982e-18, q22=3.136007571220398e-25
The HPH magnitude is: [[81.08274322]]
The R matrix for this timestep is: 44.89000000002331
log_likelihood: [[-3.33697131]], y: [[0.00018974]], cov: [[125.97274322]]
Qgw block values: q11=1.9225060331664622e-29, q22=1.1701157410939534e-32
dt_idx: 497, dt: 70.2069444656372
Qspin block values: q11=1.1535036198998774e-23, q22=7.020694446563721e-27
The HPH magnitude is: [[-1116776.23004954]]
The R matrix for this timestep is: 44.89000000000011
log_likelihood: [[nan]], y: [[-0.01367942]], cov: [[-1116731.34004954]]
Qgw block values: q11=1.0242253627199379e-21, q22=4.402892615159353e-30
dt_idx: 498, dt: 26417.355690956116
Qspin block values: q11=6.145352176319627e-16, q22=2.6417355690956113e-24
The HPH magnitude is: [[155138.31609601]]
The R matrix for this timestep is: 44.89000000003894
log_likelihood: [[-6.89511937]], y: [[0.00561591]], cov: [[155183.20609601]]
Compilation time: 5.0745 seconds
The HPH magnitude is: [[0.00010565]]
The R matrix for this timestep is: 44.89000000014605
log_likelihood: [[-2.82104724]], y: [[2.53170627e-06]], cov: [[44.89010565]]
Qgw block values: q11=9.566457755119744e-24, q22=9.272353293100992e-31
dt_idx: 0, dt: 5563.411975860596
Qspin block values: q11=5.739874653071846e-18, q22=5.563411975860596e-25
The HPH magnitude is: [[309516.71089747]]
The R matrix for this timestep is: 44.890000000035215
log_likelihood: [[-7.24039473]], y: [[-2.34266825e-06]], cov: [[309561.60089747]]
Qgw block values: q11=1.889431571405199e-21, q22=5.3998700351715085e-30
dt_idx: 1, dt: 32399.220211029053
Qspin block values: q11=1.1336589428431195e-15, q22=3.239922021102905e-24
The HPH magnitude is: [[14411253.96797337]]
The R matrix for this timestep is: 44.89000000000126
log_likelihood: [[-9.16070008]], y: [[1.14138913e-06]], cov: [[14411298.85797337]]
Qgw block values: q11=3.419773149101532e-23, q22=1.417768590450287e-30
dt_idx: 2, dt: 8506.611542701721
Qspin block values: q11=2.0518638894609193e-17, q22=8.506611542701721e-25
The HPH magnitude is: [[21598745.64996485]]
The R matrix for this timestep is: 44.890000000007255
log_likelihood: [[-9.36301247]], y: [[3.53368951e-06]], cov: [[21598790.53996485]]
Qgw block values: q11=5.992485944308741e-24, q22=7.933690592447917e-31
dt_idx: 3, dt: 4760.21435546875
Qspin block values: q11=3.595491566585245e-18, q22=4.7602143554687495e-25
The HPH magnitude is: [[26244902.99107052]]
The R matrix for this timestep is: 44.89000000009627
log_likelihood: [[-9.46043057]], y: [[-7.05108606e-06]], cov: [[26244947.88107052]]
Qgw block values: q11=1.4776775455721073e-27, q22=4.975073210398356e-32
dt_idx: 4, dt: 298.50439262390137
Qspin block values: q11=8.866065273432644e-22, q22=2.9850439262390136e-26
The HPH magnitude is: [[26550262.49718788]]
The R matrix for this timestep is: 44.890000000033524
log_likelihood: [[-9.46621447]], y: [[3.88178079e-06]], cov: [[26550307.38718788]]
Qgw block values: q11=9.862056238501068e-25, q22=4.347725097338359e-31
dt_idx: 5, dt: 2608.635058403015
Qspin block values: q11=5.9172337431006405e-19, q22=2.608635058403015e-25
The HPH magnitude is: [[29307096.62494723]]
The R matrix for this timestep is: 44.89000000000008
log_likelihood: [[-9.51560942]], y: [[-1.6576224e-07]], cov: [[29307141.51494723]]
Qgw block values: q11=1.8113345138008915e-21, q22=5.324422035376231e-30
dt_idx: 6, dt: 31946.532212257385
Qspin block values: q11=1.0868007082805348e-15, q22=3.1946532212257385e-24
The HPH magnitude is: [[74098906.6505141]]
The R matrix for this timestep is: 44.890000000026106
log_likelihood: [[-9.9793945]], y: [[7.46916366e-06]], cov: [[74098951.5405141]]
Qgw block values: q11=2.511276553098185e-25, q22=2.755736986796061e-31
dt_idx: 7, dt: 1653.4421920776367
Qspin block values: q11=1.506765931858911e-19, q22=1.6534421920776368e-25
The HPH magnitude is: [[76990126.04977846]]
The R matrix for this timestep is: 44.89000000002323
log_likelihood: [[-9.99853269]], y: [[-4.6812443e-06]], cov: [[76990170.93977846]]
Qgw block values: q11=5.112653617761654e-24, q22=7.524685877164205e-31
dt_idx: 8, dt: 4514.811526298523
Qspin block values: q11=3.0675921706569923e-18, q22=4.514811526298523e-25
The HPH magnitude is: [[85097143.99416299]]
The R matrix for this timestep is: 44.89000000000582
log_likelihood: [[-10.04859081]], y: [[2.31818872e-06]], cov: [[85097188.88416299]]
Qgw block values: q11=1.4001472104759607e-24, q22=4.886495289802552e-31
dt_idx: 9, dt: 2931.8971738815308
Qspin block values: q11=8.400883262855764e-19, q22=2.9318971738815306e-25
The HPH magnitude is: [[90592549.4739863]]
The R matrix for this timestep is: 44.89000000000865
log_likelihood: [[-10.07988005]], y: [[-2.64704644e-06]], cov: [[90592594.3639863]]
Qgw block values: q11=1.5074505607351924e-25, q22=2.3246305656433107e-31
dt_idx: 10, dt: 1394.7783393859863
Qspin block values: q11=9.044703364411155e-20, q22=1.3947783393859864e-25
The HPH magnitude is: [[93269413.64574018]]
The R matrix for this timestep is: 44.89000000003131
log_likelihood: [[-10.09444017]], y: [[-4.5687053e-06]], cov: [[93269458.53574018]]
Qgw block values: q11=4.621084098400605e-22, q22=3.37692080227534e-30
dt_idx: 11, dt: 20261.52481365204
Qspin block values: q11=2.772650459040363e-16, q22=2.026152481365204e-24
The HPH magnitude is: [[1.36502602e+08]]
The R matrix for this timestep is: 44.89000000004852
log_likelihood: [[-10.28486581]], y: [[4.77983801e-07]], cov: [[1.36502647e+08]]
Qgw block values: q11=7.979247798771871e-26, q22=1.8804432678222657e-31
dt_idx: 12, dt: 1128.2659606933594
Qspin block values: q11=4.7875486792631227e-20, q22=1.1282659606933593e-25
The HPH magnitude is: [[1.39263445e+08]]
The R matrix for this timestep is: 44.89000000075542
log_likelihood: [[-10.29487769]], y: [[1.88771091e-05]], cov: [[1.3926349e+08]]
Qgw block values: q11=1.6907801977028306e-25, q22=2.41528639793396e-31
dt_idx: 13, dt: 1449.171838760376
Qspin block values: q11=1.0144681186216984e-19, q22=1.4491718387603759e-25
The HPH magnitude is: [[1.42588638e+08]]
The R matrix for this timestep is: 44.89000000000719
log_likelihood: [[-10.30667588]], y: [[-2.91749044e-06]], cov: [[1.42588683e+08]]
Qgw block values: q11=1.7930077178056498e-26, q22=1.1432300662994384e-31
dt_idx: 14, dt: 685.9380397796631
Qspin block values: q11=1.0758046306833899e-20, q22=6.85938039779663e-26
The HPH magnitude is: [[1.44232896e+08]]
The R matrix for this timestep is: 44.89000000000322
log_likelihood: [[-10.31240863]], y: [[-1.85760968e-06]], cov: [[1.44232941e+08]]
Qgw block values: q11=9.946773739002936e-23, q22=2.023797232468923e-30
dt_idx: 15, dt: 12142.783394813538
Qspin block values: q11=5.968064243401761e-17, q22=1.2142783394813537e-24
The HPH magnitude is: [[1.74870488e+08]]
The R matrix for this timestep is: 44.89000000002885
log_likelihood: [[-10.40871676]], y: [[7.5494865e-06]], cov: [[1.74870533e+08]]
Qgw block values: q11=2.2729869494550946e-23, q22=1.2372911276817322e-30
dt_idx: 16, dt: 7423.746766090393
Qspin block values: q11=1.3637921696730567e-17, q22=7.423746766090392e-25
The HPH magnitude is: [[1.95050734e+08]]
The R matrix for this timestep is: 44.89000000000736
log_likelihood: [[-10.46332378]], y: [[-1.77619307e-06]], cov: [[1.95050779e+08]]
Qgw block values: q11=2.262811901112507e-22, q22=2.661679354985555e-30
dt_idx: 17, dt: 15970.07612991333
Qspin block values: q11=1.3576871406675043e-16, q22=1.597007612991333e-24
The HPH magnitude is: [[2.42201194e+08]]
The R matrix for this timestep is: 44.89000000040306
log_likelihood: [[-10.57157828]], y: [[-4.82064464e-05]], cov: [[2.42201239e+08]]
Qgw block values: q11=2.9303236216314856e-25, q22=2.9012029695510866e-31
dt_idx: 18, dt: 1740.7217817306519
Qspin block values: q11=1.7581941729788912e-19, q22=1.7407217817306517e-25
The HPH magnitude is: [[2.47648723e+08]]
The R matrix for this timestep is: 44.890000000000164
log_likelihood: [[-10.58269955]], y: [[8.08006289e-07]], cov: [[2.47648768e+08]]
Qgw block values: q11=4.0368159582214835e-26, q22=1.4983705711364746e-31
dt_idx: 19, dt: 899.0223426818848
Qspin block values: q11=2.4220895749328902e-20, q22=8.990223426818848e-26
The HPH magnitude is: [[2.5048436e+08]]
The R matrix for this timestep is: 44.89000000000003
log_likelihood: [[-10.58839214]], y: [[7.49907856e-07]], cov: [[2.50484405e+08]]
Qgw block values: q11=6.891069436868443e-26, q22=1.7907506879170736e-31
dt_idx: 20, dt: 1074.4504127502441
Qspin block values: q11=4.134641662121066e-20, q22=1.074450412750244e-25
The HPH magnitude is: [[2.53902754e+08]]
The R matrix for this timestep is: 44.8900000000439
log_likelihood: [[-10.59516957]], y: [[7.11836848e-06]], cov: [[2.53902799e+08]]
Qgw block values: q11=6.061384076357609e-24, q22=7.963980461756388e-31
dt_idx: 21, dt: 4778.388277053833
Qspin block values: q11=3.636830445814565e-18, q22=4.778388277053833e-25
The HPH magnitude is: [[2.69408659e+08]]
The R matrix for this timestep is: 44.89000000002008
log_likelihood: [[-10.6248086]], y: [[-1.65027488e-06]], cov: [[2.69408704e+08]]
Qgw block values: q11=2.2812983558867083e-25, q22=2.6689080635706586e-31
dt_idx: 22, dt: 1601.344838142395
Qspin block values: q11=1.3687790135320248e-19, q22=1.601344838142395e-25
The HPH magnitude is: [[2.74634946e+08]]
The R matrix for this timestep is: 44.890000000001535
log_likelihood: [[-10.63441527]], y: [[9.48795142e-07]], cov: [[2.74634991e+08]]
Qgw block values: q11=2.0796333278533163e-22, q22=2.587826609611511e-30
dt_idx: 23, dt: 15526.959657669067
Qspin block values: q11=1.2477799967119897e-16, q22=1.5526959657669067e-24
The HPH magnitude is: [[3.28502922e+08]]
The R matrix for this timestep is: 44.89000000002116
log_likelihood: [[-10.72396675]], y: [[2.15164149e-06]], cov: [[3.28502967e+08]]
Qgw block values: q11=3.0677073511075298e-22, q22=2.9458517939249674e-30
dt_idx: 24, dt: 17675.110763549805
Qspin block values: q11=1.8406244106645177e-16, q22=1.7675110763549806e-24
The HPH magnitude is: [[3.95678822e+08]]
The R matrix for this timestep is: 44.89000000000714
log_likelihood: [[-10.81699528]], y: [[-7.2674772e-06]], cov: [[3.95678867e+08]]
Qgw block values: q11=3.1766103641059914e-22, q22=2.9803062998453777e-30
dt_idx: 25, dt: 17881.837799072266
Qspin block values: q11=1.9059662184635947e-16, q22=1.7881837799072265e-24
The HPH magnitude is: [[4.70053845e+08]]
The R matrix for this timestep is: 44.89000000002213
log_likelihood: [[-10.90311749]], y: [[-1.01558605e-05]], cov: [[4.7005389e+08]]
Qgw block values: q11=1.5736662503153144e-25, q22=2.358180958429972e-31
dt_idx: 26, dt: 1414.9085750579834
Qspin block values: q11=9.441997501891886e-20, q22=1.4149085750579834e-25
The HPH magnitude is: [[4.76156096e+08]]
The R matrix for this timestep is: 44.890000000013536
log_likelihood: [[-10.90956673]], y: [[-6.20467856e-06]], cov: [[4.76156141e+08]]
Qgw block values: q11=9.892005822764919e-25, q22=4.352121779123942e-31
dt_idx: 27, dt: 2611.2730674743652
Qspin block values: q11=5.935203493658951e-19, q22=2.611273067474365e-25
The HPH magnitude is: [[4.87643301e+08]]
The R matrix for this timestep is: 44.89000000001455
log_likelihood: [[-10.92148596]], y: [[6.89165195e-06]], cov: [[4.87643346e+08]]
Qgw block values: q11=1.992086620952488e-22, q22=2.55099137878418e-30
dt_idx: 28, dt: 15305.948272705078
Qspin block values: q11=1.1952519725714926e-16, q22=1.5305948272705078e-24
The HPH magnitude is: [[5.57537347e+08]]
The R matrix for this timestep is: 44.890000000158956
log_likelihood: [[-10.9884586]], y: [[1.38842867e-05]], cov: [[5.57537392e+08]]
Qgw block values: q11=1.5570676107344803e-23, q22=1.0907086103757222e-30
dt_idx: 29, dt: 6544.2516622543335
Qspin block values: q11=9.342405664406882e-18, q22=6.544251662254334e-25
The HPH magnitude is: [[5.88873713e+08]]
The R matrix for this timestep is: 44.89000000001178
log_likelihood: [[-11.01579973]], y: [[-4.41271714e-07]], cov: [[5.88873758e+08]]
Qgw block values: q11=1.1855185874319455e-24, q22=4.622841895421346e-31
dt_idx: 30, dt: 2773.7051372528076
Qspin block values: q11=7.113111524591673e-19, q22=2.7737051372528077e-25
The HPH magnitude is: [[6.0243014e+08]]
The R matrix for this timestep is: 44.890000000035066
log_likelihood: [[-11.0271797]], y: [[5.44316093e-06]], cov: [[6.02430185e+08]]
Qgw block values: q11=5.242230935413427e-22, q22=3.5219103835423785e-30
dt_idx: 31, dt: 21131.462301254272
Qspin block values: q11=3.1453385612480556e-16, q22=2.1131462301254272e-24
The HPH magnitude is: [[7.10579447e+08]]
The R matrix for this timestep is: 44.89000000002897
log_likelihood: [[-11.10973422]], y: [[2.44955907e-06]], cov: [[7.10579492e+08]]
Qgw block values: q11=6.715465762342015e-07, q22=3.8184226841934722e-28
dt_idx: 32, dt: 2296318.626564026
Qspin block values: q11=0.039674487922107794, q22=2.244385894919081e-22
The HPH magnitude is: [[9500964.31258595]]
The R matrix for this timestep is: 44.89000000001846
log_likelihood: [[-8.95239282]], y: [[0.00106927]], cov: [[9501009.20258595]]
Qgw block values: q11=9.748828796786442e-22, q22=4.331022093772888e-30
dt_idx: 33, dt: 25986.13256263733
Qspin block values: q11=5.849297278071865e-16, q22=2.598613256263733e-24
The HPH magnitude is: [[20976.07577194]]
The R matrix for this timestep is: 44.89000000000303
log_likelihood: [[-5.89557633]], y: [[3.9543615e-05]], cov: [[21020.96577194]]
Qgw block values: q11=7.100625924533812e-22, q22=3.896773195584615e-30
dt_idx: 34, dt: 23380.63917350769
Qspin block values: q11=4.260375554720287e-16, q22=2.338063917350769e-24
The HPH magnitude is: [[104549.23788526]]
The R matrix for this timestep is: 44.89000000000011
log_likelihood: [[-6.69785988]], y: [[7.94095456e-06]], cov: [[104594.12788526]]
Qgw block values: q11=1.9976123035935832e-22, q22=2.553347861925761e-30
dt_idx: 35, dt: 15320.087171554565
Qspin block values: q11=1.1985673821561498e-16, q22=1.5320087171554564e-24
The HPH magnitude is: [[21765.07195936]]
The R matrix for this timestep is: 44.89000000000854
log_likelihood: [[-5.91399959]], y: [[5.8235681e-05]], cov: [[21809.96195936]]
Qgw block values: q11=6.729680760376456e-22, q22=3.8276986495653785e-30
dt_idx: 36, dt: 22966.191897392273
Qspin block values: q11=4.0378084562258734e-16, q22=2.2966191897392273e-24
The HPH magnitude is: [[12627.56872993]]
The R matrix for this timestep is: 44.89000000005725
log_likelihood: [[-5.64253169]], y: [[-0.00012215]], cov: [[12672.45872993]]
Qgw block values: q11=1.757738610862751e-24, q22=5.271380295753479e-31
dt_idx: 37, dt: 3162.8281774520874
Qspin block values: q11=1.0546431665176503e-18, q22=3.1628281774520872e-25
The HPH magnitude is: [[7011.45130849]]
The R matrix for this timestep is: 44.890000000012556
log_likelihood: [[-5.34977952]], y: [[-8.2795918e-05]], cov: [[7056.34130849]]
Qgw block values: q11=1.7532879204749843e-23, q22=1.1347251087824505e-30
dt_idx: 38, dt: 6808.350652694702
Qspin block values: q11=1.0519727522849905e-17, q22=6.808350652694702e-25
The HPH magnitude is: [[11684.59429066]]
The R matrix for this timestep is: 44.89000000000143
log_likelihood: [[-5.60386902]], y: [[-1.56124379e-05]], cov: [[11729.48429066]]
Qgw block values: q11=5.1540358323548796e-27, q22=7.544933144251505e-32
dt_idx: 39, dt: 452.69598865509033
Qspin block values: q11=3.092421499412928e-21, q22=4.526959886550903e-26
The HPH magnitude is: [[13167.31300546]]
The R matrix for this timestep is: 44.8900000003802
log_likelihood: [[-5.66338661]], y: [[0.00079781]], cov: [[13212.20300546]]
Qgw block values: q11=7.448836060658946e-23, q22=1.837817531267802e-30
dt_idx: 40, dt: 11026.905187606812
Qspin block values: q11=4.4693016363953674e-17, q22=1.1026905187606811e-24
The HPH magnitude is: [[150676.20184647]]
The R matrix for this timestep is: 44.890000000005486
log_likelihood: [[-6.8805317]], y: [[-0.00019696]], cov: [[150721.09184647]]
Qgw block values: q11=4.1702457479578435e-25, q22=3.2633235422770184e-31
dt_idx: 41, dt: 1957.994125366211
Qspin block values: q11=2.5021474487747056e-19, q22=1.9579941253662109e-25
The HPH magnitude is: [[9985.32507593]]
The R matrix for this timestep is: 44.8900000000228
log_likelihood: [[-5.5256172]], y: [[-2.85540318e-05]], cov: [[10030.21507593]]
Qgw block values: q11=1.4877334611146452e-22, q22=2.314450845559438e-30
dt_idx: 42, dt: 13886.705073356628
Qspin block values: q11=8.92640076668787e-17, q22=1.3886705073356627e-24
The HPH magnitude is: [[7961.28494502]]
The R matrix for this timestep is: 44.89000000001895
log_likelihood: [[-5.41292273]], y: [[0.00010873]], cov: [[8006.17494502]]
Qgw block values: q11=2.456228086681787e-23, q22=1.2696844937006633e-30
dt_idx: 43, dt: 7618.1069622039795
Qspin block values: q11=1.4737368520090722e-17, q22=7.618106962203979e-25
The HPH magnitude is: [[16788.48549401]]
The R matrix for this timestep is: 44.89000000000625
log_likelihood: [[-5.78449795]], y: [[3.63530892e-05]], cov: [[16833.37549401]]
Qgw block values: q11=1.343959911534279e-24, q22=4.8202366018295285e-31
dt_idx: 44, dt: 2892.1419610977173
Qspin block values: q11=8.063759469205673e-19, q22=2.892141961097717e-25
The HPH magnitude is: [[38516.565116]]
The R matrix for this timestep is: 44.8900000000079
log_likelihood: [[-6.19894278]], y: [[-6.27641793e-05]], cov: [[38561.455116]]
Qgw block values: q11=2.6250017712886415e-26, q22=1.2981238174438477e-31
dt_idx: 45, dt: 778.8742904663086
Qspin block values: q11=1.5750010627731847e-20, q22=7.788742904663086e-26
The HPH magnitude is: [[5745.17547632]]
The R matrix for this timestep is: 44.89000000001006
log_likelihood: [[-5.25088797]], y: [[1.19120646e-05]], cov: [[5790.06547632]]
Qgw block values: q11=1.3790111370114066e-23, q22=1.0474392466545106e-30
dt_idx: 46, dt: 6284.635479927063
Qspin block values: q11=8.274066822068439e-18, q22=6.284635479927063e-25
The HPH magnitude is: [[125515.61403645]]
The R matrix for this timestep is: 44.89000000013119
log_likelihood: [[-6.78921005]], y: [[0.00036524]], cov: [[125560.50403645]]
Qgw block values: q11=3.1227287399561404e-23, q22=1.3754696269035339e-30
dt_idx: 47, dt: 8252.817761421204
Qspin block values: q11=1.873637243973684e-17, q22=8.252817761421203e-25
The HPH magnitude is: [[8424.5038192]]
The R matrix for this timestep is: 44.89000000000671
log_likelihood: [[-5.44104564]], y: [[9.64809193e-05]], cov: [[8469.3938192]]
Qgw block values: q11=3.509427159994017e-22, q22=3.0809524494806926e-30
dt_idx: 48, dt: 18485.714696884155
Qspin block values: q11=2.1056562959964102e-16, q22=1.8485714696884155e-24
The HPH magnitude is: [[13365.23609452]]
The R matrix for this timestep is: 44.89000000000002
log_likelihood: [[-5.67082122]], y: [[-1.2674639e-05]], cov: [[13410.12609452]]
Qgw block values: q11=9.182225624239031e-26, q22=1.970556559562683e-31
dt_idx: 49, dt: 1182.3339357376099
Qspin block values: q11=5.509335374543419e-20, q22=1.18233393573761e-25
The HPH magnitude is: [[37217.89097051]]
The R matrix for this timestep is: 44.89000000000733
log_likelihood: [[-6.18181367]], y: [[7.40105974e-05]], cov: [[37262.78097051]]
Qgw block values: q11=8.504843752082607e-26, q22=1.9208569844563803e-31
dt_idx: 50, dt: 1152.5141906738281
Qspin block values: q11=5.1029062512495644e-20, q22=1.152514190673828e-25
The HPH magnitude is: [[24797.35596189]]
The R matrix for this timestep is: 44.89000000006406
log_likelihood: [[-5.97908901]], y: [[9.74773799e-06]], cov: [[24842.24596189]]
Qgw block values: q11=2.484790822120035e-24, q22=5.916109396616618e-31
dt_idx: 51, dt: 3549.6656379699707
Qspin block values: q11=1.490874493272021e-18, q22=3.5496656379699707e-25
The HPH magnitude is: [[126540.73152657]]
The R matrix for this timestep is: 44.890000000033865
log_likelihood: [[-6.79327564]], y: [[-0.00019695]], cov: [[126585.62152657]]
Qgw block values: q11=2.4955005907958634e-27, q22=5.924596945444743e-32
dt_idx: 52, dt: 355.47581672668457
Qspin block values: q11=1.497300354477518e-21, q22=3.5547581672668454e-26
The HPH magnitude is: [[233090.98505627]]
The R matrix for this timestep is: 44.89000000000083
log_likelihood: [[-7.09862689]], y: [[-7.95747642e-05]], cov: [[233135.87505627]]
Qgw block values: q11=1.853515538073712e-26, q22=1.1559480810165405e-31
dt_idx: 53, dt: 693.5688486099243
Qspin block values: q11=1.1121093228442273e-20, q22=6.935688486099243e-26
The HPH magnitude is: [[7185.25009048]]
The R matrix for this timestep is: 44.89000000001279
log_likelihood: [[-5.36194538]], y: [[8.1336447e-05]], cov: [[7230.14009048]]
Qgw block values: q11=1.5589357852997634e-30, q22=5.064644813537598e-33
dt_idx: 54, dt: 30.387868881225586
Qspin block values: q11=9.35361471179858e-25, q22=3.0387868881225585e-27
The HPH magnitude is: [[6116.29503174]]
The R matrix for this timestep is: 44.89000000003735
log_likelihood: [[-5.28195074]], y: [[-5.93988852e-05]], cov: [[6161.18503174]]
Qgw block values: q11=1.4258756084635554e-24, q22=4.916244398752848e-31
dt_idx: 55, dt: 2949.746639251709
Qspin block values: q11=8.555253650781332e-19, q22=2.949746639251709e-25
The HPH magnitude is: [[36674.86591448]]
The R matrix for this timestep is: 44.89000000004166
log_likelihood: [[-6.17447363]], y: [[0.00014319]], cov: [[36719.75591448]]
Qgw block values: q11=1.2987711891337066e-21, q22=4.765595020771027e-30
dt_idx: 56, dt: 28593.57012462616
Qspin block values: q11=7.792627134802239e-16, q22=2.8593570124626158e-24
The HPH magnitude is: [[13967.07563503]]
The R matrix for this timestep is: 44.890000000000136
log_likelihood: [[-5.692772]], y: [[-1.32108132e-05]], cov: [[14011.96563503]]
Qgw block values: q11=2.1285172045179506e-24, q22=5.61864991346995e-31
dt_idx: 57, dt: 3371.18994808197
Qspin block values: q11=1.2771103227107704e-18, q22=3.37118994808197e-25
The HPH magnitude is: [[33711.22620443]]
The R matrix for this timestep is: 44.89000000042488
log_likelihood: [[-6.13239698]], y: [[-0.00044395]], cov: [[33756.11620443]]
Qgw block values: q11=1.1320500966431542e-23, q22=9.807571132977804e-31
dt_idx: 58, dt: 5884.542679786682
Qspin block values: q11=6.792300579858925e-18, q22=5.8845426797866815e-25
The HPH magnitude is: [[20044.90566209]]
The R matrix for this timestep is: 44.89000000003495
log_likelihood: [[-5.87292218]], y: [[-0.00014646]], cov: [[20089.79566209]]
Qgw block values: q11=3.999244782545306e-24, q22=6.933176350593567e-31
dt_idx: 59, dt: 4159.90581035614
Qspin block values: q11=2.3995468695271833e-18, q22=4.15990581035614e-25
The HPH magnitude is: [[47959.10260446]]
The R matrix for this timestep is: 44.89000000003362
log_likelihood: [[-6.30845827]], y: [[0.00014197]], cov: [[48003.99260446]]
Qgw block values: q11=4.212023803978496e-21, q22=7.05401735162735e-30
dt_idx: 60, dt: 42324.1041097641
Qspin block values: q11=2.5272142823870978e-15, q22=4.23241041097641e-24
The HPH magnitude is: [[7.96616579e+10]]
The R matrix for this timestep is: 44.89000000014101
log_likelihood: [[-13.46946565]], y: [[-6.12904774e-06]], cov: [[7.96616579e+10]]
Qgw block values: q11=4.6921049784260723e-23, q22=1.5754168688456218e-30
dt_idx: 61, dt: 9452.50121307373
Qspin block values: q11=2.815262987055643e-17, q22=9.452501213073731e-25
The HPH magnitude is: [[5346.43449352]]
The R matrix for this timestep is: 44.89000000001334
log_likelihood: [[-5.21521172]], y: [[-1.84989905e-05]], cov: [[5391.32449352]]
Qgw block values: q11=3.042232931151284e-21, q22=6.32902880636851e-30
dt_idx: 62, dt: 37974.17283821106
Qspin block values: q11=1.8253397586907704e-15, q22=3.797417283821106e-24
The HPH magnitude is: [[50275.67142744]]
The R matrix for this timestep is: 44.890000000028756
log_likelihood: [[-6.33202306]], y: [[-0.00025286]], cov: [[50320.56142744]]
Qgw block values: q11=1.862346880288818e-21, q22=5.373943671067556e-30
dt_idx: 63, dt: 32243.662026405334
Qspin block values: q11=1.1174081281732905e-15, q22=3.2243662026405334e-24
The HPH magnitude is: [[6844.42343899]]
The R matrix for this timestep is: 44.89000000015575
log_likelihood: [[-5.33780189]], y: [[-0.00016812]], cov: [[6889.31343899]]
Qgw block values: q11=7.210849162632361e-25, q22=3.9168329985936482e-31
dt_idx: 64, dt: 2350.099799156189
Qspin block values: q11=4.326509497579416e-19, q22=2.3500997991561887e-25
The HPH magnitude is: [[16835.41568623]]
The R matrix for this timestep is: 44.890000000020066
log_likelihood: [[-5.78588997]], y: [[2.12004979e-05]], cov: [[16880.30568623]]
Qgw block values: q11=5.880508501237879e-07, q22=3.653389300855093e-28
dt_idx: 65, dt: 2196852.681731224
Qspin block values: q11=0.03476484817867167, q22=2.149290192880796e-22
The HPH magnitude is: [[3321.62612378]]
The R matrix for this timestep is: 44.89000000001834
log_likelihood: [[-4.97975538]], y: [[3.16902086e-07]], cov: [[3366.51612378]]
Qgw block values: q11=3.277368335265718e-21, q22=6.488057186126709e-30
dt_idx: 66, dt: 38928.343116760254
Qspin block values: q11=1.9664210011594306e-15, q22=3.8928343116760256e-24
The HPH magnitude is: [[1250.16837144]]
The R matrix for this timestep is: 44.89000000000013
log_likelihood: [[-4.50209406]], y: [[2.89800267e-07]], cov: [[1295.05837144]]
Qgw block values: q11=7.799066397450057e-23, q22=1.8661811164220173e-30
dt_idx: 67, dt: 11197.086698532104
Qspin block values: q11=4.679439838470034e-17, q22=1.1197086698532105e-24
The HPH magnitude is: [[1770.00333414]]
The R matrix for this timestep is: 44.89000000002646
log_likelihood: [[-4.67082952]], y: [[1.19349426e-05]], cov: [[1814.89333414]]
Qgw block values: q11=3.2140629533602e-23, q22=1.3887509775161744e-30
dt_idx: 68, dt: 8332.505865097046
Qspin block values: q11=1.92843777201612e-17, q22=8.332505865097045e-25
The HPH magnitude is: [[452.29490541]]
The R matrix for this timestep is: 44.89000000049979
log_likelihood: [[-4.02341953]], y: [[6.24516127e-05]], cov: [[497.18490541]]
Qgw block values: q11=1.1799556599693718e-25, q22=2.1423716560999554e-31
dt_idx: 69, dt: 1285.4229936599731
Qspin block values: q11=7.079733959816231e-20, q22=1.2854229936599732e-25
The HPH magnitude is: [[1024.29746831]]
The R matrix for this timestep is: 44.890000000005166
log_likelihood: [[-4.40626566]], y: [[6.84985425e-07]], cov: [[1069.18746831]]
Qgw block values: q11=2.5905332703270576e-26, q22=1.292416942914327e-31
dt_idx: 70, dt: 775.4501657485962
Qspin block values: q11=1.5543199621962344e-20, q22=7.754501657485962e-26
The HPH magnitude is: [[469.20155313]]
The R matrix for this timestep is: 44.890000000009266
log_likelihood: [[-4.04013922]], y: [[-1.3315669e-07]], cov: [[514.09155313]]
Qgw block values: q11=4.650553270199225e-23, q22=1.5707526187896729e-30
dt_idx: 71, dt: 9424.515712738037
Qspin block values: q11=2.790331962119535e-17, q22=9.424515712738036e-25
The HPH magnitude is: [[504.33031219]]
The R matrix for this timestep is: 44.890000000005514
log_likelihood: [[-4.07318836]], y: [[4.01794596e-06]], cov: [[549.22031219]]
Qgw block values: q11=7.7585641324858e-22, q22=4.013593359152476e-30
dt_idx: 72, dt: 24081.560154914856
Qspin block values: q11=4.655138479491481e-16, q22=2.4081560154914856e-24
The HPH magnitude is: [[2211.53644296]]
The R matrix for this timestep is: 44.890000000080136
log_likelihood: [[-4.77970734]], y: [[9.03212708e-06]], cov: [[2256.42644296]]
Qgw block values: q11=1.432976097119867e-27, q22=4.9243914286295575e-32
dt_idx: 73, dt: 295.46348571777344
Qspin block values: q11=8.597856582719202e-22, q22=2.9546348571777344e-26
The HPH magnitude is: [[1885.23402187]]
The R matrix for this timestep is: 44.89000000002499
log_likelihood: [[-4.7016083]], y: [[-3.14830008e-05]], cov: [[1930.12402187]]
Qgw block values: q11=1.2754975500859193e-22, q22=2.19870076529185e-30
dt_idx: 74, dt: 13192.204591751099
Qspin block values: q11=7.652985300515515e-17, q22=1.3192204591751098e-24
The HPH magnitude is: [[731.79025664]]
The R matrix for this timestep is: 44.89000000000142
log_likelihood: [[-4.24645291]], y: [[-1.91068026e-07]], cov: [[776.68025664]]
Qgw block values: q11=6.3518795918895824e-24, q22=8.089226643244425e-31
dt_idx: 75, dt: 4853.535985946655
Qspin block values: q11=3.811127755133749e-18, q22=4.853535985946655e-25
The HPH magnitude is: [[603.97242463]]
The R matrix for this timestep is: 44.89000000001088
log_likelihood: [[-4.15654889]], y: [[-6.92564836e-06]], cov: [[648.86242463]]
Qgw block values: q11=1.0106485841203562e-23, q22=9.443644760449727e-31
dt_idx: 76, dt: 5666.186856269836
Qspin block values: q11=6.0638915047221376e-18, q22=5.666186856269836e-25
The HPH magnitude is: [[917.22199652]]
The R matrix for this timestep is: 44.89000000001514
log_likelihood: [[-4.35350397]], y: [[-2.65361635e-07]], cov: [[962.11199652]]
Qgw block values: q11=7.860065342339271e-25, q22=4.031020159721374e-31
dt_idx: 77, dt: 2418.6120958328247
Qspin block values: q11=4.716039205403562e-19, q22=2.4186120958328245e-25
The HPH magnitude is: [[534.24789162]]
The R matrix for this timestep is: 44.89000000002548
log_likelihood: [[-4.09970884]], y: [[2.12461064e-05]], cov: [[579.13789162]]
Qgw block values: q11=5.786042240568668e-23, q22=1.689403739929199e-30
dt_idx: 78, dt: 10136.422439575195
Qspin block values: q11=3.4716253443412004e-17, q22=1.0136422439575195e-24
The HPH magnitude is: [[436.63550955]]
The R matrix for this timestep is: 44.89000000000019
log_likelihood: [[-4.00741814]], y: [[-1.05384507e-06]], cov: [[481.52550955]]
Qgw block values: q11=1.825262306088013e-21, q22=5.338034131844838e-30
dt_idx: 79, dt: 32028.20479106903
Qspin block values: q11=1.0951573836528075e-15, q22=3.202820479106903e-24
The HPH magnitude is: [[5624.748973]]
The R matrix for this timestep is: 44.890000000020926
log_likelihood: [[-5.24037889]], y: [[1.24882361e-06]], cov: [[5669.638973]]
Qgw block values: q11=1.1363843950628023e-22, q22=2.1156703763008118e-30
dt_idx: 80, dt: 12694.02225780487
Qspin block values: q11=6.818306370376814e-17, q22=1.2694022257804871e-24
The HPH magnitude is: [[929.58303922]]
The R matrix for this timestep is: 44.89000000000346
log_likelihood: [[-4.35988696]], y: [[-9.30385246e-06]], cov: [[974.47303922]]
Qgw block values: q11=1.0347851191047477e-21, q22=4.417972174008688e-30
dt_idx: 81, dt: 26507.833044052124
Qspin block values: q11=6.208710714628486e-16, q22=2.650783304405212e-24
The HPH magnitude is: [[609.1682776]]
The R matrix for this timestep is: 44.89000000000588
log_likelihood: [[-4.16053676]], y: [[-3.78123936e-06]], cov: [[654.0582776]]
Qgw block values: q11=1.5108006494705291e-25, q22=2.326351342201233e-31
dt_idx: 82, dt: 1395.8108053207397
Qspin block values: q11=9.064803896823174e-20, q22=1.3958108053207398e-25
The HPH magnitude is: [[629.43055168]]
The R matrix for this timestep is: 44.89000000000119
log_likelihood: [[-4.17579133]], y: [[-2.77768045e-06]], cov: [[674.32055168]]
Qgw block values: q11=2.8229489670277446e-25, q22=2.8653252506256105e-31
dt_idx: 83, dt: 1719.1951503753662
Qspin block values: q11=1.6937693802166466e-19, q22=1.7191951503753663e-25
The HPH magnitude is: [[2528.25101319]]
The R matrix for this timestep is: 44.89000000000901
log_likelihood: [[-4.84537984]], y: [[1.4046966e-05]], cov: [[2573.14101319]]
Qgw block values: q11=2.3855373967062775e-24, q22=5.836264882087707e-31
dt_idx: 84, dt: 3501.7589292526245
Qspin block values: q11=1.4313224380237664e-18, q22=3.501758929252624e-25
The HPH magnitude is: [[276.04094597]]
The R matrix for this timestep is: 44.89000000018766
log_likelihood: [[-3.80455152]], y: [[6.78398841e-07]], cov: [[320.93094597]]
Qgw block values: q11=9.617301511212342e-23, q22=2.0012007727622985e-30
dt_idx: 85, dt: 12007.204636573792
Qspin block values: q11=5.770380906727405e-17, q22=1.200720463657379e-24
The HPH magnitude is: [[1131.40497775]]
The R matrix for this timestep is: 44.89000000002335
log_likelihood: [[-4.454001]], y: [[8.64821526e-06]], cov: [[1176.29497775]]
Qgw block values: q11=1.185717651638824e-23, q22=9.960168364842732e-31
dt_idx: 86, dt: 5976.10101890564
Qspin block values: q11=7.114305909832944e-18, q22=5.97610101890564e-25
The HPH magnitude is: [[259.61090289]]
The R matrix for this timestep is: 44.89000000000003
log_likelihood: [[-3.77827556]], y: [[-3.26330423e-07]], cov: [[304.50090289]]
Qgw block values: q11=2.7009222027140227e-23, q22=1.3105198686917623e-30
dt_idx: 87, dt: 7863.119212150574
Qspin block values: q11=1.6205533216284136e-17, q22=7.863119212150573e-25
The HPH magnitude is: [[1219.61177507]]
The R matrix for this timestep is: 44.89000000001848
log_likelihood: [[-4.49015527]], y: [[-5.01452399e-06]], cov: [[1264.50177507]]
Qgw block values: q11=3.7317627170879084e-22, q22=3.1446882055600485e-30
dt_idx: 88, dt: 18868.12923336029
Qspin block values: q11=2.239057630252745e-16, q22=1.886812923336029e-24
The HPH magnitude is: [[330.3092243]]
The R matrix for this timestep is: 44.89000000018742
log_likelihood: [[-3.88266711]], y: [[1.78175451e-06]], cov: [[375.1992243]]
Qgw block values: q11=9.982473457547007e-24, q22=9.404859371185302e-31
dt_idx: 89, dt: 5642.915622711182
Qspin block values: q11=5.989484074528204e-18, q22=5.642915622711181e-25
The HPH magnitude is: [[1188.10527602]]
The R matrix for this timestep is: 44.8900000000634
log_likelihood: [[-4.47753937]], y: [[-2.12147656e-05]], cov: [[1232.99527602]]
Qgw block values: q11=7.451720692722165e-23, q22=1.838054738044739e-30
dt_idx: 90, dt: 11028.328428268433
Qspin block values: q11=4.471032415633299e-17, q22=1.1028328428268432e-24
The HPH magnitude is: [[1085.97386398]]
The R matrix for this timestep is: 44.89000000000321
log_likelihood: [[-4.43430708]], y: [[-6.69481203e-07]], cov: [[1130.86386398]]
Qgw block values: q11=1.3023417417045172e-21, q22=4.769958180427551e-30
dt_idx: 91, dt: 28619.749082565308
Qspin block values: q11=7.814050450227103e-16, q22=2.8619749082565308e-24
The HPH magnitude is: [[1124.95252725]]
The R matrix for this timestep is: 44.89000000001404
log_likelihood: [[-4.45125075]], y: [[-1.60247259e-05]], cov: [[1169.84252725]]
Qgw block values: q11=5.3450082507499355e-24, q22=7.636992743810018e-31
dt_idx: 92, dt: 4582.195646286011
Qspin block values: q11=3.207004950449961e-18, q22=4.582195646286011e-25
The HPH magnitude is: [[1347.31065057]]
The R matrix for this timestep is: 44.890000000039656
log_likelihood: [[-4.53825902]], y: [[1.47908053e-05]], cov: [[1392.20065057]]
Qgw block values: q11=5.625027641416324e-23, q22=1.6735851165453593e-30
dt_idx: 93, dt: 10041.510699272156
Qspin block values: q11=3.375016584849794e-17, q22=1.0041510699272155e-24
The HPH magnitude is: [[663.35266025]]
The R matrix for this timestep is: 44.89000000004009
log_likelihood: [[-4.20033192]], y: [[-2.07120448e-05]], cov: [[708.24266025]]
Qgw block values: q11=6.96057073675496e-24, q22=8.339778863588969e-31
dt_idx: 94, dt: 5003.867318153381
Qspin block values: q11=4.1763424420529764e-18, q22=5.003867318153381e-25
The HPH magnitude is: [[1117.6108529]]
The R matrix for this timestep is: 44.890000000044324
log_likelihood: [[-4.44810297]], y: [[-1.05902566e-05]], cov: [[1162.5008529]]
Qgw block values: q11=3.191223739209248e-22, q22=2.9848694152832033e-30
dt_idx: 95, dt: 17909.21649169922
Qspin block values: q11=1.9147342435255487e-16, q22=1.790921649169922e-24
The HPH magnitude is: [[9869.94067129]]
The R matrix for this timestep is: 44.89000000002509
log_likelihood: [[-5.51983201]], y: [[-6.71550977e-06]], cov: [[9914.83067129]]
Qgw block values: q11=1.142072166746152e-21, q22=4.565665609677633e-30
dt_idx: 96, dt: 27393.993658065796
Qspin block values: q11=6.85243300047691e-16, q22=2.7393993658065795e-24
The HPH magnitude is: [[25638.40330991]]
The R matrix for this timestep is: 44.89000000055365
log_likelihood: [[-5.99573653]], y: [[0.00020968]], cov: [[25683.29330991]]
Qgw block values: q11=6.289210669882858e-22, q22=3.7422974082628884e-30
dt_idx: 97, dt: 22453.78444957733
Qspin block values: q11=3.773526401929715e-16, q22=2.245378444957733e-24
The HPH magnitude is: [[12382.1080223]]
The R matrix for this timestep is: 44.89000000000677
log_likelihood: [[-5.63275186]], y: [[-3.78820595e-06]], cov: [[12426.9980223]]
Qgw block values: q11=5.585367587239791e-07, q22=3.591317091487122e-28
dt_idx: 98, dt: 2159446.7591371536
Qspin block values: q11=0.033028312832396475, q22=2.1134788000268236e-22
The HPH magnitude is: [[423.98082935]]
The R matrix for this timestep is: 44.89000000000017
log_likelihood: [[-3.99410219]], y: [[1.13628093e-07]], cov: [[468.87082935]]
Qgw block values: q11=5.0580514320064905e-21, q22=7.497802532513936e-30
dt_idx: 99, dt: 44986.81519508362
Qspin block values: q11=3.034830859203894e-15, q22=4.4986815195083615e-24
The HPH magnitude is: [[459.38779758]]
The R matrix for this timestep is: 44.89000000001107
log_likelihood: [[-4.03050218]], y: [[1.52004208e-05]], cov: [[504.27779758]]
Qgw block values: q11=1.4439627299113697e-19, q22=2.2915266511599222e-29
dt_idx: 100, dt: 137491.59906959534
Qspin block values: q11=8.654848136939109e-06, q22=1.3730273282792163e-23
The HPH magnitude is: [[450.40404765]]
The R matrix for this timestep is: 44.89000000001701
log_likelihood: [[-4.02151434]], y: [[2.16127913e-05]], cov: [[495.29404765]]
Qgw block values: q11=2.9564009240092773e-25, q22=2.9097836176554364e-31
dt_idx: 101, dt: 1745.8701705932617
Qspin block values: q11=1.7738405544055665e-19, q22=1.7458701705932618e-25
The HPH magnitude is: [[616.16180497]]
The R matrix for this timestep is: 44.89000000003516
log_likelihood: [[-4.16585464]], y: [[-9.38811632e-06]], cov: [[661.05180497]]
Qgw block values: q11=3.8533225213047595e-25, q22=3.178469425837199e-31
dt_idx: 102, dt: 1907.0816555023193
Qspin block values: q11=2.311993512782855e-19, q22=1.9070816555023192e-25
The HPH magnitude is: [[785.65360354]]
The R matrix for this timestep is: 44.89000000003672
log_likelihood: [[-4.27997875]], y: [[1.86842871e-06]], cov: [[830.54360354]]
Qgw block values: q11=9.44441017939102e-23, q22=1.989136247634888e-30
dt_idx: 103, dt: 11934.817485809326
Qspin block values: q11=5.666646107634611e-17, q22=1.1934817485809326e-24
The HPH magnitude is: [[260.28856818]]
The R matrix for this timestep is: 44.89000000000003
log_likelihood: [[-3.77938707]], y: [[2.20436366e-07]], cov: [[305.17856818]]
Qgw block values: q11=5.239033487470549e-25, q22=3.5211941862106323e-31
dt_idx: 104, dt: 2112.7165117263794
Qspin block values: q11=3.143420092482329e-19, q22=2.112716511726379e-25
The HPH magnitude is: [[577.34064836]]
The R matrix for this timestep is: 44.890000000026
log_likelihood: [[-4.13559395]], y: [[7.6944086e-06]], cov: [[622.23064836]]
Qgw block values: q11=7.088937525017699e-24, q22=8.39073427359263e-31
dt_idx: 105, dt: 5034.440564155579
Qspin block values: q11=4.253362515010619e-18, q22=5.0344405641555785e-25
The HPH magnitude is: [[529.23382505]]
The R matrix for this timestep is: 44.89000000000364
log_likelihood: [[-4.09536108]], y: [[-3.00928565e-06]], cov: [[574.12382505]]
Qgw block values: q11=7.530905630849832e-25, q22=3.973946229616801e-31
dt_idx: 106, dt: 2384.3677377700806
Qspin block values: q11=4.518543378509899e-19, q22=2.3843677377700806e-25
The HPH magnitude is: [[603.44371975]]
The R matrix for this timestep is: 44.89000000000326
log_likelihood: [[-4.15614131]], y: [[1.37158717e-05]], cov: [[648.33371975]]
Qgw block values: q11=5.599479265956267e-23, q22=1.6710475125312804e-30
dt_idx: 107, dt: 10026.285075187683
Qspin block values: q11=3.35968755957376e-17, q22=1.0026285075187683e-24
The HPH magnitude is: [[588.74656298]]
The R matrix for this timestep is: 44.89000000000742
log_likelihood: [[-4.14467631]], y: [[6.00122575e-08]], cov: [[633.63656298]]
Qgw block values: q11=2.9357826740398814e-25, q22=2.903003452618917e-31
dt_idx: 108, dt: 1741.80207157135
Qspin block values: q11=1.7614696044239286e-19, q22=1.7418020715713502e-25
The HPH magnitude is: [[537.48950981]]
The R matrix for this timestep is: 44.89000000037508
log_likelihood: [[-4.10249969]], y: [[-3.99223688e-05]], cov: [[582.37950981]]
Qgw block values: q11=1.132463887027436e-23, q22=9.808765951792399e-31
dt_idx: 109, dt: 5885.259571075439
Qspin block values: q11=6.794783322164616e-18, q22=5.885259571075439e-25
The HPH magnitude is: [[616.52690978]]
The R matrix for this timestep is: 44.89000000001775
log_likelihood: [[-4.16613072]], y: [[-1.94766362e-06]], cov: [[661.41690978]]
Qgw block values: q11=1.3418045159278956e-22, q22=2.2361589345932006e-30
dt_idx: 110, dt: 13416.953607559204
Qspin block values: q11=8.050827095567374e-17, q22=1.3416953607559204e-24
The HPH magnitude is: [[539.21444105]]
The R matrix for this timestep is: 44.89000000000095
log_likelihood: [[-4.10397844]], y: [[7.41289919e-07]], cov: [[584.10444105]]
Qgw block values: q11=7.798903624490544e-26, q22=1.8661681334177653e-31
dt_idx: 111, dt: 1119.7008800506592
Qspin block values: q11=4.6793421746943255e-20, q22=1.1197008800506591e-25
The HPH magnitude is: [[753.08379074]]
The R matrix for this timestep is: 44.8900000000068
log_likelihood: [[-4.25997641]], y: [[2.8537046e-06]], cov: [[797.97379074]]
Qgw block values: q11=4.157896188559871e-25, q22=3.2600990756352745e-31
dt_idx: 112, dt: 1956.0594453811646
Qspin block values: q11=2.4947377131359224e-19, q22=1.9560594453811644e-25
The HPH magnitude is: [[544.07102506]]
The R matrix for this timestep is: 44.890000000042285
log_likelihood: [[-4.10811854]], y: [[-5.73374488e-07]], cov: [[588.96102506]]
Qgw block values: q11=2.2046637156007717e-31, q22=2.6386818885803222e-33
dt_idx: 113, dt: 15.832091331481934
Qspin block values: q11=1.322798229360463e-25, q22=1.5832091331481934e-27
The HPH magnitude is: [[696.17483671]]
The R matrix for this timestep is: 44.89000000001649
log_likelihood: [[-4.22298259]], y: [[-2.00189074e-05]], cov: [[741.06483671]]
Qgw block values: q11=1.488664220201594e-22, q22=2.3149334022204083e-30
dt_idx: 114, dt: 13889.600413322449
Qspin block values: q11=8.931985321209562e-17, q22=1.3889600413322449e-24
The HPH magnitude is: [[567.26605694]]
The R matrix for this timestep is: 44.89000000000818
log_likelihood: [[-4.12743216]], y: [[2.23921222e-06]], cov: [[612.15605694]]
Qgw block values: q11=8.741882957695753e-25, q22=4.176456033388774e-31
dt_idx: 115, dt: 2505.873620033264
Qspin block values: q11=5.245129774617451e-19, q22=2.505873620033264e-25
The HPH magnitude is: [[529.65018812]]
The R matrix for this timestep is: 44.89000000000503
log_likelihood: [[-4.09572356]], y: [[8.38731098e-07]], cov: [[574.54018812]]
Qgw block values: q11=2.5176772619901887e-22, q22=2.7580762626330058e-30
dt_idx: 116, dt: 16548.457575798035
Qspin block values: q11=1.5106063571941133e-16, q22=1.6548457575798033e-24
The HPH magnitude is: [[592.09497929]]
The R matrix for this timestep is: 44.89000000001047
log_likelihood: [[-4.14731157]], y: [[9.57954712e-06]], cov: [[636.98497929]]
Qgw block values: q11=8.802140362278364e-22, q22=4.1860301100413e-30
dt_idx: 117, dt: 25116.180660247803
Qspin block values: q11=5.281284217367019e-16, q22=2.5116180660247803e-24
The HPH magnitude is: [[545.28992327]]
The R matrix for this timestep is: 44.89000000003218
log_likelihood: [[-4.10915226]], y: [[-2.6607851e-05]], cov: [[590.17992327]]
Qgw block values: q11=5.759972103006115e-28, q22=3.6342353185017906e-32
dt_idx: 118, dt: 218.05411911010742
Qspin block values: q11=3.455983261803669e-22, q22=2.180541191101074e-26
The HPH magnitude is: [[831.54824074]]
The R matrix for this timestep is: 44.89000000013298
log_likelihood: [[-4.30687165]], y: [[-3.16554904e-05]], cov: [[876.43824074]]
Qgw block values: q11=9.216919265469416e-24, q22=9.158018414179484e-31
dt_idx: 119, dt: 5494.81104850769
Qspin block values: q11=5.53015155928165e-18, q22=5.49481104850769e-25
The HPH magnitude is: [[846.6553063]]
The R matrix for this timestep is: 44.89000000003117
log_likelihood: [[-4.31541666]], y: [[-2.68741724e-06]], cov: [[891.5453063]]
Qgw block values: q11=2.13881089592089e-24, q22=5.627692775726319e-31
dt_idx: 120, dt: 3376.615665435791
Qspin block values: q11=1.283286537552534e-18, q22=3.376615665435791e-25
The HPH magnitude is: [[660.27263541]]
The R matrix for this timestep is: 44.890000000001855
log_likelihood: [[-4.19815277]], y: [[1.87645554e-06]], cov: [[705.16263541]]
Qgw block values: q11=2.5038022666258165e-24, q22=5.931159375508626e-31
dt_idx: 121, dt: 3558.695625305176
Qspin block values: q11=1.5022813599754898e-18, q22=3.558695625305176e-25
The HPH magnitude is: [[713.1593874]]
The R matrix for this timestep is: 44.8900000000134
log_likelihood: [[-4.2343128]], y: [[2.0167106e-06]], cov: [[758.0493874]]
Qgw block values: q11=1.5633189992985539e-25, q22=2.353001044591268e-31
dt_idx: 122, dt: 1411.8006267547607
Qspin block values: q11=9.379913995791323e-20, q22=1.4118006267547607e-25
The HPH magnitude is: [[584.66414439]]
The R matrix for this timestep is: 44.89000000003922
log_likelihood: [[-4.14144446]], y: [[-1.20157944e-05]], cov: [[629.55414439]]
Qgw block values: q11=9.780642276304527e-24, q22=9.341043108304342e-31
dt_idx: 123, dt: 5604.625864982605
Qspin block values: q11=5.868385365782716e-18, q22=5.604625864982605e-25
The HPH magnitude is: [[838.90785106]]
The R matrix for this timestep is: 44.890000000032565
log_likelihood: [[-4.31105271]], y: [[4.87739891e-05]], cov: [[883.79785106]]
Qgw block values: q11=2.2541648120158547e-25, q22=2.6582845878601075e-31
dt_idx: 124, dt: 1594.9707527160645
Qspin block values: q11=1.3524988872095126e-19, q22=1.5949707527160643e-25
The HPH magnitude is: [[607.52792296]]
The R matrix for this timestep is: 44.89000000000895
log_likelihood: [[-4.1592812]], y: [[-1.64804927e-06]], cov: [[652.41792296]]
Qgw block values: q11=5.132438448354984e-21, q22=7.534379669666291e-30
dt_idx: 125, dt: 45206.27801799774
Qspin block values: q11=3.0794630690129906e-15, q22=4.520627801799774e-24
The HPH magnitude is: [[423.86920862]]
The R matrix for this timestep is: 44.890000000186724
log_likelihood: [[-3.99398314]], y: [[-5.00788739e-05]], cov: [[468.75920862]]
Qgw block values: q11=8.610261059429327e-24, q22=8.952514321009318e-31
dt_idx: 126, dt: 5371.508592605591
Qspin block values: q11=5.166156635657596e-18, q22=5.371508592605591e-25
The HPH magnitude is: [[1013.21502847]]
The R matrix for this timestep is: 44.89000000002686
log_likelihood: [[-4.40105597]], y: [[-4.77245347e-05]], cov: [[1058.10502847]]
Qgw block values: q11=4.432915876865338e-25, q22=3.3304486958185833e-31
dt_idx: 127, dt: 1998.26921749115
Qspin block values: q11=2.659749526119203e-19, q22=1.9982692174911497e-25
The HPH magnitude is: [[653.86292391]]
The R matrix for this timestep is: 44.89000000003265
log_likelihood: [[-4.19358714]], y: [[-1.0076019e-05]], cov: [[698.75292391]]
Qgw block values: q11=1.1813378229471074e-23, q22=9.947889540990194e-31
dt_idx: 128, dt: 5968.733724594116
Qspin block values: q11=7.088026937682645e-18, q22=5.968733724594116e-25
The HPH magnitude is: [[861.93119241]]
The R matrix for this timestep is: 44.89000000000009
log_likelihood: [[-4.32391118]], y: [[-1.34339534e-06]], cov: [[906.82119241]]
Qgw block values: q11=1.6938570361361562e-21, q22=5.2067313345273334e-30
dt_idx: 129, dt: 31240.388007164
Qspin block values: q11=1.0163142216816936e-15, q22=3.1240388007164e-24
The HPH magnitude is: [[372.83602451]]
The R matrix for this timestep is: 44.89000000019485
log_likelihood: [[-3.93635142]], y: [[8.20384774e-06]], cov: [[417.72602451]]
Qgw block values: q11=1.5381224312984072e-21, q22=5.0420043950080875e-30
dt_idx: 130, dt: 30252.026370048523
Qspin block values: q11=9.228734587790444e-16, q22=3.0252026370048523e-24
The HPH magnitude is: [[715.60398962]]
The R matrix for this timestep is: 44.89000000058435
log_likelihood: [[-4.23592264]], y: [[9.04866786e-05]], cov: [[760.49398962]]
Qgw block values: q11=6.195196628880996e-07, q22=3.717321733896911e-28
dt_idx: 131, dt: 2235382.537033081
Qspin block values: q11=0.0366157643282786, q22=2.1861496076768114e-22
The HPH magnitude is: [[236.00715134]]
The R matrix for this timestep is: 44.890000000013615
log_likelihood: [[-3.73793283]], y: [[-3.7826046e-06]], cov: [[280.89715134]]
Qgw block values: q11=1.778211833373391e-21, q22=5.291767442544301e-30
dt_idx: 132, dt: 31750.604655265808
Qspin block values: q11=1.0669271000240347e-15, q22=3.1750604655265807e-24
The HPH magnitude is: [[281.53121674]]
The R matrix for this timestep is: 44.890000000035855
log_likelihood: [[-3.81303284]], y: [[5.7550339e-06]], cov: [[326.42121674]]
Qgw block values: q11=4.762996416518335e-23, q22=1.58331139087677e-30
dt_idx: 133, dt: 9499.86834526062
Qspin block values: q11=2.8577978499110007e-17, q22=9.499868345260619e-25
The HPH magnitude is: [[270.48615287]]
The R matrix for this timestep is: 44.89000000002188
log_likelihood: [[-3.79582156]], y: [[3.26671791e-05]], cov: [[315.37615287]]
Qgw block values: q11=7.631801598883505e-22, q22=3.9916146558125814e-30
dt_idx: 134, dt: 23949.68793487549
Qspin block values: q11=4.579080959330103e-16, q22=2.3949687934875488e-24
The HPH magnitude is: [[276.15746339]]
The R matrix for this timestep is: 44.890000000005436
log_likelihood: [[-3.80473302]], y: [[-1.29088614e-05]], cov: [[321.04746339]]
Qgw block values: q11=3.2390532381056845e-24, q22=6.462674460411072e-31
dt_idx: 135, dt: 3877.604676246643
Qspin block values: q11=1.9434319428634107e-18, q22=3.877604676246643e-25
The HPH magnitude is: [[261.89628454]]
The R matrix for this timestep is: 44.89000000003675
log_likelihood: [[-3.78201422]], y: [[5.02234846e-06]], cov: [[306.78628454]]
Qgw block values: q11=1.2512144713432223e-23, q22=1.0140285223325094e-30
dt_idx: 136, dt: 6084.171133995056
Qspin block values: q11=7.507286828059334e-18, q22=6.084171133995056e-25
The HPH magnitude is: [[276.37850868]]
The R matrix for this timestep is: 44.89000000000917
log_likelihood: [[-3.80507716]], y: [[-2.50567307e-06]], cov: [[321.26850868]]
Qgw block values: q11=1.10090570723799e-22, q22=2.093419630686442e-30
dt_idx: 137, dt: 12560.517784118652
Qspin block values: q11=6.60543424342794e-17, q22=1.2560517784118653e-24
The HPH magnitude is: [[211.66050692]]
The R matrix for this timestep is: 44.890000000151
log_likelihood: [[-3.69260131]], y: [[-4.05817469e-06]], cov: [[256.55050692]]
Qgw block values: q11=1.162267613067439e-21, q22=4.59242032178243e-30
dt_idx: 138, dt: 27554.52193069458
Qspin block values: q11=6.973605678404633e-16, q22=2.755452193069458e-24
The HPH magnitude is: [[257.90700062]]
The R matrix for this timestep is: 44.89000000003771
log_likelihood: [[-3.77546984]], y: [[3.84560344e-05]], cov: [[302.79700062]]
Qgw block values: q11=3.41129335278545e-25, q22=3.0519630686442058e-31
dt_idx: 139, dt: 1831.1778411865234
Qspin block values: q11=2.0467760116712697e-19, q22=1.8311778411865234e-25
The HPH magnitude is: [[299.14558573]]
The R matrix for this timestep is: 44.89000000000243
log_likelihood: [[-3.83931108]], y: [[8.43488418e-06]], cov: [[344.03558573]]
Qgw block values: q11=1.2882719466206102e-24, q22=4.752718599637349e-31
dt_idx: 140, dt: 2851.6311597824097
Qspin block values: q11=7.72963167972366e-19, q22=2.8516311597824096e-25
The HPH magnitude is: [[251.99594984]]
The R matrix for this timestep is: 44.89000000050367
log_likelihood: [[-3.76561256]], y: [[-4.1296983e-05]], cov: [[296.88594984]]
Qgw block values: q11=3.060855614248554e-27, q22=6.341916688283285e-32
dt_idx: 141, dt: 380.51500129699707
Qspin block values: q11=1.836513368549132e-21, q22=3.805150012969971e-26
The HPH magnitude is: [[281.89893409]]
The R matrix for this timestep is: 44.890000000000995
log_likelihood: [[-3.81359578]], y: [[3.49867356e-06]], cov: [[326.78893409]]
Qgw block values: q11=2.912221168570167e-25, q22=2.895216439565023e-31
dt_idx: 142, dt: 1737.1298637390137
Qspin block values: q11=1.7473327011421004e-19, q22=1.7371298637390137e-25
The HPH magnitude is: [[275.90254634]]
The R matrix for this timestep is: 44.89000000001103
log_likelihood: [[-3.80433585]], y: [[1.17874223e-05]], cov: [[320.79254634]]
Qgw block values: q11=2.297286438633334e-24, q22=5.763389455477396e-31
dt_idx: 143, dt: 3458.033673286438
Qspin block values: q11=1.3783718631800003e-18, q22=3.4580336732864377e-25
The HPH magnitude is: [[266.67739658]]
The R matrix for this timestep is: 44.89000000000157
log_likelihood: [[-3.78974637]], y: [[1.07482123e-06]], cov: [[311.56739658]]
Qgw block values: q11=1.7218433474805678e-24, q22=5.235250460306804e-31
dt_idx: 144, dt: 3141.150276184082
Qspin block values: q11=1.0331060084883406e-18, q22=3.141150276184082e-25
The HPH magnitude is: [[258.36417733]]
The R matrix for this timestep is: 44.89000000004141
log_likelihood: [[-3.77622419]], y: [[-1.96271748e-05]], cov: [[303.25417733]]
Qgw block values: q11=5.49134985693633e-23, q22=1.6602212025324504e-30
dt_idx: 145, dt: 9961.327215194702
Qspin block values: q11=3.294809914161798e-17, q22=9.961327215194702e-25
The HPH magnitude is: [[305.30465003]]
The R matrix for this timestep is: 44.89000000003284
log_likelihood: [[-3.8481831]], y: [[-1.95341168e-05]], cov: [[350.19465003]]
Qgw block values: q11=4.99355588117523e-25, q22=3.4653163639704388e-31
dt_idx: 146, dt: 2079.189818382263
Qspin block values: q11=2.996133528705138e-19, q22=2.079189818382263e-25
The HPH magnitude is: [[279.71142996]]
The R matrix for this timestep is: 44.89000000007654
log_likelihood: [[-3.81023756]], y: [[1.59449911e-05]], cov: [[324.60142996]]
Qgw block values: q11=3.6205671286338836e-26, q22=1.4449909241994221e-31
dt_idx: 147, dt: 866.9945545196533
Qspin block values: q11=2.17234027718033e-20, q22=8.669945545196533e-26
The HPH magnitude is: [[265.16676895]]
The R matrix for this timestep is: 44.89000000002821
log_likelihood: [[-3.78731624]], y: [[-5.35049329e-06]], cov: [[310.05676895]]
Qgw block values: q11=5.603493427151502e-25, q22=3.6010228204727173e-31
dt_idx: 148, dt: 2160.6136922836304
Qspin block values: q11=3.362096056290901e-19, q22=2.16061369228363e-25
The HPH magnitude is: [[309.61966754]]
The R matrix for this timestep is: 44.89000000002585
log_likelihood: [[-3.85430634]], y: [[1.58334449e-06]], cov: [[354.50966754]]
Qgw block values: q11=4.5562133700723677e-23, q22=1.5600586865743e-30
dt_idx: 149, dt: 9360.3521194458
Qspin block values: q11=2.7337280220434204e-17, q22=9.3603521194458e-25
The HPH magnitude is: [[301.55001598]]
The R matrix for this timestep is: 44.890000000004825
log_likelihood: [[-3.84279338]], y: [[6.12662377e-07]], cov: [[346.44001598]]
Qgw block values: q11=2.0721345126704257e-23, q22=1.1997172390619914e-30
dt_idx: 150, dt: 7198.303434371948
Qspin block values: q11=1.2432807076022553e-17, q22=7.198303434371948e-25
The HPH magnitude is: [[282.70532647]]
The R matrix for this timestep is: 44.89000000033366
log_likelihood: [[-3.81482808]], y: [[-0.00016811]], cov: [[327.59532647]]
Qgw block values: q11=2.3400183936099906e-22, q22=2.6916133584976198e-30
dt_idx: 151, dt: 16149.680150985718
Qspin block values: q11=1.4040110361659943e-16, q22=1.6149680150985717e-24
The HPH magnitude is: [[284.52352617]]
The R matrix for this timestep is: 44.89000000004312
log_likelihood: [[-3.81759547]], y: [[-4.3514827e-06]], cov: [[329.41352617]]
Qgw block values: q11=1.2618531847598602e-23, q22=1.016894411722819e-30
dt_idx: 152, dt: 6101.366470336914
Qspin block values: q11=7.571119108559161e-18, q22=6.101366470336914e-25
The HPH magnitude is: [[245.86756507]]
The R matrix for this timestep is: 44.89000000000002
log_likelihood: [[-3.75518344]], y: [[2.3352969e-07]], cov: [[290.75756507]]
Qgw block values: q11=1.557173510259296e-22, q22=2.3499137387275696e-30
dt_idx: 153, dt: 14099.482432365417
Qspin block values: q11=9.343041061555776e-17, q22=1.4099482432365418e-24
The HPH magnitude is: [[266.76547355]]
The R matrix for this timestep is: 44.89000000000009
log_likelihood: [[-3.7898877]], y: [[1.18789396e-06]], cov: [[311.65547355]]
Qgw block values: q11=3.86175686395639e-24, q22=6.852797422409057e-31
dt_idx: 154, dt: 4111.678453445435
Qspin block values: q11=2.3170541183738342e-18, q22=4.1116784534454344e-25
The HPH magnitude is: [[306.21545843]]
The R matrix for this timestep is: 44.89000000005285
log_likelihood: [[-3.84948185]], y: [[3.31490863e-05]], cov: [[351.10545843]]
Qgw block values: q11=1.2837687711475013e-24, q22=4.747174399693807e-31
dt_idx: 155, dt: 2848.304639816284
Qspin block values: q11=7.702612626885007e-19, q22=2.848304639816284e-25
The HPH magnitude is: [[248.25143684]]
The R matrix for this timestep is: 44.890000000268884
log_likelihood: [[-3.75926614]], y: [[6.74497697e-05]], cov: [[293.14143684]]
Qgw block values: q11=1.489744023614463e-28, q22=2.3154929796854654e-32
dt_idx: 156, dt: 138.92957878112793
Qspin block values: q11=8.938464141686777e-23, q22=1.3892957878112793e-26
The HPH magnitude is: [[292.12835963]]
The R matrix for this timestep is: 44.89000000001822
log_likelihood: [[-3.82900724]], y: [[-7.67858226e-06]], cov: [[337.01835963]]
Qgw block values: q11=1.3192071130259086e-22, q22=2.2235347072283426e-30
dt_idx: 157, dt: 13341.208243370056
Qspin block values: q11=7.915242678155452e-17, q22=1.3341208243370056e-24
The HPH magnitude is: [[324.16225146]]
The R matrix for this timestep is: 44.89000000002321
log_likelihood: [[-3.87440765]], y: [[-2.37934016e-05]], cov: [[369.05225146]]
Qgw block values: q11=6.373534843387206e-24, q22=8.098408993085226e-31
dt_idx: 158, dt: 4859.045395851135
Qspin block values: q11=3.8241209060323235e-18, q22=4.859045395851135e-25
The HPH magnitude is: [[288.00820445]]
The R matrix for this timestep is: 44.89000000000679
log_likelihood: [[-3.82285691]], y: [[-5.50117131e-06]], cov: [[332.89820445]]
Qgw block values: q11=9.162636724468627e-22, q22=4.242414261500041e-30
dt_idx: 159, dt: 25454.485569000244
Qspin block values: q11=5.497582034681176e-16, q22=2.5454485569000243e-24
The HPH magnitude is: [[373.50264946]]
The R matrix for this timestep is: 44.89000000001157
log_likelihood: [[-3.93714871]], y: [[1.07766094e-05]], cov: [[418.39264946]]
Qgw block values: q11=1.7535785747091926e-28, q22=2.4448262214660645e-32
dt_idx: 160, dt: 146.68957328796387
Qspin block values: q11=1.0521471448255155e-22, q22=1.4668957328796386e-26
The HPH magnitude is: [[325.87901406]]
The R matrix for this timestep is: 44.890000000017345
log_likelihood: [[-3.87672817]], y: [[-7.83108638e-07]], cov: [[370.76901406]]
Qgw block values: q11=4.804754725631015e-23, q22=1.5879250218073526e-30
dt_idx: 161, dt: 9527.550130844116
Qspin block values: q11=2.882852835378609e-17, q22=9.527550130844115e-25
The HPH magnitude is: [[321.20239551]]
The R matrix for this timestep is: 44.890000000008115
log_likelihood: [[-3.87038141]], y: [[1.69709683e-05]], cov: [[366.09239551]]
Qgw block values: q11=5.225533905837767e-22, q22=3.518167194366455e-30
dt_idx: 162, dt: 21109.00316619873
Qspin block values: q11=3.13532034350266e-16, q22=2.110900316619873e-24
The HPH magnitude is: [[304.34046673]]
The R matrix for this timestep is: 44.89000000001519
log_likelihood: [[-3.84680457]], y: [[4.5333764e-06]], cov: [[349.23046673]]
Qgw block values: q11=1.9266376235658963e-26, q22=1.1709533596038819e-31
dt_idx: 163, dt: 702.5720157623291
Qspin block values: q11=1.1559825741395378e-20, q22=7.025720157623291e-26
The HPH magnitude is: [[367.03238388]]
The R matrix for this timestep is: 44.890000000000164
log_likelihood: [[-3.929356]], y: [[2.34255725e-06]], cov: [[411.92238388]]
Qgw block values: q11=6.966955700578788e-07, q22=3.8654235192657187e-28
dt_idx: 164, dt: 2324649.742778778
Qspin block values: q11=0.04115243843714706, q22=2.2714376271999575e-22
The HPH magnitude is: [[161.0066683]]
The R matrix for this timestep is: 44.890000000021956
log_likelihood: [[-3.58262575]], y: [[-1.55984781e-06]], cov: [[205.8966683]]
Qgw block values: q11=4.181095043539189e-21, q22=7.036709107240041e-30
dt_idx: 165, dt: 42220.25464344025
Qspin block values: q11=2.5086570261235132e-15, q22=4.222025464344025e-24
The HPH magnitude is: [[156.80286252]]
The R matrix for this timestep is: 44.89000000001578
log_likelihood: [[-3.57231156]], y: [[-4.62280819e-07]], cov: [[201.69286252]]
Qgw block values: q11=2.208034268633472e-21, q22=5.68776338450114e-30
dt_idx: 166, dt: 34126.580307006836
Qspin block values: q11=1.3248205611800833e-15, q22=3.4126580307006835e-24
The HPH magnitude is: [[180.29721197]]
The R matrix for this timestep is: 44.890000000032444
log_likelihood: [[-3.62740459]], y: [[8.7577901e-06]], cov: [[225.18721197]]
Qgw block values: q11=3.041931093849432e-22, q22=2.9375777858098347e-30
dt_idx: 167, dt: 17625.46671485901
Qspin block values: q11=1.8251586563096592e-16, q22=1.762546671485901e-24
The HPH magnitude is: [[166.00448189]]
The R matrix for this timestep is: 44.89000000000843
log_likelihood: [[-3.59461749]], y: [[9.58462313e-06]], cov: [[210.89448189]]
Qgw block values: q11=2.0811541690306027e-25, q22=2.5884572839736938e-31
dt_idx: 168, dt: 1553.0743703842163
Qspin block values: q11=1.2486925014183617e-19, q22=1.5530743703842162e-25
The HPH magnitude is: [[167.82732781]]
The R matrix for this timestep is: 44.890000000000136
log_likelihood: [[-3.59892063]], y: [[-5.65918317e-07]], cov: [[212.71732781]]
Qgw block values: q11=3.36224289751559e-23, q22=1.4097732950846354e-30
dt_idx: 169, dt: 8458.639770507812
Qspin block values: q11=2.0173457385093537e-17, q22=8.458639770507812e-25
The HPH magnitude is: [[187.3206588]]
The R matrix for this timestep is: 44.890000000011355
log_likelihood: [[-3.64276102]], y: [[9.50523953e-06]], cov: [[232.2106588]]
Qgw block values: q11=3.621713063102183e-24, q22=6.707761273384094e-31
dt_idx: 170, dt: 4024.6567640304565
Qspin block values: q11=2.17302783786131e-18, q22=4.0246567640304563e-25
The HPH magnitude is: [[170.30121283]]
The R matrix for this timestep is: 44.890000000036316
log_likelihood: [[-3.60470203]], y: [[6.79448022e-06]], cov: [[215.19121283]]
Qgw block values: q11=2.0572841750966064e-24, q22=5.555259445508321e-31
dt_idx: 171, dt: 3333.1556673049927
Qspin block values: q11=1.2343705050579638e-18, q22=3.3331556673049926e-25
The HPH magnitude is: [[175.98549398]]
The R matrix for this timestep is: 44.890000000026255
log_likelihood: [[-3.61773812]], y: [[-9.52948483e-06]], cov: [[220.87549398]]
Qgw block values: q11=1.9794260627234267e-24, q22=5.484276545842489e-31
dt_idx: 172, dt: 3290.565927505493
Qspin block values: q11=1.187655637634056e-18, q22=3.290565927505493e-25
The HPH magnitude is: [[163.55255502]]
The R matrix for this timestep is: 44.890000000187456
log_likelihood: [[-3.58877028]], y: [[6.48152689e-05]], cov: [[208.44255502]]
Qgw block values: q11=9.257405134594868e-26, q22=1.9759199285507203e-31
dt_idx: 173, dt: 1185.5519571304321
Qspin block values: q11=5.554443080756921e-20, q22=1.185551957130432e-25
The HPH magnitude is: [[176.17239269]]
The R matrix for this timestep is: 44.89000000002775
log_likelihood: [[-3.61816102]], y: [[3.56903882e-06]], cov: [[221.06239269]]
Qgw block values: q11=2.4280598253958832e-23, q22=1.2648121991157531e-30
dt_idx: 174, dt: 7588.873194694519
Qspin block values: q11=1.45683589523753e-17, q22=7.588873194694519e-25
The HPH magnitude is: [[176.0749046]]
The R matrix for this timestep is: 44.890000000004335
log_likelihood: [[-3.61794048]], y: [[2.11454388e-06]], cov: [[220.9649046]]
Qgw block values: q11=2.0712462057538024e-23, q22=1.1995457782745362e-30
dt_idx: 175, dt: 7197.274669647217
Qspin block values: q11=1.2427477234522814e-17, q22=7.197274669647217e-25
The HPH magnitude is: [[183.26941402]]
The R matrix for this timestep is: 44.890000000009984
log_likelihood: [[-3.63396082]], y: [[1.90051549e-05]], cov: [[228.15941402]]
Qgw block values: q11=1.86171355907167e-26, q22=1.157649811108907e-31
dt_idx: 176, dt: 694.5898866653442
Qspin block values: q11=1.117028135443002e-20, q22=6.945898866653442e-26
The HPH magnitude is: [[177.83163252]]
The R matrix for this timestep is: 44.89000000006634
log_likelihood: [[-3.62189989]], y: [[-6.55160099e-06]], cov: [[222.72163252]]
Qgw block values: q11=1.6257065394872972e-23, q22=1.1065056492487589e-30
dt_idx: 177, dt: 6639.033895492554
Qspin block values: q11=9.754239236923781e-18, q22=6.639033895492553e-25
The HPH magnitude is: [[183.4763277]]
The R matrix for this timestep is: 44.890000000002786
log_likelihood: [[-3.63441405]], y: [[-1.99238449e-06]], cov: [[228.3663277]]
Qgw block values: q11=1.6934339151342402e-22, q22=2.4165493528048197e-30
dt_idx: 178, dt: 14499.296116828918
Qspin block values: q11=1.016060349080544e-16, q22=1.4499296116828918e-24
The HPH magnitude is: [[179.52398257]]
The R matrix for this timestep is: 44.89000000003325
log_likelihood: [[-3.62568477]], y: [[-1.92555363e-06]], cov: [[224.41398257]]
Qgw block values: q11=2.831697668346157e-25, q22=2.8682822084426882e-31
dt_idx: 179, dt: 1720.9693250656128
Qspin block values: q11=1.6990186010076943e-19, q22=1.7209693250656127e-25
The HPH magnitude is: [[187.70857296]]
The R matrix for this timestep is: 44.89000000000625
log_likelihood: [[-3.64359559]], y: [[2.37655545e-06]], cov: [[232.59857296]]
Qgw block values: q11=1.4691742806925076e-23, q22=1.0697871007919312e-30
dt_idx: 180, dt: 6418.722604751587
Qspin block values: q11=8.815045684155044e-18, q22=6.418722604751587e-25
The HPH magnitude is: [[170.01061312]]
The R matrix for this timestep is: 44.89000000002651
log_likelihood: [[-3.60402636]], y: [[-3.35494727e-06]], cov: [[214.90061312]]
Qgw block values: q11=7.860160505942381e-25, q22=4.031036427815755e-31
dt_idx: 181, dt: 2418.621856689453
Qspin block values: q11=4.716096303565429e-19, q22=2.418621856689453e-25
The HPH magnitude is: [[181.15354383]]
The R matrix for this timestep is: 44.89000000000082
log_likelihood: [[-3.62930236]], y: [[7.54898741e-07]], cov: [[226.04354383]]
Qgw block values: q11=7.658551656850222e-24, q22=8.609708875020345e-31
dt_idx: 182, dt: 5165.825325012207
Qspin block values: q11=4.595130994110133e-18, q22=5.165825325012207e-25
The HPH magnitude is: [[191.05430918]]
The R matrix for this timestep is: 44.89000000003447
log_likelihood: [[-3.65073643]], y: [[9.53877859e-06]], cov: [[235.94430918]]
Qgw block values: q11=6.829035715350586e-24, q22=8.286911725997925e-31
dt_idx: 183, dt: 4972.147035598755
Qspin block values: q11=4.0974214292103516e-18, q22=4.972147035598755e-25
The HPH magnitude is: [[177.49055282]]
The R matrix for this timestep is: 44.89000000012428
log_likelihood: [[-3.62113359]], y: [[1.76115578e-06]], cov: [[222.38055282]]
Qgw block values: q11=3.494566222908607e-25, q22=3.0765974537531535e-31
dt_idx: 184, dt: 1845.958472251892
Qspin block values: q11=2.0967397337451643e-19, q22=1.8459584722518921e-25
The HPH magnitude is: [[187.02045775]]
The R matrix for this timestep is: 44.890000000757375
log_likelihood: [[-3.6421142]], y: [[-8.07057439e-05]], cov: [[231.91045775]]
Qgw block values: q11=1.975044620050157e-22, q22=2.5436960867245992e-30
dt_idx: 185, dt: 15262.176520347595
Qspin block values: q11=1.1850267720300941e-16, q22=1.5262176520347594e-24
The HPH magnitude is: [[175.39102611]]
The R matrix for this timestep is: 44.89000000002105
log_likelihood: [[-3.61639059]], y: [[-8.07364686e-06]], cov: [[220.28102611]]
Qgw block values: q11=4.99188708333286e-25, q22=3.464930295944214e-31
dt_idx: 186, dt: 2078.9581775665283
Qspin block values: q11=2.9951322499997164e-19, q22=2.0789581775665283e-25
The HPH magnitude is: [[181.19083321]]
The R matrix for this timestep is: 44.89000000003667
log_likelihood: [[-3.62938484]], y: [[-2.62071065e-06]], cov: [[226.08083321]]
Qgw block values: q11=1.5378419184827755e-22, q22=2.3401488521893818e-30
dt_idx: 187, dt: 14040.893113136292
Qspin block values: q11=9.227051510896653e-17, q22=1.404089311313629e-24
The HPH magnitude is: [[198.44760702]]
The R matrix for this timestep is: 44.89000000003526
log_likelihood: [[-3.66616344]], y: [[1.34090811e-05]], cov: [[243.33760702]]
Qgw block values: q11=2.1630922661734346e-25, q22=2.6219914197921754e-31
dt_idx: 188, dt: 1573.1948518753052
Qspin block values: q11=1.2978553597040608e-19, q22=1.573194851875305e-25
The HPH magnitude is: [[183.15608472]]
The R matrix for this timestep is: 44.89000000002367
log_likelihood: [[-3.6337124]], y: [[-2.25325947e-06]], cov: [[228.04608472]]
Qgw block values: q11=2.3448054409506437e-25, q22=2.693447546958923e-31
dt_idx: 189, dt: 1616.068528175354
Qspin block values: q11=1.4068832645703861e-19, q22=1.616068528175354e-25
The HPH magnitude is: [[167.54722676]]
The R matrix for this timestep is: 44.89000000000013
log_likelihood: [[-3.5982618]], y: [[-4.13168917e-07]], cov: [[212.43722676]]
Qgw block values: q11=7.264227571924506e-25, q22=3.926474051475525e-31
dt_idx: 190, dt: 2355.884430885315
Qspin block values: q11=4.358536543154703e-19, q22=2.3558844308853148e-25
The HPH magnitude is: [[169.20520379]]
The R matrix for this timestep is: 44.89000000000002
log_likelihood: [[-3.60214893]], y: [[-6.02320322e-07]], cov: [[214.09520379]]
Qgw block values: q11=7.520175228602428e-23, q22=1.8436659633318582e-30
dt_idx: 191, dt: 11061.99577999115
Qspin block values: q11=4.512105137161456e-17, q22=1.106199577999115e-24
The HPH magnitude is: [[187.40065072]]
The R matrix for this timestep is: 44.89000000000664
log_likelihood: [[-3.64293323]], y: [[-1.01504826e-05]], cov: [[232.29065072]]
Qgw block values: q11=1.2813889769829874e-24, q22=4.744239217440287e-31
dt_idx: 192, dt: 2846.5435304641724
Qspin block values: q11=7.688333861897924e-19, q22=2.8465435304641725e-25
The HPH magnitude is: [[175.07551508]]
The R matrix for this timestep is: 44.890000000006566
log_likelihood: [[-3.61567393]], y: [[-8.22085559e-06]], cov: [[219.96551508]]
Qgw block values: q11=1.1181338647646759e-21, q22=4.533540693442027e-30
dt_idx: 193, dt: 27201.24416065216
Qspin block values: q11=6.708803188588054e-16, q22=2.720124416065216e-24
The HPH magnitude is: [[190.6424588]]
The R matrix for this timestep is: 44.89000000000137
log_likelihood: [[-3.6498629]], y: [[1.68145676e-06]], cov: [[235.5324588]]
Qgw block values: q11=1.1670423266483164e-21, q22=4.598700439771016e-30
dt_idx: 194, dt: 27592.2026386261
Qspin block values: q11=7.002253959889899e-16, q22=2.75922026386261e-24
The HPH magnitude is: [[181.23512967]]
The R matrix for this timestep is: 44.890000000007
log_likelihood: [[-3.62948279]], y: [[3.84481442e-06]], cov: [[226.12512967]]
Qgw block values: q11=1.6256940552581898e-22, q22=2.38388805325826e-30
dt_idx: 195, dt: 14303.32831954956
Qspin block values: q11=9.754164331549137e-17, q22=1.430332831954956e-24
The HPH magnitude is: [[196.61580322]]
The R matrix for this timestep is: 44.8900000000538
log_likelihood: [[-3.66238528]], y: [[3.22103971e-05]], cov: [[241.50580322]]
Qgw block values: q11=5.461432289277576e-21, q22=7.692044166088104e-30
dt_idx: 196, dt: 46152.264996528625
Qspin block values: q11=3.2768593735665453e-15, q22=4.615226499652862e-24
The HPH magnitude is: [[191.92787869]]
The R matrix for this timestep is: 44.89000000025803
log_likelihood: [[-3.65258423]], y: [[5.39500149e-05]], cov: [[236.81787869]]
Qgw block values: q11=6.609794584413368e-07, q22=3.7983229302512096e-28
dt_idx: 197, dt: 2284203.4070711136
Qspin block values: q11=0.03905336905517615, q22=2.2328130979679126e-22
The HPH magnitude is: [[106.92050496]]
The R matrix for this timestep is: 44.8900000003648
log_likelihood: [[-3.43025507]], y: [[2.61827461e-05]], cov: [[151.81050496]]
Qgw block values: q11=5.8897927285982535e-22, q22=3.66133602253596e-30
dt_idx: 198, dt: 21968.01613521576
Qspin block values: q11=3.533875637158952e-16, q22=2.1968016135215758e-24
The HPH magnitude is: [[117.83146014]]
The R matrix for this timestep is: 44.890000000026724
log_likelihood: [[-3.46495849]], y: [[1.24275456e-05]], cov: [[162.72146014]]
Qgw block values: q11=1.4334251370959662e-22, q22=2.2859387521743776e-30
dt_idx: 199, dt: 13715.632513046265
Qspin block values: q11=8.600550822575797e-17, q22=1.3715632513046265e-24
The HPH magnitude is: [[119.52859485]]
The R matrix for this timestep is: 44.890000000005344
log_likelihood: [[-3.47014632]], y: [[9.14299962e-06]], cov: [[164.41859485]]
Qgw block values: q11=1.3048001206588086e-24, q22=4.7729576476415e-31
dt_idx: 200, dt: 2863.7745885849
Qspin block values: q11=7.828800723952852e-19, q22=2.8637745885848996e-25
The HPH magnitude is: [[111.13966693]]
The R matrix for this timestep is: 44.890000000005855
log_likelihood: [[-3.44396161]], y: [[3.02642128e-06]], cov: [[156.02966693]]
Qgw block values: q11=3.4448017661364476e-22, q22=3.061923455874125e-30
dt_idx: 201, dt: 18371.54073524475
Qspin block values: q11=2.0668810596818684e-16, q22=1.837154073524475e-24
The HPH magnitude is: [[117.65455815]]
The R matrix for this timestep is: 44.89000000002695
log_likelihood: [[-3.46441462]], y: [[1.20973652e-05]], cov: [[162.54455815]]
Qgw block values: q11=2.260316933738859e-22, q22=2.6607007428805035e-30
dt_idx: 202, dt: 15964.20445728302
Qspin block values: q11=1.3561901602433155e-16, q22=1.596420445728302e-24
The HPH magnitude is: [[123.21299927]]
The R matrix for this timestep is: 44.890000000045866
log_likelihood: [[-3.48122697]], y: [[7.57353784e-06]], cov: [[168.10299927]]
Qgw block values: q11=1.4541576970094021e-25, q22=2.2969070466359455e-31
dt_idx: 203, dt: 1378.1442279815674
Qspin block values: q11=8.724946182056413e-20, q22=1.3781442279815674e-25
The HPH magnitude is: [[121.27291268]]
The R matrix for this timestep is: 44.89000000016096
log_likelihood: [[-3.47542289]], y: [[7.51746834e-06]], cov: [[166.16291268]]
Qgw block values: q11=2.0282879735584964e-23, q22=1.1911948026021322e-30
dt_idx: 204, dt: 7147.168815612793
Qspin block values: q11=1.2169727841350978e-17, q22=7.147168815612793e-25
The HPH magnitude is: [[127.17307118]]
The R matrix for this timestep is: 44.890000000013494
log_likelihood: [[-3.49286908]], y: [[-1.50265308e-05]], cov: [[172.06307118]]
Qgw block values: q11=4.058369090378616e-24, q22=6.967175738016764e-31
dt_idx: 205, dt: 4180.305442810059
Qspin block values: q11=2.4350214542271695e-18, q22=4.180305442810058e-25
The HPH magnitude is: [[123.43798277]]
The R matrix for this timestep is: 44.89000000000529
log_likelihood: [[-3.48189571]], y: [[5.31798867e-06]], cov: [[168.32798277]]
Qgw block values: q11=3.0190830275419424e-23, q22=1.3600804672241211e-30
dt_idx: 206, dt: 8160.482803344727
Qspin block values: q11=1.8114498165251653e-17, q22=8.1604828033447265e-25
The HPH magnitude is: [[148.99226593]]
The R matrix for this timestep is: 44.89000000076299
log_likelihood: [[-3.55256408]], y: [[2.21142658e-05]], cov: [[193.88226594]]
Qgw block values: q11=1.7002384960691273e-22, q22=2.4197817651430766e-30
dt_idx: 207, dt: 14518.69059085846
Qspin block values: q11=1.0201430976414763e-16, q22=1.4518690590858459e-24
The HPH magnitude is: [[124.62262649]]
The R matrix for this timestep is: 44.89000000000329
log_likelihood: [[-3.48540224]], y: [[-3.76167844e-06]], cov: [[169.51262649]]
Qgw block values: q11=1.2083990303048333e-22, q22=2.1594494423866273e-30
dt_idx: 208, dt: 12956.696654319763
Qspin block values: q11=7.250394181829e-17, q22=1.2956696654319762e-24
The HPH magnitude is: [[121.9833417]]
The R matrix for this timestep is: 44.890000000040395
log_likelihood: [[-3.47755608]], y: [[-2.29214178e-08]], cov: [[166.8733417]]
Qgw block values: q11=2.5211629907090352e-23, q22=1.2807761322657267e-30
dt_idx: 209, dt: 7684.65679359436
Qspin block values: q11=1.5126977944254212e-17, q22=7.68465679359436e-25
The HPH magnitude is: [[125.34259459]]
The R matrix for this timestep is: 44.89000000003474
log_likelihood: [[-3.48752139]], y: [[1.84952334e-05]], cov: [[170.23259459]]
Qgw block values: q11=1.1533015156194089e-24, q22=4.580580700238546e-31
dt_idx: 210, dt: 2748.3484201431274
Qspin block values: q11=6.919809093716454e-19, q22=2.748348420143127e-25
The HPH magnitude is: [[116.81080897]]
The R matrix for this timestep is: 44.89000000005175
log_likelihood: [[-3.46181242]], y: [[5.83564337e-05]], cov: [[161.70080897]]
Qgw block values: q11=3.057163295200112e-24, q22=6.339365571339925e-31
dt_idx: 211, dt: 3803.619342803955
Qspin block values: q11=1.834297977120067e-18, q22=3.803619342803955e-25
The HPH magnitude is: [[123.77624574]]
The R matrix for this timestep is: 44.89000000003169
log_likelihood: [[-3.48289948]], y: [[4.9062956e-06]], cov: [[168.66624574]]
Qgw block values: q11=9.958074979263891e-24, q22=9.39719088236491e-31
dt_idx: 212, dt: 5638.314529418945
Qspin block values: q11=5.974844987558334e-18, q22=5.638314529418945e-25
The HPH magnitude is: [[123.60926275]]
The R matrix for this timestep is: 44.890000000019434
log_likelihood: [[-3.48240422]], y: [[2.49703607e-05]], cov: [[168.49926275]]
Qgw block values: q11=3.5048011088995e-24, q22=6.634792990684509e-31
dt_idx: 213, dt: 3980.8757944107056
Qspin block values: q11=2.1028806653397003e-18, q22=3.9808757944107055e-25
The HPH magnitude is: [[119.80217189]]
The R matrix for this timestep is: 44.89000000000464
log_likelihood: [[-3.47097759]], y: [[-1.20954203e-07]], cov: [[164.69217189]]
Qgw block values: q11=9.599137945989676e-25, q22=4.3087404012680054e-31
dt_idx: 214, dt: 2585.244240760803
Qspin block values: q11=5.759482767593805e-19, q22=2.5852442407608032e-25
The HPH magnitude is: [[121.54784288]]
The R matrix for this timestep is: 44.89000000001971
log_likelihood: [[-3.4762495]], y: [[-1.22917094e-05]], cov: [[166.43784288]]
Qgw block values: q11=1.1789968276317656e-26, q22=9.941314125061036e-32
dt_idx: 215, dt: 596.4788475036621
Qspin block values: q11=7.073980965790593e-21, q22=5.964788475036621e-26
The HPH magnitude is: [[129.12205665]]
The R matrix for this timestep is: 44.890000000012265
log_likelihood: [[-3.49850083]], y: [[-1.93436102e-06]], cov: [[174.01205665]]
Qgw block values: q11=4.013783726011277e-24, q22=6.9415678644180295e-31
dt_idx: 216, dt: 4164.940718650818
Qspin block values: q11=2.4082702356067663e-18, q22=4.164940718650818e-25
The HPH magnitude is: [[130.64857246]]
The R matrix for this timestep is: 44.890000000040864
log_likelihood: [[-3.50286794]], y: [[-9.72802808e-06]], cov: [[175.53857246]]
Qgw block values: q11=1.770013229648801e-24, q22=5.283622190157573e-31
dt_idx: 217, dt: 3170.1733140945435
Qspin block values: q11=1.0620079377892807e-18, q22=3.1701733140945433e-25
The HPH magnitude is: [[121.60706834]]
The R matrix for this timestep is: 44.89000000000696
log_likelihood: [[-3.47642738]], y: [[-2.24358707e-06]], cov: [[166.49706834]]
Qgw block values: q11=7.525635080052162e-23, q22=1.8441120392481485e-30
dt_idx: 218, dt: 11064.672235488892
Qspin block values: q11=4.515381048031298e-17, q22=1.1064672235488891e-24
The HPH magnitude is: [[125.92367907]]
The R matrix for this timestep is: 44.89000000000102
log_likelihood: [[-3.48922522]], y: [[-6.71550387e-06]], cov: [[170.81367907]]
Qgw block values: q11=9.296152286217138e-23, q22=1.9786728490193686e-30
dt_idx: 219, dt: 11872.037094116211
Qspin block values: q11=5.577691371730283e-17, q22=1.187203709411621e-24
The HPH magnitude is: [[128.18548858]]
The R matrix for this timestep is: 44.89000000000888
log_likelihood: [[-3.49580246]], y: [[-8.34215499e-06]], cov: [[173.07548858]]
Qgw block values: q11=7.334811818844558e-26, q22=1.8283917093276978e-31
dt_idx: 220, dt: 1097.0350255966187
Qspin block values: q11=4.400887091306735e-20, q22=1.0970350255966186e-25
The HPH magnitude is: [[124.50969615]]
The R matrix for this timestep is: 44.89000000014948
log_likelihood: [[-3.48506903]], y: [[1.37026374e-05]], cov: [[169.39969615]]
Qgw block values: q11=3.469423396319278e-24, q22=6.612393428484599e-31
dt_idx: 221, dt: 3967.4360570907593
Qspin block values: q11=2.0816540377915665e-18, q22=3.967436057090759e-25
The HPH magnitude is: [[130.95104729]]
The R matrix for this timestep is: 44.89000000009099
log_likelihood: [[-3.50372876]], y: [[-3.68491619e-06]], cov: [[175.84104729]]
Qgw block values: q11=6.397037349891203e-23, q22=1.7468912927309672e-30
dt_idx: 222, dt: 10481.347756385803
Qspin block values: q11=3.838222409934721e-17, q22=1.0481347756385802e-24
The HPH magnitude is: [[125.11804494]]
The R matrix for this timestep is: 44.89000000003417
log_likelihood: [[-3.48686141]], y: [[1.14635092e-06]], cov: [[170.00804494]]
Qgw block values: q11=1.2257541832554784e-23, q22=1.0071033625602722e-30
dt_idx: 223, dt: 6042.620175361633
Qspin block values: q11=7.35452509953287e-18, q22=6.042620175361633e-25
The HPH magnitude is: [[121.09440752]]
The R matrix for this timestep is: 44.890000000000114
log_likelihood: [[-3.47488546]], y: [[6.82810349e-07]], cov: [[165.98440752]]
Qgw block values: q11=8.970821401560471e-23, q22=1.9553161535263062e-30
dt_idx: 224, dt: 11731.896921157837
Qspin block values: q11=5.382492840936282e-17, q22=1.1731896921157837e-24
The HPH magnitude is: [[125.80879809]]
The R matrix for this timestep is: 44.89000000002075
log_likelihood: [[-3.48888883]], y: [[-5.26075022e-06]], cov: [[170.69879809]]
Qgw block values: q11=1.728066455084075e-21, q22=5.241549979527792e-30
dt_idx: 225, dt: 31449.299877166748
Qspin block values: q11=1.0368398730504452e-15, q22=3.1449299877166747e-24
The HPH magnitude is: [[129.18414318]]
The R matrix for this timestep is: 44.89000000000627
log_likelihood: [[-3.49867919]], y: [[-5.06192579e-06]], cov: [[174.07414318]]
Qgw block values: q11=6.083468155901736e-24, q22=7.973640742301941e-31
dt_idx: 226, dt: 4784.184445381165
Qspin block values: q11=3.650080893541042e-18, q22=4.784184445381165e-25
The HPH magnitude is: [[134.08549393]]
The R matrix for this timestep is: 44.89000000000011
log_likelihood: [[-3.51256298]], y: [[8.59460583e-07]], cov: [[178.97549393]]
Qgw block values: q11=1.1636435919422322e-22, q22=2.1324535439809163e-30
dt_idx: 227, dt: 12794.721263885498
Qspin block values: q11=6.981861551653394e-17, q22=1.2794721263885499e-24
The HPH magnitude is: [[123.97033809]]
The R matrix for this timestep is: 44.890000000000015
log_likelihood: [[-3.48347452]], y: [[5.15550048e-07]], cov: [[168.86033809]]
Qgw block values: q11=4.2142601365788317e-22, q22=3.274764180024465e-30
dt_idx: 228, dt: 19648.58508014679
Qspin block values: q11=2.5285560819472986e-16, q22=1.9648585080146788e-24
The HPH magnitude is: [[126.24510761]]
The R matrix for this timestep is: 44.89000000000107
log_likelihood: [[-3.49016521]], y: [[2.35513687e-06]], cov: [[171.13510761]]
Qgw block values: q11=2.730923781389139e-22, q22=2.8338451221783955e-30
dt_idx: 229, dt: 17003.070733070374
Qspin block values: q11=1.6385542688334834e-16, q22=1.7003070733070372e-24
The HPH magnitude is: [[142.66501905]]
The R matrix for this timestep is: 44.89000000003103
log_likelihood: [[-3.53597465]], y: [[-2.53229794e-05]], cov: [[187.55501905]]
Qgw block values: q11=6.257527077104895e-07, q22=3.7297260345907097e-28
dt_idx: 230, dt: 2242858.521859169
Qspin block values: q11=0.036982301064580676, q22=2.1932981856370865e-22
The HPH magnitude is: [[65.10278341]]
The R matrix for this timestep is: 44.89000000007605
log_likelihood: [[-3.26914591]], y: [[3.07478731e-05]], cov: [[109.99278341]]
Qgw block values: q11=1.4190477619776875e-23, q22=1.0574794155756632e-30
dt_idx: 231, dt: 6344.8764934539795
Qspin block values: q11=8.514286571866124e-18, q22=6.344876493453979e-25
The HPH magnitude is: [[80.11001319]]
The R matrix for this timestep is: 44.890000000000875
log_likelihood: [[-3.33309545]], y: [[1.02786078e-06]], cov: [[125.00001319]]
Qgw block values: q11=1.500414850601888e-20, q22=1.0773166434764863e-29
dt_idx: 232, dt: 64638.99860858917
Qspin block values: q11=9.002489103611327e-15, q22=6.463899860858917e-24
The HPH magnitude is: [[90.76352288]]
The R matrix for this timestep is: 44.89000000043494
log_likelihood: [[-3.37399054]], y: [[9.80439367e-06]], cov: [[135.65352288]]
Qgw block values: q11=1.4240282157632717e-22, q22=2.280932584921519e-30
dt_idx: 233, dt: 13685.595509529114
Qspin block values: q11=8.54416929457963e-17, q22=1.3685595509529114e-24
The HPH magnitude is: [[98.02595401]]
The R matrix for this timestep is: 44.89000000003183
log_likelihood: [[-3.40006689]], y: [[-1.53984667e-06]], cov: [[142.91595401]]
Qgw block values: q11=1.9535877920562984e-21, q22=5.460309109052022e-30
dt_idx: 234, dt: 32761.854654312134
Qspin block values: q11=1.1721526752337792e-15, q22=3.276185465431213e-24
The HPH magnitude is: [[93.13664703]]
The R matrix for this timestep is: 44.89000000005049
log_likelihood: [[-3.38266191]], y: [[-1.506748e-06]], cov: [[138.02664703]]
Qgw block values: q11=1.5128493831766305e-25, q22=2.3274024232228596e-31
dt_idx: 235, dt: 1396.4414539337158
Qspin block values: q11=9.077096299059782e-20, q22=1.3964414539337159e-25
The HPH magnitude is: [[97.98978629]]
The R matrix for this timestep is: 44.890000000017686
log_likelihood: [[-3.39994034]], y: [[1.30495496e-06]], cov: [[142.87978629]]
Qgw block values: q11=6.688057291359582e-24, q22=8.22948983033498e-31
dt_idx: 236, dt: 4937.693898200989
Qspin block values: q11=4.0128343748157485e-18, q22=4.937693898200989e-25
The HPH magnitude is: [[87.16754443]]
The R matrix for this timestep is: 44.8900000000002
log_likelihood: [[-3.36055742]], y: [[8.42496203e-07]], cov: [[132.05754443]]
Qgw block values: q11=1.0361277138447403e-21, q22=4.4198820657730106e-30
dt_idx: 237, dt: 26519.29239463806
Qspin block values: q11=6.216766283068442e-16, q22=2.651929239463806e-24
The HPH magnitude is: [[89.80392331]]
The R matrix for this timestep is: 44.89000000003182
log_likelihood: [[-3.37044102]], y: [[3.93041411e-06]], cov: [[134.69392331]]
Qgw block values: q11=9.195805279010089e-24, q22=9.15102004845937e-31
dt_idx: 238, dt: 5490.612029075623
Qspin block values: q11=5.517483167406053e-18, q22=5.490612029075622e-25
The HPH magnitude is: [[91.1169016]]
The R matrix for this timestep is: 44.890000000005706
log_likelihood: [[-3.37529135]], y: [[-1.70264109e-06]], cov: [[136.0069016]]
Qgw block values: q11=1.2652284581899613e-23, q22=1.0178002859751383e-30
dt_idx: 239, dt: 6106.80171585083
Qspin block values: q11=7.591370749139767e-18, q22=6.10680171585083e-25
The HPH magnitude is: [[94.74431946]]
The R matrix for this timestep is: 44.89000000021526
log_likelihood: [[-3.38845203]], y: [[-5.45868768e-05]], cov: [[139.63431946]]
Qgw block values: q11=2.5565702298329443e-26, q22=1.2867440255482992e-31
dt_idx: 240, dt: 772.0464153289795
Qspin block values: q11=1.5339421378997664e-20, q22=7.720464153289795e-26
The HPH magnitude is: [[92.84391722]]
The R matrix for this timestep is: 44.89000000000589
log_likelihood: [[-3.38160038]], y: [[-6.76817524e-06]], cov: [[137.73391722]]
Qgw block values: q11=1.8068164271801288e-22, q22=2.469321255683899e-30
dt_idx: 241, dt: 14815.927534103394
Qspin block values: q11=1.0840898563080772e-16, q22=1.4815927534103392e-24
The HPH magnitude is: [[90.25801883]]
The R matrix for this timestep is: 44.890000000003916
log_likelihood: [[-3.37212384]], y: [[5.09024161e-06]], cov: [[135.14801883]]
Qgw block values: q11=3.318415247413358e-25, q22=3.0240095710754396e-31
dt_idx: 242, dt: 1814.4057426452637
Qspin block values: q11=1.9910491484480146e-19, q22=1.8144057426452636e-25
The HPH magnitude is: [[276.2626002]]
The R matrix for this timestep is: 44.89000000000703
log_likelihood: [[-3.80489673]], y: [[-4.89980726e-06]], cov: [[321.1526002]]
Qgw block values: q11=4.0074252073492776e-23, q22=1.4947253263791402e-30
dt_idx: 243, dt: 8968.351958274841
Qspin block values: q11=2.4044551244095664e-17, q22=8.96835195827484e-25
The HPH magnitude is: [[98.61240477]]
The R matrix for this timestep is: 44.8900000000128
log_likelihood: [[-3.40211443]], y: [[-2.87559486e-07]], cov: [[143.50240477]]
Qgw block values: q11=1.092105094830712e-24, q22=4.498085735638937e-31
dt_idx: 244, dt: 2698.851441383362
Qspin block values: q11=6.552630568984272e-19, q22=2.6988514413833617e-25
The HPH magnitude is: [[119.07792377]]
The R matrix for this timestep is: 44.89000000002508
log_likelihood: [[-3.46877394]], y: [[-9.24983382e-07]], cov: [[163.96792378]]
Qgw block values: q11=8.166594133877625e-26, q22=1.895046664873759e-31
dt_idx: 245, dt: 1137.0279989242554
Qspin block values: q11=4.899956480326575e-20, q22=1.1370279989242554e-25
The HPH magnitude is: [[652.09433325]]
The R matrix for this timestep is: 44.89000000058331
log_likelihood: [[-4.19232]], y: [[-3.68598064e-06]], cov: [[696.98433325]]
Qgw block values: q11=9.812396400144046e-25, q22=4.3404152377446495e-31
dt_idx: 246, dt: 2604.2491426467896
Qspin block values: q11=5.887437840086428e-19, q22=2.6042491426467894e-25
The HPH magnitude is: [[93.298833]]
The R matrix for this timestep is: 44.89000000000396
log_likelihood: [[-3.38324909]], y: [[5.2502249e-06]], cov: [[138.188833]]
Qgw block values: q11=1.0915883083799255e-22, q22=2.0874970790545145e-30
dt_idx: 247, dt: 12524.982474327087
Qspin block values: q11=6.549529850279553e-17, q22=1.2524982474327088e-24
The HPH magnitude is: [[105.91917993]]
The R matrix for this timestep is: 44.89000000003771
log_likelihood: [[-3.4269462]], y: [[-1.67303432e-05]], cov: [[150.80917993]]
Qgw block values: q11=2.0033554398636323e-23, q22=1.186293783346812e-30
dt_idx: 248, dt: 7117.762700080872
Qspin block values: q11=1.2020132639181793e-17, q22=7.117762700080871e-25
The HPH magnitude is: [[92.8748022]]
The R matrix for this timestep is: 44.8900000000297
log_likelihood: [[-3.38171248]], y: [[1.61938775e-05]], cov: [[137.7648022]]
Qgw block values: q11=9.855315916350991e-23, q22=2.017575372695923e-30
dt_idx: 249, dt: 12105.452236175537
Qspin block values: q11=5.913189549810595e-17, q22=1.2105452236175536e-24
The HPH magnitude is: [[97.33213311]]
The R matrix for this timestep is: 44.89000000000106
log_likelihood: [[-3.39763361]], y: [[-2.61232178e-06]], cov: [[142.22213311]]
Qgw block values: q11=6.008918310771334e-23, q22=1.7108227548599243e-30
dt_idx: 250, dt: 10264.936529159546
Qspin block values: q11=3.6053509864628003e-17, q22=1.0264936529159546e-24
The HPH magnitude is: [[88.85277779]]
The R matrix for this timestep is: 44.890000000033865
log_likelihood: [[-3.36689773]], y: [[2.71761275e-05]], cov: [[133.74277779]]
Qgw block values: q11=1.463475033026664e-23, q22=1.0684019956588746e-30
dt_idx: 251, dt: 6410.411973953247
Qspin block values: q11=8.780850198159983e-18, q22=6.410411973953247e-25
The HPH magnitude is: [[86.84989618]]
The R matrix for this timestep is: 44.89000000000008
log_likelihood: [[-3.35935328]], y: [[9.52754085e-08]], cov: [[131.73989618]]
Qgw block values: q11=4.6069502057416946e-26, q22=1.5658281294504802e-31
dt_idx: 252, dt: 939.4968776702881
Qspin block values: q11=2.764170123445017e-20, q22=9.39496877670288e-26
The HPH magnitude is: [[8.91247307]]
The R matrix for this timestep is: 44.890000000020706
log_likelihood: [[-2.91159825]], y: [[2.52523016e-06]], cov: [[53.80247307]]
Qgw block values: q11=7.50728860754045e-25, q22=3.969787762959798e-31
dt_idx: 253, dt: 2381.872657775879
Qspin block values: q11=4.50437316452427e-19, q22=2.381872657775879e-25
The HPH magnitude is: [[226.24492943]]
The R matrix for this timestep is: 44.89000000002625
log_likelihood: [[-3.72024683]], y: [[1.53628133e-05]], cov: [[271.13492943]]
Qgw block values: q11=1.524000882630961e-23, q22=1.082932341893514e-30
dt_idx: 254, dt: 6497.594051361084
Qspin block values: q11=9.144005295785765e-18, q22=6.497594051361084e-25
The HPH magnitude is: [[92.58844062]]
The R matrix for this timestep is: 44.89000000001085
log_likelihood: [[-3.38067209]], y: [[7.23341951e-06]], cov: [[137.47844062]]
Qgw block values: q11=9.49939826214916e-24, q22=9.25063651561737e-31
dt_idx: 255, dt: 5550.381909370422
Qspin block values: q11=5.6996389572894955e-18, q22=5.550381909370422e-25
The HPH magnitude is: [[98.46345974]]
The R matrix for this timestep is: 44.89000000000375
log_likelihood: [[-3.4015952]], y: [[-3.46759393e-06]], cov: [[143.35345974]]
Qgw block values: q11=5.014961443162585e-25, q22=3.470260823567708e-31
dt_idx: 256, dt: 2082.156494140625
Qspin block values: q11=3.0089768658975504e-19, q22=2.082156494140625e-25
The HPH magnitude is: [[97.5862347]]
The R matrix for this timestep is: 44.89000000002901
log_likelihood: [[-3.39852614]], y: [[-1.1142213e-05]], cov: [[142.4762347]]
Qgw block values: q11=4.408201076591442e-23, q22=1.5429791234334311e-30
dt_idx: 257, dt: 9257.874740600586
Qspin block values: q11=2.644920645954865e-17, q22=9.257874740600585e-25
The HPH magnitude is: [[90.51821859]]
The R matrix for this timestep is: 44.89000000000002
log_likelihood: [[-3.37308556]], y: [[8.72293609e-07]], cov: [[135.40821859]]
Qgw block values: q11=4.1940537198386425e-23, q22=1.5175776233673096e-30
dt_idx: 258, dt: 9105.465740203857
Qspin block values: q11=2.5164322319031854e-17, q22=9.105465740203858e-25
The HPH magnitude is: [[97.45868873]]
The R matrix for this timestep is: 44.89000000001237
log_likelihood: [[-3.39807833]], y: [[-6.3415552e-06]], cov: [[142.34868873]]
Qgw block values: q11=1.2701732369237745e-23, q22=1.0191244881947835e-30
dt_idx: 259, dt: 6114.746929168701
Qspin block values: q11=7.621039421542646e-18, q22=6.114746929168701e-25
The HPH magnitude is: [[91.48340505]]
The R matrix for this timestep is: 44.89000000004092
log_likelihood: [[-3.37663691]], y: [[4.38999777e-06]], cov: [[136.37340505]]
Qgw block values: q11=8.213350316509338e-22, q22=4.090531112511953e-30
dt_idx: 260, dt: 24543.186675071716
Qspin block values: q11=4.928010189905602e-16, q22=2.4543186675071716e-24
The HPH magnitude is: [[95.43398643]]
The R matrix for this timestep is: 44.890000000175974
log_likelihood: [[-3.3909155]], y: [[-1.7212124e-05]], cov: [[140.32398643]]
Qgw block values: q11=3.617117064046502e-23, q22=1.4445317975680034e-30
dt_idx: 261, dt: 8667.19078540802
Qspin block values: q11=2.1702702384279008e-17, q22=8.66719078540802e-25
The HPH magnitude is: [[109.00537507]]
The R matrix for this timestep is: 44.89000000001556
log_likelihood: [[-3.43707503]], y: [[-6.21256e-06]], cov: [[153.89537507]]
Qgw block values: q11=1.441590657841723e-20, q22=1.0630497044086457e-29
dt_idx: 262, dt: 63782.98226451874
Qspin block values: q11=8.649543947050338e-15, q22=6.3782982264518736e-24
The HPH magnitude is: [[92.06872751]]
The R matrix for this timestep is: 44.89000000001403
log_likelihood: [[-3.37877834]], y: [[1.75662302e-06]], cov: [[136.95872751]]
Qgw block values: q11=6.406300230106959e-07, q22=3.75900329380101e-28
dt_idx: 263, dt: 2260504.16344738
Qspin block values: q11=0.0378570690031629, q22=2.2101668074000855e-22
The HPH magnitude is: [[-46.46287806]]
The R matrix for this timestep is: 44.890000000005806
log_likelihood: [[nan]], y: [[-3.94228503e-06]], cov: [[-1.57287806]]
Qgw block values: q11=8.326469648752216e-23, q22=1.9073331298828125e-30
dt_idx: 264, dt: 11443.998779296875
Qspin block values: q11=4.995881789251329e-17, q22=1.1443998779296875e-24
The HPH magnitude is: [[-704.6066325]]
The R matrix for this timestep is: 44.890000000006715
log_likelihood: [[nan]], y: [[4.11109191e-06]], cov: [[-659.7166325]]
Qgw block values: q11=3.3779925934182355e-24, q22=6.553789410591125e-31
dt_idx: 265, dt: 3932.2736463546753
Qspin block values: q11=2.026795556050941e-18, q22=3.932273646354675e-25
The HPH magnitude is: [[99.63481325]]
The R matrix for this timestep is: 44.89000000000017
log_likelihood: [[-3.40566414]], y: [[-6.27736695e-06]], cov: [[144.52481325]]
Qgw block values: q11=5.513666316589778e-25, q22=3.581676942507426e-31
dt_idx: 266, dt: 2149.0061655044556
Qspin block values: q11=3.308199789953867e-19, q22=2.1490061655044554e-25
The HPH magnitude is: [[119.72262558]]
The R matrix for this timestep is: 44.890000000046015
log_likelihood: [[-3.47073603]], y: [[-2.98879007e-07]], cov: [[164.61262558]]
Qgw block values: q11=7.520770177877018e-22, q22=3.9721626536051435e-30
dt_idx: 267, dt: 23832.97592163086
Qspin block values: q11=4.51246210672621e-16, q22=2.383297592163086e-24
The HPH magnitude is: [[15705.10652626]]
The R matrix for this timestep is: 44.89000000002517
log_likelihood: [[-5.75123625]], y: [[-0.00023161]], cov: [[15749.99652626]]
Qgw block values: q11=8.234794799392969e-23, q22=1.9003073371251423e-30
dt_idx: 268, dt: 11401.844022750854
Qspin block values: q11=4.940876879635781e-17, q22=1.1401844022750854e-24
The HPH magnitude is: [[1786.94545171]]
The R matrix for this timestep is: 44.890000000019086
log_likelihood: [[-4.67547539]], y: [[-4.89567668e-05]], cov: [[1831.83545171]]
Qgw block values: q11=9.620478844151884e-22, q22=4.31193111594518e-30
dt_idx: 269, dt: 25871.58669567108
Qspin block values: q11=5.77228730649113e-16, q22=2.587158669567108e-24
The HPH magnitude is: [[16.71190263]]
The R matrix for this timestep is: 44.89000000001784
log_likelihood: [[-2.97928491]], y: [[-2.48108124e-05]], cov: [[61.60190263]]
Qgw block values: q11=2.3196636313519128e-24, q22=5.782042183876037e-31
dt_idx: 270, dt: 3469.2253103256226
Qspin block values: q11=1.3917981788111476e-18, q22=3.4692253103256223e-25
The HPH magnitude is: [[53.51483892]]
The R matrix for this timestep is: 44.89000000000929
log_likelihood: [[-3.21348352]], y: [[-7.01033301e-07]], cov: [[98.40483892]]
Qgw block values: q11=2.986505538880444e-25, q22=2.9196269210179645e-31
dt_idx: 271, dt: 1751.7761526107788
Qspin block values: q11=1.7919033233282664e-19, q22=1.7517761526107788e-25
The HPH magnitude is: [[67.92320464]]
The R matrix for this timestep is: 44.890000000000846
log_likelihood: [[-3.28180523]], y: [[-2.74753602e-06]], cov: [[112.81320464]]
Qgw block values: q11=4.574441007157123e-23, q22=1.5621363143920899e-30
dt_idx: 272, dt: 9372.817886352539
Qspin block values: q11=2.7446646042942736e-17, q22=9.372817886352538e-25
The HPH magnitude is: [[72.22039259]]
The R matrix for this timestep is: 44.890000000149584
log_likelihood: [[-3.30049704]], y: [[4.44003073e-06]], cov: [[117.11039259]]
Qgw block values: q11=3.8090633137939554e-22, q22=3.166253249327342e-30
dt_idx: 273, dt: 18997.51949596405
Qspin block values: q11=2.285437988276373e-16, q22=1.899751949596405e-24
The HPH magnitude is: [[870.2379671]]
The R matrix for this timestep is: 44.89000000038562
log_likelihood: [[-4.32847049]], y: [[8.994657e-06]], cov: [[915.1279671]]
Qgw block values: q11=3.196956953461155e-23, q22=1.3862828404108683e-30
dt_idx: 274, dt: 8317.69704246521
Qspin block values: q11=1.918174172076693e-17, q22=8.31769704246521e-25
The HPH magnitude is: [[-3660.41758689]]
The R matrix for this timestep is: 44.890000000010666
log_likelihood: [[nan]], y: [[-5.59818247e-06]], cov: [[-3615.52758689]]
Qgw block values: q11=1.195047708418986e-26, q22=9.986224667231241e-32
dt_idx: 275, dt: 599.1734800338745
Qspin block values: q11=7.170286250513916e-21, q22=5.991734800338744e-26
The HPH magnitude is: [[1395.58163254]]
The R matrix for this timestep is: 44.890000000128296
log_likelihood: [[-4.55530146]], y: [[5.57172516e-05]], cov: [[1440.47163254]]
Qgw block values: q11=4.782953945679889e-23, q22=1.585519731203715e-30
dt_idx: 276, dt: 9513.11838722229
Qspin block values: q11=2.869772367407933e-17, q22=9.513118387222289e-25
The HPH magnitude is: [[-52174.81324204]]
The R matrix for this timestep is: 44.89000000001273
log_likelihood: [[nan]], y: [[0.00035977]], cov: [[-52129.92324204]]
Qgw block values: q11=2.1477696568433517e-23, q22=1.2141401441891988e-30
dt_idx: 277, dt: 7284.840865135193
Qspin block values: q11=1.288661794106011e-17, q22=7.284840865135192e-25
The HPH magnitude is: [[84.49349723]]
The R matrix for this timestep is: 44.8900000003911
log_likelihood: [[-3.35032895]], y: [[5.86257455e-06]], cov: [[129.38349723]]
Qgw block values: q11=2.5409301141374553e-23, q22=1.2841147211392721e-30
dt_idx: 278, dt: 7704.688326835632
Qspin block values: q11=1.5245580684824732e-17, q22=7.704688326835632e-25
The HPH magnitude is: [[-183.29510282]]
The R matrix for this timestep is: 44.89000000006143
log_likelihood: [[nan]], y: [[3.85619649e-05]], cov: [[-138.40510282]]
Qgw block values: q11=9.02738518808946e-24, q22=9.094808853467305e-31
dt_idx: 279, dt: 5456.885312080383
Qspin block values: q11=5.4164311128536756e-18, q22=5.456885312080384e-25
The HPH magnitude is: [[144.03357223]]
The R matrix for this timestep is: 44.8900000000325
log_likelihood: [[-3.53960981]], y: [[9.607297e-06]], cov: [[188.92357223]]
Qgw block values: q11=9.395482646411434e-23, q22=1.9856953382492065e-30
dt_idx: 280, dt: 11914.17202949524
Qspin block values: q11=5.63728958784686e-17, q22=1.191417202949524e-24
The HPH magnitude is: [[173.53359779]]
The R matrix for this timestep is: 44.89000000001182
log_likelihood: [[-3.61215668]], y: [[-4.85309738e-05]], cov: [[218.42359779]]
Qgw block values: q11=7.357366328488418e-23, q22=1.8302638901074728e-30
dt_idx: 281, dt: 10981.583340644836
Qspin block values: q11=4.414419797093051e-17, q22=1.0981583340644836e-24
The HPH magnitude is: [[156268.05124827]]
The R matrix for this timestep is: 44.890000000024536
log_likelihood: [[-6.89874619]], y: [[0.00236178]], cov: [[156312.94124827]]
Qgw block values: q11=1.4177772106468286e-23, q22=1.0571637148857117e-30
dt_idx: 282, dt: 6342.98228931427
Qspin block values: q11=8.506663263880972e-18, q22=6.3429822893142695e-25
The HPH magnitude is: [[-697.26799347]]
The R matrix for this timestep is: 44.89000000000277
log_likelihood: [[nan]], y: [[-0.00019098]], cov: [[-652.37799347]]
Qgw block values: q11=6.124456860871258e-23, q22=1.7217183623313906e-30
dt_idx: 283, dt: 10330.310173988342
Qspin block values: q11=3.6746741165227553e-17, q22=1.0330310173988341e-24
The HPH magnitude is: [[73.33401855]]
The R matrix for this timestep is: 44.89000000016407
log_likelihood: [[-3.30522918]], y: [[-2.21888132e-05]], cov: [[118.22401855]]
Qgw block values: q11=3.825750147002422e-24, q22=6.8314325682322185e-31
dt_idx: 284, dt: 4098.859540939331
Qspin block values: q11=2.2954500882014535e-18, q22=4.098859540939331e-25
The HPH magnitude is: [[91.33347052]]
The R matrix for this timestep is: 44.890000000004605
log_likelihood: [[-3.37608688]], y: [[1.68378139e-05]], cov: [[136.22347052]]
Qgw block values: q11=4.403746126902705e-25, q22=3.323127538363139e-31
dt_idx: 285, dt: 1993.8765230178833
Qspin block values: q11=2.6422476761416225e-19, q22=1.9938765230178832e-25
The HPH magnitude is: [[-429.15289916]]
The R matrix for this timestep is: 44.89000000003524
log_likelihood: [[nan]], y: [[-2.76067113e-05]], cov: [[-384.26289916]]
Qgw block values: q11=3.764123129970862e-24, q22=6.7945524962743124e-31
dt_idx: 286, dt: 4076.7314977645874
Qspin block values: q11=2.2584738779825173e-18, q22=4.076731497764587e-25
The HPH magnitude is: [[190.86911139]]
The R matrix for this timestep is: 44.8900000000308
log_likelihood: [[-3.65034382]], y: [[-4.6662548e-05]], cov: [[235.75911139]]
Qgw block values: q11=5.5860259444066415e-28, q22=3.5972771644592286e-32
dt_idx: 287, dt: 215.8366298675537
Qspin block values: q11=3.351615566643985e-22, q22=2.158366298675537e-26
The HPH magnitude is: [[32.72094365]]
The R matrix for this timestep is: 44.890000000001294
log_likelihood: [[-3.09479276]], y: [[2.42098992e-05]], cov: [[77.61094365]]
Qgw block values: q11=1.3848210063515832e-23, q22=1.0489081637064616e-30
dt_idx: 288, dt: 6293.4489822387695
Qspin block values: q11=8.308926038109499e-18, q22=6.2934489822387695e-25
The HPH magnitude is: [[-5050.7569763]]
The R matrix for this timestep is: 44.89000000001786
log_likelihood: [[nan]], y: [[0.00011192]], cov: [[-5005.8669763]]
Qgw block values: q11=6.58730652309637e-23, q22=1.7640418152809143e-30
dt_idx: 289, dt: 10584.250891685486
Qspin block values: q11=3.952383913857822e-17, q22=1.0584250891685486e-24
The HPH magnitude is: [[-6.00832894]]
The R matrix for this timestep is: 44.8900000000001
log_likelihood: [[-2.74920001]], y: [[1.83673784e-05]], cov: [[38.88167106]]
Qgw block values: q11=1.39440189207123e-25, q22=2.2650036478042603e-31
dt_idx: 290, dt: 1359.0021886825562
Qspin block values: q11=8.366411352427379e-20, q22=1.3590021886825561e-25
The HPH magnitude is: [[-625.4206234]]
The R matrix for this timestep is: 44.89000000004917
log_likelihood: [[nan]], y: [[9.35349007e-05]], cov: [[-580.5306234]]
Qgw block values: q11=1.8126998016810815e-21, q22=5.325759455045064e-30
dt_idx: 291, dt: 31954.556730270386
Qspin block values: q11=1.0876198810086487e-15, q22=3.1954556730270386e-24
The HPH magnitude is: [[-51.67614235]]
The R matrix for this timestep is: 44.8900000000083
log_likelihood: [[nan]], y: [[-5.42122148e-06]], cov: [[-6.78614235]]
Qgw block values: q11=1.2257247155201132e-22, q22=2.169721033414205e-30
dt_idx: 292, dt: 13018.32620048523
Qspin block values: q11=7.354348293120679e-17, q22=1.3018326200485229e-24
The HPH magnitude is: [[-17.21065634]]
The R matrix for this timestep is: 44.890000000031336
log_likelihood: [[-2.57928174]], y: [[-8.42853227e-05]], cov: [[27.67934366]]
Qgw block values: q11=6.584739358676937e-25, q22=3.800019113222758e-31
dt_idx: 293, dt: 2280.011467933655
Qspin block values: q11=3.950843615206162e-19, q22=2.2800114679336545e-25
The HPH magnitude is: [[-95645.78051352]]
The R matrix for this timestep is: 44.890000000021054
log_likelihood: [[nan]], y: [[0.00108471]], cov: [[-95600.89051352]]
Qgw block values: q11=4.406909932652661e-22, q22=3.323923165003459e-30
dt_idx: 294, dt: 19943.538990020752
Qspin block values: q11=2.6441459595915966e-16, q22=1.994353899002075e-24
The HPH magnitude is: [[2794.89225345]]
The R matrix for this timestep is: 44.89000000000855
log_likelihood: [[-4.89467986]], y: [[6.99028535e-05]], cov: [[2839.78225345]]
Qgw block values: q11=2.538984716321773e-21, q22=5.958811037222544e-30
dt_idx: 295, dt: 35752.866223335266
Qspin block values: q11=1.5233908297930636e-15, q22=3.575286622333526e-24
The HPH magnitude is: [[881.41395317]]
The R matrix for this timestep is: 44.89000000000003
log_likelihood: [[-4.33453975]], y: [[-0.00021659]], cov: [[926.30395317]]
Qgw block values: q11=5.293907749777038e-07, q22=3.527830730075968e-28
dt_idx: 296, dt: 2121191.535516739
Qspin block values: q11=0.03131285447108093, q22=2.0768265888912883e-22
The HPH magnitude is: [[-176641.42182467]]
The R matrix for this timestep is: 44.89000000000541
log_likelihood: [[nan]], y: [[0.00102837]], cov: [[-176596.53182467]]
Qgw block values: q11=3.064685258022675e-20, q22=1.3668941276868183e-29
dt_idx: 297, dt: 82013.6476612091
Qspin block values: q11=1.838811154813605e-14, q22=8.201364766120911e-24
The HPH magnitude is: [[245723.73372909]]
The R matrix for this timestep is: 44.89000000002099
log_likelihood: [[-7.12501144]], y: [[0.00020315]], cov: [[245768.62372909]]
Qgw block values: q11=7.416653498809511e-21, q22=8.518090459346772e-30
dt_idx: 298, dt: 51108.54275608063
Qspin block values: q11=4.449992099285706e-15, q22=5.110854275608063e-24
The HPH magnitude is: [[72208.67226459]]
The R matrix for this timestep is: 44.890000000009664
log_likelihood: [[-6.51290699]], y: [[-0.00018381]], cov: [[72253.56226459]]
Qgw block values: q11=1.6394344038277673e-22, q22=2.390585418542226e-30
dt_idx: 299, dt: 14343.512511253357
Qspin block values: q11=9.836606422966604e-17, q22=1.4343512511253357e-24
The HPH magnitude is: [[4796.87045073]]
The R matrix for this timestep is: 44.890000000395915
log_likelihood: [[-5.16145536]], y: [[0.00032238]], cov: [[4841.76045073]]
Qgw block values: q11=3.348834416696527e-23, q22=1.4078967598279317e-30
dt_idx: 300, dt: 8447.38055896759
Qspin block values: q11=2.009300650017916e-17, q22=8.44738055896759e-25
The HPH magnitude is: [[-1262447.40899209]]
The R matrix for this timestep is: 44.890000000039436
log_likelihood: [[nan]], y: [[-0.01947141]], cov: [[-1262402.51899209]]
Qgw block values: q11=7.751814776812817e-22, q22=4.0124291820526125e-30
dt_idx: 301, dt: 24074.575092315674
Qspin block values: q11=4.65108886608769e-16, q22=2.4074575092315672e-24
The HPH magnitude is: [[-331685.69185996]]
The R matrix for this timestep is: 44.89000000002938
log_likelihood: [[nan]], y: [[0.00042969]], cov: [[-331640.80185996]]
Qgw block values: q11=2.200579873065394e-22, q22=2.637051613966624e-30
dt_idx: 302, dt: 15822.309683799744
Qspin block values: q11=1.3203479238392363e-16, q22=1.5822309683799743e-24
The HPH magnitude is: [[-16583.68424682]]
The R matrix for this timestep is: 44.89000000003085
log_likelihood: [[nan]], y: [[-0.00113599]], cov: [[-16538.79424682]]
Qgw block values: q11=1.0879996243740237e-24, q22=4.492442216873169e-31
dt_idx: 303, dt: 2695.4653301239014
Qspin block values: q11=6.527997746244142e-19, q22=2.695465330123901e-25
The HPH magnitude is: [[79329.61121828]]
The R matrix for this timestep is: 44.89000000000925
log_likelihood: [[-6.55990476]], y: [[0.00432106]], cov: [[79374.50121828]]
Qgw block values: q11=3.315920651715547e-27, q22=6.513398170471191e-32
dt_idx: 304, dt: 390.8038902282715
Qspin block values: q11=1.989552391029328e-21, q22=3.908038902282715e-26
The HPH magnitude is: [[-330772.0137139]]
The R matrix for this timestep is: 44.89000000000605
log_likelihood: [[nan]], y: [[-0.00813565]], cov: [[-330727.1237139]]
Qgw block values: q11=7.782907800489317e-23, q22=1.8648914014498392e-30
dt_idx: 305, dt: 11189.348408699036
Qspin block values: q11=4.66974468029359e-17, q22=1.1189348408699034e-24
The HPH magnitude is: [[182845.5606161]]
The R matrix for this timestep is: 44.89000000002009
log_likelihood: [[-6.97725984]], y: [[-0.00191108]], cov: [[182890.4506161]]
Qgw block values: q11=3.4494367330595974e-29, q22=1.4218561013539633e-32
dt_idx: 306, dt: 85.3113660812378
Qspin block values: q11=2.0696620398357584e-23, q22=8.531136608123779e-27
The HPH magnitude is: [[-17013.52989674]]
The R matrix for this timestep is: 44.8900000000741
log_likelihood: [[nan]], y: [[-0.00077257]], cov: [[-16968.63989674]]
Qgw block values: q11=3.017193041019857e-23, q22=1.3597965984344483e-30
dt_idx: 307, dt: 8158.779590606689
Qspin block values: q11=1.8103158246119142e-17, q22=8.158779590606689e-25
The HPH magnitude is: [[-6260.9962305]]
The R matrix for this timestep is: 44.89000000000002
log_likelihood: [[nan]], y: [[0.00267682]], cov: [[-6216.1062305]]
Qgw block values: q11=3.57018088464363e-23, q22=1.43825643157959e-30
dt_idx: 308, dt: 8629.538589477539
Qspin block values: q11=2.142108530786178e-17, q22=8.62953858947754e-25
The HPH magnitude is: [[-4117758.699362]]
The R matrix for this timestep is: 44.89000000000626
log_likelihood: [[nan]], y: [[0.02391651]], cov: [[-4117713.809362]]
Qgw block values: q11=9.542216511212493e-25, q22=4.300206785202026e-31
dt_idx: 309, dt: 2580.124071121216
Qspin block values: q11=5.725329906727496e-19, q22=2.5801240711212156e-25
The HPH magnitude is: [[129384.0750791]]
The R matrix for this timestep is: 44.890000000075695
log_likelihood: [[-6.80438227]], y: [[0.00574095]], cov: [[129428.9650791]]
Qgw block values: q11=6.948677607347801e-23, q22=1.7957269705136618e-30
dt_idx: 310, dt: 10774.36182308197
Qspin block values: q11=4.16920656440868e-17, q22=1.077436182308197e-24
The HPH magnitude is: [[240183.45585589]]
The R matrix for this timestep is: 44.8900000001934
log_likelihood: [[-7.11361113]], y: [[0.00602841]], cov: [[240228.34585589]]
Qgw block values: q11=3.918344140136516e-24, q22=6.886107160250346e-31
dt_idx: 311, dt: 4131.6642961502075
Qspin block values: q11=2.3510064840819093e-18, q22=4.1316642961502072e-25
The HPH magnitude is: [[-620205.52694239]]
The R matrix for this timestep is: 44.89000000004565
log_likelihood: [[nan]], y: [[1.87121281e-06]], cov: [[-620160.63694239]]
Qgw block values: q11=6.642385208746098e-24, q22=8.210714235305786e-31
dt_idx: 312, dt: 4926.428541183472
Qspin block values: q11=3.9854311252476584e-18, q22=4.926428541183472e-25
The HPH magnitude is: [[124228.40182857]]
The R matrix for this timestep is: 44.890000000055984
log_likelihood: [[-6.78405773]], y: [[-0.00199364]], cov: [[124273.29182857]]
Qgw block values: q11=4.640499641001361e-23, q22=1.5696199107170105e-30
dt_idx: 313, dt: 9417.719464302063
Qspin block values: q11=2.7842997846008164e-17, q22=9.417719464302063e-25
The HPH magnitude is: [[96.60007813]]
The R matrix for this timestep is: 44.89000000000617
log_likelihood: [[-3.39505333]], y: [[-0.00075014]], cov: [[141.49007813]]
Qgw block values: q11=1.514019549839297e-22, q22=2.3280023390452067e-30
dt_idx: 314, dt: 13968.01403427124
Qspin block values: q11=9.084117299035782e-17, q22=1.396801403427124e-24
The HPH magnitude is: [[-31539453.7336473]]
The R matrix for this timestep is: 44.89000000004115
log_likelihood: [[nan]], y: [[-0.25661332]], cov: [[-31539408.8436473]]
Qgw block values: q11=2.223635555075498e-24, q22=5.701127948760987e-31
dt_idx: 315, dt: 3420.676769256592
Qspin block values: q11=1.3341813330452987e-18, q22=3.4206767692565916e-25
The HPH magnitude is: [[230508.88570166]]
The R matrix for this timestep is: 44.89000000000084
log_likelihood: [[-7.09305824]], y: [[-0.01784857]], cov: [[230553.77570166]]
Qgw block values: q11=4.302279777925794e-24, q22=7.104046591122946e-31
dt_idx: 316, dt: 4262.427954673767
Qspin block values: q11=2.5813678667554765e-18, q22=4.262427954673767e-25
The HPH magnitude is: [[-205445.3186696]]
The R matrix for this timestep is: 44.89000000001424
log_likelihood: [[nan]], y: [[-0.01150233]], cov: [[-205400.4286696]]
Qgw block values: q11=2.542010310737126e-27, q22=5.961177047093709e-32
dt_idx: 317, dt: 357.67062282562256
Qspin block values: q11=1.5252061864422754e-21, q22=3.5767062282562255e-26
The HPH magnitude is: [[704114.02608023]]
The R matrix for this timestep is: 44.8900000000189
log_likelihood: [[-7.6513182]], y: [[0.00645669]], cov: [[704158.91608023]]
Qgw block values: q11=1.016274504816002e-23, q22=9.46113548119863e-31
dt_idx: 318, dt: 5676.681288719177
Qspin block values: q11=6.097647028896012e-18, q22=5.676681288719177e-25
The HPH magnitude is: [[-47240.86587658]]
The R matrix for this timestep is: 44.89000000011878
log_likelihood: [[nan]], y: [[-0.00165904]], cov: [[-47195.97587658]]
Qgw block values: q11=8.255235528506983e-23, q22=1.9018783769607544e-30
dt_idx: 319, dt: 11411.270261764526
Qspin block values: q11=4.953141317104189e-17, q22=1.1411270261764526e-24
The HPH magnitude is: [[4181.4175328]]
The R matrix for this timestep is: 44.89000000000909
log_likelihood: [[-5.09348052]], y: [[0.00561062]], cov: [[4226.3075328]]
Qgw block values: q11=7.834671862675546e-23, q22=1.8690167287190755e-30
dt_idx: 320, dt: 11214.100372314453
Qspin block values: q11=4.700803117605327e-17, q22=1.1214100372314453e-24
The HPH magnitude is: [[-276854.0341352]]
The R matrix for this timestep is: 44.89000000002427
log_likelihood: [[nan]], y: [[-0.03769809]], cov: [[-276809.1441352]]
Qgw block values: q11=3.8095187194486925e-23, q22=1.469703139781952e-30
dt_idx: 321, dt: 8818.218838691711
Qspin block values: q11=2.2857112316692153e-17, q22=8.818218838691712e-25
The HPH magnitude is: [[-378178.45779966]]
The R matrix for this timestep is: 44.89000000001839
log_likelihood: [[nan]], y: [[0.01271755]], cov: [[-378133.56779966]]
Qgw block values: q11=1.558129301387137e-25, q22=2.35039443174998e-31
dt_idx: 322, dt: 1410.2366590499878
Qspin block values: q11=9.348775808322822e-20, q22=1.4102366590499878e-25
The HPH magnitude is: [[50785.64814095]]
The R matrix for this timestep is: 44.89000000000899
log_likelihood: [[-6.33706483]], y: [[0.0079691]], cov: [[50830.53814095]]
Qgw block values: q11=4.039404397888784e-21, q22=6.956306289990743e-30
dt_idx: 323, dt: 41737.83773994446
Qspin block values: q11=2.4236426387332704e-15, q22=4.173783773994446e-24
The HPH magnitude is: [[19022.41411553]]
The R matrix for this timestep is: 44.89000000000013
log_likelihood: [[-5.84680373]], y: [[0.03466172]], cov: [[19067.30411553]]
Qgw block values: q11=1.209311269157213e-22, q22=2.1599927061398823e-30
dt_idx: 324, dt: 12959.956236839294
Qspin block values: q11=7.255867614943279e-17, q22=1.2959956236839295e-24
The HPH magnitude is: [[800763.7449959]]
The R matrix for this timestep is: 44.89000000000226
log_likelihood: [[-7.71562718]], y: [[0.00185856]], cov: [[800808.6349959]]
Qgw block values: q11=5.4221766383057585e-24, q22=7.673570222854614e-31
dt_idx: 325, dt: 4604.142133712769
Qspin block values: q11=3.253305982983455e-18, q22=4.604142133712769e-25
The HPH magnitude is: [[-2.48032645e+08]]
The R matrix for this timestep is: 44.890000000001244
log_likelihood: [[nan]], y: [[3.78273807]], cov: [[-2.480326e+08]]
Qgw block values: q11=2.9657611744465275e-21, q22=6.275547817866008e-30
dt_idx: 326, dt: 37653.286907196045
Qspin block values: q11=1.7794567046679165e-15, q22=3.7653286907196044e-24
The HPH magnitude is: [[-97484.55798821]]
The R matrix for this timestep is: 44.89000000057928
log_likelihood: [[nan]], y: [[-0.00325486]], cov: [[-97439.66798821]]
Qgw block values: q11=1.503854417887278e-21, q22=5.004279023488363e-30
dt_idx: 327, dt: 30025.674140930176
Qspin block values: q11=9.023126507323668e-16, q22=3.0025674140930173e-24
The HPH magnitude is: [[-58529.68961522]]
The R matrix for this timestep is: 44.89000000002219
log_likelihood: [[nan]], y: [[-0.00824024]], cov: [[-58484.79961522]]
Qgw block values: q11=9.17318186341644e-21, q22=9.14350947411855e-30
dt_idx: 328, dt: 54861.056844711304
Qspin block values: q11=5.503909118049863e-15, q22=5.4861056844711305e-24
The HPH magnitude is: [[188301.9083596]]
The R matrix for this timestep is: 44.890000000000086
log_likelihood: [[-6.99195864]], y: [[0.00031471]], cov: [[188346.7983596]]
Qgw block values: q11=6.149998260661958e-07, q22=3.7082746420433606e-28
dt_idx: 329, dt: 2229929.9888677597
Qspin block values: q11=0.036349958081124345, q22=2.1809351769179575e-22
The HPH magnitude is: [[110868.24482938]]
The R matrix for this timestep is: 44.89000000008406
log_likelihood: [[-6.72718984]], y: [[0.00873263]], cov: [[110913.13482938]]
Qgw block values: q11=1.6690547070874422e-22, q22=2.4048967860539755e-30
dt_idx: 330, dt: 14429.380716323853
Qspin block values: q11=1.0014328242524653e-16, q22=1.4429380716323852e-24
The HPH magnitude is: [[-12629.69908611]]
The R matrix for this timestep is: 44.89000000002542
log_likelihood: [[nan]], y: [[-0.00241639]], cov: [[-12584.80908611]]
Qgw block values: q11=6.044743950394906e-23, q22=1.7142160396575928e-30
dt_idx: 331, dt: 10285.296237945557
Qspin block values: q11=3.626846370236943e-17, q22=1.0285296237945555e-24
The HPH magnitude is: [[-284904.95647544]]
The R matrix for this timestep is: 44.89000000022476
log_likelihood: [[nan]], y: [[-0.00112529]], cov: [[-284860.06647544]]
Qgw block values: q11=1.9161333209744308e-22, q22=2.5181493968963623e-30
dt_idx: 332, dt: 15108.896381378174
Qspin block values: q11=1.1496799925846583e-16, q22=1.5108896381378173e-24
The HPH magnitude is: [[2773.32681537]]
The R matrix for this timestep is: 44.890000000223075
log_likelihood: [[-4.89086835]], y: [[-0.00427258]], cov: [[2818.21681537]]
Qgw block values: q11=2.525052362737708e-26, q22=1.2814344072341918e-31
dt_idx: 333, dt: 768.8606443405151
Qspin block values: q11=1.5150314176426245e-20, q22=7.688606443405151e-26
The HPH magnitude is: [[-1150989.77478292]]
The R matrix for this timestep is: 44.8900000000052
log_likelihood: [[nan]], y: [[0.07504471]], cov: [[-1150944.88478292]]
Qgw block values: q11=7.668478654335825e-22, q22=3.997998765309652e-30
dt_idx: 334, dt: 23987.99259185791
Qspin block values: q11=4.601087192601495e-16, q22=2.3987992591857908e-24
The HPH magnitude is: [[9874828.64606028]]
The R matrix for this timestep is: 44.890000000009216
log_likelihood: [[-8.97169057]], y: [[0.18903214]], cov: [[9874873.53606028]]
Qgw block values: q11=4.3390998912973886e-23, q22=1.5348742520014445e-30
dt_idx: 335, dt: 9209.245512008667
Qspin block values: q11=2.603459934778433e-17, q22=9.209245512008666e-25
The HPH magnitude is: [[2182950.98574387]]
The R matrix for this timestep is: 44.89000000004848
log_likelihood: [[-8.21704291]], y: [[0.00793132]], cov: [[2182995.87574387]]
Qgw block values: q11=2.6734526584271138e-24, q22=6.0622021929423015e-31
dt_idx: 336, dt: 3637.321315765381
Qspin block values: q11=1.6040715950562683e-18, q22=3.6373213157653807e-25
The HPH magnitude is: [[-31335.02890862]]
The R matrix for this timestep is: 44.89000000016069
log_likelihood: [[nan]], y: [[0.00307196]], cov: [[-31290.13890862]]
Qgw block values: q11=5.726314124682925e-23, q22=1.6835705002148946e-30
dt_idx: 337, dt: 10101.423001289368
Qspin block values: q11=3.4357884748097544e-17, q22=1.0101423001289368e-24
The HPH magnitude is: [[-3155634.82886302]]
The R matrix for this timestep is: 44.89000000004369
log_likelihood: [[nan]], y: [[-0.01739028]], cov: [[-3155589.93886302]]
Qgw block values: q11=4.6805535529406296e-24, q22=7.306431620915731e-31
dt_idx: 338, dt: 4383.8589725494385
Qspin block values: q11=2.8083321317643773e-18, q22=4.383858972549438e-25
The HPH magnitude is: [[53404.20791355]]
The R matrix for this timestep is: 44.89000000000127
log_likelihood: [[-6.36218105]], y: [[-0.00203444]], cov: [[53449.09791355]]
Qgw block values: q11=4.219111444859246e-23, q22=1.5205939224561056e-30
dt_idx: 339, dt: 9123.563534736633
Qspin block values: q11=2.5314668669155475e-17, q22=9.123563534736632e-25
The HPH magnitude is: [[-83583.59253866]]
The R matrix for this timestep is: 44.89000000001068
log_likelihood: [[nan]], y: [[0.0001105]], cov: [[-83538.70253866]]
Qgw block values: q11=2.114472676777942e-23, q22=1.2078331467310588e-30
dt_idx: 340, dt: 7246.9988803863525
Qspin block values: q11=1.2686836060667652e-17, q22=7.246998880386353e-25
The HPH magnitude is: [[-380094.01289437]]
The R matrix for this timestep is: 44.890000000014794
log_likelihood: [[nan]], y: [[0.00778261]], cov: [[-380049.12289437]]
Qgw block values: q11=3.056064342999082e-24, q22=6.338605880737305e-31
dt_idx: 341, dt: 3803.163528442383
Qspin block values: q11=1.833638605799449e-18, q22=3.8031635284423828e-25
The HPH magnitude is: [[8874.07295695]]
The R matrix for this timestep is: 44.890000000009316
log_likelihood: [[-5.46690601]], y: [[-0.00172262]], cov: [[8918.96295695]]
Qgw block values: q11=6.2804255769426604e-24, q22=8.05877955277761e-31
dt_idx: 342, dt: 4835.267731666565
Qspin block values: q11=3.768255346165596e-18, q22=4.835267731666565e-25
The HPH magnitude is: [[-2382571.95024564]]
The R matrix for this timestep is: 44.89000000001819
log_likelihood: [[nan]], y: [[0.01240341]], cov: [[-2382527.06024564]]
Qgw block values: q11=2.3372345694456733e-22, q22=2.6905455675125122e-30
dt_idx: 343, dt: 16143.273405075073
Qspin block values: q11=1.402340741667404e-16, q22=1.6143273405075073e-24
The HPH magnitude is: [[-1519335.70195327]]
The R matrix for this timestep is: 44.890000000001436
log_likelihood: [[nan]], y: [[0.01956041]], cov: [[-1519290.81195327]]
Qgw block values: q11=2.1951305372650396e-24, q22=5.67666198571523e-31
dt_idx: 344, dt: 3405.997191429138
Qspin block values: q11=1.3170783223590235e-18, q22=3.405997191429138e-25
The HPH magnitude is: [[46416.31733617]]
The R matrix for this timestep is: 44.89000000004217
log_likelihood: [[-6.29212503]], y: [[-0.00125001]], cov: [[46461.20733617]]
Qgw block values: q11=3.38639592481666e-22, q22=3.0445199829737346e-30
dt_idx: 345, dt: 18267.119897842407
Qspin block values: q11=2.031837554889996e-16, q22=1.8267119897842408e-24
The HPH magnitude is: [[2197643.80854821]]
The R matrix for this timestep is: 44.89000000003675
log_likelihood: [[-8.22039692]], y: [[0.00048427]], cov: [[2197688.69854821]]
Qgw block values: q11=1.6828284633543158e-25, q22=2.411494084993998e-31
dt_idx: 346, dt: 1446.896450996399
Qspin block values: q11=1.0096970780125895e-19, q22=1.4468964509963988e-25
The HPH magnitude is: [[-492487.07320366]]
The R matrix for this timestep is: 44.89000000000011
log_likelihood: [[nan]], y: [[-0.00016981]], cov: [[-492442.18320366]]
Qgw block values: q11=3.1547644048224124e-23, q22=1.3801572209993999e-30
dt_idx: 347, dt: 8280.943325996399
Qspin block values: q11=1.892858642893447e-17, q22=8.280943325996399e-25
The HPH magnitude is: [[2998719.55589328]]
The R matrix for this timestep is: 44.890000000007966
log_likelihood: [[-8.37579399]], y: [[-0.01420802]], cov: [[2998764.44589328]]
Qgw block values: q11=4.1669458717375514e-24, q22=7.028762534459432e-31
dt_idx: 348, dt: 4217.257520675659
Qspin block values: q11=2.500167523042531e-18, q22=4.217257520675659e-25
The HPH magnitude is: [[415817.0694706]]
The R matrix for this timestep is: 44.89000000002087
log_likelihood: [[-7.38799286]], y: [[-0.0026133]], cov: [[415861.9594706]]
Qgw block values: q11=1.4316213838714285e-22, q22=2.2849795112609863e-30
dt_idx: 349, dt: 13709.877067565918
Qspin block values: q11=8.58972830322857e-17, q22=1.3709877067565918e-24
The HPH magnitude is: [[-127068.50955244]]
The R matrix for this timestep is: 44.89000000002237
log_likelihood: [[nan]], y: [[0.0035923]], cov: [[-127023.61955244]]
Qgw block values: q11=3.65667227880126e-22, q22=3.123452682177226e-30
dt_idx: 350, dt: 18740.716093063354
Qspin block values: q11=2.194003367280756e-16, q22=1.8740716093063352e-24
The HPH magnitude is: [[55490.91249903]]
The R matrix for this timestep is: 44.890000000008314
log_likelihood: [[-6.38133012]], y: [[-0.00163281]], cov: [[55535.80249903]]
Qgw block values: q11=9.129990802769183e-23, q22=1.966812824090322e-30
dt_idx: 351, dt: 11800.876944541931
Qspin block values: q11=5.47799448166151e-17, q22=1.1800876944541931e-24
The HPH magnitude is: [[208838.78006548]]
The R matrix for this timestep is: 44.8900000000002
log_likelihood: [[-7.04370492]], y: [[0.00225002]], cov: [[208883.67006548]]
Qgw block values: q11=1.4364110385056514e-25, q22=2.2875248956680296e-31
dt_idx: 352, dt: 1372.5149374008179
Qspin block values: q11=8.618466231033908e-20, q22=1.3725149374008178e-25
The HPH magnitude is: [[-249803.89270495]]
The R matrix for this timestep is: 44.89000000000577
log_likelihood: [[nan]], y: [[0.00021764]], cov: [[-249759.00270495]]
Qgw block values: q11=1.977119694791249e-24, q22=5.4821456797917685e-31
dt_idx: 353, dt: 3289.287407875061
Qspin block values: q11=1.1862718168747493e-18, q22=3.289287407875061e-25
The HPH magnitude is: [[-168727.84234889]]
The R matrix for this timestep is: 44.890000000038086
log_likelihood: [[nan]], y: [[0.00158147]], cov: [[-168682.95234889]]
Qgw block values: q11=1.831015888261006e-24, q22=5.343637089729309e-31
dt_idx: 354, dt: 3206.1822538375854
Qspin block values: q11=1.0986095329566036e-18, q22=3.2061822538375853e-25
The HPH magnitude is: [[110563.72273688]]
The R matrix for this timestep is: 44.890000000000015
log_likelihood: [[-6.72581515]], y: [[-0.00185774]], cov: [[110608.61273688]]
Qgw block values: q11=7.788417912854974e-27, q22=8.658101383845011e-32
dt_idx: 355, dt: 519.4860830307007
Qspin block values: q11=4.6730507477129846e-21, q22=5.194860830307007e-26
The HPH magnitude is: [[-2972.15134249]]
The R matrix for this timestep is: 44.8900000000267
log_likelihood: [[nan]], y: [[0.00118513]], cov: [[-2927.26134249]]
Qgw block values: q11=5.298617116438854e-23, q22=1.6405662163098653e-30
dt_idx: 356, dt: 9843.397297859192
Qspin block values: q11=3.1791702698633126e-17, q22=9.843397297859192e-25
The HPH magnitude is: [[81394.08115967]]
The R matrix for this timestep is: 44.890000000034625
log_likelihood: [[-6.57274313]], y: [[0.01122497]], cov: [[81438.97115967]]
Qgw block values: q11=1.7960085326139223e-24, q22=5.309362562497457e-31
dt_idx: 357, dt: 3185.617537498474
Qspin block values: q11=1.0776051195683535e-18, q22=3.185617537498474e-25
The HPH magnitude is: [[-4979985.18873419]]
The R matrix for this timestep is: 44.890000000006715
log_likelihood: [[nan]], y: [[0.07981548]], cov: [[-4979940.29873419]]
Qgw block values: q11=1.9215005406057502e-23, q22=1.1699117108980815e-30
dt_idx: 358, dt: 7019.470265388489
Qspin block values: q11=1.1529003243634499e-17, q22=7.019470265388488e-25
The HPH magnitude is: [[159054.39749126]]
The R matrix for this timestep is: 44.890000000366406
log_likelihood: [[-6.9075804]], y: [[-0.00638315]], cov: [[159099.28749126]]
Qgw block values: q11=1.2996379893011827e-22, q22=2.2124852488835653e-30
dt_idx: 359, dt: 13274.911493301392
Qspin block values: q11=7.797827935807096e-17, q22=1.327491149330139e-24
The HPH magnitude is: [[4135172.09199382]]
The R matrix for this timestep is: 44.89000000001241
log_likelihood: [[-8.53646371]], y: [[0.06396473]], cov: [[4135216.98199382]]
Qgw block values: q11=8.183886144285652e-24, q22=8.80223132133484e-31
dt_idx: 360, dt: 5281.338792800903
Qspin block values: q11=4.910331686571391e-18, q22=5.281338792800903e-25
The HPH magnitude is: [[-1913263.48864286]]
The R matrix for this timestep is: 44.8900000000211
log_likelihood: [[nan]], y: [[0.02375217]], cov: [[-1913218.59864286]]
Qgw block values: q11=5.6869811873134076e-21, q22=7.796508951346079e-30
dt_idx: 361, dt: 46779.05370807648
Qspin block values: q11=3.4121887123880442e-15, q22=4.677905370807648e-24
The HPH magnitude is: [[-1787770.49903926]]
The R matrix for this timestep is: 44.890000000002395
log_likelihood: [[nan]], y: [[0.02727926]], cov: [[-1787725.60903926]]
Qgw block values: q11=6.801598071275898e-07, q22=3.8346502576224066e-28
dt_idx: 362, dt: 2306100.0855531693
Qspin block values: q11=0.04018071067887358, q22=2.2537273727738675e-22
The HPH magnitude is: [[226645.65242946]]
The R matrix for this timestep is: 44.89000000000115
log_likelihood: [[-7.08460909]], y: [[-0.00267463]], cov: [[226690.54242946]]
Qgw block values: q11=4.895197008882541e-22, q22=3.442413024584452e-30
dt_idx: 363, dt: 20654.478147506714
Qspin block values: q11=2.937118205329524e-16, q22=2.0654478147506714e-24
The HPH magnitude is: [[60926.03758815]]
The R matrix for this timestep is: 44.890000000000114
log_likelihood: [[-6.42801475]], y: [[-0.00033656]], cov: [[60970.92758815]]
Qgw block values: q11=2.0883588508048108e-22, q22=2.591440809885661e-30
dt_idx: 364, dt: 15548.644859313965
Qspin block values: q11=1.2530153104828864e-16, q22=1.5548644859313965e-24
The HPH magnitude is: [[-84224.68757908]]
The R matrix for this timestep is: 44.89000000015875
log_likelihood: [[nan]], y: [[0.00014343]], cov: [[-84179.79757908]]
Qgw block values: q11=4.537894406878081e-24, q22=7.231433219909668e-31
dt_idx: 365, dt: 4338.859931945801
Qspin block values: q11=2.722736644126848e-18, q22=4.338859931945801e-25
The HPH magnitude is: [[145375.73386298]]
The R matrix for this timestep is: 44.89000000004143
log_likelihood: [[-6.86263137]], y: [[0.00029181]], cov: [[145420.62386298]]
Qgw block values: q11=1.2606872876306657e-24, q22=4.718551605542501e-31
dt_idx: 366, dt: 2831.1309633255005
Qspin block values: q11=7.564123725783994e-19, q22=2.8311309633255006e-25
The HPH magnitude is: [[-1896636.6246717]]
The R matrix for this timestep is: 44.89000000000011
log_likelihood: [[nan]], y: [[-0.00731256]], cov: [[-1896591.7346717]]
Qgw block values: q11=3.771299184248976e-24, q22=6.798867545127868e-31
dt_idx: 367, dt: 4079.320527076721
Qspin block values: q11=2.2627795105493853e-18, q22=4.079320527076721e-25
The HPH magnitude is: [[-279751.65447944]]
The R matrix for this timestep is: 44.8900000000392
log_likelihood: [[nan]], y: [[-5.60765064e-05]], cov: [[-279706.76447944]]
Qgw block values: q11=1.0312787875202039e-22, q22=2.0483222359021504e-30
dt_idx: 368, dt: 12289.933415412903
Qspin block values: q11=6.187672725121223e-17, q22=1.2289933415412902e-24
The HPH magnitude is: [[54854.69119759]]
The R matrix for this timestep is: 44.89000000001065
log_likelihood: [[-6.37556903]], y: [[0.00069694]], cov: [[54899.58119759]]
Qgw block values: q11=1.0652974752574016e-22, q22=2.0706016252835593e-30
dt_idx: 369, dt: 12423.609751701355
Qspin block values: q11=6.39178485154441e-17, q22=1.2423609751701354e-24
The HPH magnitude is: [[-5929.58434947]]
The R matrix for this timestep is: 44.89000000001265
log_likelihood: [[nan]], y: [[-0.00085416]], cov: [[-5884.69434947]]
Qgw block values: q11=1.2581843860442355e-22, q22=2.188707276503245e-30
dt_idx: 370, dt: 13132.24365901947
Qspin block values: q11=7.549106316265412e-17, q22=1.313224365901947e-24
The HPH magnitude is: [[6621.84618917]]
The R matrix for this timestep is: 44.89000000059876
log_likelihood: [[-5.32138138]], y: [[0.00453205]], cov: [[6666.73618917]]
Qgw block values: q11=2.2257613099162176e-23, q22=1.2286620593070984e-30
dt_idx: 371, dt: 7371.97235584259
Qspin block values: q11=1.3354567859497305e-17, q22=7.37197235584259e-25
The HPH magnitude is: [[-220255.6499307]]
The R matrix for this timestep is: 44.89000000000568
log_likelihood: [[nan]], y: [[-0.02667259]], cov: [[-220210.7599307]]
Qgw block values: q11=8.014082590735175e-26, q22=1.8831757624944052e-31
dt_idx: 372, dt: 1129.905457496643
Qspin block values: q11=4.808449554441105e-20, q22=1.129905457496643e-25
The HPH magnitude is: [[1233829.98720987]]
The R matrix for this timestep is: 44.890000000038256
log_likelihood: [[-7.93177357]], y: [[0.02378807]], cov: [[1233874.87720987]]
Qgw block values: q11=3.28477216946105e-23, q22=1.3988613430658976e-30
dt_idx: 373, dt: 8393.168058395386
Qspin block values: q11=1.97086330167663e-17, q22=8.393168058395386e-25
The HPH magnitude is: [[-305322.10071185]]
The R matrix for this timestep is: 44.8900000000068
log_likelihood: [[nan]], y: [[-0.00339694]], cov: [[-305277.21071185]]
Qgw block values: q11=6.125413804211999e-25, q22=3.709522949854533e-31
dt_idx: 374, dt: 2225.7137699127197
Qspin block values: q11=3.6752482825272e-19, q22=2.2257137699127198e-25
The HPH magnitude is: [[16245.9385351]]
The R matrix for this timestep is: 44.8900000003629
log_likelihood: [[-5.76811731]], y: [[-0.00066161]], cov: [[16290.8285351]]
Qgw block values: q11=4.653446967557592e-24, q22=7.292299675941468e-31
dt_idx: 375, dt: 4375.37980556488
Qspin block values: q11=2.792068180534555e-18, q22=4.375379805564881e-25
The HPH magnitude is: [[-391691.90542312]]
The R matrix for this timestep is: 44.890000000220745
log_likelihood: [[nan]], y: [[0.0031673]], cov: [[-391647.01542312]]
Qgw block values: q11=2.9996020664572224e-23, q22=1.3571487968762716e-30
dt_idx: 376, dt: 8142.892781257629
Qspin block values: q11=1.7997612398743335e-17, q22=8.142892781257629e-25
The HPH magnitude is: [[-6676.69785421]]
The R matrix for this timestep is: 44.89000000003357
log_likelihood: [[nan]], y: [[-0.00084775]], cov: [[-6631.80785421]]
Qgw block values: q11=9.21714232664403e-24, q22=9.158092292149861e-31
dt_idx: 377, dt: 5494.855375289917
Qspin block values: q11=5.530285395986418e-18, q22=5.4948553752899165e-25
The HPH magnitude is: [[-40277.09976698]]
The R matrix for this timestep is: 44.890000000031876
log_likelihood: [[nan]], y: [[-0.00033226]], cov: [[-40232.20976698]]
Qgw block values: q11=5.308768219171183e-26, q22=1.6416132148106894e-31
dt_idx: 378, dt: 984.9679288864136
Qspin block values: q11=3.1852609315027095e-20, q22=9.849679288864135e-26
The HPH magnitude is: [[1975696.38153058]]
The R matrix for this timestep is: 44.89000000001674
log_likelihood: [[-8.16716564]], y: [[0.01788017]], cov: [[1975741.27153058]]
Qgw block values: q11=1.8233106192819924e-22, q22=2.476812543551127e-30
dt_idx: 379, dt: 14860.875261306763
Qspin block values: q11=1.0939863715691953e-16, q22=1.4860875261306762e-24
The HPH magnitude is: [[-475127.0285583]]
The R matrix for this timestep is: 44.89000000000921
log_likelihood: [[nan]], y: [[-0.00816822]], cov: [[-475082.1385583]]
Qgw block values: q11=5.914379770262068e-25, q22=3.6664237197240192e-31
dt_idx: 380, dt: 2199.8542318344116
Qspin block values: q11=3.5486278621572408e-19, q22=2.1998542318344114e-25
The HPH magnitude is: [[-147958.63709019]]
The R matrix for this timestep is: 44.89000000000002
log_likelihood: [[nan]], y: [[0.00235331]], cov: [[-147913.74709019]]
Qgw block values: q11=1.2696863551911301e-23, q22=1.0189942549069723e-30
dt_idx: 381, dt: 6113.9655294418335
Qspin block values: q11=7.61811813114678e-18, q22=6.113965529441833e-25
The HPH magnitude is: [[68475.42273695]]
The R matrix for this timestep is: 44.89000000002828
log_likelihood: [[-6.48638129]], y: [[0.00097053]], cov: [[68520.31273695]]
Qgw block values: q11=1.4712868984966436e-24, q22=4.9678907950719196e-31
dt_idx: 382, dt: 2980.734477043152
Qspin block values: q11=8.827721390979863e-19, q22=2.9807344770431517e-25
The HPH magnitude is: [[-208129.05505247]]
The R matrix for this timestep is: 44.8900000000073
log_likelihood: [[nan]], y: [[-0.00090758]], cov: [[-208084.16505247]]
Qgw block values: q11=2.974551482866426e-24, q22=6.281741797129313e-31
dt_idx: 383, dt: 3769.045078277588
Qspin block values: q11=1.7847308897198556e-18, q22=3.769045078277588e-25
The HPH magnitude is: [[-9463.18449133]]
The R matrix for this timestep is: 44.890000000005394
log_likelihood: [[nan]], y: [[-6.01237711e-06]], cov: [[-9418.29449133]]
Qgw block values: q11=4.861900498744354e-22, q22=3.434590308825175e-30
dt_idx: 384, dt: 20607.54185295105
Qspin block values: q11=2.9171402992466124e-16, q22=2.060754185295105e-24
The HPH magnitude is: [[78551.54642532]]
The R matrix for this timestep is: 44.890000000001486
log_likelihood: [[-6.55497935]], y: [[-0.00171589]], cov: [[78596.43642532]]
Qgw block values: q11=2.4719443598106528e-24, q22=5.905896272659302e-31
dt_idx: 385, dt: 3543.537763595581
Qspin block values: q11=1.4831666158863915e-18, q22=3.543537763595581e-25
The HPH magnitude is: [[-124420.39028501]]
The R matrix for this timestep is: 44.89000000001683
log_likelihood: [[nan]], y: [[0.0009232]], cov: [[-124375.50028501]]
Qgw block values: q11=1.9822924658414535e-22, q22=2.5468038326899212e-30
dt_idx: 386, dt: 15280.822996139526
Qspin block values: q11=1.189375479504872e-16, q22=1.5280822996139526e-24
The HPH magnitude is: [[-47288.77097609]]
The R matrix for this timestep is: 44.89000000001061
log_likelihood: [[nan]], y: [[0.00034984]], cov: [[-47243.88097609]]
Qgw block values: q11=1.0915685333010122e-20, q22=9.689244621912639e-30
dt_idx: 387, dt: 58135.46773147583
Qspin block values: q11=6.5494111998060726e-15, q22=5.8135467731475826e-24
The HPH magnitude is: [[15695.49827338]]
The R matrix for this timestep is: 44.890000000054506
log_likelihood: [[-5.75093113]], y: [[-0.00025979]], cov: [[15740.38827338]]
Qgw block values: q11=2.8214211753192177e-24, q22=6.1720422712961835e-31
dt_idx: 388, dt: 3703.22536277771
Qspin block values: q11=1.6928527051915306e-18, q22=3.70322536277771e-25
The HPH magnitude is: [[-14472.5417112]]
The R matrix for this timestep is: 44.89000000005173
log_likelihood: [[nan]], y: [[-0.00025984]], cov: [[-14427.6517112]]
Qgw block values: q11=2.4199856487791987e-23, q22=1.263408656279246e-30
dt_idx: 389, dt: 7580.451937675476
Qspin block values: q11=1.4519913892675192e-17, q22=7.580451937675476e-25
The HPH magnitude is: [[35104.1131122]]
The R matrix for this timestep is: 44.89000000000524
log_likelihood: [[-6.1526143]], y: [[-9.41703865e-05]], cov: [[35149.0031122]]
Qgw block values: q11=3.8682821744408277e-26, q22=1.4772215461730958e-31
dt_idx: 390, dt: 886.3329277038574
Qspin block values: q11=2.3209693046644964e-20, q22=8.863329277038574e-26
The HPH magnitude is: [[-25575.26098559]]
The R matrix for this timestep is: 44.890000000017956
log_likelihood: [[nan]], y: [[2.2589314e-05]], cov: [[-25530.37098559]]
Qgw block values: q11=5.15439142889331e-21, q22=7.545106658140818e-30
dt_idx: 391, dt: 45270.63994884491
Qspin block values: q11=3.0926348573359858e-15, q22=4.527063994884491e-24
The HPH magnitude is: [[9935.62474931]]
The R matrix for this timestep is: 44.890000000023576
log_likelihood: [[-5.52313351]], y: [[0.00134834]], cov: [[9980.51474931]]
Qgw block values: q11=6.317954369160584e-23, q22=1.7396628111203513e-30
dt_idx: 392, dt: 10437.976866722107
Qspin block values: q11=3.79077262149635e-17, q22=1.0437976866722106e-24
The HPH magnitude is: [[-7477895.03429764]]
The R matrix for this timestep is: 44.89000000003234
log_likelihood: [[nan]], y: [[-0.02854945]], cov: [[-7477850.14429764]]
Qgw block values: q11=7.47087478251707e-24, q22=8.538797949155171e-31
dt_idx: 393, dt: 5123.278769493103
Qspin block values: q11=4.482524869510241e-18, q22=5.123278769493103e-25
The HPH magnitude is: [[-25896.41208668]]
The R matrix for this timestep is: 44.89000000006876
log_likelihood: [[nan]], y: [[-0.00082]], cov: [[-25851.52208668]]
Qgw block values: q11=7.637116094642521e-21, q22=8.601668782075247e-30
dt_idx: 394, dt: 51610.01269245148
Qspin block values: q11=4.582269656785512e-15, q22=5.161001269245148e-24
The HPH magnitude is: [[9889469.53679305]]
The R matrix for this timestep is: 44.89000000000345
log_likelihood: [[-8.97243134]], y: [[0.03133374]], cov: [[9889514.42679305]]
Qgw block values: q11=5.636499974255759e-07, q22=3.602225222163435e-28
dt_idx: 395, dt: 2166020.0085115433
Qspin block values: q11=0.033329204868618394, q22=2.1197737871429444e-22
The HPH magnitude is: [[-494.00045092]]
The R matrix for this timestep is: 44.890000000038704
log_likelihood: [[nan]], y: [[0.00050774]], cov: [[-449.11045092]]
Qgw block values: q11=9.0303045433643e-23, q22=1.9596283644040424e-30
dt_idx: 396, dt: 11757.770186424255
Qspin block values: q11=5.4181827260185795e-17, q22=1.1757770186424255e-24
The HPH magnitude is: [[2904172.15991931]]
The R matrix for this timestep is: 44.89000000005217
log_likelihood: [[-8.35977573]], y: [[0.02122774]], cov: [[2904217.04991931]]
Qgw block values: q11=3.467162441689065e-24, q22=6.6109567276636765e-31
dt_idx: 397, dt: 3966.5740365982056
Qspin block values: q11=2.080297465013439e-18, q22=3.9665740365982056e-25
The HPH magnitude is: [[-2815519.9838086]]
The R matrix for this timestep is: 44.89000000001676
log_likelihood: [[nan]], y: [[0.02262215]], cov: [[-2815475.0938086]]
Qgw block values: q11=3.026579434670629e-22, q22=2.932627775669098e-30
dt_idx: 398, dt: 17595.766654014587
Qspin block values: q11=1.8159476608023771e-16, q22=1.7595766654014586e-24
The HPH magnitude is: [[230962.16565222]]
The R matrix for this timestep is: 44.89000000000014
log_likelihood: [[-7.0940403]], y: [[-0.00510745]], cov: [[231007.05565222]]
Qgw block values: q11=8.601075003414313e-21, q22=8.949329455852508e-30
dt_idx: 399, dt: 53695.97673511505
Qspin block values: q11=5.1606450020485874e-15, q22=5.369597673511505e-24
The HPH magnitude is: [[2448.19501676]]
The R matrix for this timestep is: 44.89000000000826
log_likelihood: [[-4.82957663]], y: [[0.00412393]], cov: [[2493.08501676]]
Qgw block values: q11=3.2531684310834504e-24, q22=6.472048568725586e-31
dt_idx: 400, dt: 3883.2291412353516
Qspin block values: q11=1.9519010586500702e-18, q22=3.8832291412353513e-25
The HPH magnitude is: [[4.01019509e+08]]
The R matrix for this timestep is: 44.89000000000009
log_likelihood: [[-10.82369891]], y: [[0.24022351]], cov: [[4.01019554e+08]]
Qgw block values: q11=2.61955249732071e-25, q22=2.794786392847697e-31
dt_idx: 401, dt: 1676.8718357086182
Qspin block values: q11=1.571731498392426e-19, q22=1.6768718357086182e-25
The HPH magnitude is: [[3.37287617e+08]]
The R matrix for this timestep is: 44.890000000022226
log_likelihood: [[-10.7371619]], y: [[-1.23798064]], cov: [[3.37287662e+08]]
Qgw block values: q11=1.29508000553956e-22, q22=2.2098957370122276e-30
dt_idx: 402, dt: 13259.374422073364
Qspin block values: q11=7.770480033237361e-17, q22=1.3259374422073364e-24
The HPH magnitude is: [[-36040854.03473508]]
The R matrix for this timestep is: 44.89000000051401
log_likelihood: [[nan]], y: [[-0.17425931]], cov: [[-36040809.14473508]]
Qgw block values: q11=4.539521091724419e-25, q22=3.356934989293416e-31
dt_idx: 403, dt: 2014.1609935760498
Qspin block values: q11=2.7237126550346514e-19, q22=2.0141609935760498e-25
The HPH magnitude is: [[-6788.16099502]]
The R matrix for this timestep is: 44.89000000014911
log_likelihood: [[nan]], y: [[-0.01956305]], cov: [[-6743.27099502]]
Qgw block values: q11=3.7147066448793602e-25, q22=3.1398899412155153e-31
dt_idx: 404, dt: 1883.933964729309
Qspin block values: q11=2.228823986927616e-19, q22=1.8839339647293091e-25
The HPH magnitude is: [[8.32701179e+08]]
The R matrix for this timestep is: 44.890000000010176
log_likelihood: [[-11.18903129]], y: [[6.30456356]], cov: [[8.32701224e+08]]
Qgw block values: q11=3.939081044861153e-24, q22=6.898233488400777e-31
dt_idx: 405, dt: 4138.940093040466
Qspin block values: q11=2.3634486269166917e-18, q22=4.138940093040466e-25
The HPH magnitude is: [[-3249890.61075738]]
The R matrix for this timestep is: 44.890000000063026
log_likelihood: [[nan]], y: [[0.21444295]], cov: [[-3249845.72075738]]
Qgw block values: q11=7.56773551331152e-26, q22=1.8475444666544598e-31
dt_idx: 406, dt: 1108.5266799926758
Qspin block values: q11=4.540641307986911e-20, q22=1.1085266799926757e-25
The HPH magnitude is: [[35514559.69235384]]
The R matrix for this timestep is: 44.89000000022129
log_likelihood: [[-9.61166582]], y: [[-0.21143993]], cov: [[35514604.58235385]]
Qgw block values: q11=6.515781894841204e-25, q22=3.7867075379689536e-31
dt_idx: 407, dt: 2272.024522781372
Qspin block values: q11=3.909469136904722e-19, q22=2.272024522781372e-25
The HPH magnitude is: [[-15321251.20359104]]
The R matrix for this timestep is: 44.89000000002224
log_likelihood: [[nan]], y: [[-0.34494525]], cov: [[-15321206.31359104]]
Qgw block values: q11=2.518949815387336e-24, q22=5.9430961481730146e-31
dt_idx: 408, dt: 3565.8576889038086
Qspin block values: q11=1.5113698892324014e-18, q22=3.5658576889038087e-25
The HPH magnitude is: [[5072514.729043]]
The R matrix for this timestep is: 44.89000000000556
log_likelihood: [[-8.63861659]], y: [[-0.10780986]], cov: [[5072559.619043]]
Qgw block values: q11=2.3787058379686646e-22, q22=2.7063658048311868e-30
dt_idx: 409, dt: 16238.194828987122
Qspin block values: q11=1.4272235027811986e-16, q22=1.6238194828987121e-24
The HPH magnitude is: [[395935.59690413]]
The R matrix for this timestep is: 44.89000000000119
log_likelihood: [[-7.36349864]], y: [[0.00322136]], cov: [[395980.48690413]]
Qgw block values: q11=1.9114585542739664e-23, q22=1.1678701184590658e-30
dt_idx: 410, dt: 7007.2207107543945
Qspin block values: q11=1.1468751325643798e-17, q22=7.007220710754394e-25
The HPH magnitude is: [[927336.88853028]]
The R matrix for this timestep is: 44.89000000001162
log_likelihood: [[-7.78899883]], y: [[-0.00356576]], cov: [[927381.77853028]]
Qgw block values: q11=9.020120903276164e-24, q22=9.09236868540446e-31
dt_idx: 411, dt: 5455.421211242676
Qspin block values: q11=5.412072541965698e-18, q22=5.455421211242675e-25
The HPH magnitude is: [[-1119780.86275947]]
The R matrix for this timestep is: 44.89000000000087
log_likelihood: [[nan]], y: [[0.00433959]], cov: [[-1119735.97275947]]
Qgw block values: q11=7.316404888610168e-22, q22=3.9358526264826456e-30
dt_idx: 412, dt: 23615.115758895874
Qspin block values: q11=4.3898429331661003e-16, q22=2.3615115758895872e-24
The HPH magnitude is: [[-1463411.66828554]]
The R matrix for this timestep is: 44.890000000005145
log_likelihood: [[nan]], y: [[-0.00898844]], cov: [[-1463366.77828554]]
Qgw block values: q11=1.3630754099768402e-22, q22=2.2479132421811423e-30
dt_idx: 413, dt: 13487.479453086853
Qspin block values: q11=8.178452459861041e-17, q22=1.3487479453086852e-24
The HPH magnitude is: [[7300570.92037111]]
The R matrix for this timestep is: 44.89000000005144
log_likelihood: [[-8.82067316]], y: [[0.00649681]], cov: [[7300615.81037111]]
Qgw block values: q11=9.974837421679011e-25, q22=4.364235657056173e-31
dt_idx: 414, dt: 2618.5413942337036
Qspin block values: q11=5.984902453007406e-19, q22=2.6185413942337036e-25
The HPH magnitude is: [[689244.7259841]]
The R matrix for this timestep is: 44.8900000000027
log_likelihood: [[-7.64064694]], y: [[-0.00360471]], cov: [[689289.6159841]]
Qgw block values: q11=6.503035187566744e-29, q22=1.7564870516459149e-32
dt_idx: 415, dt: 105.38922309875488
Qspin block values: q11=3.901821112540046e-23, q22=1.0538922309875487e-26
The HPH magnitude is: [[-96107.02156462]]
The R matrix for this timestep is: 44.890000000029154
log_likelihood: [[nan]], y: [[0.00018621]], cov: [[-96062.13156462]]
Qgw block values: q11=5.811433341169602e-23, q22=1.6918713579177858e-30
dt_idx: 416, dt: 10151.228147506714
Qspin block values: q11=3.4868600047017613e-17, q22=1.0151228147506714e-24
The HPH magnitude is: [[-873709.34067563]]
The R matrix for this timestep is: 44.89000000000448
log_likelihood: [[nan]], y: [[-0.00064621]], cov: [[-873664.45067563]]
Qgw block values: q11=2.1364335279405524e-22, q22=2.6111754042307535e-30
dt_idx: 417, dt: 15667.052425384521
Qspin block values: q11=1.2818601167643313e-16, q22=1.566705242538452e-24
The HPH magnitude is: [[-46258.6982282]]
The R matrix for this timestep is: 44.890000000019384
log_likelihood: [[nan]], y: [[-0.00038849]], cov: [[-46213.8082282]]
Qgw block values: q11=1.241902151332396e-22, q22=2.1792248593966167e-30
dt_idx: 418, dt: 13075.3491563797
Qspin block values: q11=7.451412907994375e-17, q22=1.30753491563797e-24
The HPH magnitude is: [[-2136997.31715692]]
The R matrix for this timestep is: 44.890000000026205
log_likelihood: [[nan]], y: [[-0.00279713]], cov: [[-2136952.42715692]]
Qgw block values: q11=2.502249110382945e-21, q22=5.929932718118032e-30
dt_idx: 419, dt: 35579.59630870819
Qspin block values: q11=1.5013494662297668e-15, q22=3.557959630870819e-24
The HPH magnitude is: [[195075.6006834]]
The R matrix for this timestep is: 44.890000000042335
log_likelihood: [[-7.00962481]], y: [[-1.60024993e-05]], cov: [[195120.4906834]]
Qgw block values: q11=2.7378996896032904e-22, q22=2.836256007830302e-30
dt_idx: 420, dt: 17017.53604698181
Qspin block values: q11=1.642739813761974e-16, q22=1.701753604698181e-24
The HPH magnitude is: [[41344.8539496]]
The R matrix for this timestep is: 44.89000000002814
log_likelihood: [[-6.23433273]], y: [[-0.00011332]], cov: [[41389.7439496]]
Qgw block values: q11=1.3080737951325956e-22, q22=2.2172619274457296e-30
dt_idx: 421, dt: 13303.571564674377
Qspin block values: q11=7.848442770795574e-17, q22=1.3303571564674378e-24
The HPH magnitude is: [[355347.75686746]]
The R matrix for this timestep is: 44.89000000000597
log_likelihood: [[-7.30942779]], y: [[0.00088565]], cov: [[355392.64686746]]
Qgw block values: q11=2.053690260547746e-23, q22=1.196147028764089e-30
dt_idx: 422, dt: 7176.882172584534
Qspin block values: q11=1.2322141563286476e-17, q22=7.176882172584533e-25
The HPH magnitude is: [[-10773.41756049]]
The R matrix for this timestep is: 44.89000000001874
log_likelihood: [[nan]], y: [[6.68963816e-05]], cov: [[-10728.52756049]]
Qgw block values: q11=4.367397379762894e-24, q22=7.139708614349365e-31
dt_idx: 423, dt: 4283.825168609619
Qspin block values: q11=2.620438427857736e-18, q22=4.283825168609619e-25
The HPH magnitude is: [[21871.71391257]]
The R matrix for this timestep is: 44.89000000063139
log_likelihood: [[-5.91643843]], y: [[-4.11685645e-05]], cov: [[21916.60391257]]
Qgw block values: q11=1.054268521960651e-24, q22=4.4455278078715e-31
dt_idx: 424, dt: 2667.3166847229004
Qspin block values: q11=6.325611131763905e-19, q22=2.6673166847229e-25
The HPH magnitude is: [[72635.1104758]]
The R matrix for this timestep is: 44.89000000003471
log_likelihood: [[-6.5158493]], y: [[0.00023807]], cov: [[72680.0004758]]
Qgw block values: q11=1.9184105914078728e-22, q22=2.519146585146586e-30
dt_idx: 425, dt: 15114.879510879517
Qspin block values: q11=1.1510463548447236e-16, q22=1.5114879510879515e-24
The HPH magnitude is: [[-849013.97587396]]
The R matrix for this timestep is: 44.890000000022525
log_likelihood: [[nan]], y: [[0.00186821]], cov: [[-848969.08587396]]
Qgw block values: q11=3.466292947391215e-22, q22=3.0682777624130248e-30
dt_idx: 426, dt: 18409.66657447815
Qspin block values: q11=2.079775768434729e-16, q22=1.840966657447815e-24
The HPH magnitude is: [[-2191.31583991]]
The R matrix for this timestep is: 44.89000000000962
log_likelihood: [[nan]], y: [[-0.00011613]], cov: [[-2146.42583991]]
Qgw block values: q11=6.424150107399129e-22, q22=3.768872781276703e-30
dt_idx: 427, dt: 22613.236687660217
Qspin block values: q11=3.854490064439477e-16, q22=2.2613236687660217e-24
The HPH magnitude is: [[113149.05764242]]
The R matrix for this timestep is: 44.89000000000003
log_likelihood: [[-6.73736752]], y: [[0.00023858]], cov: [[113193.94764242]]
Qgw block values: q11=6.461543394252656e-07, q22=3.7697590198114203e-28
dt_idx: 428, dt: 2266986.883167267
Qspin block values: q11=0.03818185699358582, q22=2.2163625676185916e-22
The HPH magnitude is: [[-166621.17487935]]
The R matrix for this timestep is: 44.8900000000281
log_likelihood: [[nan]], y: [[-0.00027906]], cov: [[-166576.28487935]]
Qgw block values: q11=1.8152322402125395e-22, q22=2.4731491974194843e-30
dt_idx: 429, dt: 14838.895184516907
Qspin block values: q11=1.0891393441275237e-16, q22=1.4838895184516906e-24
The HPH magnitude is: [[24961.33406526]]
The R matrix for this timestep is: 44.89000000000699
log_likelihood: [[-5.98237855]], y: [[-0.00048617]], cov: [[25006.22406526]]
Qgw block values: q11=7.551700209740821e-22, q22=3.977600530942281e-30
dt_idx: 430, dt: 23865.603185653687
Qspin block values: q11=4.531020125844492e-16, q22=2.3865603185653685e-24
The HPH magnitude is: [[15295.35218328]]
The R matrix for this timestep is: 44.890000000020045
log_likelihood: [[-5.73805596]], y: [[-7.55720575e-05]], cov: [[15340.24218328]]
Qgw block values: q11=1.635557175747639e-25, q22=2.388699369430542e-31
dt_idx: 431, dt: 1433.2196216583252
Qspin block values: q11=9.813343054485833e-20, q22=1.4332196216583251e-25
The HPH magnitude is: [[-50550.32150767]]
The R matrix for this timestep is: 44.89000000000017
log_likelihood: [[nan]], y: [[-0.00089135]], cov: [[-50505.43150767]]
Qgw block values: q11=2.090726691472063e-22, q22=2.5924198563893636e-30
dt_idx: 432, dt: 15554.519138336182
Qspin block values: q11=1.2544360148832377e-16, q22=1.555451913833618e-24
The HPH magnitude is: [[93486.34173801]]
The R matrix for this timestep is: 44.89000000000099
log_likelihood: [[-6.64196388]], y: [[0.00136226]], cov: [[93531.23173801]]
Qgw block values: q11=1.4740417331205409e-24, q22=4.9709894847869876e-31
dt_idx: 433, dt: 2982.5936908721924
Qspin block values: q11=8.844250398723245e-19, q22=2.9825936908721924e-25
The HPH magnitude is: [[-5595.00617369]]
The R matrix for this timestep is: 44.89000000000844
log_likelihood: [[nan]], y: [[-6.97949891e-05]], cov: [[-5550.11617369]]
Qgw block values: q11=1.7582991714579695e-24, q22=5.271940601666768e-31
dt_idx: 434, dt: 3163.164361000061
Qspin block values: q11=1.0549795028747819e-18, q22=3.163164361000061e-25
The HPH magnitude is: [[-89125.84129116]]
The R matrix for this timestep is: 44.89000000005391
log_likelihood: [[nan]], y: [[0.00155433]], cov: [[-89080.95129116]]
Qgw block values: q11=2.9027950585584456e-25, q22=2.8920893732706705e-31
dt_idx: 435, dt: 1735.2536239624023
Qspin block values: q11=1.7416770351350673e-19, q22=1.7352536239624023e-25
The HPH magnitude is: [[353356.90798407]]
The R matrix for this timestep is: 44.89000000003725
log_likelihood: [[-7.306619]], y: [[0.00165711]], cov: [[353401.79798407]]
Qgw block values: q11=9.267421572343878e-25, q22=4.2585252285003666e-31
dt_idx: 436, dt: 2555.1151371002197
Qspin block values: q11=5.560452943406327e-19, q22=2.5551151371002197e-25
The HPH magnitude is: [[417110.42196725]]
The R matrix for this timestep is: 44.89000000000002
log_likelihood: [[-7.38954547]], y: [[0.00108768]], cov: [[417155.31196725]]
Qgw block values: q11=2.4408737067686704e-24, q22=5.881047507921855e-31
dt_idx: 437, dt: 3528.628504753113
Qspin block values: q11=1.4645242240612022e-18, q22=3.5286285047531125e-25
The HPH magnitude is: [[-21263.03497384]]
The R matrix for this timestep is: 44.89000000011862
log_likelihood: [[nan]], y: [[-0.0004139]], cov: [[-21218.14497384]]
Qgw block values: q11=2.8978773660792237e-22, q22=2.8904552648862203e-30
dt_idx: 438, dt: 17342.73158931732
Qspin block values: q11=1.738726419647534e-16, q22=1.7342731589317323e-24
The HPH magnitude is: [[65574.1070411]]
The R matrix for this timestep is: 44.89000000057132
log_likelihood: [[-6.46474879]], y: [[-0.00037731]], cov: [[65618.9970411]]
Qgw block values: q11=9.866090057639085e-23, q22=2.018310330549876e-30
dt_idx: 439, dt: 12109.861983299255
Qspin block values: q11=5.919654034583451e-17, q22=1.2109861983299255e-24
The HPH magnitude is: [[239954.87299464]]
The R matrix for this timestep is: 44.890000000001265
log_likelihood: [[-7.11313514]], y: [[0.00202377]], cov: [[239999.76299464]]
Qgw block values: q11=6.545379037918759e-25, q22=3.7924324305852253e-31
dt_idx: 440, dt: 2275.4594583511353
Qspin block values: q11=3.9272274227512548e-19, q22=2.2754594583511354e-25
The HPH magnitude is: [[46286.82897443]]
The R matrix for this timestep is: 44.890000000017125
log_likelihood: [[-6.29072957]], y: [[0.00038145]], cov: [[46331.71897443]]
Qgw block values: q11=5.2707326351382775e-28, q22=3.5282816569010415e-32
dt_idx: 441, dt: 211.6968994140625
Qspin block values: q11=3.162439581082966e-22, q22=2.116968994140625e-26
The HPH magnitude is: [[60166.52512345]]
The R matrix for this timestep is: 44.890000000015796
log_likelihood: [[-6.42174715]], y: [[0.00067167]], cov: [[60211.41512345]]
Qgw block values: q11=4.2767661008607754e-27, q22=7.089975770314534e-32
dt_idx: 442, dt: 425.39854621887207
Qspin block values: q11=2.566059660516465e-21, q22=4.2539854621887206e-26
The HPH magnitude is: [[-431196.5261297]]
The R matrix for this timestep is: 44.89000000004584
log_likelihood: [[nan]], y: [[0.00174938]], cov: [[-431151.6361297]]
Qgw block values: q11=2.2782635387095583e-23, q22=1.2382478176752727e-30
dt_idx: 443, dt: 7429.486906051636
Qspin block values: q11=1.3669581232257349e-17, q22=7.429486906051636e-25
The HPH magnitude is: [[-27664.43754875]]
The R matrix for this timestep is: 44.89000000003654
log_likelihood: [[nan]], y: [[0.00027687]], cov: [[-27619.54754875]]
Qgw block values: q11=9.206486725936855e-25, q22=4.249171191851298e-31
dt_idx: 444, dt: 2549.502715110779
Qspin block values: q11=5.523892035562112e-19, q22=2.5495027151107787e-25
The HPH magnitude is: [[6703.949847]]
The R matrix for this timestep is: 44.89000000004401
log_likelihood: [[-5.32750148]], y: [[2.46428554e-05]], cov: [[6748.839847]]
Qgw block values: q11=1.4876824185875793e-25, q22=2.3144243764877318e-31
dt_idx: 445, dt: 1388.6546258926392
Qspin block values: q11=8.926094511525476e-20, q22=1.3886546258926392e-25
The HPH magnitude is: [[-252603.68216218]]
The R matrix for this timestep is: 44.89000000003418
log_likelihood: [[nan]], y: [[0.00067454]], cov: [[-252558.79216218]]
Qgw block values: q11=2.23011039085098e-22, q22=2.64879514503479e-30
dt_idx: 446, dt: 15892.77087020874
Qspin block values: q11=1.338066234510588e-16, q22=1.589277087020874e-24
The HPH magnitude is: [[2012740.92860296]]
The R matrix for this timestep is: 44.89000000000734
log_likelihood: [[-8.17645368]], y: [[0.00012125]], cov: [[2012785.81860296]]
Qgw block values: q11=1.1922850023197633e-23, q22=9.978523359298706e-31
dt_idx: 447, dt: 5987.114015579224
Qspin block values: q11=7.153710013918579e-18, q22=5.987114015579223e-25
The HPH magnitude is: [[-637930.45349349]]
The R matrix for this timestep is: 44.89000000000466
log_likelihood: [[nan]], y: [[0.00379108]], cov: [[-637885.56349349]]
Qgw block values: q11=1.4343052597568518e-23, q22=1.061255893389384e-30
dt_idx: 448, dt: 6367.535360336304
Qspin block values: q11=8.60583155854111e-18, q22=6.367535360336303e-25
The HPH magnitude is: [[314771.39278452]]
The R matrix for this timestep is: 44.890000000054606
log_likelihood: [[-7.24881079]], y: [[0.00282754]], cov: [[314816.28278452]]
Qgw block values: q11=3.254098939653251e-25, q22=3.004345227877299e-31
dt_idx: 449, dt: 1802.6071367263794
Qspin block values: q11=1.9524593637919507e-19, q22=1.8026071367263794e-25
The HPH magnitude is: [[324064.96673419]]
The R matrix for this timestep is: 44.89000000014866
log_likelihood: [[-7.26335743]], y: [[0.0018851]], cov: [[324109.85673419]]
Qgw block values: q11=1.3534488352420604e-23, q22=1.0409268209139507e-30
dt_idx: 450, dt: 6245.560925483704
Qspin block values: q11=8.120693011452361e-18, q22=6.245560925483703e-25
The HPH magnitude is: [[303036.76051694]]
The R matrix for this timestep is: 44.89000000000305
log_likelihood: [[-7.22981729]], y: [[0.00366387]], cov: [[303081.65051694]]
Qgw block values: q11=1.2091495985411582e-23, q22=1.0025351228713989e-30
dt_idx: 451, dt: 6015.210737228394
Qspin block values: q11=7.25489759124695e-18, q22=6.015210737228393e-25
The HPH magnitude is: [[4634.76213397]]
The R matrix for this timestep is: 44.890000000039045
log_likelihood: [[-5.14442806]], y: [[-0.00086396]], cov: [[4679.65213397]]
Qgw block values: q11=1.158800188597443e-25, q22=2.12949081103007e-31
dt_idx: 452, dt: 1277.694486618042
Qspin block values: q11=6.952801131584659e-20, q22=1.2776944866180419e-25
The HPH magnitude is: [[-550131.80617774]]
The R matrix for this timestep is: 44.89000000039014
log_likelihood: [[nan]], y: [[-0.00390717]], cov: [[-550086.91617774]]
Qgw block values: q11=4.193231519868954e-24, q22=7.043511021931966e-31
dt_idx: 453, dt: 4226.10661315918
Qspin block values: q11=2.5159389119213723e-18, q22=4.22610661315918e-25
The HPH magnitude is: [[1275956.86933138]]
The R matrix for this timestep is: 44.89000000002071
log_likelihood: [[-7.94855959]], y: [[0.00073796]], cov: [[1276001.75933138]]
Qgw block values: q11=9.367841777829594e-25, q22=4.273851555188497e-31
dt_idx: 454, dt: 2564.310933113098
Qspin block values: q11=5.620705066697756e-19, q22=2.564310933113098e-25
The HPH magnitude is: [[-1819.20352659]]
The R matrix for this timestep is: 44.89000000001218
log_likelihood: [[nan]], y: [[0.00068798]], cov: [[-1774.31352659]]
Qgw block values: q11=7.499593091374773e-23, q22=1.841982436180115e-30
dt_idx: 455, dt: 11051.894617080688
Qspin block values: q11=4.499755854824864e-17, q22=1.1051894617080689e-24
The HPH magnitude is: [[16698051.58599574]]
The R matrix for this timestep is: 44.89000000000954
log_likelihood: [[-9.23434118]], y: [[-0.11789397]], cov: [[16698096.47599574]]
Qgw block values: q11=6.535798361261518e-25, q22=3.790581159591675e-31
dt_idx: 456, dt: 2274.348695755005
Qspin block values: q11=3.921479016756911e-19, q22=2.2743486957550047e-25
The HPH magnitude is: [[830657.96985055]]
The R matrix for this timestep is: 44.89000000000472
log_likelihood: [[-7.73395225]], y: [[0.00715164]], cov: [[830702.85985055]]
Qgw block values: q11=3.110422036735731e-24, q22=6.375966472625733e-31
dt_idx: 457, dt: 3825.5798835754395
Qspin block values: q11=1.8662532220414386e-18, q22=3.8255798835754395e-25
The HPH magnitude is: [[447805.60084208]]
The R matrix for this timestep is: 44.89000000001589
log_likelihood: [[-7.4250459]], y: [[0.00225036]], cov: [[447850.49084208]]
Qgw block values: q11=9.648224464571216e-23, q22=2.0033433291117352e-30
dt_idx: 458, dt: 12020.05997467041
Qspin block values: q11=5.788934678742729e-17, q22=1.202005997467041e-24
The HPH magnitude is: [[-10222408.1436574]]
The R matrix for this timestep is: 44.890000000007824
log_likelihood: [[nan]], y: [[0.03280117]], cov: [[-10222363.2536574]]
Qgw block values: q11=6.397788720232297e-22, q22=3.763710546016693e-30
dt_idx: 459, dt: 22582.26327610016
Qspin block values: q11=3.8386732321393776e-16, q22=2.2582263276100157e-24
The HPH magnitude is: [[-2120745.01898398]]
The R matrix for this timestep is: 44.89000000000008
log_likelihood: [[nan]], y: [[-0.01687121]], cov: [[-2120700.12898398]]
Qgw block values: q11=3.8986499208145865e-23, q22=1.481077091217041e-30
dt_idx: 460, dt: 8886.462547302246
Qspin block values: q11=2.339189952488752e-17, q22=8.886462547302245e-25
The HPH magnitude is: [[-31197.1145731]]
The R matrix for this timestep is: 44.89000000022852
log_likelihood: [[nan]], y: [[-0.0044059]], cov: [[-31152.2245731]]
Qgw block values: q11=7.583991416419544e-07, q22=3.9761274335296625e-28
dt_idx: 461, dt: 2391386.0812749863
Qspin block values: q11=0.044777067697467275, q22=2.3350997218867807e-22
The HPH magnitude is: [[-51807.72422703]]
The R matrix for this timestep is: 44.89000000005244
log_likelihood: [[nan]], y: [[0.01463437]], cov: [[-51762.83422703]]
Qgw block values: q11=2.204741825530254e-22, q22=2.6387130505243938e-30
dt_idx: 462, dt: 15832.278303146362
Qspin block values: q11=1.3228450953181522e-16, q22=1.5832278303146361e-24
The HPH magnitude is: [[1994769.55304797]]
The R matrix for this timestep is: 44.890000000037574
log_likelihood: [[-8.17196933]], y: [[0.04997886]], cov: [[1994814.44304797]]
Qgw block values: q11=1.2810409990991175e-23, q22=1.022022823492686e-30
dt_idx: 463, dt: 6132.136940956116
Qspin block values: q11=7.686245994594706e-18, q22=6.132136940956115e-25
The HPH magnitude is: [[3734438.79178963]]
The R matrix for this timestep is: 44.89000000000134
log_likelihood: [[-8.4854986]], y: [[0.06676508]], cov: [[3734483.68178963]]
Qgw block values: q11=3.5834781154006305e-23, q22=1.4400398270289103e-30
dt_idx: 464, dt: 8640.238962173462
Qspin block values: q11=2.1500868692403785e-17, q22=8.64023896217346e-25
The HPH magnitude is: [[-1221446.84742681]]
The R matrix for this timestep is: 44.8900000000092
log_likelihood: [[nan]], y: [[0.01350111]], cov: [[-1221401.95742681]]
Qgw block values: q11=1.373537170984178e-25, q22=2.2536495892206828e-31
dt_idx: 465, dt: 1352.1897535324097
Qspin block values: q11=8.241223025905068e-20, q22=1.3521897535324096e-25
The HPH magnitude is: [[8139628.98675264]]
The R matrix for this timestep is: 44.89000000000853
log_likelihood: [[-8.87506887]], y: [[0.02144783]], cov: [[8139673.87675264]]
Qgw block values: q11=4.939235648921515e-24, q22=7.4386278804143275e-31
dt_idx: 466, dt: 4463.176728248596
Qspin block values: q11=2.9635413893529086e-18, q22=4.463176728248596e-25
The HPH magnitude is: [[753012.99757866]]
The R matrix for this timestep is: 44.89000000000009
log_likelihood: [[-7.68488722]], y: [[-0.0047239]], cov: [[753057.88757866]]
Qgw block values: q11=2.15495669693963e-24, q22=5.641818369229635e-31
dt_idx: 467, dt: 3385.0910215377808
Qspin block values: q11=1.2929740181637779e-18, q22=3.3850910215377805e-25
The HPH magnitude is: [[3573864.65448218]]
The R matrix for this timestep is: 44.89000000000002
log_likelihood: [[-8.46352387]], y: [[0.00866188]], cov: [[3573909.54448218]]
Qgw block values: q11=8.95277131525032e-22, q22=4.209773678779602e-30
dt_idx: 468, dt: 25258.642072677612
Qspin block values: q11=5.371662789150191e-16, q22=2.525864207267761e-24
The HPH magnitude is: [[3731905.7993157]]
The R matrix for this timestep is: 44.8900000000051
log_likelihood: [[-8.48515935]], y: [[-0.01606582]], cov: [[3731950.6893157]]
Qgw block values: q11=6.956234833334909e-23, q22=1.7963777321179707e-30
dt_idx: 469, dt: 10778.266392707825
Qspin block values: q11=4.173740900000945e-17, q22=1.0778266392707824e-24
The HPH magnitude is: [[-8266.56253278]]
The R matrix for this timestep is: 44.89000000000602
log_likelihood: [[nan]], y: [[0.00025907]], cov: [[-8221.67253278]]
Qgw block values: q11=1.6743176285527529e-23, q22=1.117426246325175e-30
dt_idx: 470, dt: 6704.55747795105
Qspin block values: q11=1.0045905771316516e-17, q22=6.70455747795105e-25
The HPH magnitude is: [[428600.86791766]]
The R matrix for this timestep is: 44.890000000020954
log_likelihood: [[-7.40313159]], y: [[-0.00745369]], cov: [[428645.75791766]]
Qgw block values: q11=8.601703964978755e-26, q22=1.9281215794881185e-31
dt_idx: 471, dt: 1156.872947692871
Qspin block values: q11=5.1610223789872524e-20, q22=1.156872947692871e-25
The HPH magnitude is: [[-2184078.64193083]]
The R matrix for this timestep is: 44.8900000004441
log_likelihood: [[nan]], y: [[-0.00418861]], cov: [[-2184033.75193082]]
Qgw block values: q11=7.840511076599834e-26, q22=1.8694809420903524e-31
dt_idx: 472, dt: 1121.6885652542114
Qspin block values: q11=4.7043066459599e-20, q22=1.1216885652542115e-25
The HPH magnitude is: [[7687420.42272339]]
The R matrix for this timestep is: 44.8900000000031
log_likelihood: [[-8.84648937]], y: [[-0.06474391]], cov: [[7687465.31272339]]
Qgw block values: q11=3.5950140734967176e-22, q22=3.105797358671824e-30
dt_idx: 473, dt: 18634.784152030945
Qspin block values: q11=2.1570084440980304e-16, q22=1.8634784152030943e-24
The HPH magnitude is: [[55411649.79455328]]
The R matrix for this timestep is: 44.890000000008456
log_likelihood: [[-9.83408915]], y: [[-0.34158043]], cov: [[55411694.68455328]]
Qgw block values: q11=2.4545298928294286e-24, q22=5.89199486732483e-31
dt_idx: 474, dt: 3535.1969203948975
Qspin block values: q11=1.472717935697657e-18, q22=3.5351969203948973e-25
The HPH magnitude is: [[-254263.65958399]]
The R matrix for this timestep is: 44.890000000027015
log_likelihood: [[nan]], y: [[-0.00228223]], cov: [[-254218.76958399]]
Qgw block values: q11=2.2483533093532593e-25, q22=2.6559981648127238e-31
dt_idx: 475, dt: 1593.5988988876343
Qspin block values: q11=1.3490119856119557e-19, q22=1.5935988988876342e-25
The HPH magnitude is: [[-16748129.48102672]]
The R matrix for this timestep is: 44.89000000004513
log_likelihood: [[nan]], y: [[-0.0583357]], cov: [[-16748084.59102672]]
Qgw block values: q11=7.082123735186651e-25, q22=3.8933856280644736e-31
dt_idx: 476, dt: 2336.031376838684
Qspin block values: q11=4.24927424111199e-19, q22=2.336031376838684e-25
The HPH magnitude is: [[1139042.52010021]]
The R matrix for this timestep is: 44.89000000004039
log_likelihood: [[-7.89180752]], y: [[0.01173268]], cov: [[1139087.41010021]]
Qgw block values: q11=1.0049045191256512e-24, q22=4.375031501452128e-31
dt_idx: 477, dt: 2625.018900871277
Qspin block values: q11=6.029427114753907e-19, q22=2.625018900871277e-25
The HPH magnitude is: [[97600.77941443]]
The R matrix for this timestep is: 44.890000000009394
log_likelihood: [[-6.66348883]], y: [[0.00152813]], cov: [[97645.66941443]]
Qgw block values: q11=1.369009035558821e-22, q22=2.251170329729716e-30
dt_idx: 478, dt: 13507.021978378296
Qspin block values: q11=8.214054213352926e-17, q22=1.3507021978378295e-24
The HPH magnitude is: [[-409235.91150253]]
The R matrix for this timestep is: 44.890000000032046
log_likelihood: [[nan]], y: [[-0.00398408]], cov: [[-409191.02150253]]
Qgw block values: q11=8.368708846215048e-24, q22=8.868001084327698e-31
dt_idx: 479, dt: 5320.800650596619
Qspin block values: q11=5.021225307729029e-18, q22=5.320800650596618e-25
The HPH magnitude is: [[-2602342.15163497]]
The R matrix for this timestep is: 44.890000000029026
log_likelihood: [[nan]], y: [[-0.00481872]], cov: [[-2602297.26163497]]
Qgw block values: q11=1.890611335172568e-24, q22=5.400993696848551e-31
dt_idx: 480, dt: 3240.596218109131
Qspin block values: q11=1.1343668011035407e-18, q22=3.2405962181091306e-25
The HPH magnitude is: [[-103546.43429241]]
The R matrix for this timestep is: 44.89000000068064
log_likelihood: [[nan]], y: [[0.00260005]], cov: [[-103501.54429241]]
Qgw block values: q11=2.719221372258389e-25, q22=2.829791512489319e-31
dt_idx: 481, dt: 1697.8749074935913
Qspin block values: q11=1.631532823355033e-19, q22=1.6978749074935913e-25
The HPH magnitude is: [[1666540.53191102]]
The R matrix for this timestep is: 44.890000000023335
log_likelihood: [[-8.08208225]], y: [[-0.00747046]], cov: [[1666585.42191102]]
Qgw block values: q11=4.3321101265896945e-23, q22=1.5340496435165405e-30
dt_idx: 482, dt: 9204.297861099243
Qspin block values: q11=2.5992660759538166e-17, q22=9.204297861099244e-25
The HPH magnitude is: [[-64874.82646373]]
The R matrix for this timestep is: 44.890000000005536
log_likelihood: [[nan]], y: [[-0.00089733]], cov: [[-64829.93646373]]
Qgw block values: q11=2.0371645198097158e-24, q22=5.53709046681722e-31
dt_idx: 483, dt: 3322.254280090332
Qspin block values: q11=1.2222987118858295e-18, q22=3.322254280090332e-25
The HPH magnitude is: [[-27537.18076508]]
The R matrix for this timestep is: 44.890000000004655
log_likelihood: [[nan]], y: [[0.00030655]], cov: [[-27492.29076508]]
Qgw block values: q11=5.198252171450448e-23, q22=1.63014173301061e-30
dt_idx: 484, dt: 9780.85039806366
Qspin block values: q11=3.1189513028702686e-17, q22=9.780850398063659e-25
The HPH magnitude is: [[-37907.51545639]]
The R matrix for this timestep is: 44.89000000017829
log_likelihood: [[nan]], y: [[-0.00090446]], cov: [[-37862.62545639]]
Qgw block values: q11=2.8500090646999234e-23, q22=1.3342022388776143e-30
dt_idx: 485, dt: 8005.213433265686
Qspin block values: q11=1.7100054388199537e-17, q22=8.005213433265686e-25
The HPH magnitude is: [[1260132.68287017]]
The R matrix for this timestep is: 44.89000000000128
log_likelihood: [[-7.94232013]], y: [[-0.00221511]], cov: [[1260177.57287017]]
Qgw block values: q11=1.0880205487316096e-22, q22=2.085220330397288e-30
dt_idx: 486, dt: 12511.321982383728
Qspin block values: q11=6.528123292389657e-17, q22=1.2511321982383729e-24
The HPH magnitude is: [[12015.9120903]]
The R matrix for this timestep is: 44.890000000035876
log_likelihood: [[-5.61779652]], y: [[0.00038027]], cov: [[12060.8020903]]
Qgw block values: q11=2.8578613322343293e-27, q22=6.198500426610311e-32
dt_idx: 487, dt: 371.91002559661865
Qspin block values: q11=1.7147167993405974e-21, q22=3.7191002559661864e-26
The HPH magnitude is: [[508270.6489528]]
The R matrix for this timestep is: 44.89000000014093
log_likelihood: [[-7.48836737]], y: [[0.0009312]], cov: [[508315.5389528]]
Qgw block values: q11=1.1840091319092485e-22, q22=2.1448220640818277e-30
dt_idx: 488, dt: 12868.932384490967
Qspin block values: q11=7.10405479145549e-17, q22=1.2868932384490966e-24
The HPH magnitude is: [[302158.70928331]]
The R matrix for this timestep is: 44.89000000001926
log_likelihood: [[-7.22836665]], y: [[-0.00016477]], cov: [[302203.59928331]]
Qgw block values: q11=1.7879144661736958e-26, q22=1.1421465460459392e-31
dt_idx: 489, dt: 685.2879276275635
Qspin block values: q11=1.0727486797042174e-20, q22=6.852879276275635e-26
The HPH magnitude is: [[-20416.8145376]]
The R matrix for this timestep is: 44.89000000010337
log_likelihood: [[nan]], y: [[1.2566589e-05]], cov: [[-20371.9245376]]
Qgw block values: q11=1.4828989233677272e-24, q22=4.9809261337916055e-31
dt_idx: 490, dt: 2988.5556802749634
Qspin block values: q11=8.897393540206364e-19, q22=2.988555680274963e-25
The HPH magnitude is: [[26493.11398436]]
The R matrix for this timestep is: 44.89000000000013
log_likelihood: [[-6.01210508]], y: [[0.00133044]], cov: [[26538.00398436]]
Qgw block values: q11=4.044998376642614e-22, q22=3.230321157296499e-30
dt_idx: 491, dt: 19381.92694377899
Qspin block values: q11=2.4269990259855683e-16, q22=1.938192694377899e-24
The HPH magnitude is: [[-1009862.91361599]]
The R matrix for this timestep is: 44.890000000027875
log_likelihood: [[nan]], y: [[0.00817849]], cov: [[-1009818.02361599]]
Qgw block values: q11=1.4278926249188029e-21, q22=4.9185614484151206e-30
dt_idx: 492, dt: 29511.368690490723
Qspin block values: q11=8.567355749512817e-16, q22=2.951136869049072e-24
The HPH magnitude is: [[338069.70835781]]
The R matrix for this timestep is: 44.890000000026205
log_likelihood: [[-7.28450862]], y: [[-0.00113774]], cov: [[338114.59835781]]
Qgw block values: q11=7.325887991986334e-23, q22=1.8276499101320904e-30
dt_idx: 493, dt: 10965.899460792542
Qspin block values: q11=4.3955327951918e-17, q22=1.0965899460792541e-24
The HPH magnitude is: [[56092.34230537]]
The R matrix for this timestep is: 44.89000000001272
log_likelihood: [[-6.38671581]], y: [[-0.00212438]], cov: [[56137.23230537]]
Qgw block values: q11=6.63473893345023e-07, q22=3.803086844700565e-28
dt_idx: 494, dt: 2287074.851958275
Qspin block values: q11=0.039199994170479466, q22=2.2355562360915373e-22
The HPH magnitude is: [[-293635.33197715]]
The R matrix for this timestep is: 44.89000000043448
log_likelihood: [[nan]], y: [[-0.00315095]], cov: [[-293590.44197715]]
Qgw block values: q11=3.800477663131283e-21, q22=6.816356759389241e-30
dt_idx: 495, dt: 40898.14055633545
Qspin block values: q11=2.28028659787877e-15, q22=4.0898140556335446e-24
The HPH magnitude is: [[-9495.5254789]]
The R matrix for this timestep is: 44.8900000000775
log_likelihood: [[nan]], y: [[0.00040494]], cov: [[-9450.6354789]]
Qgw block values: q11=1.7134001574416363e-24, q22=5.22667928536733e-31
dt_idx: 496, dt: 3136.007571220398
Qspin block values: q11=1.028040094464982e-18, q22=3.136007571220398e-25
The HPH magnitude is: [[81.08274322]]
The R matrix for this timestep is: 44.89000000002331
log_likelihood: [[-3.33697131]], y: [[0.00018974]], cov: [[125.97274322]]
Qgw block values: q11=1.9225060331664622e-29, q22=1.1701157410939534e-32
dt_idx: 497, dt: 70.2069444656372
Qspin block values: q11=1.1535036198998774e-23, q22=7.020694446563721e-27
The HPH magnitude is: [[-1116776.23004954]]
The R matrix for this timestep is: 44.89000000000011
log_likelihood: [[nan]], y: [[-0.01367942]], cov: [[-1116731.34004954]]
Qgw block values: q11=1.0242253627199379e-21, q22=4.402892615159353e-30
dt_idx: 498, dt: 26417.355690956116
Qspin block values: q11=6.145352176319627e-16, q22=2.6417355690956113e-24
The HPH magnitude is: [[155138.31609601]]
The R matrix for this timestep is: 44.89000000003894
log_likelihood: [[-6.89511937]], y: [[0.00561591]], cov: [[155183.20609601]]
Log-likelihood: nan
Execution time: 1.4647 seconds
