[tempo2Util.C:396] Warning: [TIM1] Please place MODE flags in the parameter file 
[preProcess.C:158] Warning: PSR J0030+0451 uses DM2+ but does not define DM_SERIES. Assume Taylor. This has behaviour has changed since June 2020!
See https://bitbucket.org/psrsoft/tempo2/issues/27/tempo2-dm-polynomial-is-not-a-taylor

[tempo2Util.C:401] Warning: [DUP1] duplicated warnings have been suppressed.
[preProcess.C:158] Warning: PSR J0030+0451 uses DM2+ but does not define DM_SERIES. Assume Taylor. This has behaviour has changed since June 2020!
See https://bitbucket.org/psrsoft/tempo2/issues/27/tempo2-dm-polynomial-is-not-a-taylor

[preProcess.C:158] Warning: PSR J0034-0534 uses DM2+ but does not define DM_SERIES. Assume Taylor. This has behaviour has changed since June 2020!
See https://bitbucket.org/psrsoft/tempo2/issues/27/tempo2-dm-polynomial-is-not-a-taylor

[preProcess.C:158] Warning: PSR J0218+4232 uses DM2+ but does not define DM_SERIES. Assume Taylor. This has behaviour has changed since June 2020!
See https://bitbucket.org/psrsoft/tempo2/issues/27/tempo2-dm-polynomial-is-not-a-taylor

[preProcess.C:158] Warning: PSR J0437-4715 uses DM2+ but does not define DM_SERIES. Assume Taylor. This has behaviour has changed since June 2020!
See https://bitbucket.org/psrsoft/tempo2/issues/27/tempo2-dm-polynomial-is-not-a-taylor

[preProcess.C:158] Warning: PSR J0613-0200 uses DM2+ but does not define DM_SERIES. Assume Taylor. This has behaviour has changed since June 2020!
See https://bitbucket.org/psrsoft/tempo2/issues/27/tempo2-dm-polynomial-is-not-a-taylor

[preProcess.C:158] Warning: PSR J0621+1002 uses DM2+ but does not define DM_SERIES. Assume Taylor. This has behaviour has changed since June 2020!
See https://bitbucket.org/psrsoft/tempo2/issues/27/tempo2-dm-polynomial-is-not-a-taylor

[preProcess.C:158] Warning: PSR J0711-6830 uses DM2+ but does not define DM_SERIES. Assume Taylor. This has behaviour has changed since June 2020!
See https://bitbucket.org/psrsoft/tempo2/issues/27/tempo2-dm-polynomial-is-not-a-taylor

[preProcess.C:158] Warning: PSR J0751+1807 uses DM2+ but does not define DM_SERIES. Assume Taylor. This has behaviour has changed since June 2020!
See https://bitbucket.org/psrsoft/tempo2/issues/27/tempo2-dm-polynomial-is-not-a-taylor

[preProcess.C:158] Warning: PSR J0900-3144 uses DM2+ but does not define DM_SERIES. Assume Taylor. This has behaviour has changed since June 2020!
See https://bitbucket.org/psrsoft/tempo2/issues/27/tempo2-dm-polynomial-is-not-a-taylor

[preProcess.C:158] Warning: PSR J1012+5307 uses DM2+ but does not define DM_SERIES. Assume Taylor. This has behaviour has changed since June 2020!
See https://bitbucket.org/psrsoft/tempo2/issues/27/tempo2-dm-polynomial-is-not-a-taylor

[preProcess.C:158] Warning: PSR J1022+1001 uses DM2+ but does not define DM_SERIES. Assume Taylor. This has behaviour has changed since June 2020!
See https://bitbucket.org/psrsoft/tempo2/issues/27/tempo2-dm-polynomial-is-not-a-taylor

[preProcess.C:158] Warning: PSR J1024-0719 uses DM2+ but does not define DM_SERIES. Assume Taylor. This has behaviour has changed since June 2020!
See https://bitbucket.org/psrsoft/tempo2/issues/27/tempo2-dm-polynomial-is-not-a-taylor

[preProcess.C:158] Warning: PSR J1045-4509 uses DM2+ but does not define DM_SERIES. Assume Taylor. This has behaviour has changed since June 2020!
See https://bitbucket.org/psrsoft/tempo2/issues/27/tempo2-dm-polynomial-is-not-a-taylor

[preProcess.C:158] Warning: PSR J1455-3330 uses DM2+ but does not define DM_SERIES. Assume Taylor. This has behaviour has changed since June 2020!
See https://bitbucket.org/psrsoft/tempo2/issues/27/tempo2-dm-polynomial-is-not-a-taylor

[preProcess.C:158] Warning: PSR J1600-3053 uses DM2+ but does not define DM_SERIES. Assume Taylor. This has behaviour has changed since June 2020!
See https://bitbucket.org/psrsoft/tempo2/issues/27/tempo2-dm-polynomial-is-not-a-taylor

[preProcess.C:158] Warning: PSR J1603-7202 uses DM2+ but does not define DM_SERIES. Assume Taylor. This has behaviour has changed since June 2020!
See https://bitbucket.org/psrsoft/tempo2/issues/27/tempo2-dm-polynomial-is-not-a-taylor

[preProcess.C:158] Warning: PSR J1614-2230 uses DM2+ but does not define DM_SERIES. Assume Taylor. This has behaviour has changed since June 2020!
See https://bitbucket.org/psrsoft/tempo2/issues/27/tempo2-dm-polynomial-is-not-a-taylor

[preProcess.C:158] Warning: PSR J1640+2224 uses DM2+ but does not define DM_SERIES. Assume Taylor. This has behaviour has changed since June 2020!
See https://bitbucket.org/psrsoft/tempo2/issues/27/tempo2-dm-polynomial-is-not-a-taylor

[preProcess.C:158] Warning: PSR J1643-1224 uses DM2+ but does not define DM_SERIES. Assume Taylor. This has behaviour has changed since June 2020!
See https://bitbucket.org/psrsoft/tempo2/issues/27/tempo2-dm-polynomial-is-not-a-taylor

[preProcess.C:158] Warning: PSR J1713+0747 uses DM2+ but does not define DM_SERIES. Assume Taylor. This has behaviour has changed since June 2020!
See https://bitbucket.org/psrsoft/tempo2/issues/27/tempo2-dm-polynomial-is-not-a-taylor

[preProcess.C:158] Warning: PSR J1730-2304 uses DM2+ but does not define DM_SERIES. Assume Taylor. This has behaviour has changed since June 2020!
See https://bitbucket.org/psrsoft/tempo2/issues/27/tempo2-dm-polynomial-is-not-a-taylor

[preProcess.C:158] Warning: PSR J1744-1134 uses DM2+ but does not define DM_SERIES. Assume Taylor. This has behaviour has changed since June 2020!
See https://bitbucket.org/psrsoft/tempo2/issues/27/tempo2-dm-polynomial-is-not-a-taylor

[preProcess.C:158] Warning: PSR J1857+0943 uses DM2+ but does not define DM_SERIES. Assume Taylor. This has behaviour has changed since June 2020!
See https://bitbucket.org/psrsoft/tempo2/issues/27/tempo2-dm-polynomial-is-not-a-taylor

[preProcess.C:158] Warning: PSR J1909-3744 uses DM2+ but does not define DM_SERIES. Assume Taylor. This has behaviour has changed since June 2020!
See https://bitbucket.org/psrsoft/tempo2/issues/27/tempo2-dm-polynomial-is-not-a-taylor

[preProcess.C:158] Warning: PSR J1918-0642 uses DM2+ but does not define DM_SERIES. Assume Taylor. This has behaviour has changed since June 2020!
See https://bitbucket.org/psrsoft/tempo2/issues/27/tempo2-dm-polynomial-is-not-a-taylor

[preProcess.C:158] Warning: PSR J1939+2134 uses DM2+ but does not define DM_SERIES. Assume Taylor. This has behaviour has changed since June 2020!
See https://bitbucket.org/psrsoft/tempo2/issues/27/tempo2-dm-polynomial-is-not-a-taylor

[preProcess.C:158] Warning: PSR J1944+0907 uses DM2+ but does not define DM_SERIES. Assume Taylor. This has behaviour has changed since June 2020!
See https://bitbucket.org/psrsoft/tempo2/issues/27/tempo2-dm-polynomial-is-not-a-taylor

[preProcess.C:158] Warning: PSR J2010-1323 uses DM2+ but does not define DM_SERIES. Assume Taylor. This has behaviour has changed since June 2020!
See https://bitbucket.org/psrsoft/tempo2/issues/27/tempo2-dm-polynomial-is-not-a-taylor

[preProcess.C:158] Warning: PSR J2124-3358 uses DM2+ but does not define DM_SERIES. Assume Taylor. This has behaviour has changed since June 2020!
See https://bitbucket.org/psrsoft/tempo2/issues/27/tempo2-dm-polynomial-is-not-a-taylor

[preProcess.C:158] Warning: PSR J2129-5721 uses DM2+ but does not define DM_SERIES. Assume Taylor. This has behaviour has changed since June 2020!
See https://bitbucket.org/psrsoft/tempo2/issues/27/tempo2-dm-polynomial-is-not-a-taylor

[preProcess.C:158] Warning: PSR J2145-0750 uses DM2+ but does not define DM_SERIES. Assume Taylor. This has behaviour has changed since June 2020!
See https://bitbucket.org/psrsoft/tempo2/issues/27/tempo2-dm-polynomial-is-not-a-taylor

[preProcess.C:158] Warning: PSR J2229+2643 uses DM2+ but does not define DM_SERIES. Assume Taylor. This has behaviour has changed since June 2020!
See https://bitbucket.org/psrsoft/tempo2/issues/27/tempo2-dm-polynomial-is-not-a-taylor

[preProcess.C:158] Warning: PSR J2317+1439 uses DM2+ but does not define DM_SERIES. Assume Taylor. This has behaviour has changed since June 2020!
See https://bitbucket.org/psrsoft/tempo2/issues/27/tempo2-dm-polynomial-is-not-a-taylor

=== JAX VERSION INFO ===
JAX version: 0.5.3

=== DEVICE INFO ===
Default device: gpu

=== JAX CONFIG SETTINGS ===
eager_constant_folding: False
jax2tf_associative_scan_reductions: False
jax2tf_default_native_serialization: True
jax_array_garbage_collection_guard: None
jax_backend_target: 
jax_bcoo_cusparse_lowering: False
jax_check_proxy_envs: True
jax_check_tracer_leaks: False
jax_compilation_cache_dir: None
jax_compilation_cache_expect_pgle: False
jax_compilation_cache_include_metadata_in_key: False
jax_compilation_cache_max_size: -1
jax_compiler_detailed_logging_min_ops: 10
jax_compiler_enable_remat_pass: True
jax_cpu_collectives_implementation: None
jax_cpu_enable_async_dispatch: True
jax_cpu_enable_gloo_collectives: False
jax_cuda_visible_devices: all
jax_custom_vjp_disable_shape_check: False
jax_data_dependent_tracing_fallback: False
jax_debug_infs: False
jax_debug_key_reuse: False
jax_debug_log_modules: 
jax_debug_nans: False
jax_default_device: None
jax_default_dtype_bits: 64
jax_default_matmul_precision: None
jax_default_prng_impl: threefry2x32
jax_disable_jit: False
jax_disable_most_optimizations: False
jax_disable_vmap_shmap_error: False
jax_disallow_mesh_context_manager: False
jax_distributed_debug: False
jax_dump_ir_to: 
jax_dynamic_shapes: False
jax_eager_pmap: True
jax_enable_checks: False
jax_enable_compilation_cache: True
jax_enable_custom_prng: False
jax_enable_custom_vjp_by_custom_transpose: False
jax_enable_empty_arrays: False
jax_enable_pgle: False
jax_enable_x64: True
jax_exec_time_optimization_effort: 0.0
jax_experimental_unsafe_xla_runtime_errors: False
jax_explain_cache_misses: False
jax_export_calling_convention_version: 9
jax_export_ignore_forward_compatibility: False
jax_high_dynamic_range_gumbel: False
jax_hlo_source_file_canonicalization_regex: None
jax_include_debug_info_in_dumps: True
jax_include_full_tracebacks_in_locations: True
jax_legacy_prng_key: allow
jax_log_checkpoint_residuals: False
jax_log_compiles: False
jax_logging_level: NOTSET
jax_memory_fitting_effort: 0.0
jax_memory_fitting_level: UNKNOWN
jax_mock_gpu_topology: 
jax_mutable_array_checks: False
jax_no_tracing: False
jax_num_cpu_devices: -1
jax_numpy_dtype_promotion: standard
jax_numpy_rank_promotion: allow
jax_optimization_level: UNKNOWN
jax_persistent_cache_enable_xla_caches: xla_gpu_per_fusion_autotune_cache_dir
jax_persistent_cache_min_compile_time_secs: 1.0
jax_persistent_cache_min_entry_size_bytes: 0
jax_pgle_aggregation_percentile: 90
jax_pgle_profiling_runs: 3
jax_pjrt_client_create_options: None
jax_platform_name: 
jax_platforms: None
jax_pmap_no_rank_reduction: True
jax_pmap_shmap_merge: False
jax_pprint_use_color: True
jax_raise_persistent_cache_errors: False
jax_random_seed_offset: 0
jax_remat_opt_barrier: True
jax_remove_custom_partitioning_ptr_from_cache_key: False
jax_rocm_visible_devices: all
jax_serialization_version: 0
jax_share_binary_between_hosts: False
jax_share_binary_between_hosts_timeout_ms: 1200000
jax_softmax_custom_jvp: False
jax_spmd_mode: allow_jit
jax_threefry_gpu_kernel_lowering: False
jax_threefry_partitionable: True
jax_traceback_filtering: auto
jax_traceback_in_locations_limit: 10
jax_tracer_error_num_traceback_frames: 5
jax_transfer_guard: None
jax_transfer_guard_device_to_device: None
jax_transfer_guard_device_to_host: None
jax_transfer_guard_host_to_device: None
jax_use_direct_linearize: False
jax_use_magma: auto
jax_use_shardy_partitioner: False
jax_varying_axes_in_types: False
jax_xla_backend: 
jax_xla_profile_version: 0
mock_num_gpu_processes: 0

JAX GPU acceleration is AVAILABLE!
GPU devices: [CudaDevice(id=0)]
-----------------------------------------------
Timespan: 14.957676828928976 years
Average cadence: 29.99753869537954 days
Mvals
[2.67430113e-10 8.01932221e-09 7.94263699e-09 9.90814252e-10
 3.74166268e-10 7.52560262e-09 7.91802815e-09 3.27534259e-10]
Getting the data. Loading 33 pulsars from ../data/IPTA_MockDataChallenge2/dataset_1b/
Timespan: 14.957676828928976 years
Average cadence: 29.99753869537954 days
Mvals
[2.67430113e-10 8.01932221e-09 7.94263699e-09 9.90814252e-10
 3.74166268e-10 7.52560262e-09 7.91802815e-09 3.27534259e-10]
J0030+0451 205.53069593846152
Timespan: 14.96402717264457 years
Average cadence: 30.010274274809166 days
Mvals
[9.95875519e-10 2.94899149e-08 3.14293807e-08 3.68966010e-09
 1.39345263e-09 2.55283432e-08 2.25357211e-08 1.47720464e-08
 1.11419427e-07 3.56186635e-08 1.73429432e-08 7.46933476e-09]
J0034-0534 532.7134293952242
Timespan: 14.954550643158557 years
Average cadence: 29.99126914699381 days
Mvals
[1.17675205e-09 4.06616693e-08 6.14373708e-07 4.36021523e-09
 1.64651420e-09 4.79283596e-08 6.37172640e-08 1.17442900e-07
 4.22677774e-07 7.96499872e-08 4.40236016e-07 1.95870382e-08]
J0218+4232 430.46105454575843
Timespan: 14.962514096871661 years
Average cadence: 30.0072398096602 days
Mvals
[2.78487251e-11 1.69358195e-09 9.57076613e-10 1.03194824e-10
 3.89642669e-11 1.36969040e-08 6.81905152e-10 2.78970498e-11
 8.62814059e-10 5.90762370e-10 1.59385408e-10 5.91276414e-10
 2.06323013e-08 8.61516695e-10 8.62905255e-10 3.15638009e-10
 1.04222357e-09 4.68631730e-09]
J0437-4715 173.68794573751967
Timespan: 14.962670146186571 years
Average cadence: 30.00755276570384 days
Mvals
[4.35493966e-10 1.00111537e-07 1.38133553e-08 1.61326435e-09
 6.09391879e-10 2.40376623e-08 1.10560169e-08 4.84485847e-10
 9.80666700e-10 6.31994956e-09 5.91334021e-09 8.27389021e-09
 1.10034181e-08 3.34716210e-08 1.18335425e-07 1.07472460e-09]
J0613-0200 326.60056202349193
Timespan: 14.959550902330289 years
Average cadence: 30.001297139288766 days
Mvals
[1.92621396e-09 5.43791979e-07 5.91832174e-08 7.13479001e-09
 2.69516197e-09 1.10887168e-07 4.68033339e-08 6.05143263e-08
 4.22948392e-08 3.10047747e-07 4.77217227e-08 3.62091941e-09
 5.86483233e-08]
J0621+1002 34.65740662142043
Timespan: 14.95891260121387 years
Average cadence: 30.00001702990694 days
Mvals
[4.41447490e-10 1.07489883e-07 1.30040459e-08 1.63599667e-09
 6.17660030e-10 1.60654399e-08 1.27235979e-08]
J0711-6830 182.1172346472276
Timespan: 14.962043408002845 years
Average cadence: 30.006295845719993 days
Mvals
[4.79003396e-10 5.89174991e-08 2.88294034e-08 1.77472842e-09
 6.70262364e-10 1.46501124e-08 1.22489446e-08 5.85853936e-10
 3.08998216e-09 3.59577760e-09 2.57352723e-09 6.86859259e-09
 5.60412373e-09 7.61116392e-09 2.34823414e-08 7.01021817e-09
 4.31587446e-09]
J0751+1807 287.4578539950941
Timespan: 14.953947124000674 years
Average cadence: 29.990058792638717 days
Mvals
[4.53964640e-10 2.70545571e-08 1.44535468e-08 1.68173618e-09
 6.35210235e-10 1.11734882e-08 1.66242424e-08 4.65274926e-10
 5.31136208e-08 2.82021436e-08 2.09485127e-08 2.46489687e-08
 5.08982015e-08]
J0900-3144 90.01184191936728
Timespan: 14.959802688931948 years
Average cadence: 30.00180209593495 days
Mvals
[5.42337118e-10 2.12480168e-08 6.27336734e-08 2.00961035e-09
 7.58805273e-10 1.26467310e-08 4.93323234e-08 5.67699297e-10
 1.08871246e-07 4.56647910e-09 3.16831570e-07 4.30211301e-09
 5.71582472e-09 8.07285120e-09 2.26900837e-08]
J1012+5307 190.26783444155498
Timespan: 14.953730788380255 years
Average cadence: 29.98962493274062 days
Mvals
[2.28096766e-10 8.60051802e-09 1.99768032e-09 8.45118507e-10
 3.19163071e-10 5.55621181e-09 5.24112381e-09 2.79580910e-10
 2.84951965e-08 5.40815204e-09 2.14789274e-09 5.40414530e-09
 2.34239573e-10 1.32438238e-07 2.17899976e-09 2.85846398e-08
 2.94481299e-09 2.23027586e-09]
J1022+1001 60.77944795669458
Timespan: 14.954078759076086 years
Average cadence: 29.990322786059185 days
Mvals
[3.92335982e-10 1.44491700e-08 1.10027478e-08 1.45368534e-09
 5.48929373e-10 9.05647850e-09 1.11209224e-08 4.59537093e-10]
J1024-0719 193.71568344854623
Timespan: 14.961219228341578 years
Average cadence: 30.00464295793778 days
Mvals
[5.06133645e-10 1.72117826e-08 2.02808976e-08 1.87515725e-09
 7.08151099e-10 1.15329614e-08 4.50900822e-08 1.06069594e-08
 8.57142084e-08 1.90295478e-08 8.53638424e-08 5.22410020e-10]
J1045-4509 133.79314954119278
Timespan: 14.962116483107367 years
Average cadence: 30.006442397440598 days
Mvals
[7.91860951e-10 3.19818432e-08 1.90160507e-07 2.93431022e-09
 1.10794115e-09 4.27001211e-08 4.88243567e-08 9.26441443e-10
 1.35767972e-07 1.13260297e-07 8.96969047e-08 1.09187279e-07
 8.37259445e-10 9.79032539e-07]
J1455-3330 125.20024324499536
Timespan: 14.965494977535087 years
Average cadence: 30.013217949452233 days
Mvals
[8.25704955e-11 4.11683341e-09 5.34200011e-08 3.05883015e-10
 1.15531769e-10 1.83714384e-08 3.20754203e-09 9.89841019e-11
 2.71330581e-09 3.39614927e-09 4.23801273e-09 3.44841995e-09
 6.26064712e-10 1.06532338e-08 2.70905504e-09 3.67635942e-08
 5.19916035e-09]
J1600-3053 277.93770698961544
Timespan: 14.95665290628149 years
Average cadence: 29.995485224135955 days
Mvals
[3.72801133e-10 1.88506147e-08 1.68056118e-08 1.38123025e-09
 5.21590291e-10 5.20277980e-08 8.95296724e-09 1.25064382e-08
 1.39884394e-08 3.50317292e-08 1.39985406e-08 5.55012431e-10
 5.01928373e-09 1.06529854e-08]
J1603-7202 67.37658112877924
Timespan: 14.95892718052607 years
Average cadence: 30.00004626863745 days
Mvals
[2.24580683e-10 1.31623074e-08 1.59167577e-08 1.70274204e-09
 3.04692926e-10 2.85785548e-08 2.92137564e-07 2.74914370e-10
 1.17129999e-09 4.01250452e-09 1.58511157e-08 1.04214825e-08
 2.88314388e-09 3.61222898e-09 6.15636782e-10]
J1614-2230 317.37893706872126
Timespan: 14.951574663087294 years
Average cadence: 29.985300835312433 days
Mvals
[2.64885502e-10 1.68363537e-08 8.88181687e-09 9.81561016e-10
 3.70635289e-10 9.98580114e-08 6.29073469e-09 2.72829434e-10
 6.26059081e-10 3.08205182e-07 2.35732413e-08 6.16060804e-08
 2.15212889e-08 2.76957838e-10 1.85591365e-08 1.75156254e-07
 9.95744823e-10]
J1640+2224 316.1239793318562
Timespan: 14.959757189825003 years
Average cadence: 30.001710847725967 days
Mvals
[1.82920260e-10 1.16755498e-08 5.70694110e-09 6.77894285e-10
 2.55918980e-10 1.93301676e-07 5.47031739e-09 2.20171383e-10
 3.65589668e-08 6.90048807e-08 1.61619852e-08 5.23450667e-08
 1.95831099e-10 1.52543454e-08]
J1643-1224 216.37333714263337
Timespan: 14.95860191225065 years
Average cadence: 29.99939394489828 days
Mvals
[1.42605080e-10 1.26509825e-08 4.43777811e-09 5.28389378e-10
 1.99535820e-10 2.08411671e-08 3.50478420e-09 1.54298372e-10
 1.45060603e-07 1.74304908e-08 2.05452052e-08 1.70988330e-08
 5.07549333e-10 3.69893442e-08 4.04057557e-10 6.91777103e-08
 3.50751488e-10]
J1713+0747 218.81184041715784
Timespan: 14.95601130433826 years
Average cadence: 29.994198494964092 days
Mvals
[3.05918219e-10 2.77727084e-08 2.03716333e-08 1.13331227e-09
 4.28031905e-10 3.30096021e-08 4.02702329e-08 3.74550665e-10]
J1730-2304 123.1102871473716
Timespan: 14.959452511327482 years
Average cadence: 30.001099816673246 days
Mvals
[9.18875649e-11 9.19537275e-09 2.76663855e-09 3.40379080e-10
 1.28567776e-10 6.38389781e-09 2.45699002e-09 1.09597104e-10]
J1744-1134 245.4261196898099
Timespan: 14.958782957192183 years
Average cadence: 29.99975702953377 days
Mvals
[2.08490967e-10 2.38564889e-07 6.44585035e-09 7.72599710e-10
 2.91717797e-10 8.14609307e-09 5.34232400e-09 2.23918588e-10
 2.07530731e-09 5.36611452e-09 6.72918610e-09 8.11948087e-09
 6.73012426e-09 2.13556202e-10 3.21963134e-08 6.15598394e-10]
J1857+0943 186.49407837798236
Timespan: 14.954082029214945 years
Average cadence: 29.990329344304698 days
Mvals
[3.16111243e-11 1.39081484e-08 1.09043037e-09 1.17088911e-10
 4.42312331e-11 1.19620568e-09 1.55565012e-09 3.71317433e-11
 1.60860938e-10 1.92649378e-09 1.30967861e-08 1.43542639e-09
 2.60706296e-09 2.22648966e-09 2.48627288e-09 5.05892053e-10
 8.75131655e-11]
J1909-3744 339.3156872184855
Timespan: 14.955715626613342 years
Average cadence: 29.993605514911373 days
Mvals
[4.78711000e-10 9.10727049e-08 1.48827352e-08 1.77407821e-09
 6.69839144e-10 1.84718492e-08 1.13231832e-08 5.61544135e-10
 4.84135091e-08 2.06292897e-07 1.78447138e-07 2.09326958e-07
 5.12607995e-10 7.28534768e-09 2.04127195e-08]
J1918-0642 130.78951412337267
Timespan: 14.959304686063108 years
Average cadence: 30.00080335391777 days
Mvals
[1.28231450e-11 1.90368949e-09 3.84468658e-10 4.75123412e-11
 1.79421894e-11 4.03101706e-10 3.83574776e-10 1.32728072e-11]
J1939+2134 641.9282245822369
Timespan: 14.958123947137024 years
Average cadence: 29.998435388489085 days
Mvals
[6.06597966e-10 1.00732412e-07 1.92444549e-08 2.24713700e-09
 8.48766807e-10 1.99138998e-08 1.51673273e-08 6.59015570e-10]
J1944+0907 192.85651792018598
Timespan: 14.958125564966723 years
Average cadence: 29.99843863303766 days
Mvals
[3.88786039e-10 3.78403201e-08 1.63969881e-08 1.44013090e-09
 5.43997633e-10 1.22891829e-08 9.71073630e-09 4.72738710e-10]
J2010-1323 191.45090909263828
Timespan: 14.958654372444466 years
Average cadence: 29.999499153528735 days
Mvals
[5.24780025e-10 2.69978884e-08 9.83106672e-08 1.94457729e-09
 7.34295919e-10 1.30587433e-08 3.74816766e-08 6.07805658e-10]
J2124-3358 202.7938937460303
Timespan: 14.957290564648092 years
Average cadence: 29.99676404448656 days
Mvals
[2.60699451e-10 1.20105728e-08 1.58710718e-08 9.65933914e-10
 3.64764930e-10 6.52938092e-09 1.08166592e-07 2.71198878e-09
 1.90817208e-07 8.21747091e-09 1.87414012e-07 3.31614329e-10
 4.83647088e-09]
J2129-5721 268.3592272938659
Timespan: 14.959160569811218 years
Average cadence: 30.000514329566457 days
Mvals
[4.15702603e-10 1.95277984e-08 1.50116962e-08 1.53996981e-09
 5.81648569e-10 1.03998581e-08 1.01394557e-08 5.06891229e-10
 1.32248115e-08 1.29042373e-08 1.25087601e-08 3.94451171e-08
 9.94311781e-09 6.39023739e-09 1.28106234e-08]
J2145-0750 62.29588783738885
Timespan: 14.957813700870593 years
Average cadence: 29.99781319130641 days
Mvals
[1.71196119e-09 6.66838605e-08 6.19505132e-08 6.34326087e-09
 2.39541904e-09 4.07534576e-08 8.02229757e-08 8.93020896e-08
 2.29465505e-06 3.21166568e-07 1.34506674e-06 2.37315780e-09]
J2229+2643 335.8162081968717
Timespan: 14.958736151822867 years
Average cadence: 29.99966316162278 days
Mvals
[2.16800481e-10 6.79538409e-09 6.77898426e-09 8.03284235e-10
 3.03342364e-10 5.22363945e-09 7.91557297e-09 2.51639755e-10
 3.63157611e-09 4.05935715e-09 3.85105891e-09 1.27791291e-09
 2.41187018e-09 1.64072365e-08]
J2317+1439 290.25460366486976
Total length of the data is  3019
Total number of pulsars is  33
Got the data
The number of pulsars is: 33
The frequencies are: [205.53069594 532.7134294  430.46105455 173.68794574 326.60056202
  34.65740662 182.11723465 287.457854    90.01184192 190.26783444
  60.77944796 193.71568345 133.79314954 125.20024324 277.93770699
  67.37658113 317.37893707 316.12397933 216.37333714 218.81184042
 123.11028715 245.42611969 186.49407838 339.31568722 130.78951412
 641.92822458 192.85651792 191.45090909 202.79389375 268.35922729
  62.29588784 335.8162082  290.25460366]
Initialized the model
Initialized the Kalman filter
Precomputing the observation matrices
This might take a few seconds, but only needs to be done once.
dt for the first 5 timesteps is: [ 5563.41197586 32399.22021103  8506.6115427   4760.21435547
   298.50439262]
log_likelihood: [[-2.82104724]], y: [[2.53170627e-06]], cov: [[44.89010565]]
dt_idx: 0, dt: 5563.411975860596
Max variance at index 0: 309513.80937420134
Pp max index: 0, value: 309513.80937420134
Pp max diag: 309513.80937420134
log_likelihood: [[-7.24039473]], y: [[-2.34266825e-06]], cov: [[309561.60089747]]
Pp eigs: [309513.81937409 309513.81937409 309513.81937409 309513.81937409
 309513.81937409]
dt_idx: 1, dt: 32399.220211029053
Max variance at index 0: 14411067.479121901
Pp max index: 0, value: 14411067.479121901
Pp max diag: 14411067.479121901
log_likelihood: [[-9.16070008]], y: [[1.14138913e-06]], cov: [[14411298.85797337]]
Pp eigs: [14411067.48912115 14411067.48912115 14411067.48912115 14411067.48912115
 14411067.48912116]
dt_idx: 2, dt: 8506.611542701721
Max variance at index 0: 21592902.91876944
Pp max index: 0, value: 21592902.91876944
Pp max diag: 21592902.91876944
log_likelihood: [[-9.36301247]], y: [[3.53368951e-06]], cov: [[21598790.53996485]]
Pp eigs: [21592902.92876852 21592902.92876853 21592902.92876853 21592902.92876853
 21592902.92876855]
dt_idx: 3, dt: 4760.21435546875
Max variance at index 0: 26243229.564313866
Pp max index: 0, value: 26243229.564313866
Pp max diag: 26243229.564313866
log_likelihood: [[-9.46043057]], y: [[-7.05108606e-06]], cov: [[26244947.88107052]]
Pp eigs: [26243229.57431286 26243229.57431286 26243229.57431286 26243229.57431286
 26243229.57431286]
dt_idx: 4, dt: 298.50439262390137
Max variance at index 0: 26549941.342825375
Pp max index: 0, value: 26549941.342825375
Pp max diag: 26549941.342825375
log_likelihood: [[-9.46621447]], y: [[3.88178079e-06]], cov: [[26550307.38718788]]
Pp eigs: [26549941.35282436 26549941.35282436 26549941.35282436 26549941.35282437
 26549941.35282438]
dt_idx: 5, dt: 2608.635058403015
Max variance at index 0: 29306125.65124098
Pp max index: 0, value: 29306125.65124098
Pp max diag: 29306125.65124098
log_likelihood: [[-9.51560942]], y: [[-1.6576224e-07]], cov: [[29307141.51494723]]
Pp eigs: [29306125.66123991 29306125.66123991 29306125.66123991 29306125.66123991
 29306125.66123993]
dt_idx: 6, dt: 31946.532212257385
Max variance at index 0: 74096674.31134035
Pp max index: 0, value: 74096674.31134035
Pp max diag: 74096674.31134035
log_likelihood: [[-9.9793945]], y: [[7.46916366e-06]], cov: [[74098951.5405141]]
Pp eigs: [74096674.32133865 74096674.32133867 74096674.32133867 74096674.32133867
 74096674.32133867]
dt_idx: 7, dt: 1653.4421920776367
Max variance at index 0: 76970307.97052322
Pp max index: 0, value: 76970307.97052322
Pp max diag: 76970307.97052322
log_likelihood: [[-9.99853269]], y: [[-4.6812443e-06]], cov: [[76990170.93977846]]
Pp eigs: [76970307.98052152 76970307.98052152 76970307.98052152 76970307.98052153
 76970307.98052153]
dt_idx: 8, dt: 4514.811526298523
Max variance at index 0: 85095327.90283856
Pp max index: 0, value: 85095327.90283856
Pp max diag: 85095327.90283856
log_likelihood: [[-10.04859081]], y: [[2.31818872e-06]], cov: [[85097188.88416299]]
Pp eigs: [85095327.91283675 85095327.91283676 85095327.91283679 85095327.9128368
 85095327.91283683]
dt_idx: 9, dt: 2931.8971738815308
Max variance at index 0: 90589947.05086459
Pp max index: 0, value: 90589947.05086459
Pp max diag: 90589947.05086459
log_likelihood: [[-10.07988005]], y: [[-2.64704644e-06]], cov: [[90592594.3639863]]
Pp eigs: [90589947.06086273 90589947.06086273 90589947.06086275 90589947.06086275
 90589947.06086275]
dt_idx: 10, dt: 1394.7783393859863
Max variance at index 0: 93264208.0576939
Pp max index: 0, value: 93264208.0576939
Pp max diag: 93264208.0576939
log_likelihood: [[-10.09444017]], y: [[-4.5687053e-06]], cov: [[93269458.53574018]]
Pp eigs: [93264208.067692   93264208.067692   93264208.067692   93264208.06769203
 93264208.06769204]
dt_idx: 11, dt: 20261.52481365204
Max variance at index 0: 136498935.52083722
Pp max index: 0, value: 136498935.52083722
Pp max diag: 136498935.52083722
log_likelihood: [[-10.28486581]], y: [[4.77983801e-07]], cov: [[1.36502647e+08]]
Pp eigs: [1.36498936e+08 1.36498936e+08 1.36498936e+08 1.36498936e+08
 1.36498936e+08]
dt_idx: 12, dt: 1128.2659606933594
Max variance at index 0: 139147721.38404956
Pp max index: 0, value: 139147721.38404956
Pp max diag: 139147721.38404956
log_likelihood: [[-10.29487769]], y: [[1.88771091e-05]], cov: [[1.3926349e+08]]
Pp eigs: [1.39147721e+08 1.39147721e+08 1.39147721e+08 1.39147721e+08
 1.39147721e+08]
dt_idx: 13, dt: 1449.171838760376
Max variance at index 0: 142587223.69901153
Pp max index: 0, value: 142587223.69901153
Pp max diag: 142587223.69901153
log_likelihood: [[-10.30667588]], y: [[-2.91749044e-06]], cov: [[1.42588683e+08]]
Pp eigs: [1.42587224e+08 1.42587224e+08 1.42587224e+08 1.42587224e+08
 1.42587224e+08]
dt_idx: 14, dt: 685.9380397796631
Max variance at index 0: 144229887.26522967
Pp max index: 0, value: 144229887.26522967
Pp max diag: 144229887.26522967
log_likelihood: [[-10.31240863]], y: [[-1.85760968e-06]], cov: [[1.44232941e+08]]
Pp eigs: [1.44229887e+08 1.44229887e+08 1.44229887e+08 1.44229887e+08
 1.44229887e+08]
dt_idx: 15, dt: 12142.783394813538
Max variance at index 0: 174866240.6484016
Pp max index: 0, value: 174866240.6484016
Pp max diag: 174866240.6484016
log_likelihood: [[-10.40871676]], y: [[7.5494865e-06]], cov: [[1.74870533e+08]]
Pp eigs: [1.74866241e+08 1.74866241e+08 1.74866241e+08 1.74866241e+08
 1.74866241e+08]
dt_idx: 16, dt: 7423.746766090393
Max variance at index 0: 195048421.8445692
Pp max index: 0, value: 195048421.8445692
Pp max diag: 195048421.8445692
log_likelihood: [[-10.46332378]], y: [[-1.77619307e-06]], cov: [[1.95050779e+08]]
Pp eigs: [1.95048422e+08 1.95048422e+08 1.95048422e+08 1.95048422e+08
 1.95048422e+08]
dt_idx: 17, dt: 15970.07612991333
Max variance at index 0: 242199049.0324481
Pp max index: 0, value: 242199049.0324481
Pp max diag: 242199049.0324481
log_likelihood: [[-10.57157828]], y: [[-4.82064464e-05]], cov: [[2.42201239e+08]]
Pp eigs: [2.42199049e+08 2.42199049e+08 2.42199049e+08 2.42199049e+08
 2.42199049e+08]
dt_idx: 18, dt: 1740.7217817306519
Max variance at index 0: 247646574.81475776
Pp max index: 0, value: 247646574.81475776
Pp max diag: 247646574.81475776
log_likelihood: [[-10.58269955]], y: [[8.08006289e-07]], cov: [[2.47648768e+08]]
Pp eigs: [2.47646575e+08 2.47646575e+08 2.47646575e+08 2.47646575e+08
 2.47646575e+08]
dt_idx: 19, dt: 899.0223426818848
Max variance at index 0: 250483753.38838875
Pp max index: 0, value: 250483753.38838875
Pp max diag: 250483753.38838875
log_likelihood: [[-10.58839214]], y: [[7.49907856e-07]], cov: [[2.50484405e+08]]
Pp eigs: [2.50483753e+08 2.50483753e+08 2.50483753e+08 2.50483753e+08
 2.50483753e+08]
dt_idx: 20, dt: 1074.4504127502441
Max variance at index 0: 253895750.3410545
Pp max index: 0, value: 253895750.3410545
Pp max diag: 253895750.3410545
log_likelihood: [[-10.59516957]], y: [[7.11836848e-06]], cov: [[2.53902799e+08]]
Pp eigs: [2.5389575e+08 2.5389575e+08 2.5389575e+08 2.5389575e+08 2.5389575e+08]
dt_idx: 21, dt: 4778.388277053833
Max variance at index 0: 269349413.26617813
Pp max index: 0, value: 269349413.26617813
Pp max diag: 269349413.26617813
log_likelihood: [[-10.6248086]], y: [[-1.65027488e-06]], cov: [[2.69408704e+08]]
Pp eigs: [2.69349413e+08 2.69349413e+08 2.69349413e+08 2.69349413e+08
 2.69349413e+08]
dt_idx: 22, dt: 1601.344838142395
Max variance at index 0: 274630393.0787131
Pp max index: 0, value: 274630393.0787131
Pp max diag: 274630393.0787131
log_likelihood: [[-10.63441527]], y: [[9.48795142e-07]], cov: [[2.74634991e+08]]
Pp eigs: [2.74630393e+08 2.74630393e+08 2.74630393e+08 2.74630393e+08
 2.74630393e+08]
dt_idx: 23, dt: 15526.959657669067
Max variance at index 0: 328493974.88714415
Pp max index: 0, value: 328493974.88714415
Pp max diag: 328493974.88714415
log_likelihood: [[-10.72396675]], y: [[2.15164149e-06]], cov: [[3.28502967e+08]]
Pp eigs: [3.28493975e+08 3.28493975e+08 3.28493975e+08 3.28493975e+08
 3.28493975e+08]
dt_idx: 24, dt: 17675.110763549805
Max variance at index 0: 395674869.85920644
Pp max index: 0, value: 395674869.85920644
Pp max diag: 395674869.85920644
log_likelihood: [[-10.81699528]], y: [[-7.2674772e-06]], cov: [[3.95678867e+08]]
Pp eigs: [3.9567487e+08 3.9567487e+08 3.9567487e+08 3.9567487e+08 3.9567487e+08]
dt_idx: 25, dt: 17881.837799072266
Max variance at index 0: 469995949.4118708
Pp max index: 0, value: 469995949.4118708
Pp max diag: 469995949.4118708
log_likelihood: [[-10.90311749]], y: [[-1.01558605e-05]], cov: [[4.7005389e+08]]
Pp eigs: [4.69995949e+08 4.69995949e+08 4.69995949e+08 4.69995949e+08
 4.69995949e+08]
dt_idx: 26, dt: 1414.9085750579834
Max variance at index 0: 476149497.0099065
Pp max index: 0, value: 476149497.0099065
Pp max diag: 476149497.0099065
log_likelihood: [[-10.90956673]], y: [[-6.20467856e-06]], cov: [[4.76156141e+08]]
Pp eigs: [4.76149497e+08 4.76149497e+08 4.76149497e+08 4.76149497e+08
 4.76149497e+08]
dt_idx: 27, dt: 2611.2730674743652
Max variance at index 0: 487611192.6265088
Pp max index: 0, value: 487611192.6265088
Pp max diag: 487611192.6265088
log_likelihood: [[-10.92148596]], y: [[6.89165195e-06]], cov: [[4.87643346e+08]]
Pp eigs: [4.87611193e+08 4.87611193e+08 4.87611193e+08 4.87611193e+08
 4.87611193e+08]
dt_idx: 28, dt: 15305.948272705078
Max variance at index 0: 557534344.4235579
Pp max index: 0, value: 557534344.4235579
Pp max diag: 557534344.4235579
log_likelihood: [[-10.9884586]], y: [[1.38842867e-05]], cov: [[5.57537392e+08]]
Pp eigs: [5.57534344e+08 5.57534344e+08 5.57534344e+08 5.57534344e+08
 5.57534344e+08]
dt_idx: 29, dt: 6544.2516622543335
Max variance at index 0: 588859803.7079798
Pp max index: 0, value: 588859803.7079798
Pp max diag: 588859803.7079798
log_likelihood: [[-11.01579973]], y: [[-4.41271714e-07]], cov: [[5.88873758e+08]]
Pp eigs: [5.87576347e+08 5.88859804e+08 5.88859804e+08 5.88859804e+08
 5.88859804e+08]
dt_idx: 30, dt: 2773.7051372528076
Max variance at index 2: 602395001.6731577
Pp max index: 2, value: 602395001.6731577
Pp max diag: 602395001.6731577
log_likelihood: [[-11.0271797]], y: [[5.44316093e-06]], cov: [[6.02430185e+08]]
Pp eigs: [6.01066313e+08 6.01067058e+08 6.02395002e+08 6.02395002e+08
 6.02395002e+08]
dt_idx: 31, dt: 21131.462301254272
Max variance at index 2: 710560557.1077554
Pp max index: 2, value: 710560557.1077554
Pp max diag: 710560557.1077554
log_likelihood: [[-11.10973422]], y: [[2.44955907e-06]], cov: [[7.10579492e+08]]
Pp eigs: [7.08858542e+08 7.08858565e+08 7.08859519e+08 7.10560557e+08
 7.10560557e+08]
dt_idx: 32, dt: 2296318.626564026
Max variance at index 2: 65517370714.033295
Pp max index: 2, value: 65517370714.033295
Pp max diag: 65517370714.033295
log_likelihood: [[-8.95239282]], y: [[0.00106927]], cov: [[9501009.20258595]]
Pp eigs: [6.40272235e+10 6.40272794e+10 6.40272989e+10 6.40281343e+10
 6.55173707e+10]
dt_idx: 33, dt: 25986.13256263733
Max variance at index 2: 66850967356.43206
Pp max index: 2, value: 66850967356.43206
Pp max diag: 66850967356.43206
log_likelihood: [[-5.89557633]], y: [[3.9543615e-05]], cov: [[21020.96577194]]
Pp eigs: [6.53152866e+10 6.53153442e+10 6.53153643e+10 6.53162252e+10
 6.68509674e+10]
dt_idx: 34, dt: 23380.63917350769
Max variance at index 2: 68062304170.86087
Pp max index: 2, value: 68062304170.86087
Pp max diag: 68062304170.86087
log_likelihood: [[-6.69785988]], y: [[7.94095456e-06]], cov: [[104594.12788526]]
Pp eigs: [6.64848752e+10 6.64849344e+10 6.64849550e+10 6.64858393e+10
 6.80623042e+10]
dt_idx: 35, dt: 15320.087171554565
Max variance at index 2: 68861911356.82045
Pp max index: 2, value: 68861911356.82045
Pp max diag: 68861911356.82045
log_likelihood: [[-5.91399959]], y: [[5.8235681e-05]], cov: [[21809.96195936]]
Pp eigs: [6.72567231e+10 6.72567833e+10 6.72568043e+10 6.72577041e+10
 6.88619114e+10]
dt_idx: 36, dt: 22966.191897392273
Max variance at index 2: 70069318352.37645
Pp max index: 2, value: 70069318352.37645
Pp max diag: 70069318352.37645
log_likelihood: [[-5.64253169]], y: [[-0.00012215]], cov: [[12672.45872993]]
Pp eigs: [6.84219127e+10 6.84219745e+10 6.84219961e+10 6.84229196e+10
 7.00693184e+10]
dt_idx: 37, dt: 3162.8281774520874
Max variance at index 2: 70236418341.43823
Pp max index: 2, value: 70236418341.43823
Pp max diag: 70236418341.43823
log_likelihood: [[-5.34977952]], y: [[-8.2795918e-05]], cov: [[7056.34130849]]
Pp eigs: [6.85831417e+10 6.85832037e+10 6.85832253e+10 6.85841521e+10
 7.02364183e+10]
dt_idx: 38, dt: 6808.350652694702
Max variance at index 2: 70596793728.54071
Pp max index: 2, value: 70596793728.54071
Pp max diag: 70596793728.54071
log_likelihood: [[-5.60386902]], y: [[-1.56124379e-05]], cov: [[11729.48429066]]
Pp eigs: [6.89308319e+10 6.89308944e+10 6.89309162e+10 6.89318501e+10
 7.05967937e+10]
dt_idx: 39, dt: 452.69598865509033
Max variance at index 2: 70620788160.50734
Pp max index: 2, value: 70620788160.50734
Pp max diag: 70620788160.50734
log_likelihood: [[-5.66338661]], y: [[0.00079781]], cov: [[13212.20300546]]
Pp eigs: [6.89539806e+10 6.89540431e+10 6.89540650e+10 6.89549994e+10
 7.06207882e+10]
dt_idx: 40, dt: 11026.905187606812
Max variance at index 2: 71206507515.9976
Pp max index: 2, value: 71206507515.9976
Pp max diag: 71206507515.9976
log_likelihood: [[-6.8805317]], y: [[-0.00019696]], cov: [[150721.09184647]]
Pp eigs: [6.95190114e+10 6.95190747e+10 6.95190968e+10 6.95200428e+10
 7.12065075e+10]
dt_idx: 41, dt: 1957.994125366211
Max variance at index 2: 71310763078.12642
Pp max index: 2, value: 71310763078.12642
Pp max diag: 71310763078.12642
log_likelihood: [[-5.5256172]], y: [[-2.85540318e-05]], cov: [[10030.21507593]]
Pp eigs: [6.96194121e+10 6.96195757e+10 6.96196391e+10 6.96206094e+10
 7.13107631e+10]
dt_idx: 42, dt: 13886.705073356628
Max variance at index 2: 72052358728.90027
Pp max index: 2, value: 72052358728.90027
Pp max diag: 72052358728.90027
log_likelihood: [[-5.41292273]], y: [[0.00010873]], cov: [[8006.17494502]]
Pp eigs: [7.03346718e+10 7.03348380e+10 7.03349025e+10 7.03358878e+10
 7.20523587e+10]
dt_idx: 43, dt: 7618.1069622039795
Max variance at index 2: 72460815757.18655
Pp max index: 2, value: 72460815757.18655
Pp max diag: 72460815757.18655
log_likelihood: [[-5.78449795]], y: [[3.63530892e-05]], cov: [[16833.37549401]]
Pp eigs: [7.07284636e+10 7.07287341e+10 7.07287991e+10 7.07297927e+10
 7.24608158e+10]
dt_idx: 44, dt: 2892.1419610977173
Max variance at index 2: 72616184111.38321
Pp max index: 2, value: 72616184111.38321
Pp max diag: 72616184111.38321
log_likelihood: [[-6.19894278]], y: [[-6.27641793e-05]], cov: [[38561.455116]]
Pp eigs: [7.08782818e+10 7.08785532e+10 7.08786183e+10 7.08796152e+10
 7.26161841e+10]
dt_idx: 45, dt: 778.8742904663086
Max variance at index 2: 72658054270.24745
Pp max index: 2, value: 72658054270.24745
Pp max diag: 72658054270.24745
log_likelihood: [[-5.25088797]], y: [[1.19120646e-05]], cov: [[5790.06547632]]
Pp eigs: [7.09186552e+10 7.09189269e+10 7.09189921e+10 7.09199898e+10
 7.26580543e+10]
dt_idx: 46, dt: 6284.635479927063
Max variance at index 2: 72996339473.60439
Pp max index: 2, value: 72996339473.60439
Pp max diag: 72996339473.60439
log_likelihood: [[-6.78921005]], y: [[0.00036524]], cov: [[125560.50403645]]
Pp eigs: [7.12448324e+10 7.12451059e+10 7.12451716e+10 7.12461763e+10
 7.29963395e+10]
dt_idx: 47, dt: 8252.817761421204
Max variance at index 2: 73441756731.80771
Pp max index: 2, value: 73441756731.80771
Pp max diag: 73441756731.80771
log_likelihood: [[-5.44104564]], y: [[9.64809193e-05]], cov: [[8469.3938192]]
Pp eigs: [7.16742555e+10 7.16745411e+10 7.16746074e+10 7.16756212e+10
 7.34417567e+10]
dt_idx: 48, dt: 18485.714696884155
Max variance at index 2: 74444361810.3658
Pp max index: 2, value: 74444361810.3658
Pp max diag: 74444361810.3658
log_likelihood: [[-5.67082122]], y: [[-1.2674639e-05]], cov: [[13410.12609452]]
Pp eigs: [7.26407059e+10 7.26409974e+10 7.26410650e+10 7.26420996e+10
 7.44443618e+10]
dt_idx: 49, dt: 1182.3339357376099
Max variance at index 2: 74508718405.9793
Pp max index: 2, value: 74508718405.9793
Pp max diag: 74508718405.9793
log_likelihood: [[-6.18181367]], y: [[7.40105974e-05]], cov: [[37262.78097051]]
Pp eigs: [7.27027335e+10 7.27030254e+10 7.27030931e+10 7.27041290e+10
 7.45087184e+10]
dt_idx: 50, dt: 1152.5141906738281
Max variance at index 2: 74571478547.90355
Pp max index: 2, value: 74571478547.90355
Pp max diag: 74571478547.90355
log_likelihood: [[-5.97908901]], y: [[9.74773799e-06]], cov: [[24842.24596189]]
Pp eigs: [7.27632215e+10 7.27635137e+10 7.27635816e+10 7.27646188e+10
 7.45714785e+10]
dt_idx: 51, dt: 3549.6656379699707
Max variance at index 2: 74764941080.13063
Pp max index: 2, value: 74764941080.13063
Pp max diag: 74764941080.13063
log_likelihood: [[-6.79327564]], y: [[-0.00019695]], cov: [[126585.62152657]]
Pp eigs: [7.29496741e+10 7.29499675e+10 7.29500355e+10 7.29510768e+10
 7.47649411e+10]
dt_idx: 52, dt: 355.47581672668457
Max variance at index 2: 74784328856.6744
Pp max index: 2, value: 74784328856.6744
Pp max diag: 74784328856.6744
log_likelihood: [[-7.09862689]], y: [[-7.95747642e-05]], cov: [[233135.87505627]]
Pp eigs: [7.29683589e+10 7.29686524e+10 7.29687205e+10 7.29697621e+10
 7.47843289e+10]
dt_idx: 53, dt: 693.5688486099243
Max variance at index 2: 74822163562.80731
Pp max index: 2, value: 74822163562.80731
Pp max diag: 74822163562.80731
log_likelihood: [[-5.36194538]], y: [[8.1336447e-05]], cov: [[7230.14009048]]
Pp eigs: [7.30048215e+10 7.30051152e+10 7.30051833e+10 7.30062257e+10
 7.48221636e+10]
dt_idx: 54, dt: 30.387868881225586
Max variance at index 2: 74823821462.27081
Pp max index: 2, value: 74823821462.27081
Pp max diag: 74823821462.27081
log_likelihood: [[-5.28195074]], y: [[-5.93988852e-05]], cov: [[6161.18503174]]
Pp eigs: [7.30064193e+10 7.30067130e+10 7.30067811e+10 7.30078236e+10
 7.48238215e+10]
dt_idx: 55, dt: 2949.746639251709
Max variance at index 2: 74984840742.22578
Pp max index: 2, value: 74984840742.22578
Pp max diag: 74984840742.22578
log_likelihood: [[-6.17447363]], y: [[0.00014319]], cov: [[36719.75591448]]
Pp eigs: [7.31615905e+10 7.31618897e+10 7.31619581e+10 7.31630039e+10
 7.49848407e+10]
dt_idx: 56, dt: 28593.57012462616
Max variance at index 2: 76554637280.58043
Pp max index: 2, value: 76554637280.58043
Pp max diag: 76554637280.58043
log_likelihood: [[-5.692772]], y: [[-1.32108132e-05]], cov: [[14011.96563503]]
Pp eigs: [7.46740483e+10 7.46744052e+10 7.46744757e+10 7.46755544e+10
 7.65546373e+10]
dt_idx: 57, dt: 3371.18994808197
Max variance at index 2: 76740785425.00098
Pp max index: 2, value: 76740785425.00098
Pp max diag: 76740785425.00098
log_likelihood: [[-6.13239698]], y: [[-0.00044395]], cov: [[33756.11620443]]
Pp eigs: [7.48533641e+10 7.48537223e+10 7.48537931e+10 7.48548757e+10
 7.67407854e+10]
dt_idx: 58, dt: 5884.542679786682
Max variance at index 2: 77066254361.96281
Pp max index: 2, value: 77066254361.96281
Pp max diag: 77066254361.96281
log_likelihood: [[-5.87292218]], y: [[-0.00014646]], cov: [[20089.79566209]]
Pp eigs: [7.51668608e+10 7.51668676e+10 7.51672281e+10 7.51672993e+10
 7.70662544e+10]
dt_idx: 59, dt: 4159.90581035614
Max variance at index 2: 77296749500.73651
Pp max index: 2, value: 77296749500.73651
Pp max diag: 77296749500.73651
log_likelihood: [[-6.30845827]], y: [[0.00014197]], cov: [[48003.99260446]]
Pp eigs: [7.53888671e+10 7.53888738e+10 7.53892359e+10 7.53893075e+10
 7.72967495e+10]
dt_idx: 60, dt: 42324.1041097641
Max variance at index 2: 79661384178.93553
Pp max index: 2, value: 79661384178.93553
Pp max diag: 79661384178.93553
log_likelihood: [[-13.46946565]], y: [[-6.12904774e-06]], cov: [[7.96616579e+10]]
Pp eigs: [7.76656574e+10 7.76656997e+10 7.76657067e+10 7.76660855e+10
 7.96613842e+10]
dt_idx: 61, dt: 9452.50121307373
Max variance at index 68: 78178370592.48755
Pp max index: 68, value: 78178370592.48755
Pp max diag: 78178370592.48755
log_likelihood: [[-5.21521172]], y: [[-1.84989905e-05]], cov: [[5391.32449352]]
Pp eigs: [7.81786461e+10 7.81786500e+10 7.81786928e+10 7.81786999e+10
 7.81790825e+10]
dt_idx: 62, dt: 37974.17283821106
Max variance at index 68: 80255765700.73462
Pp max index: 68, value: 80255765700.73462
Pp max diag: 80255765700.73462
log_likelihood: [[-6.33202306]], y: [[-0.00025286]], cov: [[50320.56142744]]
Pp eigs: [8.02553847e+10 8.02560486e+10 8.02560527e+10 8.02561046e+10
 8.02565026e+10]
dt_idx: 63, dt: 32243.662026405334
Max variance at index 68: 82040424579.82315
Pp max index: 68, value: 82040424579.82315
Pp max diag: 82040424579.82315
log_likelihood: [[-5.33780189]], y: [[-0.00016812]], cov: [[6889.31343899]]
Pp eigs: [8.19913019e+10 8.20400353e+10 8.20407139e+10 8.20407181e+10
 8.20411832e+10]
dt_idx: 64, dt: 2350.099799156189
Max variance at index 68: 82171245264.26938
Pp max index: 68, value: 82171245264.26938
Pp max diag: 82171245264.26938
log_likelihood: [[-5.78588997]], y: [[2.12004979e-05]], cov: [[16880.30568623]]
Pp eigs: [8.20872132e+10 8.21220442e+10 8.21708554e+10 8.21715350e+10
 8.21720055e+10]
dt_idx: 65, dt: 2196852.681731224
Max variance at index 68: 247721153036.0406
Pp max index: 68, value: 247721153036.0406
Pp max diag: 247721153036.0406
log_likelihood: [[-4.97975538]], y: [[3.16902086e-07]], cov: [[3366.51612378]]
Pp eigs: [2.47282427e+11 2.47467882e+11 2.47572891e+11 2.47720024e+11
 2.47722044e+11]
dt_idx: 66, dt: 38928.343116760254
Max variance at index 68: 251416291483.79984
Pp max index: 68, value: 251416291483.79984
Pp max diag: 251416291483.79984
log_likelihood: [[-4.50209406]], y: [[2.89800267e-07]], cov: [[1295.05837144]]
Pp eigs: [2.50971021e+11 2.51159243e+11 2.51265819e+11 2.51415146e+11
 2.51417196e+11]
dt_idx: 67, dt: 11197.086698532104
Max variance at index 68: 252483934147.8402
Pp max index: 68, value: 252483934147.8402
Pp max diag: 252483934147.8402
log_likelihood: [[-4.67082952]], y: [[1.19349426e-05]], cov: [[1814.89333414]]
Pp eigs: [2.52036773e+11 2.52225795e+11 2.52332823e+11 2.52482784e+11
 2.52484843e+11]
dt_idx: 68, dt: 8332.505865097046
Max variance at index 68: 253279829167.63663
Pp max index: 68, value: 253279829167.63663
Pp max diag: 253279829167.63663
log_likelihood: [[-4.02341953]], y: [[6.24516127e-05]], cov: [[497.18490541]]
Pp eigs: [2.52831258e+11 2.53020876e+11 2.53128242e+11 2.53278676e+11
 2.53280741e+11]
dt_idx: 69, dt: 1285.4229936599731
Max variance at index 68: 253402714369.01245
Pp max index: 68, value: 253402714369.01245
Pp max diag: 253402714369.01245
log_likelihood: [[-4.40626566]], y: [[6.84985425e-07]], cov: [[1069.18746831]]
Pp eigs: [2.52953926e+11 2.53143636e+11 2.53251053e+11 2.53401561e+11
 2.53403626e+11]
dt_idx: 70, dt: 775.4501657485962
Max variance at index 68: 253476860307.373
Pp max index: 68, value: 253476860307.373
Pp max diag: 253476860307.373
log_likelihood: [[-4.04013922]], y: [[-1.3315669e-07]], cov: [[514.09155313]]
Pp eigs: [2.53027941e+11 2.53217706e+11 2.53325155e+11 2.53475706e+11
 2.53477772e+11]
dt_idx: 71, dt: 9424.515712738037
Max variance at index 68: 254378821721.78168
Pp max index: 68, value: 254378821721.78168
Pp max diag: 254378821721.78168
log_likelihood: [[-4.07318836]], y: [[4.01794596e-06]], cov: [[549.22031219]]
Pp eigs: [2.53928305e+11 2.54118745e+11 2.54226577e+11 2.54377664e+11
 2.54379737e+11]
dt_idx: 72, dt: 24081.560154914856
Max variance at index 68: 256690405019.03833
Pp max index: 68, value: 256690405019.03833
Pp max diag: 256690405019.03833
log_likelihood: [[-4.77970734]], y: [[9.03212708e-06]], cov: [[2256.42644296]]
Pp eigs: [2.56235794e+11 2.56427966e+11 2.56536777e+11 2.56689237e+11
 2.56691329e+11]
dt_idx: 73, dt: 295.46348571777344
Max variance at index 68: 256718827952.0811
Pp max index: 68, value: 256718827952.0811
Pp max diag: 256718827952.0811
log_likelihood: [[-4.7016083]], y: [[-3.14830008e-05]], cov: [[1930.12402187]]
Pp eigs: [2.56264167e+11 2.56456360e+11 2.56565183e+11 2.56717660e+11
 2.56719752e+11]
dt_idx: 74, dt: 13192.204591751099
Max variance at index 68: 257989406607.48343
Pp max index: 68, value: 257989406607.48343
Pp max diag: 257989406607.48343
log_likelihood: [[-4.24645291]], y: [[-1.91068026e-07]], cov: [[776.68025664]]
Pp eigs: [2.57532495e+11 2.57725640e+11 2.57835002e+11 2.57988233e+11
 2.57990335e+11]
dt_idx: 75, dt: 4853.535985946655
Max variance at index 68: 258457611405.94104
Pp max index: 68, value: 258457611405.94104
Pp max diag: 258457611405.94104
log_likelihood: [[-4.15654889]], y: [[-6.92564836e-06]], cov: [[648.86242463]]
Pp eigs: [2.57999871e+11 2.58193366e+11 2.58302927e+11 2.58456436e+11
 2.58458542e+11]
dt_idx: 76, dt: 5666.186856269836
Max variance at index 68: 259004718217.61487
Pp max index: 68, value: 259004718217.61487
Pp max diag: 259004718217.61487
log_likelihood: [[-4.35350397]], y: [[-2.65361635e-07]], cov: [[962.11199652]]
Pp eigs: [2.58546009e+11 2.58739914e+11 2.58849706e+11 2.59003540e+11
 2.59005651e+11]
dt_idx: 77, dt: 2418.6120958328247
Max variance at index 68: 259238417486.27716
Pp max index: 68, value: 259238417486.27716
Pp max diag: 259238417486.27716
log_likelihood: [[-4.09970884]], y: [[2.12461064e-05]], cov: [[579.13789162]]
Pp eigs: [2.58779294e+11 2.58973374e+11 2.59083266e+11 2.59237238e+11
 2.59239351e+11]
dt_idx: 78, dt: 10136.422439575195
Max variance at index 68: 260218937720.11813
Pp max index: 68, value: 260218937720.11813
Pp max diag: 260218937720.11813
log_likelihood: [[-4.00741814]], y: [[-1.05384507e-06]], cov: [[481.52550955]]
Pp eigs: [2.58805736e+11 2.59758078e+11 2.59952892e+11 2.60063199e+11
 2.60219875e+11]
dt_idx: 79, dt: 32028.20479106903
Max variance at index 68: 263328607618.19174
Pp max index: 68, value: 263328607618.19174
Pp max diag: 263328607618.19174
log_likelihood: [[-5.24037889]], y: [[1.24882361e-06]], cov: [[5669.638973]]
Pp eigs: [2.61898519e+11 2.62862241e+11 2.63059384e+11 2.63171009e+11
 2.63329556e+11]
dt_idx: 80, dt: 12694.02225780487
Max variance at index 68: 264565924586.1874
Pp max index: 68, value: 264565924586.1874
Pp max diag: 264565924586.1874
log_likelihood: [[-4.35988696]], y: [[-9.30385246e-06]], cov: [[974.47303922]]
Pp eigs: [2.63129117e+11 2.64097366e+11 2.64295436e+11 2.64407586e+11
 2.64566878e+11]
dt_idx: 81, dt: 26507.833044052124
Max variance at index 68: 267158548757.29105
Pp max index: 68, value: 267158548757.29105
Pp max diag: 267158548757.29105
log_likelihood: [[-4.16053676]], y: [[-3.78123936e-06]], cov: [[654.0582776]]
Pp eigs: [2.65386082e+11 2.66685399e+11 2.66885410e+11 2.66998659e+11
 2.67159511e+11]
dt_idx: 82, dt: 1395.8108053207397
Max variance at index 68: 267295398633.37927
Pp max index: 68, value: 267295398633.37927
Pp max diag: 267295398633.37927
log_likelihood: [[-4.17579133]], y: [[-2.77768045e-06]], cov: [[674.32055168]]
Pp eigs: [2.65259525e+11 2.66822007e+11 2.67022120e+11 2.67135427e+11
 2.67296362e+11]
dt_idx: 83, dt: 1719.1951503753662
Max variance at index 68: 267463999705.68076
Pp max index: 68, value: 267463999705.68076
Pp max diag: 267463999705.68076
log_likelihood: [[-4.84537984]], y: [[1.4046966e-05]], cov: [[2573.14101319]]
Pp eigs: [2.65309768e+11 2.65426842e+11 2.66990309e+11 2.67190549e+11
 2.67464963e+11]
dt_idx: 84, dt: 3501.7589292526245
Max variance at index 68: 267807571831.36258
Pp max index: 68, value: 267807571831.36258
Pp max diag: 267807571831.36258
log_likelihood: [[-3.80455152]], y: [[6.78398841e-07]], cov: [[320.93094597]]
Pp eigs: [2.65650573e+11 2.65767798e+11 2.67333273e+11 2.67533770e+11
 2.67808537e+11]
dt_idx: 85, dt: 12007.204636573792
Max variance at index 80: 268708895999.9144
Pp max index: 80, value: 268708895999.9144
Pp max diag: 268708895999.9144
log_likelihood: [[-4.454001]], y: [[8.64821526e-06]], cov: [[1176.29497775]]
Pp eigs: [2.66477210e+11 2.66820732e+11 2.66938473e+11 2.68510843e+11
 2.68712224e+11]
dt_idx: 86, dt: 5976.10101890564
Max variance at index 80: 269296328789.60654
Pp max index: 80, value: 269296328789.60654
Pp max diag: 269296328789.60654
log_likelihood: [[-3.77827556]], y: [[-3.26330423e-07]], cov: [[304.50090289]]
Pp eigs: [2.66611629e+11 2.67059764e+11 2.67404038e+11 2.69097843e+11
 2.69299664e+11]
dt_idx: 87, dt: 7863.119212150574
Max variance at index 80: 270070173386.7201
Pp max index: 80, value: 270070173386.7201
Pp max diag: 270070173386.7201
log_likelihood: [[-4.49015527]], y: [[-5.01452399e-06]], cov: [[1264.50177507]]
Pp eigs: [2.66836662e+11 2.67377760e+11 2.67827182e+11 2.68172445e+11
 2.70073519e+11]
dt_idx: 88, dt: 18868.12923336029
Max variance at index 80: 271931349332.00888
Pp max index: 80, value: 271931349332.00888
Pp max diag: 271931349332.00888
log_likelihood: [[-3.88266711]], y: [[1.78175451e-06]], cov: [[375.1992243]]
Pp eigs: [2.68675555e+11 2.69220382e+11 2.69672900e+11 2.70020544e+11
 2.71934718e+11]
dt_idx: 89, dt: 5642.915622711182
Max variance at index 80: 272489146728.30493
Pp max index: 80, value: 272489146728.30493
Pp max diag: 272489146728.30493
log_likelihood: [[-4.47753937]], y: [[-2.12147656e-05]], cov: [[1232.99527602]]
Pp eigs: [2.67990420e+11 2.69226675e+11 2.69772619e+11 2.70574422e+11
 2.72492523e+11]
dt_idx: 90, dt: 11028.328428268433
Max variance at index 80: 273580846398.74435
Pp max index: 80, value: 273580846398.74435
Pp max diag: 273580846398.74435
log_likelihood: [[-4.43430708]], y: [[-6.69481203e-07]], cov: [[1130.86386398]]
Pp eigs: [2.68701427e+11 2.69064103e+11 2.70305304e+11 2.71658451e+11
 2.73584236e+11]
dt_idx: 91, dt: 28619.749082565308
Max variance at index 80: 276423545589.1501
Pp max index: 80, value: 276423545589.1501
Pp max diag: 276423545589.1501
log_likelihood: [[-4.45125075]], y: [[-1.60247259e-05]], cov: [[1169.84252725]]
Pp eigs: [2.66852183e+11 2.71493428e+11 2.71859889e+11 2.73113970e+11
 2.76426971e+11]
dt_idx: 92, dt: 4582.195646286011
Max variance at index 80: 276879967686.3602
Pp max index: 80, value: 276879967686.3602
Pp max diag: 276879967686.3602
log_likelihood: [[-4.53825902]], y: [[1.47908053e-05]], cov: [[1392.20065057]]
Pp eigs: [2.60548515e+11 2.71941710e+11 2.72308779e+11 2.73564928e+11
 2.76883399e+11]
dt_idx: 93, dt: 10041.510699272156
Max variance at index 80: 277881423044.60126
Pp max index: 80, value: 277881423044.60126
Pp max diag: 277881423044.60126
log_likelihood: [[-4.20033192]], y: [[-2.07120448e-05]], cov: [[708.24266025]]
Pp eigs: [2.04387584e+11 2.61490906e+11 2.73293707e+11 2.74554393e+11
 2.77884867e+11]
dt_idx: 94, dt: 5003.867318153381
Max variance at index 122: 275041243603.4299
Pp max index: 122, value: 275041243603.4299
Pp max diag: 275041243603.4299
log_likelihood: [[-4.44810297]], y: [[-1.05902566e-05]], cov: [[1162.5008529]]
Pp eigs: [1.96251305e+11 2.04755117e+11 2.61961117e+11 2.73785142e+11
 2.75048092e+11]
dt_idx: 95, dt: 17909.21649169922
Max variance at index 86: 275471000391.27167
Pp max index: 86, value: 275471000391.27167
Pp max diag: 275471000391.27167
log_likelihood: [[-5.51983201]], y: [[-6.71550977e-06]], cov: [[9914.83067129]]
Pp eigs: [1.77541974e+11 1.97514524e+11 2.06073101e+11 2.63647304e+11
 2.75547438e+11]
dt_idx: 96, dt: 27393.993658065796
Max variance at index 86: 278176168286.9357
Pp max index: 86, value: 278176168286.9357
Pp max diag: 278176168286.9357
log_likelihood: [[-5.99573653]], y: [[0.00020968]], cov: [[25683.29330991]]
Pp eigs: [1.46669195e+11 1.79285463e+11 1.99454147e+11 2.08096814e+11
 2.78253376e+11]
dt_idx: 97, dt: 22453.78444957733
Max variance at index 86: 280402789575.34503
Pp max index: 86, value: 280402789575.34503
Pp max diag: 280402789575.34503
log_likelihood: [[-5.63275186]], y: [[-3.78820595e-06]], cov: [[12426.9980223]]
Pp eigs: [1.21543313e+11 1.47843188e+11 1.80720528e+11 2.01050649e+11
 2.80480631e+11]
dt_idx: 98, dt: 2159446.7591371536
Max variance at index 116: 382026936290.6519
Pp max index: 116, value: 382026936290.6519
Pp max diag: 382026936290.6519
log_likelihood: [[-3.99410219]], y: [[1.13628093e-07]], cov: [[468.87082935]]
Pp eigs: [2.28660218e+11 2.30951460e+11 2.80925350e+11 3.43397464e+11
 3.82027887e+11]
dt_idx: 99, dt: 44986.81519508362
Max variance at index 116: 386361301525.70294
Pp max index: 116, value: 386361301525.70294
Pp max diag: 386361301525.70294
log_likelihood: [[-4.03050218]], y: [[1.52004208e-05]], cov: [[504.27779758]]
Pp eigs: [2.18846749e+11 2.33571768e+11 2.84112647e+11 3.47293551e+11
 3.86362264e+11]
dt_idx: 100, dt: 137491.59906959534
Max variance at index 116: 399747496951.1007
Pp max index: 116, value: 399747496951.1007
Pp max diag: 399747496951.1007
log_likelihood: [[-4.02151434]], y: [[2.16127913e-05]], cov: [[495.29404765]]
Pp eigs: [2.26429098e+11 2.41664293e+11 2.93956252e+11 3.59326174e+11
 3.99748494e+11]
dt_idx: 101, dt: 1745.8701705932617
Max variance at index 116: 399918821411.4077
Pp max index: 116, value: 399918821411.4077
Pp max diag: 399918821411.4077
log_likelihood: [[-4.16585464]], y: [[-9.38811632e-06]], cov: [[661.05180497]]
Pp eigs: [2.26526142e+11 2.41767865e+11 2.94082237e+11 3.59480175e+11
 3.99919819e+11]
dt_idx: 102, dt: 1907.0816555023193
Max variance at index 116: 400106004286.3619
Pp max index: 116, value: 400106004286.3619
Pp max diag: 400106004286.3619
log_likelihood: [[-4.27997875]], y: [[1.86842871e-06]], cov: [[830.54360354]]
Pp eigs: [2.26632168e+11 2.41881025e+11 2.94219883e+11 3.59648430e+11
 4.00107002e+11]
dt_idx: 103, dt: 11934.817485809326
Max variance at index 116: 401278337665.9917
Pp max index: 116, value: 401278337665.9917
Pp max diag: 401278337665.9917
log_likelihood: [[-3.77938707]], y: [[2.20436366e-07]], cov: [[305.17856818]]
Pp eigs: [2.27296213e+11 2.42589751e+11 2.95081964e+11 3.60702221e+11
 4.01279338e+11]
dt_idx: 104, dt: 2112.7165117263794
Max variance at index 68: 360887604284.1092
Pp max index: 68, value: 360887604284.1092
Pp max diag: 360887604284.1092
log_likelihood: [[-4.13559395]], y: [[7.6944086e-06]], cov: [[622.23064836]]
Pp eigs: [2.26270612e+11 2.27413856e+11 2.42715310e+11 2.95234691e+11
 3.60888911e+11]
dt_idx: 105, dt: 5034.440564155579
Max variance at index 68: 361332651212.64484
Pp max index: 68, value: 361332651212.64484
Pp max diag: 361332651212.64484
log_likelihood: [[-4.09536108]], y: [[-3.00928565e-06]], cov: [[574.12382505]]
Pp eigs: [2.26549650e+11 2.27694303e+11 2.43014626e+11 2.95598775e+11
 3.61333960e+11]
dt_idx: 106, dt: 2384.3677377700806
Max variance at index 68: 361543518327.0071
Pp max index: 68, value: 361543518327.0071
Pp max diag: 361543518327.0071
log_likelihood: [[-4.15614131]], y: [[1.37158717e-05]], cov: [[648.33371975]]
Pp eigs: [2.26681860e+11 2.27827182e+11 2.43156445e+11 2.95771281e+11
 3.61544828e+11]
dt_idx: 107, dt: 10026.285075187683
Max variance at index 68: 362430834254.33453
Pp max index: 68, value: 362430834254.33453
Pp max diag: 362430834254.33453
log_likelihood: [[-4.14467631]], y: [[6.00122575e-08]], cov: [[633.63656298]]
Pp eigs: [2.27238193e+11 2.28386325e+11 2.43753211e+11 2.96497176e+11
 3.62432147e+11]
dt_idx: 108, dt: 1741.80207157135
Max variance at index 68: 362585083744.1891
Pp max index: 68, value: 362585083744.1891
Pp max diag: 362585083744.1891
log_likelihood: [[-4.10249969]], y: [[-3.99223688e-05]], cov: [[582.37950981]]
Pp eigs: [2.27334905e+11 2.28483526e+11 2.43856951e+11 2.96623364e+11
 3.62586397e+11]
dt_idx: 109, dt: 5885.259571075439
Max variance at index 68: 363106490000.2998
Pp max index: 68, value: 363106490000.2998
Pp max diag: 363106490000.2998
log_likelihood: [[-4.16613072]], y: [[-1.94766362e-06]], cov: [[661.41690978]]
Pp eigs: [2.27019487e+11 2.27661818e+11 2.28812091e+11 2.97049916e+11
 3.63107805e+11]
dt_idx: 110, dt: 13416.953607559204
Max variance at index 68: 364296454456.9175
Pp max index: 68, value: 364296454456.9175
Pp max diag: 364296454456.9175
log_likelihood: [[-4.10397844]], y: [[7.41289919e-07]], cov: [[584.10444105]]
Pp eigs: [2.27763471e+11 2.28407906e+11 2.29561949e+11 2.98023402e+11
 3.64297774e+11]
dt_idx: 111, dt: 1119.7008800506592
Max variance at index 68: 364395842749.77423
Pp max index: 68, value: 364395842749.77423
Pp max diag: 364395842749.77423
log_likelihood: [[-4.25997641]], y: [[2.8537046e-06]], cov: [[797.97379074]]
Pp eigs: [2.27825610e+11 2.28470221e+11 2.29624579e+11 2.98104709e+11
 3.64397163e+11]
dt_idx: 112, dt: 1956.0594453811646
Max variance at index 68: 364569498804.5813
Pp max index: 68, value: 364569498804.5813
Pp max diag: 364569498804.5813
log_likelihood: [[-4.10811854]], y: [[-5.73374488e-07]], cov: [[588.96102506]]
Pp eigs: [2.27934182e+11 2.28579101e+11 2.29734008e+11 2.98246774e+11
 3.64570820e+11]
dt_idx: 113, dt: 15.832091331481934
Max variance at index 68: 364570904509.068
Pp max index: 68, value: 364570904509.068
Pp max diag: 364570904509.068
log_likelihood: [[-4.22298259]], y: [[-2.00189074e-05]], cov: [[741.06483671]]
Pp eigs: [2.27935061e+11 2.28579982e+11 2.29734894e+11 2.98247924e+11
 3.64572225e+11]
dt_idx: 114, dt: 13889.600413322449
Max variance at index 68: 365805096749.09796
Pp max index: 68, value: 365805096749.09796
Pp max diag: 365805096749.09796
log_likelihood: [[-4.12743216]], y: [[2.23921222e-06]], cov: [[612.15605694]]
Pp eigs: [2.28706696e+11 2.29353801e+11 2.30512623e+11 2.99257591e+11
 3.65806422e+11]
dt_idx: 115, dt: 2505.873620033264
Max variance at index 68: 366027965683.6292
Pp max index: 68, value: 366027965683.6292
Pp max diag: 366027965683.6292
log_likelihood: [[-4.09572356]], y: [[8.38731098e-07]], cov: [[574.54018812]]
Pp eigs: [1.91432769e+11 2.29493536e+11 2.30653064e+11 2.99439915e+11
 3.66029292e+11]
dt_idx: 116, dt: 16548.457575798035
Max variance at index 68: 367501326180.88513
Pp max index: 68, value: 367501326180.88513
Pp max diag: 367501326180.88513
log_likelihood: [[-4.14731157]], y: [[9.57954712e-06]], cov: [[636.98497929]]
Pp eigs: [1.62967312e+11 2.30417309e+11 2.31581504e+11 3.00645241e+11
 3.67502658e+11]
dt_idx: 117, dt: 25116.180660247803
Max variance at index 68: 369742684230.5128
Pp max index: 68, value: 369742684230.5128
Pp max diag: 369742684230.5128
log_likelihood: [[-4.10915226]], y: [[-2.6607851e-05]], cov: [[590.17992327]]
Pp eigs: [1.63961235e+11 2.31822605e+11 2.32993900e+11 3.02478850e+11
 3.69744025e+11]
dt_idx: 118, dt: 218.05411911010742
Max variance at index 68: 369762170661.8829
Pp max index: 68, value: 369762170661.8829
Pp max diag: 369762170661.8829
log_likelihood: [[-4.30687165]], y: [[-3.16554904e-05]], cov: [[876.43824074]]
Pp eigs: [1.60520854e+11 1.63969876e+11 2.31834822e+11 3.02494792e+11
 3.69763511e+11]
dt_idx: 119, dt: 5494.81104850769
Max variance at index 68: 370253370546.8186
Pp max index: 68, value: 370253370546.8186
Pp max diag: 370253370546.8186
log_likelihood: [[-4.31541666]], y: [[-2.68741724e-06]], cov: [[891.5453063]]
Pp eigs: [1.60734093e+11 1.64187697e+11 2.32142797e+11 3.02896633e+11
 3.70254713e+11]
dt_idx: 120, dt: 3376.615665435791
Max variance at index 68: 370555366068.53516
Pp max index: 68, value: 370555366068.53516
Pp max diag: 370555366068.53516
log_likelihood: [[-4.19815277]], y: [[1.87645554e-06]], cov: [[705.16263541]]
Pp eigs: [1.60865195e+11 1.64321616e+11 2.32332143e+11 3.03143689e+11
 3.70556710e+11]
dt_idx: 121, dt: 3558.695625305176
Max variance at index 68: 370873768541.09863
Pp max index: 68, value: 370873768541.09863
Pp max diag: 370873768541.09863
log_likelihood: [[-4.2343128]], y: [[2.0167106e-06]], cov: [[758.0493874]]
Pp eigs: [1.01909508e+11 1.64462811e+11 2.32531776e+11 3.03404167e+11
 3.70875113e+11]
dt_idx: 122, dt: 1411.8006267547607
Max variance at index 68: 371000119456.1363
Pp max index: 68, value: 371000119456.1363
Pp max diag: 371000119456.1363
log_likelihood: [[-4.14144446]], y: [[-1.20157944e-05]], cov: [[629.55414439]]
Pp eigs: [1.01944227e+11 1.64518841e+11 2.32610996e+11 3.03507532e+11
 3.71001465e+11]
dt_idx: 123, dt: 5604.625864982605
Max variance at index 68: 371501907336.604
Pp max index: 68, value: 371501907336.604
Pp max diag: 371501907336.604
log_likelihood: [[-4.31105271]], y: [[4.87739891e-05]], cov: [[883.79785106]]
Pp eigs: [1.02082109e+11 1.64741357e+11 2.32925609e+11 3.03918035e+11
 3.71503254e+11]
dt_idx: 124, dt: 1594.9707527160645
Max variance at index 68: 371644763538.7992
Pp max index: 68, value: 371644763538.7992
Pp max diag: 371644763538.7992
log_likelihood: [[-4.1592812]], y: [[-1.64804927e-06]], cov: [[652.41792296]]
Pp eigs: [1.02121363e+11 1.64804706e+11 2.33015178e+11 3.04034903e+11
 3.71646111e+11]
dt_idx: 125, dt: 45206.27801799774
Max variance at index 68: 375704205683.31854
Pp max index: 68, value: 375704205683.31854
Pp max diag: 375704205683.31854
log_likelihood: [[-3.99398314]], y: [[-5.00788739e-05]], cov: [[468.75920862]]
Pp eigs: [9.98334270e+10 1.03236827e+11 1.66604853e+11 3.07355849e+11
 3.75705568e+11]
dt_idx: 126, dt: 5371.508592605591
Max variance at index 68: 376187900762.91254
Pp max index: 68, value: 376187900762.91254
Pp max diag: 376187900762.91254
log_likelihood: [[-4.40105597]], y: [[-4.77245347e-05]], cov: [[1058.10502847]]
Pp eigs: [8.02057437e+10 9.99619563e+10 1.03369738e+11 1.66819346e+11
 3.76189265e+11]
dt_idx: 127, dt: 1998.26921749115
Max variance at index 68: 376367914233.1956
Pp max index: 68, value: 376367914233.1956
Pp max diag: 376367914233.1956
log_likelihood: [[-4.19358714]], y: [[-1.0076019e-05]], cov: [[698.75292391]]
Pp eigs: [8.02441237e+10 1.00009790e+11 1.03419203e+11 1.66899173e+11
 3.76369280e+11]
dt_idx: 128, dt: 5968.733724594116
Max variance at index 68: 376905840741.4756
Pp max index: 68, value: 376905840741.4756
Pp max diag: 376905840741.4756
log_likelihood: [[-4.32391118]], y: [[-1.34339534e-06]], cov: [[906.82119241]]
Pp eigs: [6.39606796e+10 8.03588132e+10 1.00152730e+11 1.67137715e+11
 3.76907208e+11]
dt_idx: 129, dt: 31240.388007164
Max variance at index 68: 379727092474.48413
Pp max index: 68, value: 379727092474.48413
Pp max diag: 379727092474.48413
log_likelihood: [[-3.93635142]], y: [[8.20384774e-06]], cov: [[417.72602451]]
Pp eigs: [5.56729906e+10 6.44394444e+10 8.09603229e+10 1.68388790e+11
 3.79728470e+11]
dt_idx: 130, dt: 30252.026370048523
Max variance at index 116: 169603939289.11276
Pp max index: 116, value: 169603939289.11276
Pp max diag: 169603939289.11276
log_likelihood: [[-4.23592264]], y: [[9.04866786e-05]], cov: [[760.49398962]]
Pp eigs: [5.60748832e+10 6.49046204e+10 8.15447598e+10 1.14594641e+11
 1.69604356e+11]
dt_idx: 131, dt: 2235382.537033081
Max variance at index 116: 270242005814.4444
Pp max index: 116, value: 270242005814.4444
Pp max diag: 270242005814.4444
log_likelihood: [[-3.73793283]], y: [[-3.7826046e-06]], cov: [[280.89715134]]
Pp eigs: [8.93481112e+10 1.03417161e+11 1.29931073e+11 1.82591796e+11
 2.70242683e+11]
dt_idx: 132, dt: 31750.604655265808
Max variance at index 116: 271821449375.81952
Pp max index: 116, value: 271821449375.81952
Pp max diag: 271821449375.81952
log_likelihood: [[-3.81303284]], y: [[5.7550339e-06]], cov: [[326.42121674]]
Pp eigs: [8.98703112e+10 1.04021588e+11 1.30690462e+11 1.83658963e+11
 2.71822131e+11]
dt_idx: 133, dt: 9499.86834526062
Max variance at index 116: 272294820032.4175
Pp max index: 116, value: 272294820032.4175
Pp max diag: 272294820032.4175
log_likelihood: [[-3.79582156]], y: [[3.26671791e-05]], cov: [[315.37615287]]
Pp eigs: [9.00268183e+10 1.04202739e+11 1.30918057e+11 1.83978801e+11
 2.72295503e+11]
dt_idx: 134, dt: 23949.68793487549
Max variance at index 116: 273489841094.14603
Pp max index: 116, value: 273489841094.14603
Pp max diag: 273489841094.14603
log_likelihood: [[-3.80473302]], y: [[-1.29088614e-05]], cov: [[321.04746339]]
Pp eigs: [9.04219194e+10 1.04660054e+11 1.31492617e+11 1.84786230e+11
 2.73490527e+11]
dt_idx: 135, dt: 3877.604676246643
Max variance at index 116: 273683541653.96378
Pp max index: 116, value: 273683541653.96378
Pp max diag: 273683541653.96378
log_likelihood: [[-3.78201422]], y: [[5.02234846e-06]], cov: [[306.78628454]]
Pp eigs: [9.04859612e+10 1.04734181e+11 1.31585748e+11 1.84917106e+11
 2.73684228e+11]
dt_idx: 136, dt: 6084.171133995056
Max variance at index 116: 273987591346.6816
Pp max index: 116, value: 273987591346.6816
Pp max diag: 273987591346.6816
log_likelihood: [[-3.80507716]], y: [[-2.50567307e-06]], cov: [[321.26850868]]
Pp eigs: [9.05864870e+10 1.04850535e+11 1.31731934e+11 1.85122540e+11
 2.73988278e+11]
dt_idx: 137, dt: 12560.517784118652
Max variance at index 116: 274615764619.64468
Pp max index: 116, value: 274615764619.64468
Pp max diag: 274615764619.64468
log_likelihood: [[-3.69260131]], y: [[-4.05817469e-06]], cov: [[256.55050692]]
Pp eigs: [9.07941753e+10 1.05090927e+11 1.32033956e+11 1.85546972e+11
 2.74616453e+11]
dt_idx: 138, dt: 27554.52193069458
Max variance at index 116: 275996056553.5547
Pp max index: 116, value: 275996056553.5547
Pp max diag: 275996056553.5547
log_likelihood: [[-3.77546984]], y: [[3.84560344e-05]], cov: [[302.79700062]]
Pp eigs: [8.53115214e+10 9.12505312e+10 1.05619142e+11 1.32697594e+11
 2.75996749e+11]
dt_idx: 139, dt: 1831.1778411865234
Max variance at index 116: 276087895082.3564
Pp max index: 116, value: 276087895082.3564
Pp max diag: 276087895082.3564
log_likelihood: [[-3.83931108]], y: [[8.43488418e-06]], cov: [[344.03558573]]
Pp eigs: [8.53399091e+10 9.12808951e+10 1.05654287e+11 1.32741750e+11
 2.76088588e+11]
dt_idx: 140, dt: 2851.6311597824097
Max variance at index 116: 276230939179.049
Pp max index: 116, value: 276230939179.049
Pp max diag: 276230939179.049
log_likelihood: [[-3.76561256]], y: [[-4.1296983e-05]], cov: [[296.88594984]]
Pp eigs: [8.53841247e+10 9.13281888e+10 1.05709028e+11 1.32810525e+11
 2.76231632e+11]
dt_idx: 141, dt: 380.51500129699707
Max variance at index 116: 276250029142.2174
Pp max index: 116, value: 276250029142.2174
Pp max diag: 276250029142.2174
log_likelihood: [[-3.81359578]], y: [[3.49867356e-06]], cov: [[326.78893409]]
Pp eigs: [8.53900254e+10 9.13345003e+10 1.05716333e+11 1.32819703e+11
 2.76250722e+11]
dt_idx: 142, dt: 1737.1298637390137
Max variance at index 116: 276337186237.85913
Pp max index: 116, value: 276337186237.85913
Pp max diag: 276337186237.85913
log_likelihood: [[-3.80433585]], y: [[1.17874223e-05]], cov: [[320.79254634]]
Pp eigs: [8.54169661e+10 9.13633165e+10 1.05749687e+11 1.32861608e+11
 2.76337879e+11]
dt_idx: 143, dt: 3458.033673286438
Max variance at index 116: 276510722730.3509
Pp max index: 116, value: 276510722730.3509
Pp max diag: 276510722730.3509
log_likelihood: [[-3.78974637]], y: [[1.07482123e-06]], cov: [[311.56739658]]
Pp eigs: [8.54706069e+10 9.14206916e+10 1.05816097e+11 1.32945043e+11
 2.76511416e+11]
dt_idx: 144, dt: 3141.150276184082
Max variance at index 116: 276668398891.12354
Pp max index: 116, value: 276668398891.12354
Pp max diag: 276668398891.12354
log_likelihood: [[-3.77622419]], y: [[-1.96271748e-05]], cov: [[303.25417733]]
Pp eigs: [8.55193453e+10 9.14728229e+10 1.05876437e+11 1.33020853e+11
 2.76669093e+11]
dt_idx: 145, dt: 9961.327215194702
Max variance at index 116: 277168691591.2567
Pp max index: 116, value: 277168691591.2567
Pp max diag: 277168691591.2567
log_likelihood: [[-3.8481831]], y: [[-1.95341168e-05]], cov: [[350.19465003]]
Pp eigs: [8.56739879e+10 9.16382310e+10 1.06067891e+11 1.33261392e+11
 2.77169387e+11]
dt_idx: 146, dt: 2079.189818382263
Max variance at index 116: 277273166495.7303
Pp max index: 116, value: 277273166495.7303
Pp max diag: 277273166495.7303
log_likelihood: [[-3.81023756]], y: [[1.59449911e-05]], cov: [[324.60142996]]
Pp eigs: [8.57062816e+10 9.16727728e+10 1.06107871e+11 1.33311623e+11
 2.77273862e+11]
dt_idx: 147, dt: 866.9945545196533
Max variance at index 116: 277316736318.2336
Pp max index: 116, value: 277316736318.2336
Pp max diag: 277316736318.2336
log_likelihood: [[-3.78731624]], y: [[-5.35049329e-06]], cov: [[310.05676895]]
Pp eigs: [8.57197492e+10 9.16871780e+10 1.06124545e+11 1.33332571e+11
 2.77317432e+11]
dt_idx: 148, dt: 2160.6136922836304
Max variance at index 116: 277425328745.12476
Pp max index: 116, value: 277425328745.12476
Pp max diag: 277425328745.12476
log_likelihood: [[-3.85430634]], y: [[1.58334449e-06]], cov: [[354.50966754]]
Pp eigs: [8.17097360e+10 9.17230811e+10 1.06166101e+11 1.33384782e+11
 2.77426025e+11]
dt_idx: 149, dt: 9360.3521194458
Max variance at index 116: 277895998372.962
Pp max index: 116, value: 277895998372.962
Pp max diag: 277895998372.962
log_likelihood: [[-3.84279338]], y: [[6.12662377e-07]], cov: [[346.44001598]]
Pp eigs: [8.18483618e+10 9.18786952e+10 1.06346219e+11 1.33611078e+11
 2.77896696e+11]
dt_idx: 150, dt: 7198.303434371948
Max variance at index 116: 278258194355.0629
Pp max index: 116, value: 278258194355.0629
Pp max diag: 278258194355.0629
log_likelihood: [[-3.81482808]], y: [[-0.00016811]], cov: [[327.59532647]]
Pp eigs: [8.19550390e+10 9.19984454e+10 1.06484825e+11 1.33785220e+11
 2.78258893e+11]
dt_idx: 151, dt: 16149.680150985718
Max variance at index 116: 279071558677.7734
Pp max index: 116, value: 279071558677.7734
Pp max diag: 279071558677.7734
log_likelihood: [[-3.81759547]], y: [[-4.3514827e-06]], cov: [[329.41352617]]
Pp eigs: [6.82268522e+10 8.21945983e+10 1.06796087e+11 1.34176282e+11
 2.79072259e+11]
dt_idx: 152, dt: 6101.366470336914
Max variance at index 116: 279379123303.57935
Pp max index: 116, value: 279379123303.57935
Pp max diag: 279379123303.57935
log_likelihood: [[-3.75518344]], y: [[2.3352969e-07]], cov: [[290.75756507]]
Pp eigs: [6.83020450e+10 8.22851850e+10 1.06913787e+11 1.34324157e+11
 2.79379824e+11]
dt_idx: 153, dt: 14099.482432365417
Max variance at index 70: 134665405047.52895
Pp max index: 70, value: 134665405047.52895
Pp max diag: 134665405047.52895
log_likelihood: [[-3.7898877]], y: [[1.18789396e-06]], cov: [[311.65547355]]
Pp eigs: [6.84759468e+10 8.24946889e+10 9.20369209e+10 1.07185997e+11
 1.34666156e+11]
dt_idx: 154, dt: 4111.678453445435
Max variance at index 70: 134765210656.92151
Pp max index: 70, value: 134765210656.92151
Pp max diag: 134765210656.92151
log_likelihood: [[-3.84948185]], y: [[3.31490863e-05]], cov: [[351.10545843]]
Pp eigs: [6.85266969e+10 8.25558289e+10 9.21051330e+10 1.07265436e+11
 1.34765962e+11]
dt_idx: 155, dt: 2848.304639816284
Max variance at index 70: 134834368791.086
Pp max index: 70, value: 134834368791.086
Pp max diag: 134834368791.086
log_likelihood: [[-3.75926614]], y: [[6.74497697e-05]], cov: [[293.14143684]]
Pp eigs: [6.85618631e+10 8.25981945e+10 9.21523990e+10 1.07320482e+11
 1.34835121e+11]
dt_idx: 156, dt: 138.92957878112793
Max variance at index 112: 107322201901.27548
Pp max index: 112, value: 107322201901.27548
Pp max diag: 107322201901.27548
log_likelihood: [[-3.82900724]], y: [[-7.67858226e-06]], cov: [[337.01835963]]
Pp eigs: [4.31285068e+10 6.85635786e+10 8.26002612e+10 9.21547048e+10
 1.07323168e+11]
dt_idx: 157, dt: 13341.208243370056
Max variance at index 112: 107580199842.90431
Pp max index: 112, value: 107580199842.90431
Pp max diag: 107580199842.90431
log_likelihood: [[-3.87440765]], y: [[-2.37934016e-05]], cov: [[369.05225146]]
Pp eigs: [4.32321859e+10 6.87284025e+10 8.27988288e+10 9.23762407e+10
 1.07581168e+11]
dt_idx: 158, dt: 4859.045395851135
Max variance at index 112: 107674234511.76505
Pp max index: 112, value: 107674234511.76505
Pp max diag: 107674234511.76505
log_likelihood: [[-3.82285691]], y: [[-5.50117131e-06]], cov: [[332.89820445]]
Pp eigs: [4.32699747e+10 6.87884772e+10 8.28712023e+10 9.24569858e+10
 1.07675204e+11]
dt_idx: 159, dt: 25454.485569000244
Max variance at index 112: 108167438825.81454
Pp max index: 112, value: 108167438825.81454
Pp max diag: 108167438825.81454
log_likelihood: [[-3.93714871]], y: [[1.07766094e-05]], cov: [[418.39264946]]
Pp eigs: [4.30823347e+10 4.34681738e+10 6.91035645e+10 9.28804872e+10
 1.08168413e+11]
dt_idx: 160, dt: 146.68957328796387
Max variance at index 112: 108170283974.4189
Pp max index: 112, value: 108170283974.4189
Pp max diag: 108170283974.4189
log_likelihood: [[-3.87672817]], y: [[-7.83108638e-07]], cov: [[370.76901406]]
Pp eigs: [3.39679685e+10 4.34693172e+10 6.91053822e+10 9.28829303e+10
 1.08171258e+11]
dt_idx: 161, dt: 9527.550130844116
Max variance at index 112: 108355148779.03552
Pp max index: 112, value: 108355148779.03552
Pp max diag: 108355148779.03552
log_likelihood: [[-3.87038141]], y: [[1.69709683e-05]], cov: [[366.09239551]]
Pp eigs: [2.75146987e+10 4.35436070e+10 6.92234844e+10 9.30416687e+10
 1.08356124e+11]
dt_idx: 162, dt: 21109.00316619873
Max variance at index 112: 108765229993.53845
Pp max index: 112, value: 108765229993.53845
Pp max diag: 108765229993.53845
log_likelihood: [[-3.84680457]], y: [[4.5333764e-06]], cov: [[349.23046673]]
Pp eigs: [2.76188310e+10 4.37084023e+10 6.94854679e+10 9.33937946e+10
 1.08766209e+11]
dt_idx: 163, dt: 702.5720157623291
Max variance at index 112: 108778890575.70918
Pp max index: 112, value: 108778890575.70918
Pp max diag: 108778890575.70918
log_likelihood: [[-3.929356]], y: [[2.34255725e-06]], cov: [[411.92238388]]
Pp eigs: [2.76222998e+10 4.37138919e+10 6.94941950e+10 9.34055245e+10
 1.08779870e+11]
dt_idx: 164, dt: 2324649.742778778
Max variance at index 116: 135709936855.58061
Pp max index: 116, value: 135709936855.58061
Pp max diag: 135709936855.58061
log_likelihood: [[-3.58262575]], y: [[-1.55984781e-06]], cov: [[205.8966683]]
Pp eigs: [3.92702248e+10 4.01328565e+10 6.35125691e+10 1.00969154e+11
 1.35710279e+11]
dt_idx: 165, dt: 42220.25464344025
Max variance at index 116: 136541191869.05574
Pp max index: 116, value: 136541191869.05574
Pp max diag: 136541191869.05574
log_likelihood: [[-3.57231156]], y: [[-4.62280819e-07]], cov: [[201.69286252]]
Pp eigs: [3.95107642e+10 4.03786797e+10 6.39015985e+10 1.01587614e+11
 1.36541536e+11]
dt_idx: 166, dt: 34126.580307006836
Max variance at index 116: 137214691680.58975
Pp max index: 116, value: 137214691680.58975
Pp max diag: 137214691680.58975
log_likelihood: [[-3.62740459]], y: [[8.7577901e-06]], cov: [[225.18721197]]
Pp eigs: [3.97056542e+10 4.05778507e+10 6.42167981e+10 1.02088702e+11
 1.37215038e+11]
dt_idx: 167, dt: 17625.46671485901
Max variance at index 116: 137563094991.9108
Pp max index: 116, value: 137563094991.9108
Pp max diag: 137563094991.9108
log_likelihood: [[-3.59461749]], y: [[9.58462313e-06]], cov: [[210.89448189]]
Pp eigs: [3.98064713e+10 4.06808824e+10 6.43798517e+10 1.02347917e+11
 1.37563442e+11]
dt_idx: 168, dt: 1553.0743703842163
Max variance at index 116: 137593812907.39362
Pp max index: 116, value: 137593812907.39362
Pp max diag: 137593812907.39362
log_likelihood: [[-3.59892063]], y: [[-5.65918317e-07]], cov: [[212.71732781]]
Pp eigs: [3.98153601e+10 4.06899665e+10 6.43942278e+10 1.02370771e+11
 1.37594160e+11]
dt_idx: 169, dt: 8458.639770507812
Max variance at index 116: 137761166298.0535
Pp max index: 116, value: 137761166298.0535
Pp max diag: 137761166298.0535
log_likelihood: [[-3.64276102]], y: [[9.50523953e-06]], cov: [[232.2106588]]
Pp eigs: [3.98637870e+10 4.07394572e+10 6.44725496e+10 1.02495284e+11
 1.37761514e+11]
dt_idx: 170, dt: 4024.6567640304565
Max variance at index 116: 137840824491.04166
Pp max index: 116, value: 137840824491.04166
Pp max diag: 137840824491.04166
log_likelihood: [[-3.60470203]], y: [[6.79448022e-06]], cov: [[215.19121283]]
Pp eigs: [3.98868376e+10 4.07630141e+10 6.45098298e+10 1.02554550e+11
 1.37841172e+11]
dt_idx: 171, dt: 3333.1556673049927
Max variance at index 116: 137906811120.6677
Pp max index: 116, value: 137906811120.6677
Pp max diag: 137906811120.6677
log_likelihood: [[-3.61773812]], y: [[-9.52948483e-06]], cov: [[220.87549398]]
Pp eigs: [3.99059321e+10 4.07825280e+10 6.45407118e+10 1.02603644e+11
 1.37907159e+11]
dt_idx: 172, dt: 3290.565927505493
Max variance at index 116: 137971967930.43713
Pp max index: 116, value: 137971967930.43713
Pp max diag: 137971967930.43713
log_likelihood: [[-3.58877028]], y: [[6.48152689e-05]], cov: [[208.44255502]]
Pp eigs: [3.99247865e+10 4.08017966e+10 6.45712053e+10 1.02652122e+11
 1.37972316e+11]
dt_idx: 173, dt: 1185.5519571304321
Max variance at index 116: 137995446403.2844
Pp max index: 116, value: 137995446403.2844
Pp max diag: 137995446403.2844
log_likelihood: [[-3.61816102]], y: [[3.56903882e-06]], cov: [[221.06239269]]
Pp eigs: [3.84653341e+10 3.99315804e+10 4.08087398e+10 1.02669590e+11
 1.37995794e+11]
dt_idx: 174, dt: 7588.873194694519
Max variance at index 116: 138145775898.56668
Pp max index: 116, value: 138145775898.56668
Pp max diag: 138145775898.56668
log_likelihood: [[-3.61794048]], y: [[2.11454388e-06]], cov: [[220.9649046]]
Pp eigs: [3.85072375e+10 3.99750811e+10 4.08531960e+10 1.02781436e+11
 1.38146124e+11]
dt_idx: 175, dt: 7197.274669647217
Max variance at index 116: 138288413205.41956
Pp max index: 116, value: 138288413205.41956
Pp max diag: 138288413205.41956
log_likelihood: [[-3.63396082]], y: [[1.90051549e-05]], cov: [[228.15941402]]
Pp eigs: [3.85469968e+10 4.00163559e+10 4.08953775e+10 1.02887559e+11
 1.38288762e+11]
dt_idx: 176, dt: 694.5898866653442
Max variance at index 116: 138302182104.3853
Pp max index: 116, value: 138302182104.3853
Pp max diag: 138302182104.3853
log_likelihood: [[-3.62189989]], y: [[-6.55160099e-06]], cov: [[222.72163252]]
Pp eigs: [3.85508348e+10 4.00203402e+10 4.08994493e+10 1.02897803e+11
 1.38302531e+11]
dt_idx: 177, dt: 6639.033895492554
Max variance at index 116: 138433817848.17523
Pp max index: 116, value: 138433817848.17523
Pp max diag: 138433817848.17523
log_likelihood: [[-3.63441405]], y: [[-1.99238449e-06]], cov: [[228.3663277]]
Pp eigs: [3.85875274e+10 4.00584315e+10 4.09383773e+10 1.02995741e+11
 1.38434167e+11]
dt_idx: 178, dt: 14499.296116828918
Max variance at index 116: 138721490574.3478
Pp max index: 116, value: 138721490574.3478
Pp max diag: 138721490574.3478
log_likelihood: [[-3.62568477]], y: [[-1.92555363e-06]], cov: [[224.41398257]]
Pp eigs: [3.86677144e+10 4.01416751e+10 4.10234495e+10 1.03209772e+11
 1.38721840e+11]
dt_idx: 179, dt: 1720.9693250656128
Max variance at index 116: 138755652452.6286
Pp max index: 116, value: 138755652452.6286
Pp max diag: 138755652452.6286
log_likelihood: [[-3.64359559]], y: [[2.37655545e-06]], cov: [[232.59857296]]
Pp eigs: [3.86772368e+10 4.01515605e+10 4.10335520e+10 1.03235188e+11
 1.38756002e+11]
dt_idx: 180, dt: 6418.722604751587
Max variance at index 116: 138883098381.50876
Pp max index: 116, value: 138883098381.50876
Pp max diag: 138883098381.50876
log_likelihood: [[-3.60402636]], y: [[-3.35494727e-06]], cov: [[214.90061312]]
Pp eigs: [3.87127615e+10 4.01884394e+10 4.10712410e+10 1.03330009e+11
 1.38883449e+11]
dt_idx: 181, dt: 2418.621856689453
Max variance at index 116: 138931133996.69632
Pp max index: 116, value: 138931133996.69632
Pp max diag: 138931133996.69632
log_likelihood: [[-3.62930236]], y: [[7.54898741e-07]], cov: [[226.04354383]]
Pp eigs: [3.87261511e+10 4.02023394e+10 4.10854464e+10 1.03365748e+11
 1.38931484e+11]
dt_idx: 182, dt: 5165.825325012207
Max variance at index 116: 139033755022.4081
Pp max index: 116, value: 139033755022.4081
Pp max diag: 139033755022.4081
log_likelihood: [[-3.65073643]], y: [[9.53877859e-06]], cov: [[235.94430918]]
Pp eigs: [3.87547561e+10 4.02320347e+10 4.11157940e+10 1.03442099e+11
 1.39034106e+11]
dt_idx: 183, dt: 4972.147035598755
Max variance at index 116: 139132559330.37347
Pp max index: 116, value: 139132559330.37347
Pp max diag: 139132559330.37347
log_likelihood: [[-3.62113359]], y: [[1.76115578e-06]], cov: [[222.38055282]]
Pp eigs: [3.87822972e+10 4.02606256e+10 4.11450130e+10 1.03515610e+11
 1.39132910e+11]
dt_idx: 184, dt: 1845.958472251892
Max variance at index 116: 139169249083.61484
Pp max index: 116, value: 139169249083.61484
Pp max diag: 139169249083.61484
log_likelihood: [[-3.6421142]], y: [[-8.07057439e-05]], cov: [[231.91045775]]
Pp eigs: [3.79426229e+10 3.87925242e+10 4.02712425e+10 4.11558631e+10
 1.39169600e+11]
dt_idx: 185, dt: 15262.176520347595
Max variance at index 116: 139472755168.17014
Pp max index: 116, value: 139472755168.17014
Pp max diag: 139472755168.17014
log_likelihood: [[-3.61639059]], y: [[-8.07364686e-06]], cov: [[220.28102611]]
Pp eigs: [3.80253698e+10 3.88771246e+10 4.03590678e+10 4.12456175e+10
 1.39473107e+11]
dt_idx: 186, dt: 2078.9581775665283
Max variance at index 116: 139514119659.0049
Pp max index: 116, value: 139514119659.0049
Pp max diag: 139514119659.0049
log_likelihood: [[-3.62938484]], y: [[-2.62071065e-06]], cov: [[226.08083321]]
Pp eigs: [3.80366472e+10 3.88886547e+10 4.03710374e+10 4.12578501e+10
 1.39514472e+11]
dt_idx: 187, dt: 14040.893113136292
Max variance at index 116: 139793625707.44452
Pp max index: 116, value: 139793625707.44452
Pp max diag: 139793625707.44452
log_likelihood: [[-3.66616344]], y: [[1.34090811e-05]], cov: [[243.33760702]]
Pp eigs: [3.81128508e+10 3.89665652e+10 4.04519178e+10 4.13405071e+10
 1.39793978e+11]
dt_idx: 188, dt: 1573.1948518753052
Max variance at index 116: 139824957602.79767
Pp max index: 116, value: 139824957602.79767
Pp max diag: 139824957602.79767
log_likelihood: [[-3.6337124]], y: [[-2.25325947e-06]], cov: [[228.04608472]]
Pp eigs: [3.81213930e+10 3.89752988e+10 4.04609842e+10 4.13497727e+10
 1.39825310e+11]
dt_idx: 189, dt: 1616.068528175354
Max variance at index 116: 139857146516.58887
Pp max index: 116, value: 139857146516.58887
Pp max diag: 139857146516.58887
log_likelihood: [[-3.5982618]], y: [[-4.13168917e-07]], cov: [[212.43722676]]
Pp eigs: [3.63822643e+10 3.81301689e+10 3.89842712e+10 4.13592918e+10
 1.39857499e+11]
dt_idx: 190, dt: 2355.884430885315
Max variance at index 116: 139904076816.0398
Pp max index: 116, value: 139904076816.0398
Pp max diag: 139904076816.0398
log_likelihood: [[-3.60214893]], y: [[-6.02320322e-07]], cov: [[214.09520379]]
Pp eigs: [3.19599540e+10 3.63944727e+10 3.81429638e+10 4.13731703e+10
 1.39904430e+11]
dt_idx: 191, dt: 11061.99577999115
Max variance at index 116: 53674445740.353584
Pp max index: 116, value: 53674445740.353584
Pp max diag: 53674445740.353584
log_likelihood: [[-3.64293323]], y: [[-1.01504826e-05]], cov: [[232.29065072]]
Pp eigs: [3.20103142e+10 3.64518204e+10 3.82030667e+10 4.14383631e+10
 5.36745788e+10]
dt_idx: 192, dt: 2846.5435304641724
Max variance at index 116: 53696184438.14805
Pp max index: 116, value: 53696184438.14805
Pp max diag: 53696184438.14805
log_likelihood: [[-3.61567393]], y: [[-8.22085559e-06]], cov: [[219.96551508]]
Pp eigs: [2.92937655e+10 3.64665838e+10 3.82185393e+10 4.14551461e+10
 5.36963176e+10]
dt_idx: 193, dt: 27201.24416065216
Max variance at index 116: 53904107657.68567
Pp max index: 116, value: 53904107657.68567
Pp max diag: 53904107657.68567
log_likelihood: [[-3.6498629]], y: [[1.68145676e-06]], cov: [[235.5324588]]
Pp eigs: [2.55001099e+10 2.94071974e+10 3.83665298e+10 4.16156695e+10
 5.39042414e+10]
dt_idx: 194, dt: 27592.2026386261
Max variance at index 116: 54115371863.33532
Pp max index: 116, value: 54115371863.33532
Pp max diag: 54115371863.33532
log_likelihood: [[-3.62948279]], y: [[3.84481442e-06]], cov: [[226.12512967]]
Pp eigs: [1.52608571e+10 2.56000514e+10 3.85168982e+10 4.17787722e+10
 5.41155061e+10]
dt_idx: 195, dt: 14303.32831954956
Max variance at index 116: 54225027259.750496
Pp max index: 116, value: 54225027259.750496
Pp max diag: 54225027259.750496
log_likelihood: [[-3.66238528]], y: [[3.22103971e-05]], cov: [[241.50580322]]
Pp eigs: [1.52917806e+10 2.56519255e+10 3.85949460e+10 4.18634297e+10
 5.42251618e+10]
dt_idx: 196, dt: 46152.264996528625
Max variance at index 116: 54579499633.34407
Pp max index: 116, value: 54579499633.34407
Pp max diag: 54579499633.34407
log_likelihood: [[-3.65258423]], y: [[5.39500149e-05]], cov: [[236.81787869]]
Pp eigs: [1.53917440e+10 2.58196138e+10 3.88472437e+10 4.21370937e+10
 5.45796351e+10]
dt_idx: 197, dt: 2284203.4070711136
Max variance at index 116: 73330594348.39471
Pp max index: 116, value: 73330594348.39471
Pp max diag: 73330594348.39471
log_likelihood: [[-3.43025507]], y: [[2.61827461e-05]], cov: [[151.81050496]]
Pp eigs: [1.99722738e+10 2.06796696e+10 3.46900921e+10 5.21934366e+10
 7.33307801e+10]
dt_idx: 198, dt: 21968.01613521576
Max variance at index 116: 73522121394.90948
Pp max index: 116, value: 73522121394.90948
Pp max diag: 73522121394.90948
log_likelihood: [[-3.46495849]], y: [[1.24275456e-05]], cov: [[162.72146014]]
Pp eigs: [2.00244380e+10 2.07336814e+10 3.47806968e+10 5.23297570e+10
 7.35223076e+10]
dt_idx: 199, dt: 13715.632513046265
Max variance at index 116: 73641805747.84196
Pp max index: 116, value: 73641805747.84196
Pp max diag: 73641805747.84196
log_likelihood: [[-3.47014632]], y: [[9.14299962e-06]], cov: [[164.41859485]]
Pp eigs: [2.00570352e+10 2.07674332e+10 3.48373152e+10 5.24149430e+10
 7.36419923e+10]
dt_idx: 200, dt: 2863.7745885849
Max variance at index 116: 73666805619.69704
Pp max index: 116, value: 73666805619.69704
Pp max diag: 73666805619.69704
log_likelihood: [[-3.44396161]], y: [[3.02642128e-06]], cov: [[156.02966693]]
Pp eigs: [2.00638441e+10 2.07744833e+10 3.48491418e+10 5.24327368e+10
 7.36669922e+10]
dt_idx: 201, dt: 18371.54073524475
Max variance at index 116: 73827267388.09657
Pp max index: 116, value: 73827267388.09657
Pp max diag: 73827267388.09657
log_likelihood: [[-3.46441462]], y: [[1.20973652e-05]], cov: [[162.54455815]]
Pp eigs: [2.01075474e+10 2.08197345e+10 3.49250506e+10 5.25469464e+10
 7.38274544e+10]
dt_idx: 202, dt: 15964.20445728302
Max variance at index 116: 73966820645.64153
Pp max index: 116, value: 73966820645.64153
Pp max diag: 73966820645.64153
log_likelihood: [[-3.48122697]], y: [[7.57353784e-06]], cov: [[168.10299927]]
Pp eigs: [1.92708634e+10 2.08590894e+10 3.49910683e+10 5.26462742e+10
 7.39670081e+10]
dt_idx: 203, dt: 1378.1442279815674
Max variance at index 116: 73978873013.81989
Pp max index: 116, value: 73978873013.81989
Pp max diag: 73978873013.81989
log_likelihood: [[-3.47542289]], y: [[7.51746834e-06]], cov: [[166.16291268]]
Pp eigs: [1.92740035e+10 2.08624882e+10 3.49967698e+10 5.26548525e+10
 7.39790605e+10]
dt_idx: 204, dt: 7147.168815612793
Max variance at index 116: 74041390666.107
Pp max index: 116, value: 74041390666.107
Pp max diag: 74041390666.107
log_likelihood: [[-3.49286908]], y: [[-1.50265308e-05]], cov: [[172.06307118]]
Pp eigs: [1.87848729e+10 1.92902915e+10 2.08801186e+10 5.26993498e+10
 7.40415783e+10]
dt_idx: 205, dt: 4180.305442810059
Max variance at index 116: 74077966763.73703
Pp max index: 116, value: 74077966763.73703
Pp max diag: 74077966763.73703
log_likelihood: [[-3.48189571]], y: [[5.31798867e-06]], cov: [[168.32798277]]
Pp eigs: [1.87941526e+10 1.92998208e+10 2.08904333e+10 5.27253830e+10
 7.40781545e+10]
dt_idx: 206, dt: 8160.482803344727
Max variance at index 116: 74149389530.72348
Pp max index: 116, value: 74149389530.72348
Pp max diag: 74149389530.72348
log_likelihood: [[-3.55256408]], y: [[2.21142658e-05]], cov: [[193.88226594]]
Pp eigs: [1.88122731e+10 1.93184289e+10 2.09105750e+10 5.27762186e+10
 7.41495775e+10]
dt_idx: 207, dt: 14518.69059085846
Max variance at index 116: 74276531720.87192
Pp max index: 116, value: 74276531720.87192
Pp max diag: 74276531720.87192
log_likelihood: [[-3.48540224]], y: [[-3.76167844e-06]], cov: [[169.51262649]]
Pp eigs: [1.88445301e+10 1.93515537e+10 2.09464299e+10 5.28667127e+10
 7.42767200e+10]
dt_idx: 208, dt: 12956.696654319763
Max variance at index 116: 74390071673.41049
Pp max index: 116, value: 74390071673.41049
Pp max diag: 74390071673.41049
log_likelihood: [[-3.47755608]], y: [[-2.29214178e-08]], cov: [[166.8733417]]
Pp eigs: [1.88733361e+10 1.93811348e+10 2.09784488e+10 5.29475254e+10
 7.43902603e+10]
dt_idx: 209, dt: 7684.65679359436
Max variance at index 116: 74457446580.77309
Pp max index: 116, value: 74457446580.77309
Pp max diag: 74457446580.77309
log_likelihood: [[-3.48752139]], y: [[1.84952334e-05]], cov: [[170.23259459]]
Pp eigs: [1.88904296e+10 1.93986882e+10 2.09974490e+10 5.29954798e+10
 7.44576354e+10]
dt_idx: 210, dt: 2748.3484201431274
Max variance at index 116: 74481548757.12704
Pp max index: 116, value: 74481548757.12704
Pp max diag: 74481548757.12704
log_likelihood: [[-3.46181242]], y: [[5.83564337e-05]], cov: [[161.70080897]]
Pp eigs: [1.88965445e+10 1.94049677e+10 2.10042460e+10 5.30126347e+10
 7.44817376e+10]
dt_idx: 211, dt: 3803.619342803955
Max variance at index 116: 74514910678.41437
Pp max index: 116, value: 74514910678.41437
Pp max diag: 74514910678.41437
log_likelihood: [[-3.48289948]], y: [[4.9062956e-06]], cov: [[168.66624574]]
Pp eigs: [1.89050087e+10 1.94136596e+10 2.10136542e+10 5.30363802e+10
 7.45150996e+10]
dt_idx: 212, dt: 5638.314529418945
Max variance at index 116: 74564376300.84367
Pp max index: 116, value: 74564376300.84367
Pp max diag: 74564376300.84367
log_likelihood: [[-3.48240422]], y: [[2.49703607e-05]], cov: [[168.49926275]]
Pp eigs: [1.89175585e+10 1.94265471e+10 2.10276038e+10 5.30715876e+10
 7.45645654e+10]
dt_idx: 213, dt: 3980.8757944107056
Max variance at index 116: 74599309215.35765
Pp max index: 116, value: 74599309215.35765
Pp max diag: 74599309215.35765
log_likelihood: [[-3.47097759]], y: [[-1.20954203e-07]], cov: [[164.69217189]]
Pp eigs: [1.89264213e+10 1.94356483e+10 2.10374551e+10 5.30964513e+10
 7.45994984e+10]
dt_idx: 214, dt: 2585.244240760803
Max variance at index 116: 74621998843.85156
Pp max index: 116, value: 74621998843.85156
Pp max diag: 74621998843.85156
log_likelihood: [[-3.4762495]], y: [[-1.22917094e-05]], cov: [[166.43784288]]
Pp eigs: [1.57499005e+10 1.94415597e+10 2.10438538e+10 5.31126008e+10
 7.46221881e+10]
dt_idx: 215, dt: 596.4788475036621
Max variance at index 116: 74627234300.62248
Pp max index: 116, value: 74627234300.62248
Pp max diag: 74627234300.62248
log_likelihood: [[-3.49850083]], y: [[-1.93436102e-06]], cov: [[174.01205665]]
Pp eigs: [1.57510055e+10 1.94429237e+10 2.10453302e+10 5.31163272e+10
 7.46274235e+10]
dt_idx: 216, dt: 4164.940718650818
Max variance at index 116: 74663795363.70007
Pp max index: 116, value: 74663795363.70007
Pp max diag: 74663795363.70007
log_likelihood: [[-3.50286794]], y: [[-9.72802808e-06]], cov: [[175.53857246]]
Pp eigs: [1.56040621e+10 1.57587222e+10 2.10556406e+10 5.31423497e+10
 7.46639847e+10]
dt_idx: 217, dt: 3170.1733140945435
Max variance at index 116: 74691629049.05681
Pp max index: 116, value: 74691629049.05681
Pp max diag: 74691629049.05681
log_likelihood: [[-3.47642738]], y: [[-2.24358707e-06]], cov: [[166.49706834]]
Pp eigs: [1.56098791e+10 1.57645968e+10 2.10634899e+10 5.31621605e+10
 7.46918185e+10]
dt_idx: 218, dt: 11064.672235488892
Max variance at index 116: 74788809074.99171
Pp max index: 116, value: 74788809074.99171
Pp max diag: 74788809074.99171
log_likelihood: [[-3.48922522]], y: [[-6.71550387e-06]], cov: [[170.81367907]]
Pp eigs: [1.54138058e+10 1.56301889e+10 2.10908953e+10 5.32313289e+10
 7.47889987e+10]
dt_idx: 219, dt: 11872.037094116211
Max variance at index 116: 74893138406.26225
Pp max index: 116, value: 74893138406.26225
Pp max diag: 74893138406.26225
log_likelihood: [[-3.49580246]], y: [[-8.34215499e-06]], cov: [[173.07548858]]
Pp eigs: [1.54353079e+10 1.56519929e+10 2.11203168e+10 5.33055859e+10
 7.48933284e+10]
dt_idx: 220, dt: 1097.0350255966187
Max variance at index 116: 74902781998.01306
Pp max index: 116, value: 74902781998.01306
Pp max diag: 74902781998.01306
log_likelihood: [[-3.48506903]], y: [[1.37026374e-05]], cov: [[169.39969615]]
Pp eigs: [1.54372954e+10 1.56540083e+10 2.11230364e+10 5.33124497e+10
 7.49029720e+10]
dt_idx: 221, dt: 3967.4360570907593
Max variance at index 116: 74937662424.97144
Pp max index: 116, value: 74937662424.97144
Pp max diag: 74937662424.97144
log_likelihood: [[-3.50372876]], y: [[-3.68491619e-06]], cov: [[175.84104729]]
Pp eigs: [1.54444842e+10 1.56612980e+10 2.11328729e+10 2.32631031e+10
 7.49378525e+10]
dt_idx: 222, dt: 10481.347756385803
Max variance at index 116: 75029843475.34856
Pp max index: 116, value: 75029843475.34856
Pp max diag: 75029843475.34856
log_likelihood: [[-3.48686141]], y: [[1.14635092e-06]], cov: [[170.00804494]]
Pp eigs: [1.54634825e+10 1.56805631e+10 2.11588685e+10 2.32917190e+10
 7.50300338e+10]
dt_idx: 223, dt: 6042.620175361633
Max variance at index 116: 75083008289.97882
Pp max index: 116, value: 75083008289.97882
Pp max diag: 75083008289.97882
log_likelihood: [[-3.47488546]], y: [[6.82810349e-07]], cov: [[165.98440752]]
Pp eigs: [1.43297460e+10 1.56916741e+10 2.11738613e+10 2.33082231e+10
 7.50831988e+10]
dt_idx: 224, dt: 11731.896921157837
Max variance at index 116: 75186273682.08488
Pp max index: 116, value: 75186273682.08488
Pp max diag: 75186273682.08488
log_likelihood: [[-3.48888883]], y: [[-5.26075022e-06]], cov: [[170.69879809]]
Pp eigs: [9.83021335e+09 1.43494544e+10 1.57132557e+10 2.33402800e+10
 7.51864644e+10]
dt_idx: 225, dt: 31449.299877166748
Max variance at index 116: 75463383930.16003
Pp max index: 116, value: 75463383930.16003
Pp max diag: 75463383930.16003
log_likelihood: [[-3.49867919]], y: [[-5.06192579e-06]], cov: [[174.07414318]]
Pp eigs: [9.86644372e+09 1.44023415e+10 1.57711694e+10 2.34263040e+10
 7.54635754e+10]
dt_idx: 226, dt: 4784.184445381165
Max variance at index 116: 75505575994.5211
Pp max index: 116, value: 75505575994.5211
Pp max diag: 75505575994.5211
log_likelihood: [[-3.51256298]], y: [[8.59460583e-07]], cov: [[178.97549393]]
Pp eigs: [9.87196006e+09 1.44103940e+10 1.57799872e+10 2.34394018e+10
 7.55057676e+10]
dt_idx: 227, dt: 12794.721263885498
Max variance at index 116: 75618461565.47934
Pp max index: 116, value: 75618461565.47934
Pp max diag: 75618461565.47934
log_likelihood: [[-3.48347452]], y: [[5.15550048e-07]], cov: [[168.86033809]]
Pp eigs: [9.88671912e+09 1.44319384e+10 1.58035794e+10 2.34744451e+10
 7.56186535e+10]
dt_idx: 228, dt: 19648.58508014679
Max variance at index 116: 33321203599.52702
Pp max index: 116, value: 33321203599.52702
Pp max diag: 33321203599.52702
log_likelihood: [[-3.49016521]], y: [[2.35513687e-06]], cov: [[171.13510761]]
Pp eigs: [9.90940208e+09 1.44650497e+10 1.58398377e+10 2.35283026e+10
 3.33212867e+10]
dt_idx: 229, dt: 17003.070733070374
Max variance at index 116: 33387266434.20291
Pp max index: 116, value: 33387266434.20291
Pp max diag: 33387266434.20291
log_likelihood: [[-3.53597465]], y: [[-2.53229794e-05]], cov: [[187.55501905]]
Pp eigs: [9.57676126e+09 9.92904835e+09 1.58712420e+10 2.35749499e+10
 3.33873497e+10]
dt_idx: 230, dt: 2242858.521859169
Max variance at index 116: 42564575363.42477
Pp max index: 116, value: 42564575363.42477
Pp max diag: 42564575363.42477
log_likelihood: [[-3.26914591]], y: [[3.07478731e-05]], cov: [[109.99278341]]
Pp eigs: [1.22092057e+10 1.26582649e+10 2.02338588e+10 3.00550967e+10
 4.25646836e+10]
dt_idx: 231, dt: 6344.8764934539795
Max variance at index 116: 42591807383.88178
Pp max index: 116, value: 42591807383.88178
Pp max diag: 42591807383.88178
log_likelihood: [[-3.33309545]], y: [[1.02786078e-06]], cov: [[125.00001319]]
Pp eigs: [1.22170170e+10 1.26663634e+10 2.02468040e+10 3.00743254e+10
 4.25919157e+10]
dt_idx: 232, dt: 64638.99860858917
Max variance at index 116: 42869633530.36504
Pp max index: 116, value: 42869633530.36504
Pp max diag: 42869633530.36504
log_likelihood: [[-3.37399054]], y: [[9.80439367e-06]], cov: [[135.65352288]]
Pp eigs: [1.22967095e+10 1.27489853e+10 2.03788743e+10 3.02704999e+10
 4.28697427e+10]
dt_idx: 233, dt: 13685.595509529114
Max variance at index 116: 42928548626.95464
Pp max index: 116, value: 42928548626.95464
Pp max diag: 42928548626.95464
log_likelihood: [[-3.40006689]], y: [[-1.53984667e-06]], cov: [[142.91595401]]
Pp eigs: [1.20418890e+10 1.23136089e+10 2.04068807e+10 3.03121002e+10
 4.29286579e+10]
dt_idx: 234, dt: 32761.854654312134
Max variance at index 116: 43069716605.993484
Pp max index: 116, value: 43069716605.993484
Pp max diag: 43069716605.993484
log_likelihood: [[-3.38266191]], y: [[-1.506748e-06]], cov: [[138.02664703]]
Pp eigs: [1.20814876e+10 1.23541019e+10 2.04739878e+10 3.04117796e+10
 4.30698263e+10]
dt_idx: 235, dt: 1396.4414539337158
Max variance at index 116: 43075737867.338394
Pp max index: 116, value: 43075737867.338394
Pp max diag: 43075737867.338394
log_likelihood: [[-3.39994034]], y: [[1.30495496e-06]], cov: [[142.87978629]]
Pp eigs: [1.20831766e+10 1.23558291e+10 2.04768501e+10 3.04160313e+10
 4.30758476e+10]
dt_idx: 236, dt: 4937.693898200989
Max variance at index 116: 43097031230.91598
Pp max index: 116, value: 43097031230.91598
Pp max diag: 43097031230.91598
log_likelihood: [[-3.36055742]], y: [[8.42496203e-07]], cov: [[132.05754443]]
Pp eigs: [1.20891495e+10 1.23619369e+10 2.04869723e+10 3.04310667e+10
 4.30971410e+10]
dt_idx: 237, dt: 26519.29239463806
Max variance at index 116: 43211465314.036606
Pp max index: 116, value: 43211465314.036606
Pp max diag: 43211465314.036606
log_likelihood: [[-3.37044102]], y: [[3.93041411e-06]], cov: [[134.69392331]]
Pp eigs: [1.11834697e+10 1.21212491e+10 2.05413709e+10 3.05118692e+10
 4.32115754e+10]
dt_idx: 238, dt: 5490.612029075623
Max variance at index 116: 43235173159.074165
Pp max index: 116, value: 43235173159.074165
Pp max diag: 43235173159.074165
log_likelihood: [[-3.37529135]], y: [[-1.70264109e-06]], cov: [[136.0069016]]
Pp eigs: [1.11896056e+10 1.21278993e+10 2.05526409e+10 3.05286094e+10
 4.32352833e+10]
dt_idx: 239, dt: 6106.80171585083
Max variance at index 116: 43261547749.49513
Pp max index: 116, value: 43261547749.49513
Pp max diag: 43261547749.49513
log_likelihood: [[-3.38845203]], y: [[-5.45868768e-05]], cov: [[139.63431946]]
Pp eigs: [1.09517853e+10 1.21352976e+10 2.05651786e+10 3.05472326e+10
 4.32616580e+10]
dt_idx: 240, dt: 772.0464153289795
Max variance at index 116: 43264882589.14006
Pp max index: 116, value: 43264882589.14006
Pp max diag: 43264882589.14006
log_likelihood: [[-3.38160038]], y: [[-6.76817524e-06]], cov: [[137.73391722]]
Pp eigs: [1.01593740e+10 1.09526295e+10 1.21362330e+10 3.05495874e+10
 4.32649928e+10]
dt_idx: 241, dt: 14815.927534103394
Max variance at index 116: 43328899606.11064
Pp max index: 116, value: 43328899606.11064
Pp max diag: 43328899606.11064
log_likelihood: [[-3.37212384]], y: [[5.09024161e-06]], cov: [[135.14801883]]
Pp eigs: [1.01744079e+10 1.09688359e+10 1.21541902e+10 3.05947902e+10
 4.33290100e+10]
dt_idx: 242, dt: 1814.4057426452637
Max variance at index 116: 43336741935.50939
Pp max index: 116, value: 43336741935.50939
Pp max diag: 43336741935.50939
log_likelihood: [[-3.80489673]], y: [[-4.89980726e-06]], cov: [[321.1526002]]
Pp eigs: [1.01762496e+10 1.09708212e+10 1.21563901e+10 3.06003277e+10
 4.33368524e+10]
dt_idx: 243, dt: 8968.351958274841
Max variance at index 116: 43375513796.83224
Pp max index: 116, value: 43375513796.83224
Pp max diag: 43375513796.83224
log_likelihood: [[-3.40211443]], y: [[-2.87559486e-07]], cov: [[143.50240477]]
Pp eigs: [1.01853449e+10 1.09806366e+10 1.21672658e+10 3.06277047e+10
 4.33756243e+10]
dt_idx: 244, dt: 2698.851441383362
Max variance at index 116: 43387184148.31008
Pp max index: 116, value: 43387184148.31008
Pp max diag: 43387184148.31008
log_likelihood: [[-3.46877394]], y: [[-9.24983382e-07]], cov: [[163.96792378]]
Pp eigs: [1.01880856e+10 1.09835910e+10 1.21705395e+10 3.06359452e+10
 4.33872947e+10]
dt_idx: 245, dt: 1137.0279989242554
Max variance at index 116: 43392101251.00611
Pp max index: 116, value: 43392101251.00611
Pp max diag: 43392101251.00611
log_likelihood: [[-4.19232]], y: [[-3.68598064e-06]], cov: [[696.98433325]]
Pp eigs: [1.01892404e+10 1.09848358e+10 1.21719187e+10 3.06394172e+10
 4.33922118e+10]
dt_idx: 246, dt: 2604.2491426467896
Max variance at index 116: 43403364223.315636
Pp max index: 116, value: 43403364223.315636
Pp max diag: 43403364223.315636
log_likelihood: [[-3.38324909]], y: [[5.2502249e-06]], cov: [[138.188833]]
Pp eigs: [1.01918856e+10 1.09876871e+10 1.21750781e+10 3.06473700e+10
 4.34034748e+10]
dt_idx: 247, dt: 12524.982474327087
Max variance at index 116: 43457549143.32281
Pp max index: 116, value: 43457549143.32281
Pp max diag: 43457549143.32281
log_likelihood: [[-3.4269462]], y: [[-1.67303432e-05]], cov: [[150.80917993]]
Pp eigs: [1.02046105e+10 1.10014044e+10 1.21902773e+10 3.06856303e+10
 4.34576599e+10]
dt_idx: 248, dt: 7117.762700080872
Max variance at index 116: 43488353670.021866
Pp max index: 116, value: 43488353670.021866
Pp max diag: 43488353670.021866
log_likelihood: [[-3.38171248]], y: [[1.61938775e-05]], cov: [[137.7648022]]
Pp eigs: [1.02118447e+10 1.10092028e+10 1.21989182e+10 3.07073815e+10
 4.34884645e+10]
dt_idx: 249, dt: 12105.452236175537
Max variance at index 116: 43540764136.84281
Pp max index: 116, value: 43540764136.84281
Pp max diag: 43540764136.84281
log_likelihood: [[-3.39763361]], y: [[-2.61232178e-06]], cov: [[142.22213311]]
Pp eigs: [1.02241528e+10 1.10224709e+10 1.22136197e+10 3.07443888e+10
 4.35408751e+10]
dt_idx: 250, dt: 10264.936529159546
Max variance at index 116: 43585225858.8519
Pp max index: 116, value: 43585225858.8519
Pp max diag: 43585225858.8519
log_likelihood: [[-3.36689773]], y: [[2.71761275e-05]], cov: [[133.74277779]]
Pp eigs: [1.02345942e+10 1.10337267e+10 1.22260915e+10 3.07757835e+10
 4.35853370e+10]
dt_idx: 251, dt: 6410.411973953247
Max variance at index 116: 43613001220.00509
Pp max index: 116, value: 43613001220.00509
Pp max diag: 43613001220.00509
log_likelihood: [[-3.35935328]], y: [[9.52754085e-08]], cov: [[131.73989618]]
Pp eigs: [1.02411168e+10 1.10407582e+10 1.22338827e+10 3.07953958e+10
 4.36131124e+10]
dt_idx: 252, dt: 939.4968776702881
Max variance at index 116: 43617072513.8745
Pp max index: 116, value: 43617072513.8745
Pp max diag: 43617072513.8745
log_likelihood: [[-2.91159825]], y: [[2.52523016e-06]], cov: [[53.80247307]]
Pp eigs: [1.02420729e+10 1.10417889e+10 1.22350247e+10 3.07982706e+10
 4.36171837e+10]
dt_idx: 253, dt: 2381.872657775879
Max variance at index 116: 43627394998.98841
Pp max index: 116, value: 43627394998.98841
Pp max diag: 43627394998.98841
log_likelihood: [[-3.72024683]], y: [[1.53628133e-05]], cov: [[271.13492943]]
Pp eigs: [1.02444776e+10 1.10444020e+10 1.22379203e+10 3.08055593e+10
 4.36275062e+10]
dt_idx: 254, dt: 6497.594051361084
Max variance at index 116: 43655559028.10878
Pp max index: 116, value: 43655559028.10878
Pp max diag: 43655559028.10878
log_likelihood: [[-3.38067209]], y: [[7.23341951e-06]], cov: [[137.47844062]]
Pp eigs: [1.02510868e+10 1.10515320e+10 1.22458205e+10 3.08254461e+10
 4.36556703e+10]
dt_idx: 255, dt: 5550.381909370422
Max variance at index 116: 43679623082.975044
Pp max index: 116, value: 43679623082.975044
Pp max diag: 43679623082.975044
log_likelihood: [[-3.4015952]], y: [[-3.46759393e-06]], cov: [[143.35345974]]
Pp eigs: [1.02567380e+10 1.10576239e+10 1.22525706e+10 3.08424379e+10
 4.36797345e+10]
dt_idx: 256, dt: 2082.156494140625
Max variance at index 116: 43688651778.48467
Pp max index: 116, value: 43688651778.48467
Pp max diag: 43688651778.48467
log_likelihood: [[-3.39852614]], y: [[-1.1142213e-05]], cov: [[142.4762347]]
Pp eigs: [1.02588583e+10 1.10599096e+10 1.22551032e+10 3.08488131e+10
 4.36887632e+10]
dt_idx: 257, dt: 9257.874740600586
Max variance at index 116: 43728805010.687
Pp max index: 116, value: 43728805010.687
Pp max diag: 43728805010.687
log_likelihood: [[-3.37308556]], y: [[8.72293609e-07]], cov: [[135.40821859]]
Pp eigs: [6.47253276e+09 1.02682879e+10 1.10700747e+10 3.08771655e+10
 4.37289165e+10]
dt_idx: 258, dt: 9105.465740203857
Max variance at index 68: 30904946766.985077
Pp max index: 68, value: 30904946766.985077
Pp max diag: 30904946766.985077
log_likelihood: [[-3.39807833]], y: [[-6.3415552e-06]], cov: [[142.34868873]]
Pp eigs: [6.47837808e+09 1.02775656e+10 1.10800761e+10 2.22287995e+10
 3.09050613e+10]
dt_idx: 259, dt: 6114.746929168701
Max variance at index 68: 30923685669.43309
Pp max index: 68, value: 30923685669.43309
Pp max diag: 30923685669.43309
log_likelihood: [[-3.37663691]], y: [[4.38999777e-06]], cov: [[136.37340505]]
Pp eigs: [6.45488220e+09 6.48230482e+09 1.02837980e+10 2.22422775e+10
 3.09238003e+10]
dt_idx: 260, dt: 24543.186675071716
Max variance at index 68: 30998944912.29658
Pp max index: 68, value: 30998944912.29658
Pp max diag: 30998944912.29658
log_likelihood: [[-3.3909155]], y: [[-1.7212124e-05]], cov: [[140.32398643]]
Pp eigs: [6.47059838e+09 6.49807482e+09 1.03088280e+10 2.22964079e+10
 3.09990598e+10]
dt_idx: 261, dt: 8667.19078540802
Max variance at index 116: 22315479855.841763
Pp max index: 116, value: 22315479855.841763
Pp max diag: 22315479855.841763
log_likelihood: [[-3.43707503]], y: [[-6.21256e-06]], cov: [[153.89537507]]
Pp eigs: [6.47615198e+09 6.50364748e+09 1.03176730e+10 1.52352564e+10
 2.23155361e+10]
dt_idx: 262, dt: 63782.98226451874
Max variance at index 116: 22456447253.58351
Pp max index: 116, value: 22456447253.58351
Pp max diag: 22456447253.58351
log_likelihood: [[-3.37877834]], y: [[1.75662302e-06]], cov: [[136.95872751]]
Pp eigs: [6.51708499e+09 6.54470630e+09 1.03828575e+10 1.53314934e+10
 2.24565039e+10]
dt_idx: 263, dt: 2260504.16344738
Max variance at index 116: 27674915314.30999
Pp max index: 116, value: 27674915314.30999
Pp max diag: 27674915314.30999
log_likelihood: [[nan]], y: [[-3.94228503e-06]], cov: [[-1.57287806]]
Pp eigs: [8.03223549e+09 8.06499330e+09 1.27959362e+10 1.88940798e+10
 2.76749864e+10]
dt_idx: 264, dt: 11443.998779296875
Max variance at index 110: 91165430267.22299
Pp max index: 110, value: 91165430267.22299
Pp max diag: 91165430267.22299
log_likelihood: [[nan]], y: [[4.11109191e-06]], cov: [[-659.7166325]]
Pp eigs: [8.07298352e+09 1.28070077e+10 1.89120595e+10 2.76470655e+10
 9.24122615e+10]
dt_idx: 265, dt: 3932.2736463546753
Max variance at index 110: 91331067922.306
Pp max index: 110, value: 91331067922.306
Pp max diag: 91331067922.306
log_likelihood: [[-3.40566414]], y: [[-6.27736695e-06]], cov: [[144.52481325]]
Pp eigs: [8.07573542e+09 1.28113383e+10 1.89190971e+10 2.76564848e+10
 9.25855311e+10]
dt_idx: 266, dt: 2149.0061655044556
Max variance at index 110: 91056037212.26096
Pp max index: 110, value: 91056037212.26096
Pp max diag: 91056037212.26096
log_likelihood: [[-3.47073603]], y: [[-2.98879007e-07]], cov: [[164.61262558]]
Pp eigs: [8.07724033e+09 1.28137303e+10 1.89225581e+10 2.76615284e+10
 9.23533234e+10]
dt_idx: 267, dt: 23832.97592163086
Max variance at index 110: 91291103906.31757
Pp max index: 110, value: 91291103906.31757
Pp max diag: 91291103906.31757
log_likelihood: [[-5.75123625]], y: [[-0.00023161]], cov: [[15749.99652626]]
Pp eigs: [8.09392700e+09 1.28399358e+10 1.89616765e+10 2.77189485e+10
 9.25930372e+10]
dt_idx: 268, dt: 11401.844022750854
Max variance at index 110: 55436376795.7553
Pp max index: 110, value: 55436376795.7553
Pp max diag: 55436376795.7553
log_likelihood: [[-4.67547539]], y: [[-4.89567668e-05]], cov: [[1831.83545171]]
Pp eigs: [8.10191346e+09 1.28526175e+10 1.89802195e+10 2.77221887e+10
 5.72252461e+10]
dt_idx: 269, dt: 25871.58669567108
Max variance at index 116: 27865972928.752804
Pp max index: 116, value: 27865972928.752804
Pp max diag: 27865972928.752804
log_likelihood: [[-2.97928491]], y: [[-2.48108124e-05]], cov: [[61.60190263]]
Pp eigs: [8.11988678e+09 8.60626803e+09 1.28850466e+10 1.90241712e+10
 2.78677805e+10]
dt_idx: 270, dt: 3469.2253103256226
Max variance at index 116: 27873837801.466507
Pp max index: 116, value: 27873837801.466507
Pp max diag: 27873837801.466507
log_likelihood: [[-3.21348352]], y: [[-7.01033301e-07]], cov: [[98.40483892]]
Pp eigs: [8.12203537e+09 1.04226098e+10 1.28885298e+10 1.90300010e+10
 2.78774824e+10]
dt_idx: 271, dt: 1751.7761526107788
Max variance at index 116: 27874563099.905415
Pp max index: 116, value: 27874563099.905415
Pp max diag: 27874563099.905415
log_likelihood: [[-3.28180523]], y: [[-2.74753602e-06]], cov: [[112.81320464]]
Pp eigs: [8.12344710e+09 9.67517477e+09 1.28902259e+10 1.90328109e+10
 2.78778222e+10]
dt_idx: 272, dt: 9372.817886352539
Max variance at index 116: 27897125388.05372
Pp max index: 116, value: 27897125388.05372
Pp max diag: 27897125388.05372
log_likelihood: [[-3.30049704]], y: [[4.44003073e-06]], cov: [[117.11039259]]
Pp eigs: [8.13001785e+09 9.68118608e+09 1.29007233e+10 1.90482243e+10
 2.79003929e+10]
dt_idx: 273, dt: 18997.51949596405
Max variance at index 116: 27942981723.73832
Pp max index: 116, value: 27942981723.73832
Pp max diag: 27942981723.73832
log_likelihood: [[-4.32847049]], y: [[8.994657e-06]], cov: [[915.1279671]]
Pp eigs: [7.37084529e+09 8.14340302e+09 1.00137128e+10 1.90794684e+10
 2.79461745e+10]
dt_idx: 274, dt: 8317.69704246521
Max variance at index 116: 27942037616.02302
Pp max index: 116, value: 27942037616.02302
Pp max diag: 27942037616.02302
log_likelihood: [[nan]], y: [[-5.59818247e-06]], cov: [[-3615.52758689]]
Pp eigs: [7.16256069e+09 7.37923248e+09 8.15045015e+09 1.90926277e+10
 2.79528425e+10]
dt_idx: 275, dt: 599.1734800338745
Max variance at index 110: 34686453753.65053
Pp max index: 110, value: 34686453753.65053
Pp max diag: 34686453753.65053
log_likelihood: [[-4.55530146]], y: [[5.57172516e-05]], cov: [[1440.47163254]]
Pp eigs: [7.37952555e+09 8.15058076e+09 1.90935595e+10 2.78942627e+10
 4.42971423e+10]
dt_idx: 276, dt: 9513.11838722229
Max variance at index 110: 34922435758.71047
Pp max index: 110, value: 34922435758.71047
Pp max diag: 34922435758.71047
log_likelihood: [[nan]], y: [[0.00035977]], cov: [[-52129.92324204]]
Pp eigs: [7.38558763e+09 8.15730941e+09 1.91092269e+10 2.79164647e+10
 4.42204471e+10]
dt_idx: 277, dt: 7284.840865135193
Max variance at index 110: 54168702922.1428
Pp max index: 110, value: 54168702922.1428
Pp max diag: 54168702922.1428
log_likelihood: [[-3.35032895]], y: [[5.86257455e-06]], cov: [[129.38349723]]
Pp eigs: [7.39032649e+09 8.16301919e+09 1.91214221e+10 2.79572775e+10
 6.62679809e+10]
dt_idx: 278, dt: 7704.688326835632
Max variance at index 110: 54229788836.50448
Pp max index: 110, value: 54229788836.50448
Pp max diag: 54229788836.50448
log_likelihood: [[nan]], y: [[3.85619649e-05]], cov: [[-138.40510282]]
Pp eigs: [7.28189525e+09 7.39523901e+09 1.91341070e+10 2.79758359e+10
 6.63441538e+10]
dt_idx: 279, dt: 5456.885312080383
Max variance at index 110: 54414750553.83911
Pp max index: 110, value: 54414750553.83911
Pp max diag: 54414750553.83911
log_likelihood: [[-3.53960981]], y: [[9.607297e-06]], cov: [[188.92357223]]
Pp eigs: [7.39624612e+09 8.67829459e+09 1.91431331e+10 2.79901818e+10
 6.67084710e+10]
dt_idx: 280, dt: 11914.17202949524
Max variance at index 110: 37711592976.73116
Pp max index: 110, value: 37711592976.73116
Pp max diag: 37711592976.73116
log_likelihood: [[-3.61215668]], y: [[-4.85309738e-05]], cov: [[218.42359779]]
Pp eigs: [7.17703597e+09 8.48076652e+09 1.91627695e+10 2.80025493e+10
 4.85159169e+10]
dt_idx: 281, dt: 10981.583340644836
Max variance at index 110: 34494461622.07338
Pp max index: 110, value: 34494461622.07338
Pp max diag: 34494461622.07338
log_likelihood: [[-6.89874619]], y: [[0.00236178]], cov: [[156312.94124827]]
Pp eigs: [7.17833957e+09 7.29374341e+09 1.91808274e+10 2.80205527e+10
 4.66579080e+10]
dt_idx: 282, dt: 6342.98228931427
Max variance at index 116: 28100354818.80558
Pp max index: 116, value: 28100354818.80558
Pp max diag: 28100354818.80558
log_likelihood: [[nan]], y: [[-0.00019098]], cov: [[-652.37799347]]
Pp eigs: [6.78490277e+09 7.19148477e+09 1.91912868e+10 2.32099050e+10
 2.81688380e+10]
dt_idx: 283, dt: 10330.310173988342
Max variance at index 116: 28138967412.99374
Pp max index: 116, value: 28138967412.99374
Pp max diag: 28138967412.99374
log_likelihood: [[-3.30522918]], y: [[-2.21888132e-05]], cov: [[118.22401855]]
Pp eigs: [7.19753732e+09 8.15767205e+09 1.92084032e+10 2.80684034e+10
 3.03061679e+10]
dt_idx: 284, dt: 4098.859540939331
Max variance at index 116: 28148688394.339638
Pp max index: 116, value: 28148688394.339638
Pp max diag: 28148688394.339638
log_likelihood: [[-3.37608688]], y: [[1.68378139e-05]], cov: [[136.22347052]]
Pp eigs: [7.19944911e+09 7.83685204e+09 1.12302729e+10 2.80791807e+10
 3.03327496e+10]
dt_idx: 285, dt: 1993.8765230178833
Max variance at index 116: 28150577304.738873
Pp max index: 116, value: 28150577304.738873
Pp max diag: 28150577304.738873
log_likelihood: [[nan]], y: [[-2.76067113e-05]], cov: [[-384.26289916]]
Pp eigs: [7.20062050e+09 8.05519564e+09 1.11628427e+10 2.80473930e+10
 2.90550483e+10]
dt_idx: 286, dt: 4076.7314977645874
Max variance at index 116: 28161697002.676613
Pp max index: 116, value: 28161697002.676613
Pp max diag: 28161697002.676613
log_likelihood: [[-3.65034382]], y: [[-4.6662548e-05]], cov: [[235.75911139]]
Pp eigs: [7.20229054e+09 8.02578864e+09 1.12642492e+10 2.81547657e+10
 5.86481558e+10]
dt_idx: 287, dt: 215.8366298675537
Max variance at index 116: 28157680971.643692
Pp max index: 116, value: 28157680971.643692
Pp max diag: 28157680971.643692
log_likelihood: [[-3.09479276]], y: [[2.42098992e-05]], cov: [[77.61094365]]
Pp eigs: [7.20248849e+09 8.03082337e+09 1.12351371e+10 1.93488596e+10
 2.81605911e+10]
dt_idx: 288, dt: 6293.4489822387695
Max variance at index 116: 28166738591.647076
Pp max index: 116, value: 28166738591.647076
Pp max diag: 28166738591.647076
log_likelihood: [[nan]], y: [[0.00011192]], cov: [[-5005.8669763]]
Pp eigs: [7.04206015e+09 7.20692326e+09 1.09101510e+10 1.90100541e+10
 2.81702093e+10]
dt_idx: 289, dt: 10584.250891685486
Max variance at index 116: 28193711783.418873
Pp max index: 116, value: 28193711783.418873
Pp max diag: 28193711783.418873
log_likelihood: [[-2.74920001]], y: [[1.83673784e-05]], cov: [[38.88167106]]
Pp eigs: [7.06224552e+09 7.21343029e+09 1.09566356e+10 1.99827758e+10
 2.81960457e+10]
dt_idx: 290, dt: 1359.0021886825562
Max variance at index 116: 28193663630.838005
Pp max index: 116, value: 28193663630.838005
Pp max diag: 28193663630.838005
log_likelihood: [[nan]], y: [[9.35349007e-05]], cov: [[-580.5306234]]
Pp eigs: [6.56236285e+09 7.21149722e+09 7.35072029e+09 1.10664450e+10
 2.81997870e+10]
dt_idx: 291, dt: 31954.556730270386
Max variance at index 116: 28282648687.737938
Pp max index: 116, value: 28282648687.737938
Pp max diag: 28282648687.737938
log_likelihood: [[nan]], y: [[-5.42122148e-06]], cov: [[-6.78614235]]
Pp eigs: [6.57517296e+09 7.23411432e+09 7.92901354e+09 1.10842463e+10
 2.82834718e+10]
dt_idx: 292, dt: 13018.32620048523
Max variance at index 110: 64201147172.18558
Pp max index: 110, value: 64201147172.18558
Pp max diag: 64201147172.18558
log_likelihood: [[-2.57928174]], y: [[-8.42853227e-05]], cov: [[27.67934366]]
Pp eigs: [7.24019887e+09 7.67730070e+09 1.10750558e+10 2.83118293e+10
 3.38595907e+11]
dt_idx: 293, dt: 2280.011467933655
Max variance at index 110: 211122171359.5258
Pp max index: 110, value: 211122171359.5258
Pp max diag: 211122171359.5258
log_likelihood: [[nan]], y: [[0.00108471]], cov: [[-95600.89051352]]
Pp eigs: [7.24155949e+09 7.68376744e+09 1.10791018e+10 2.83172317e+10
 1.12535842e+12]
dt_idx: 294, dt: 19943.538990020752
Max variance at index 130: 354205622109.2527
Pp max index: 130, value: 354205622109.2527
Pp max diag: 354205622109.2527
log_likelihood: [[-4.89467986]], y: [[6.99028535e-05]], cov: [[2839.78225345]]
Pp eigs: [7.25392428e+09 7.72440568e+09 1.11164245e+10 2.83656518e+10
 1.73440837e+12]
dt_idx: 295, dt: 35752.866223335266
Max variance at index 130: 301758322257.4394
Pp max index: 130, value: 301758322257.4394
Pp max diag: 301758322257.4394
log_likelihood: [[-4.33453975]], y: [[-0.00021659]], cov: [[926.30395317]]
Pp eigs: [7.13902248e+09 7.74402516e+09 1.11210235e+10 2.84523112e+10
 1.52123209e+12]
dt_idx: 296, dt: 2121191.535516739
Max variance at index 116: 32827222031.508522
Pp max index: 116, value: 32827222031.508522
Pp max diag: 32827222031.508522
log_likelihood: [[nan]], y: [[0.00102837]], cov: [[-176596.53182467]]
Pp eigs: [8.31346116e+09 9.11879155e+09 1.31611678e+10 2.33518144e+10
 9.02539751e+10]
dt_idx: 297, dt: 82013.6476612091
Max variance at index 116: 33486463331.604828
Pp max index: 116, value: 33486463331.604828
Pp max diag: 33486463331.604828
log_likelihood: [[-7.12501144]], y: [[0.00020315]], cov: [[245768.62372909]]
Pp eigs: [8.34350768e+09 9.22942181e+09 1.31834272e+10 2.04376030e+10
 1.82171220e+11]
dt_idx: 298, dt: 51108.54275608063
Max variance at index 130: 34345948365.551765
Pp max index: 130, value: 34345948365.551765
Pp max diag: 34345948365.551765
log_likelihood: [[-6.51290699]], y: [[-0.00018381]], cov: [[72253.56226459]]
Pp eigs: [7.99927704e+09 8.71766255e+09 1.19377516e+10 1.36844129e+10
 2.02144789e+11]
dt_idx: 299, dt: 14343.512511253357
Max variance at index 116: 19536816572.050896
Pp max index: 116, value: 19536816572.050896
Pp max diag: 19536816572.050896
log_likelihood: [[-5.16145536]], y: [[0.00032238]], cov: [[4841.76045073]]
Pp eigs: [8.03846053e+09 8.51770706e+09 1.22218785e+10 1.37858250e+10
 6.43778277e+10]
dt_idx: 300, dt: 8447.38055896759
Max variance at index 116: 27728432085.535988
Pp max index: 116, value: 27728432085.535988
Pp max diag: 27728432085.535988
log_likelihood: [[nan]], y: [[-0.01947141]], cov: [[-1262402.51899209]]
Pp eigs: [8.05274848e+09 8.52351077e+09 1.19720996e+10 1.47350385e+10
 7.45377162e+10]
dt_idx: 301, dt: 24074.575092315674
Max variance at index 116: 22254010336.19479
Pp max index: 116, value: 22254010336.19479
Pp max diag: 22254010336.19479
log_likelihood: [[nan]], y: [[0.00042969]], cov: [[-331640.80185996]]
Pp eigs: [8.04320241e+09 8.55600638e+09 1.14324056e+10 1.37343246e+10
 6.11015846e+10]
dt_idx: 302, dt: 15822.309683799744
Max variance at index 116: 22111097818.72774
Pp max index: 116, value: 22111097818.72774
Pp max diag: 22111097818.72774
log_likelihood: [[nan]], y: [[-0.00113599]], cov: [[-16538.79424682]]
Pp eigs: [8.05613618e+09 8.82090541e+09 1.15730810e+10 1.37125232e+10
 6.50141156e+10]
dt_idx: 303, dt: 2695.4653301239014
Max variance at index 108: 59490533952.58785
Pp max index: 108, value: 59490533952.58785
Pp max diag: 59490533952.58785
log_likelihood: [[-6.55990476]], y: [[0.00432106]], cov: [[79374.50121828]]
Pp eigs: [8.07188979e+09 8.82722331e+09 1.24420536e+10 1.69538132e+10
 2.29781240e+11]
dt_idx: 304, dt: 390.8038902282715
Max variance at index 128: 20524582560.719334
Pp max index: 128, value: 20524582560.719334
Pp max diag: 20524582560.719334
log_likelihood: [[nan]], y: [[-0.00813565]], cov: [[-330727.1237139]]
Pp eigs: [8.42483437e+09 8.65647116e+09 1.22229377e+10 1.50444948e+10
 1.09734782e+11]
dt_idx: 305, dt: 11189.348408699036
Max variance at index 128: 35364446048.86261
Pp max index: 128, value: 35364446048.86261
Pp max diag: 35364446048.86261
log_likelihood: [[-6.97725984]], y: [[-0.00191108]], cov: [[182890.4506161]]
Pp eigs: [8.46248227e+09 8.71241418e+09 1.25979697e+10 1.65149939e+10
 2.92557330e+11]
dt_idx: 306, dt: 85.3113660812378
Max variance at index 116: 22916564237.135044
Pp max index: 116, value: 22916564237.135044
Pp max diag: 22916564237.135044
log_likelihood: [[nan]], y: [[-0.00077257]], cov: [[-16968.63989674]]
Pp eigs: [8.55248160e+09 1.10953370e+10 1.35423183e+10 3.45232464e+10
 8.04352010e+10]
dt_idx: 307, dt: 8158.779590606689
Max variance at index 116: 25580896917.523376
Pp max index: 116, value: 25580896917.523376
Pp max diag: 25580896917.523376
log_likelihood: [[nan]], y: [[0.00267682]], cov: [[-6216.1062305]]
Pp eigs: [9.41342075e+09 1.14806213e+10 1.41274436e+10 3.92303997e+10
 1.05419563e+11]
dt_idx: 308, dt: 8629.538589477539
Max variance at index 84: 394677767947.72217
Pp max index: 84, value: 394677767947.72217
Pp max diag: 394677767947.72217
log_likelihood: [[nan]], y: [[0.02391651]], cov: [[-4117713.809362]]
Pp eigs: [1.00997290e+10 1.28151693e+10 2.00664339e+10 9.95347180e+10
 1.10400387e+12]
dt_idx: 309, dt: 2580.124071121216
Max variance at index 84: 524260166294.4178
Pp max index: 84, value: 524260166294.4178
Pp max diag: 524260166294.4178
log_likelihood: [[-6.80438227]], y: [[0.00574095]], cov: [[129428.9650791]]
Pp eigs: [1.01602819e+10 1.28346370e+10 2.01371982e+10 9.92180371e+10
 1.41218024e+12]
dt_idx: 310, dt: 10774.36182308197
Max variance at index 84: 84057124477.41316
Pp max index: 84, value: 84057124477.41316
Pp max diag: 84057124477.41316
log_likelihood: [[-7.11361113]], y: [[0.00602841]], cov: [[240228.34585589]]
Pp eigs: [1.02555814e+10 1.25061781e+10 2.18844892e+10 4.61020194e+10
 2.94908789e+11]
dt_idx: 311, dt: 4131.6642961502075
Max variance at index 116: 21250082820.45984
Pp max index: 116, value: 21250082820.45984
Pp max diag: 21250082820.45984
log_likelihood: [[nan]], y: [[1.87121281e-06]], cov: [[-620160.63694239]]
Pp eigs: [8.41625809e+09 1.09204798e+10 1.27035578e+10 2.27630026e+10
 7.81482871e+10]
dt_idx: 312, dt: 4926.428541183472
Max variance at index 116: 21238689920.679466
Pp max index: 116, value: 21238689920.679466
Pp max diag: 21238689920.679466
log_likelihood: [[-6.78405773]], y: [[-0.00199364]], cov: [[124273.29182857]]
Pp eigs: [8.97039471e+09 1.20546819e+10 1.85409946e+10 2.84360817e+10
 7.87596638e+10]
dt_idx: 313, dt: 9417.719464302063
Max variance at index 116: 19859597827.506966
Pp max index: 116, value: 19859597827.506966
Pp max diag: 19859597827.506966
log_likelihood: [[-3.39505333]], y: [[-0.00075014]], cov: [[141.49007813]]
Pp eigs: [8.40082761e+09 1.02588883e+10 1.25126641e+10 2.44151739e+10
 4.76027442e+10]
dt_idx: 314, dt: 13968.01403427124
Max variance at index 108: 178162356194.9141
Pp max index: 108, value: 178162356194.9141
Pp max diag: 178162356194.9141
log_likelihood: [[nan]], y: [[-0.25661332]], cov: [[-31539408.8436473]]
Pp eigs: [8.64992637e+09 1.23022226e+10 1.27254144e+10 2.84305648e+10
 1.20043774e+12]
dt_idx: 315, dt: 3420.676769256592
Max variance at index 108: 1024439356363.9519
Pp max index: 108, value: 1024439356363.9519
Pp max diag: 1024439356363.9519
log_likelihood: [[-7.09305824]], y: [[-0.01784857]], cov: [[230553.77570166]]
Pp eigs: [8.68948641e+09 1.23937730e+10 1.28603057e+10 2.87018348e+10
 2.33883139e+12]
dt_idx: 316, dt: 4262.427954673767
Max variance at index 124: 71923586949.15205
Pp max index: 124, value: 71923586949.15205
Pp max diag: 71923586949.15205
log_likelihood: [[nan]], y: [[-0.01150233]], cov: [[-205400.4286696]]
Pp eigs: [8.82908349e+09 1.22623355e+10 1.30645287e+10 3.23951825e+10
 2.42892114e+11]
dt_idx: 317, dt: 357.67062282562256
Max variance at index 108: 76225555083.31796
Pp max index: 108, value: 76225555083.31796
Pp max diag: 76225555083.31796
log_likelihood: [[-7.6513182]], y: [[0.00645669]], cov: [[704158.91608023]]
Pp eigs: [9.11519782e+09 1.21785709e+10 1.26173557e+10 3.05090795e+10
 3.21249550e+11]
dt_idx: 318, dt: 5676.681288719177
Max variance at index 108: 78234923483.30252
Pp max index: 108, value: 78234923483.30252
Pp max diag: 78234923483.30252
log_likelihood: [[nan]], y: [[-0.00165904]], cov: [[-47195.97587658]]
Pp eigs: [8.60866732e+09 1.08248143e+10 1.22648858e+10 2.45127120e+10
 2.98939134e+11]
dt_idx: 319, dt: 11411.270261764526
Max variance at index 108: 79908267548.10133
Pp max index: 108, value: 79908267548.10133
Pp max diag: 79908267548.10133
log_likelihood: [[-5.09348052]], y: [[0.00561062]], cov: [[4226.3075328]]
Pp eigs: [8.61661023e+09 1.07773836e+10 1.25567100e+10 2.28375390e+10
 2.81743029e+11]
dt_idx: 320, dt: 11214.100372314453
Max variance at index 104: 1433774895.1591876
Pp max index: 104, value: 1433774895.1591876
Pp max diag: 1433774895.1591876
log_likelihood: [[nan]], y: [[-0.03769809]], cov: [[-276809.1441352]]
Pp eigs: [8.57551695e+09 1.15327284e+10 1.31392371e+10 2.64880469e+10
 4.13471454e+10]
dt_idx: 321, dt: 8818.218838691711
Max variance at index 108: 442044025912.1318
Pp max index: 108, value: 442044025912.1318
Pp max diag: 442044025912.1318
log_likelihood: [[nan]], y: [[0.01271755]], cov: [[-378133.56779966]]
Pp eigs: [8.72710340e+09 1.20390331e+10 1.52072954e+10 2.81918171e+10
 1.32568488e+12]
dt_idx: 322, dt: 1410.2366590499878
Max variance at index 108: 469754535650.2816
Pp max index: 108, value: 469754535650.2816
Pp max diag: 469754535650.2816
log_likelihood: [[-6.33706483]], y: [[0.0079691]], cov: [[50830.53814095]]
Pp eigs: [1.14067863e+10 1.19535304e+10 1.92077481e+10 3.74334269e+10
 1.50095265e+12]
dt_idx: 323, dt: 41737.83773994446
Max variance at index 70: 8770708740.202232
Pp max index: 70, value: 8770708740.202232
Pp max diag: 8770708740.202232
log_likelihood: [[-5.84680373]], y: [[0.03466172]], cov: [[19067.30411553]]
Pp eigs: [8.86751646e+09 1.16569424e+10 1.24406250e+10 2.38086852e+10
 6.01679822e+10]
dt_idx: 324, dt: 12959.956236839294
Max variance at index 104: 5484726474.912411
Pp max index: 104, value: 5484726474.912411
Pp max diag: 5484726474.912411
log_likelihood: [[-7.71562718]], y: [[0.00185856]], cov: [[800808.6349959]]
Pp eigs: [8.75817693e+09 1.07828769e+10 1.28139741e+10 2.38526279e+10
 4.24456886e+10]
dt_idx: 325, dt: 4604.142133712769
Max variance at index 104: 5091306767.62036
Pp max index: 104, value: 5091306767.62036
Pp max diag: 5091306767.62036
log_likelihood: [[nan]], y: [[3.78273807]], cov: [[-2.480326e+08]]
Pp eigs: [8.86405122e+09 1.07675998e+10 1.28120847e+10 2.37358482e+10
 3.70122853e+10]
dt_idx: 326, dt: 37653.286907196045
Max variance at index 130: 87721446249.32771
Pp max index: 130, value: 87721446249.32771
Pp max diag: 87721446249.32771
log_likelihood: [[nan]], y: [[-0.00325486]], cov: [[-97439.66798821]]
Pp eigs: [8.85073912e+09 1.08965653e+10 1.29759833e+10 2.38098838e+10
 4.58159879e+11]
dt_idx: 327, dt: 30025.674140930176
Max variance at index 130: 86715874157.36354
Pp max index: 130, value: 86715874157.36354
Pp max diag: 86715874157.36354
log_likelihood: [[nan]], y: [[-0.00824024]], cov: [[-58484.79961522]]
Pp eigs: [8.84875941e+09 1.09478933e+10 1.30213024e+10 2.38293226e+10
 4.74487136e+11]
dt_idx: 328, dt: 54861.056844711304
Max variance at index 108: 311448240395.0771
Pp max index: 108, value: 311448240395.0771
Pp max diag: 311448240395.0771
log_likelihood: [[-6.99195864]], y: [[0.00031471]], cov: [[188346.7983596]]
Pp eigs: [1.09328880e+10 1.23996551e+10 1.94403506e+10 2.76992094e+10
 1.30062339e+12]
dt_idx: 329, dt: 2229929.9888677597
Max variance at index 108: 364635852880.64453
Pp max index: 108, value: 364635852880.64453
Pp max diag: 364635852880.64453
log_likelihood: [[-6.72718984]], y: [[0.00873263]], cov: [[110913.13482938]]
Pp eigs: [1.11888358e+10 1.34135611e+10 1.85896015e+10 2.42811050e+10
 1.52699737e+12]
dt_idx: 330, dt: 14429.380716323853
Max variance at index 108: 55818294032.18198
Pp max index: 108, value: 55818294032.18198
Pp max diag: 55818294032.18198
log_likelihood: [[nan]], y: [[-0.00241639]], cov: [[-12584.80908611]]
Pp eigs: [1.03190052e+10 1.35755237e+10 1.64670278e+10 2.56048424e+10
 2.78676262e+11]
dt_idx: 331, dt: 10285.296237945557
Max variance at index 108: 121554940971.13435
Pp max index: 108, value: 121554940971.13435
Pp max diag: 121554940971.13435
log_likelihood: [[nan]], y: [[-0.00112529]], cov: [[-284860.06647544]]
Pp eigs: [1.05414324e+10 1.52887836e+10 1.82812968e+10 6.12873580e+10
 2.58279616e+11]
dt_idx: 332, dt: 15108.896381378174
Max variance at index 108: 123454094893.13954
Pp max index: 108, value: 123454094893.13954
Pp max diag: 123454094893.13954
log_likelihood: [[-4.89086835]], y: [[-0.00427258]], cov: [[2818.21681537]]
Pp eigs: [1.05485131e+10 1.53129182e+10 1.83418048e+10 6.53700716e+10
 2.66425725e+11]
dt_idx: 333, dt: 768.8606443405151
Max variance at index 84: 26786159433.238724
Pp max index: 84, value: 26786159433.238724
Pp max diag: 26786159433.238724
log_likelihood: [[nan]], y: [[0.07504471]], cov: [[-1150944.88478292]]
Pp eigs: [1.36301822e+10 1.78843856e+10 2.35577266e+10 6.43009413e+10
 3.86305393e+11]
dt_idx: 334, dt: 23987.99259185791
Max variance at index 108: 2937511006018.2153
Pp max index: 108, value: 2937511006018.2153
Pp max diag: 2937511006018.2153
log_likelihood: [[-8.97169057]], y: [[0.18903214]], cov: [[9874873.53606028]]
Pp eigs: [1.38052794e+10 1.78507261e+10 2.37135810e+10 5.34802068e+10
 9.12860852e+12]
dt_idx: 335, dt: 9209.245512008667
Max variance at index 124: 45999158206.82007
Pp max index: 124, value: 45999158206.82007
Pp max diag: 45999158206.82007
log_likelihood: [[-8.21704291]], y: [[0.00793132]], cov: [[2182995.87574387]]
Pp eigs: [1.37610167e+10 1.78305704e+10 2.44000818e+10 7.15044372e+10
 1.90378836e+11]
dt_idx: 336, dt: 3637.321315765381
Max variance at index 116: 49730715929.09625
Pp max index: 116, value: 49730715929.09625
Pp max diag: 49730715929.09625
log_likelihood: [[nan]], y: [[0.00307196]], cov: [[-31290.13890862]]
Pp eigs: [1.11308358e+10 1.42866373e+10 2.24534544e+10 2.49187098e+10
 1.59332711e+11]
dt_idx: 337, dt: 10101.423001289368
Max variance at index 116: 96578686666.86304
Pp max index: 116, value: 96578686666.86304
Pp max diag: 96578686666.86304
log_likelihood: [[nan]], y: [[-0.01739028]], cov: [[-3155589.93886302]]
Pp eigs: [1.08604115e+10 1.44754399e+10 2.19134688e+10 2.58054872e+10
 4.15538634e+11]
dt_idx: 338, dt: 4383.8589725494385
Max variance at index 116: 89140487980.11674
Pp max index: 116, value: 89140487980.11674
Pp max diag: 89140487980.11674
log_likelihood: [[-6.36218105]], y: [[-0.00203444]], cov: [[53449.09791355]]
Pp eigs: [1.16730350e+10 1.54577487e+10 2.41281061e+10 2.88333903e+10
 3.94642318e+11]
dt_idx: 339, dt: 9123.563534736633
Max variance at index 116: 17680565150.09224
Pp max index: 116, value: 17680565150.09224
Pp max diag: 17680565150.09224
log_likelihood: [[nan]], y: [[0.0001105]], cov: [[-83538.70253866]]
Pp eigs: [9.82929352e+09 1.34293578e+10 1.86477136e+10 3.52037494e+10
 1.05631119e+11]
dt_idx: 340, dt: 7246.9988803863525
Max variance at index 68: 13473683938.376064
Pp max index: 68, value: 13473683938.376064
Pp max diag: 13473683938.376064
log_likelihood: [[nan]], y: [[0.00778261]], cov: [[-380049.12289437]]
Pp eigs: [1.01719498e+10 1.33708684e+10 2.05166486e+10 2.61059072e+10
 1.06539041e+11]
dt_idx: 341, dt: 3803.163528442383
Max variance at index 116: 92722838460.75778
Pp max index: 116, value: 92722838460.75778
Pp max diag: 92722838460.75778
log_likelihood: [[-5.46690601]], y: [[-0.00172262]], cov: [[8918.96295695]]
Pp eigs: [1.01751797e+10 1.41750427e+10 2.05507232e+10 7.19314913e+10
 2.18081298e+11]
dt_idx: 342, dt: 4835.267731666565
Max variance at index 78: 34745321815.45929
Pp max index: 78, value: 34745321815.45929
Pp max diag: 34745321815.45929
log_likelihood: [[nan]], y: [[0.01240341]], cov: [[-2382527.06024564]]
Pp eigs: [1.02171341e+10 1.50930271e+10 2.17392120e+10 1.20647153e+11
 3.60452568e+11]
dt_idx: 343, dt: 16143.273405075073
Max variance at index 124: 287962067242.2046
Pp max index: 124, value: 287962067242.2046
Pp max diag: 287962067242.2046
log_likelihood: [[nan]], y: [[0.01956041]], cov: [[-1519290.81195327]]
Pp eigs: [1.02443536e+10 1.55136179e+10 2.26034870e+10 1.87570271e+11
 1.43212400e+12]
dt_idx: 344, dt: 3405.997191429138
Max variance at index 124: 107593352411.44852
Pp max index: 124, value: 107593352411.44852
Pp max diag: 107593352411.44852
log_likelihood: [[-6.29212503]], y: [[-0.00125001]], cov: [[46461.20733617]]
Pp eigs: [1.03131970e+10 1.55276549e+10 1.67967604e+10 1.15859638e+11
 6.72558948e+11]
dt_idx: 345, dt: 18267.119897842407
Max variance at index 124: 138234427422.24893
Pp max index: 124, value: 138234427422.24893
Pp max diag: 138234427422.24893
log_likelihood: [[-8.22039692]], y: [[0.00048427]], cov: [[2197688.69854821]]
Pp eigs: [1.03300559e+10 1.12682625e+10 1.56131013e+10 7.45746225e+10
 8.66429670e+11]
dt_idx: 346, dt: 1446.896450996399
Max variance at index 116: 57308869798.59712
Pp max index: 116, value: 57308869798.59712
Pp max diag: 57308869798.59712
log_likelihood: [[nan]], y: [[-0.00016981]], cov: [[-492442.18320366]]
Pp eigs: [1.03356924e+10 1.05730737e+10 1.58280028e+10 2.36622516e+10
 7.88270205e+10]
dt_idx: 347, dt: 8280.943325996399
Max variance at index 116: 57108806372.590126
Pp max index: 116, value: 57108806372.590126
Pp max diag: 57108806372.590126
log_likelihood: [[-8.37579399]], y: [[-0.01420802]], cov: [[2998764.44589328]]
Pp eigs: [1.05253543e+10 1.19766333e+10 1.75036821e+10 3.34811988e+10
 7.75471950e+10]
dt_idx: 348, dt: 4217.257520675659
Max variance at index 116: 41922858232.627
Pp max index: 116, value: 41922858232.627
Pp max diag: 41922858232.627
log_likelihood: [[-7.38799286]], y: [[-0.0026133]], cov: [[415861.9594706]]
Pp eigs: [1.00783136e+10 1.05865990e+10 1.57615103e+10 3.07225766e+10
 5.05218523e+10]
dt_idx: 349, dt: 13709.877067565918
Max variance at index 116: 35893109354.56621
Pp max index: 116, value: 35893109354.56621
Pp max diag: 35893109354.56621
log_likelihood: [[nan]], y: [[0.0035923]], cov: [[-127023.61955244]]
Pp eigs: [9.93268177e+09 1.05850609e+10 1.58668257e+10 3.64925687e+10
 3.95693661e+10]
dt_idx: 350, dt: 18740.716093063354
Max variance at index 116: 47260031288.64478
Pp max index: 116, value: 47260031288.64478
Pp max diag: 47260031288.64478
log_likelihood: [[-6.38133012]], y: [[-0.00163281]], cov: [[55535.80249903]]
Pp eigs: [1.05633388e+10 1.09648247e+10 1.61102426e+10 3.50629573e+10
 1.81162405e+11]
dt_idx: 351, dt: 11800.876944541931
Max variance at index 84: 62717109881.77887
Pp max index: 84, value: 62717109881.77887
Pp max diag: 62717109881.77887
log_likelihood: [[-7.04370492]], y: [[0.00225002]], cov: [[208883.67006548]]
Pp eigs: [1.06072570e+10 1.09389648e+10 1.66199239e+10 4.81467273e+10
 2.53489593e+11]
dt_idx: 352, dt: 1372.5149374008179
Max variance at index 116: 39075829144.97702
Pp max index: 116, value: 39075829144.97702
Pp max diag: 39075829144.97702
log_likelihood: [[nan]], y: [[0.00021764]], cov: [[-249759.00270495]]
Pp eigs: [1.03994501e+10 1.06376681e+10 1.55167019e+10 2.27362628e+10
 6.81184822e+10]
dt_idx: 353, dt: 3289.287407875061
Max variance at index 116: 39189268108.10598
Pp max index: 116, value: 39189268108.10598
Pp max diag: 39189268108.10598
log_likelihood: [[nan]], y: [[0.00158147]], cov: [[-168682.95234889]]
Pp eigs: [1.04637379e+10 1.09457467e+10 1.56685276e+10 2.44582717e+10
 6.79290410e+10]
dt_idx: 354, dt: 3206.1822538375854
Max variance at index 116: 63439158074.99701
Pp max index: 116, value: 63439158074.99701
Pp max diag: 63439158074.99701
log_likelihood: [[-6.72581515]], y: [[-0.00185774]], cov: [[110608.61273688]]
Pp eigs: [1.05217159e+10 1.55217358e+10 1.63444325e+10 2.78786963e+10
 1.30751822e+11]
dt_idx: 355, dt: 519.4860830307007
Max variance at index 116: 55668470749.555756
Pp max index: 116, value: 55668470749.555756
Pp max diag: 55668470749.555756
log_likelihood: [[nan]], y: [[0.00118513]], cov: [[-2927.26134249]]
Pp eigs: [1.05346610e+10 1.47562012e+10 1.57665938e+10 2.52981483e+10
 1.03334179e+11]
dt_idx: 356, dt: 9843.397297859192
Max variance at index 116: 1250889990200.6262
Pp max index: 116, value: 1250889990200.6262
Pp max diag: 1250889990200.6262
log_likelihood: [[-6.57274313]], y: [[0.01122497]], cov: [[81438.97115967]]
Pp eigs: [1.05530822e+10 1.51578114e+10 1.91735687e+10 3.07484527e+10
 4.52073668e+12]
dt_idx: 357, dt: 3185.617537498474
Max variance at index 120: 8052912832.931061
Pp max index: 120, value: 8052912832.931061
Pp max diag: 8052912832.931061
log_likelihood: [[nan]], y: [[0.07981548]], cov: [[-4979940.29873419]]
Pp eigs: [1.05553358e+10 1.48669914e+10 1.90854289e+10 3.12475911e+10
 1.55958340e+11]
dt_idx: 358, dt: 7019.470265388489
Max variance at index 84: 76964445578.35936
Pp max index: 84, value: 76964445578.35936
Pp max diag: 76964445578.35936
log_likelihood: [[-6.9075804]], y: [[-0.00638315]], cov: [[159099.28749126]]
Pp eigs: [1.05615062e+10 1.49112765e+10 1.91039517e+10 3.12622605e+10
 6.00639273e+11]
dt_idx: 359, dt: 13274.911493301392
Max variance at index 116: 379208491287.52
Pp max index: 116, value: 379208491287.52
Pp max diag: 379208491287.52
log_likelihood: [[-8.53646371]], y: [[0.06396473]], cov: [[4135216.98199382]]
Pp eigs: [1.05756255e+10 1.49297099e+10 1.91212466e+10 3.04038259e+10
 1.51059581e+12]
dt_idx: 360, dt: 5281.338792800903
Max variance at index 70: 5155163368.911635
Pp max index: 70, value: 5155163368.911635
Pp max diag: 5155163368.911635
log_likelihood: [[nan]], y: [[0.02375217]], cov: [[-1913218.59864286]]
Pp eigs: [1.05456009e+10 1.46836328e+10 1.91357569e+10 2.12425321e+10
 4.37363540e+10]
dt_idx: 361, dt: 46779.05370807648
Max variance at index 120: 6214259624.0706005
Pp max index: 120, value: 6214259624.0706005
Pp max diag: 6214259624.0706005
log_likelihood: [[nan]], y: [[0.02727926]], cov: [[-1787725.60903926]]
Pp eigs: [1.06335605e+10 1.48647337e+10 1.91925587e+10 3.18536160e+10
 9.50084378e+10]
dt_idx: 362, dt: 2306100.0855531693
Max variance at index 100: 25489497959.08977
Pp max index: 100, value: 25489497959.08977
Pp max diag: 25489497959.08977
log_likelihood: [[-7.08460909]], y: [[-0.00267463]], cov: [[226690.54242946]]
Pp eigs: [1.23404482e+10 1.68337334e+10 2.25442382e+10 3.77294722e+10
 1.74850932e+11]
dt_idx: 363, dt: 20654.478147506714
Max variance at index 68: 15893361373.480907
Pp max index: 68, value: 15893361373.480907
Pp max diag: 15893361373.480907
log_likelihood: [[-6.42801475]], y: [[-0.00033656]], cov: [[60970.92758815]]
Pp eigs: [1.24390711e+10 1.30306865e+10 1.76056126e+10 2.33231076e+10
 5.39386211e+10]
dt_idx: 364, dt: 15548.644859313965
Max variance at index 68: 15910872988.368467
Pp max index: 68, value: 15910872988.368467
Pp max diag: 15910872988.368467
log_likelihood: [[nan]], y: [[0.00014343]], cov: [[-84179.79757908]]
Pp eigs: [1.24001561e+10 1.26592174e+10 1.75896586e+10 2.32863282e+10
 5.09072377e+10]
dt_idx: 365, dt: 4338.859931945801
Max variance at index 68: 17630774917.60234
Pp max index: 68, value: 17630774917.60234
Pp max diag: 17630774917.60234
log_likelihood: [[-6.86263137]], y: [[0.00029181]], cov: [[145420.62386298]]
Pp eigs: [1.25751943e+10 1.33087004e+10 2.05589945e+10 2.46498983e+10
 5.08414323e+10]
dt_idx: 366, dt: 2831.1309633255005
Max variance at index 68: 15122641269.062824
Pp max index: 68, value: 15122641269.062824
Pp max diag: 15122641269.062824
log_likelihood: [[nan]], y: [[-0.00731256]], cov: [[-1896591.7346717]]
Pp eigs: [1.25426963e+10 1.27778522e+10 1.91166078e+10 2.26263182e+10
 4.66225980e+10]
dt_idx: 367, dt: 4079.320527076721
Max variance at index 68: 17450174374.74966
Pp max index: 68, value: 17450174374.74966
Pp max diag: 17450174374.74966
log_likelihood: [[nan]], y: [[-5.60765064e-05]], cov: [[-279706.76447944]]
Pp eigs: [1.17939894e+10 1.26505810e+10 1.89922798e+10 2.30983505e+10
 4.35359947e+10]
dt_idx: 368, dt: 12289.933415412903
Max variance at index 68: 18781816940.172783
Pp max index: 68, value: 18781816940.172783
Pp max diag: 18781816940.172783
log_likelihood: [[-6.37556903]], y: [[0.00069694]], cov: [[54899.58119759]]
Pp eigs: [1.20620149e+10 1.37730947e+10 1.90343868e+10 2.39153329e+10
 4.77594001e+10]
dt_idx: 369, dt: 12423.609751701355
Max variance at index 68: 18310340873.53277
Pp max index: 68, value: 18310340873.53277
Pp max diag: 18310340873.53277
log_likelihood: [[nan]], y: [[-0.00085416]], cov: [[-5884.69434947]]
Pp eigs: [1.16732975e+10 1.34939823e+10 1.90406806e+10 2.38004396e+10
 3.95686544e+10]
dt_idx: 370, dt: 13132.24365901947
Max variance at index 80: 44640589998.8726
Pp max index: 80, value: 44640589998.8726
Pp max diag: 44640589998.8726
log_likelihood: [[-5.32138138]], y: [[0.00453205]], cov: [[6666.73618917]]
Pp eigs: [1.16861600e+10 1.33498317e+10 1.92203113e+10 2.66449211e+10
 2.37166460e+11]
dt_idx: 371, dt: 7371.97235584259
Max variance at index 116: 51832160959.99086
Pp max index: 116, value: 51832160959.99086
Pp max diag: 51832160959.99086
log_likelihood: [[nan]], y: [[-0.02667259]], cov: [[-220210.7599307]]
Pp eigs: [1.17238116e+10 1.28535339e+10 1.70528865e+10 1.98502780e+10
 8.25320838e+10]
dt_idx: 372, dt: 1129.905457496643
Max variance at index 108: 238326070247.97403
Pp max index: 108, value: 238326070247.97403
Pp max diag: 238326070247.97403
log_likelihood: [[-7.93177357]], y: [[0.02378807]], cov: [[1233874.87720987]]
Pp eigs: [1.26492825e+10 1.44260803e+10 1.96639401e+10 3.55877979e+10
 7.51037729e+11]
dt_idx: 373, dt: 8393.168058395386
Max variance at index 116: 32521356975.468704
Pp max index: 116, value: 32521356975.468704
Pp max diag: 32521356975.468704
log_likelihood: [[nan]], y: [[-0.00339694]], cov: [[-305277.21071185]]
Pp eigs: [1.17637604e+10 1.44888040e+10 1.50658272e+10 1.96926712e+10
 4.27559762e+10]
dt_idx: 374, dt: 2225.7137699127197
Max variance at index 116: 31680914761.719532
Pp max index: 116, value: 31680914761.719532
Pp max diag: 31680914761.719532
log_likelihood: [[-5.76811731]], y: [[-0.00066161]], cov: [[16290.8285351]]
Pp eigs: [1.26013529e+10 1.50446716e+10 1.95705331e+10 2.48994049e+10
 4.36794966e+10]
dt_idx: 375, dt: 4375.37980556488
Max variance at index 116: 25828541429.34076
Pp max index: 116, value: 25828541429.34076
Pp max diag: 25828541429.34076
log_likelihood: [[nan]], y: [[0.0031673]], cov: [[-391647.01542312]]
Pp eigs: [1.27237313e+10 1.65356213e+10 1.94334264e+10 2.32514757e+10
 3.10374394e+10]
dt_idx: 376, dt: 8142.892781257629
Max variance at index 116: 30542827296.51883
Pp max index: 116, value: 30542827296.51883
Pp max diag: 30542827296.51883
log_likelihood: [[nan]], y: [[-0.00084775]], cov: [[-6631.80785421]]
Pp eigs: [1.29579925e+10 1.81719816e+10 1.97723034e+10 2.36113259e+10
 7.93876035e+10]
dt_idx: 377, dt: 5494.855375289917
Max variance at index 116: 34905863345.53761
Pp max index: 116, value: 34905863345.53761
Pp max diag: 34905863345.53761
log_likelihood: [[nan]], y: [[-0.00033226]], cov: [[-40232.20976698]]
Pp eigs: [1.50169945e+10 1.63036070e+10 1.91917926e+10 4.09808284e+10
 6.67987170e+10]
dt_idx: 378, dt: 984.9679288864136
Max variance at index 124: 76689076853.61877
Pp max index: 124, value: 76689076853.61877
Pp max diag: 76689076853.61877
log_likelihood: [[-8.16716564]], y: [[0.01788017]], cov: [[1975741.27153058]]
Pp eigs: [1.49605090e+10 1.61630900e+10 1.93662484e+10 2.94256107e+10
 2.18614245e+11]
dt_idx: 379, dt: 14860.875261306763
Max variance at index 116: 25327322909.690914
Pp max index: 116, value: 25327322909.690914
Pp max diag: 25327322909.690914
log_likelihood: [[nan]], y: [[-0.00816822]], cov: [[-475082.1385583]]
Pp eigs: [1.25620229e+10 1.50883583e+10 1.62658878e+10 1.93898432e+10
 4.11471298e+10]
dt_idx: 380, dt: 2199.8542318344116
Max variance at index 116: 21964331771.025764
Pp max index: 116, value: 21964331771.025764
Pp max diag: 21964331771.025764
log_likelihood: [[nan]], y: [[0.00235331]], cov: [[-147913.74709019]]
Pp eigs: [1.27303705e+10 1.54196001e+10 1.80406745e+10 2.24912032e+10
 4.88055907e+10]
dt_idx: 381, dt: 6113.9655294418335
Max variance at index 116: 28539810656.26832
Pp max index: 116, value: 28539810656.26832
Pp max diag: 28539810656.26832
log_likelihood: [[-6.48638129]], y: [[0.00097053]], cov: [[68520.31273695]]
Pp eigs: [1.28649984e+10 1.56048527e+10 1.79870067e+10 2.30809276e+10
 5.56217627e+10]
dt_idx: 382, dt: 2980.734477043152
Max variance at index 68: 17702791639.886433
Pp max index: 68, value: 17702791639.886433
Pp max diag: 17702791639.886433
log_likelihood: [[nan]], y: [[-0.00090758]], cov: [[-208084.16505247]]
Pp eigs: [1.15414062e+10 1.55932386e+10 1.85878108e+10 2.36396169e+10
 3.11047727e+10]
dt_idx: 383, dt: 3769.045078277588
Max variance at index 68: 17699473685.360214
Pp max index: 68, value: 17699473685.360214
Pp max diag: 17699473685.360214
log_likelihood: [[nan]], y: [[-6.01237711e-06]], cov: [[-9418.29449133]]
Pp eigs: [1.23264065e+10 1.51196868e+10 1.92362854e+10 2.41031152e+10
 3.55947579e+10]
dt_idx: 384, dt: 20607.54185295105
Max variance at index 68: 17643862664.356327
Pp max index: 68, value: 17643862664.356327
Pp max diag: 17643862664.356327
log_likelihood: [[-6.55497935]], y: [[-0.00171589]], cov: [[78596.43642532]]
Pp eigs: [1.26046645e+10 1.56838758e+10 1.92646057e+10 2.44011953e+10
 3.91543595e+10]
dt_idx: 385, dt: 3543.537763595581
Max variance at index 68: 17651666054.314087
Pp max index: 68, value: 17651666054.314087
Pp max diag: 17651666054.314087
log_likelihood: [[nan]], y: [[0.0009232]], cov: [[-124375.50028501]]
Pp eigs: [1.17219418e+10 1.42652719e+10 1.71000753e+10 2.12476634e+10
 2.45542472e+10]
dt_idx: 386, dt: 15280.822996139526
Max variance at index 68: 17677462740.478073
Pp max index: 68, value: 17677462740.478073
Pp max diag: 17677462740.478073
log_likelihood: [[nan]], y: [[0.00034984]], cov: [[-47243.88097609]]
Pp eigs: [1.22776176e+10 1.41034073e+10 2.01603799e+10 2.29376564e+10
 5.25065119e+10]
dt_idx: 387, dt: 58135.46773147583
Max variance at index 116: 32090654475.498264
Pp max index: 116, value: 32090654475.498264
Pp max diag: 32090654475.498264
log_likelihood: [[-5.75093113]], y: [[-0.00025979]], cov: [[15740.38827338]]
Pp eigs: [1.30246695e+10 1.79234875e+10 1.96460469e+10 2.80521655e+10
 5.51565052e+10]
dt_idx: 388, dt: 3703.22536277771
Max variance at index 68: 18678540920.95899
Pp max index: 68, value: 18678540920.95899
Pp max diag: 18678540920.95899
log_likelihood: [[nan]], y: [[-0.00025984]], cov: [[-14427.6517112]]
Pp eigs: [1.24300694e+10 1.78109115e+10 1.96800799e+10 2.46750714e+10
 4.02956857e+10]
dt_idx: 389, dt: 7580.451937675476
Max variance at index 116: 49910027588.99438
Pp max index: 116, value: 49910027588.99438
Pp max diag: 49910027588.99438
log_likelihood: [[-6.1526143]], y: [[-9.41703865e-05]], cov: [[35149.0031122]]
Pp eigs: [1.27813133e+10 1.66383541e+10 1.95715283e+10 3.82550241e+10
 1.54352243e+11]
dt_idx: 390, dt: 886.3329277038574
Max variance at index 130: 28983905219.664234
Pp max index: 130, value: 28983905219.664234
Pp max diag: 28983905219.664234
log_likelihood: [[nan]], y: [[2.2589314e-05]], cov: [[-25530.37098559]]
Pp eigs: [1.27339487e+10 1.42268807e+10 1.95441049e+10 4.65737259e+10
 7.09309256e+10]
dt_idx: 391, dt: 45270.63994884491
Max variance at index 130: 31974307864.698387
Pp max index: 130, value: 31974307864.698387
Pp max diag: 31974307864.698387
log_likelihood: [[-5.52313351]], y: [[0.00134834]], cov: [[9980.51474931]]
Pp eigs: [1.32374069e+10 1.62363895e+10 2.28214522e+10 4.94700558e+10
 6.95486220e+10]
dt_idx: 392, dt: 10437.976866722107
Max variance at index 80: 52397814914.50408
Pp max index: 80, value: 52397814914.50408
Pp max diag: 52397814914.50408
log_likelihood: [[nan]], y: [[-0.02854945]], cov: [[-7477850.14429764]]
Pp eigs: [1.26226896e+10 1.62223045e+10 2.41486582e+10 5.21267923e+10
 8.68753549e+11]
dt_idx: 393, dt: 5123.278769493103
Max variance at index 116: 5918430469657.521
Pp max index: 116, value: 5918430469657.521
Pp max diag: 5918430469657.521
log_likelihood: [[nan]], y: [[-0.00082]], cov: [[-25851.52208668]]
Pp eigs: [1.27289775e+10 1.70634931e+10 2.42164077e+10 7.20160945e+10
 1.23794537e+13]
dt_idx: 394, dt: 51610.01269245148
Max variance at index 116: 7688890542577.641
Pp max index: 116, value: 7688890542577.641
Pp max diag: 7688890542577.641
log_likelihood: [[-8.97243134]], y: [[0.03133374]], cov: [[9889514.42679305]]
Pp eigs: [1.47250639e+10 1.71161569e+10 2.39865223e+10 7.71318081e+10
 1.65582820e+13]
dt_idx: 395, dt: 2166020.0085115433
Max variance at index 116: 497298000077.4123
Pp max index: 116, value: 497298000077.4123
Pp max diag: 497298000077.4123
log_likelihood: [[nan]], y: [[0.00050774]], cov: [[-449.11045092]]
Pp eigs: [1.43540605e+10 1.95431451e+10 2.60683768e+10 6.36894895e+10
 1.16244298e+12]
dt_idx: 396, dt: 11757.770186424255
Max variance at index 116: 6331119725659.605
Pp max index: 116, value: 6331119725659.605
Pp max diag: 6331119725659.605
log_likelihood: [[-8.35977573]], y: [[0.02122774]], cov: [[2904217.04991931]]
Pp eigs: [1.45332448e+10 1.93235144e+10 2.57942632e+10 6.12676194e+10
 1.58237997e+13]
dt_idx: 397, dt: 3966.5740365982056
Max variance at index 120: 96434241914.93237
Pp max index: 120, value: 96434241914.93237
Pp max diag: 96434241914.93237
log_likelihood: [[nan]], y: [[0.02262215]], cov: [[-2815475.0938086]]
Pp eigs: [1.44008351e+10 1.93170205e+10 2.54923162e+10 3.90315603e+10
 6.91572472e+11]
dt_idx: 398, dt: 17595.766654014587
Max variance at index 116: 3951126600297.4067
Pp max index: 116, value: 3951126600297.4067
Pp max diag: 3951126600297.4067
log_likelihood: [[-7.0940403]], y: [[-0.00510745]], cov: [[231007.05565222]]
Pp eigs: [1.56601743e+10 1.95659442e+10 2.64954261e+10 1.06485167e+11
 9.09606392e+12]
dt_idx: 399, dt: 53695.97673511505
Max variance at index 124: 66826551677.66143
Pp max index: 124, value: 66826551677.66143
Pp max diag: 66826551677.66143
log_likelihood: [[-4.82957663]], y: [[0.00412393]], cov: [[2493.08501676]]
Pp eigs: [1.42898295e+10 2.03321529e+10 2.57837089e+10 2.14262005e+11
 3.87025490e+11]
dt_idx: 400, dt: 3883.2291412353516
Max variance at index 124: 5355873048185.085
Pp max index: 124, value: 5355873048185.085
Pp max diag: 5355873048185.085
log_likelihood: [[-10.82369891]], y: [[0.24022351]], cov: [[4.01019554e+08]]
Pp eigs: [1.42034502e+10 1.96547691e+10 2.56055143e+10 2.19652246e+11
 3.88522335e+13]
dt_idx: 401, dt: 1676.8718357086182
Max variance at index 124: 3245674035845.177
Pp max index: 124, value: 3245674035845.177
Pp max diag: 3245674035845.177
log_likelihood: [[-10.7371619]], y: [[-1.23798064]], cov: [[3.37287662e+08]]
Pp eigs: [1.42018361e+10 1.96349242e+10 2.55912348e+10 2.14907081e+11
 3.00895818e+13]
dt_idx: 402, dt: 13259.374422073364
Max variance at index 72: 645256075122.2024
Pp max index: 72, value: 645256075122.2024
Pp max diag: 645256075122.2024
log_likelihood: [[nan]], y: [[-0.17425931]], cov: [[-36040809.14473508]]
Pp eigs: [1.42124470e+10 1.96330254e+10 2.55863132e+10 2.14083124e+11
 4.56481459e+12]
dt_idx: 403, dt: 2014.1609935760498
Max variance at index 72: 494787569809.06525
Pp max index: 72, value: 494787569809.06525
Pp max diag: 494787569809.06525
log_likelihood: [[nan]], y: [[-0.01956305]], cov: [[-6743.27099502]]
Pp eigs: [1.42140854e+10 1.96356396e+10 2.55898270e+10 2.14908025e+11
 4.45342998e+12]
dt_idx: 404, dt: 1883.933964729309
Max variance at index 116: 391615119023382.8
Pp max index: 116, value: 391615119023382.8
Pp max diag: 391615119023382.8
log_likelihood: [[-11.18903129]], y: [[6.30456356]], cov: [[8.32701224e+08]]
Pp eigs: [1.42121401e+10 1.98031258e+10 2.57936479e+10 2.04650572e+11
 1.60757455e+15]
dt_idx: 405, dt: 4138.940093040466
Max variance at index 128: 1756754745625.6182
Pp max index: 128, value: 1756754745625.6182
Pp max diag: 1756754745625.6182
log_likelihood: [[nan]], y: [[0.21444295]], cov: [[-3249845.72075738]]
Pp eigs: [1.42156092e+10 1.98113890e+10 2.57986366e+10 2.04139989e+11
 2.08613309e+13]
dt_idx: 406, dt: 1108.5266799926758
Max variance at index 72: 2552392485897.094
Pp max index: 72, value: 2552392485897.094
Pp max diag: 2552392485897.094
log_likelihood: [[-9.61166582]], y: [[-0.21143993]], cov: [[35514604.58235385]]
Pp eigs: [1.42194636e+10 1.98131882e+10 2.63301165e+10 2.04583626e+11
 2.52875557e+13]
dt_idx: 407, dt: 2272.024522781372
Max variance at index 72: 2012259978461.5476
Pp max index: 72, value: 2012259978461.5476
Pp max diag: 2012259978461.5476
log_likelihood: [[nan]], y: [[-0.34494525]], cov: [[-15321206.31359104]]
Pp eigs: [1.42203364e+10 1.98148984e+10 2.63144223e+10 2.02816274e+11
 1.45139109e+13]
dt_idx: 408, dt: 3565.8576889038086
Max variance at index 122: 1309998314078.6362
Pp max index: 122, value: 1309998314078.6362
Pp max diag: 1309998314078.6362
log_likelihood: [[-8.63861659]], y: [[-0.10780986]], cov: [[5072559.619043]]
Pp eigs: [1.42243375e+10 1.98223085e+10 2.62824078e+10 2.00592567e+11
 1.11160626e+13]
dt_idx: 409, dt: 16238.194828987122
Max variance at index 104: 32362341004.177162
Pp max index: 104, value: 32362341004.177162
Pp max diag: 32362341004.177162
log_likelihood: [[-7.36349864]], y: [[0.00322136]], cov: [[395980.48690413]]
Pp eigs: [1.42451214e+10 1.48133630e+10 2.14461435e+10 2.76687819e+10
 2.10199891e+11]
dt_idx: 410, dt: 7007.2207107543945
Max variance at index 104: 34135993427.688187
Pp max index: 104, value: 34135993427.688187
Pp max diag: 34135993427.688187
log_likelihood: [[-7.78899883]], y: [[-0.00356576]], cov: [[927381.77853028]]
Pp eigs: [1.46053895e+10 1.51761765e+10 2.12184728e+10 2.90767969e+10
 2.45362069e+11]
dt_idx: 411, dt: 5455.421211242676
Max variance at index 68: 26679273534.17518
Pp max index: 68, value: 26679273534.17518
Pp max diag: 26679273534.17518
log_likelihood: [[nan]], y: [[0.00433959]], cov: [[-1119735.97275947]]
Pp eigs: [1.46085437e+10 1.50309585e+10 2.13147233e+10 2.84303653e+10
 2.32255682e+11]
dt_idx: 412, dt: 23615.115758895874
Max variance at index 68: 26877179443.211315
Pp max index: 68, value: 26877179443.211315
Pp max diag: 26877179443.211315
log_likelihood: [[nan]], y: [[-0.00898844]], cov: [[-1463366.77828554]]
Pp eigs: [1.49422727e+10 1.53202158e+10 2.13332567e+10 2.85684157e+10
 2.39443141e+11]
dt_idx: 413, dt: 13487.479453086853
Max variance at index 116: 108400129291.83086
Pp max index: 116, value: 108400129291.83086
Pp max diag: 108400129291.83086
log_likelihood: [[-8.82067316]], y: [[0.00649681]], cov: [[7300615.81037111]]
Pp eigs: [1.51895093e+10 1.98125843e+10 2.66444440e+10 1.82064765e+11
 2.52254214e+11]
dt_idx: 414, dt: 2618.5413942337036
Max variance at index 116: 39844584638.42427
Pp max index: 116, value: 39844584638.42427
Pp max diag: 39844584638.42427
log_likelihood: [[-7.64064694]], y: [[-0.00360471]], cov: [[689289.6159841]]
Pp eigs: [1.47653843e+10 1.70775208e+10 2.21521329e+10 3.66624551e+10
 1.84413846e+11]
dt_idx: 415, dt: 105.38922309875488
Max variance at index 68: 21329876486.080452
Pp max index: 68, value: 21329876486.080452
Pp max diag: 21329876486.080452
log_likelihood: [[nan]], y: [[0.00018621]], cov: [[-96062.13156462]]
Pp eigs: [1.45539810e+10 1.82858073e+10 2.28249464e+10 3.01155831e+10
 8.90555486e+10]
dt_idx: 416, dt: 10151.228147506714
Max variance at index 116: 68098373304.41828
Pp max index: 116, value: 68098373304.41828
Pp max diag: 68098373304.41828
log_likelihood: [[nan]], y: [[-0.00064621]], cov: [[-873664.45067563]]
Pp eigs: [1.45486821e+10 1.95125984e+10 2.29498008e+10 6.35404502e+10
 2.03898688e+11]
dt_idx: 417, dt: 15667.052425384521
Max variance at index 116: 92581995734.23334
Pp max index: 116, value: 92581995734.23334
Pp max diag: 92581995734.23334
log_likelihood: [[nan]], y: [[-0.00038849]], cov: [[-46213.8082282]]
Pp eigs: [1.68956666e+10 1.89029421e+10 2.23998196e+10 5.60121374e+10
 1.37710899e+11]
dt_idx: 418, dt: 13075.3491563797
Max variance at index 116: 209862585195.1588
Pp max index: 116, value: 209862585195.1588
Pp max diag: 209862585195.1588
log_likelihood: [[nan]], y: [[-0.00279713]], cov: [[-2136952.42715692]]
Pp eigs: [1.69314006e+10 1.72939449e+10 2.13763589e+10 9.17398509e+10
 3.64879395e+11]
dt_idx: 419, dt: 35579.59630870819
Max variance at index 116: 261452423622.9797
Pp max index: 116, value: 261452423622.9797
Pp max diag: 261452423622.9797
log_likelihood: [[-7.00962481]], y: [[-1.60024993e-05]], cov: [[195120.4906834]]
Pp eigs: [1.69322420e+10 2.02118219e+10 2.20702970e+10 9.29841516e+10
 4.99047922e+11]
dt_idx: 420, dt: 17017.53604698181
Max variance at index 116: 181000993694.96002
Pp max index: 116, value: 181000993694.96002
Pp max diag: 181000993694.96002
log_likelihood: [[-6.23433273]], y: [[-0.00011332]], cov: [[41389.7439496]]
Pp eigs: [1.68268937e+10 2.02470715e+10 2.04625978e+10 4.73437255e+10
 2.79178319e+11]
dt_idx: 421, dt: 13303.571564674377
Max variance at index 124: 22043622263.9027
Pp max index: 124, value: 22043622263.9027
Pp max diag: 22043622263.9027
log_likelihood: [[-7.30942779]], y: [[0.00088565]], cov: [[355392.64686746]]
Pp eigs: [1.49496622e+10 1.78830874e+10 2.09148255e+10 2.30930014e+10
 1.05836844e+11]
dt_idx: 422, dt: 7176.882172584534
Max variance at index 124: 19804809402.189945
Pp max index: 124, value: 19804809402.189945
Pp max diag: 19804809402.189945
log_likelihood: [[nan]], y: [[6.68963816e-05]], cov: [[-10728.52756049]]
Pp eigs: [1.45278927e+10 1.67400209e+10 2.14850851e+10 2.54069777e+10
 7.49628075e+10]
dt_idx: 423, dt: 4283.825168609619
Max variance at index 124: 28906454477.71842
Pp max index: 124, value: 28906454477.71842
Pp max diag: 28906454477.71842
log_likelihood: [[-5.91643843]], y: [[-4.11685645e-05]], cov: [[21916.60391257]]
Pp eigs: [1.38590427e+10 1.77946793e+10 2.13731402e+10 2.45582989e+10
 1.08126260e+11]
dt_idx: 424, dt: 2667.3166847229004
Max variance at index 116: 112234685507.03343
Pp max index: 116, value: 112234685507.03343
Pp max diag: 112234685507.03343
log_likelihood: [[-6.5158493]], y: [[0.00023807]], cov: [[72680.0004758]]
Pp eigs: [1.37048699e+10 1.76362626e+10 2.16331168e+10 2.77684886e+10
 2.09629636e+11]
dt_idx: 425, dt: 15114.879510879517
Max variance at index 124: 18408206591.837803
Pp max index: 124, value: 18408206591.837803
Pp max diag: 18408206591.837803
log_likelihood: [[nan]], y: [[0.00186821]], cov: [[-848969.08587396]]
Pp eigs: [1.28888219e+10 1.77387801e+10 2.20257040e+10 2.38235698e+10
 1.17726183e+11]
dt_idx: 426, dt: 18409.66657447815
Max variance at index 116: 64616547467.71018
Pp max index: 116, value: 64616547467.71018
Pp max diag: 64616547467.71018
log_likelihood: [[nan]], y: [[-0.00011613]], cov: [[-2146.42583991]]
Pp eigs: [1.31188568e+10 1.80711439e+10 1.85320794e+10 2.57992774e+10
 1.08812280e+11]
dt_idx: 427, dt: 22613.236687660217
Max variance at index 116: 60390947601.76622
Pp max index: 116, value: 60390947601.76622
Pp max diag: 60390947601.76622
log_likelihood: [[-6.73736752]], y: [[0.00023858]], cov: [[113193.94764242]]
Pp eigs: [1.35457354e+10 1.80926106e+10 1.88472016e+10 2.86866823e+10
 1.00498247e+11]
dt_idx: 428, dt: 2266986.883167267
Max variance at index 116: 51011388313.988144
Pp max index: 116, value: 51011388313.988144
Pp max diag: 51011388313.988144
log_likelihood: [[nan]], y: [[-0.00027906]], cov: [[-166576.28487935]]
Pp eigs: [1.54656551e+10 1.84066291e+10 2.10770041e+10 2.74653750e+10
 9.04197622e+10]
dt_idx: 429, dt: 14838.895184516907
Max variance at index 116: 50655028387.39276
Pp max index: 116, value: 50655028387.39276
Pp max diag: 50655028387.39276
log_likelihood: [[-5.98237855]], y: [[-0.00048617]], cov: [[25006.22406526]]
Pp eigs: [1.61566014e+10 1.97065877e+10 2.14751333e+10 2.91547814e+10
 9.00394020e+10]
dt_idx: 430, dt: 23865.603185653687
Max variance at index 116: 32734721590.360912
Pp max index: 116, value: 32734721590.360912
Pp max diag: 32734721590.360912
log_likelihood: [[-5.73805596]], y: [[-7.55720575e-05]], cov: [[15340.24218328]]
Pp eigs: [1.62910150e+10 2.02967924e+10 2.14389231e+10 2.91838796e+10
 8.60630472e+10]
dt_idx: 431, dt: 1433.2196216583252
Max variance at index 68: 24120902055.931843
Pp max index: 68, value: 24120902055.931843
Pp max diag: 24120902055.931843
log_likelihood: [[nan]], y: [[-0.00089135]], cov: [[-50505.43150767]]
Pp eigs: [1.67365094e+10 2.08611929e+10 2.17218152e+10 2.90268819e+10
 7.74964294e+10]
dt_idx: 432, dt: 15554.519138336182
Max variance at index 130: 29387020978.121365
Pp max index: 130, value: 29387020978.121365
Pp max diag: 29387020978.121365
log_likelihood: [[-6.64196388]], y: [[0.00136226]], cov: [[93531.23173801]]
Pp eigs: [1.72204759e+10 2.12549713e+10 2.35462370e+10 3.02735015e+10
 1.24996960e+11]
dt_idx: 433, dt: 2982.5936908721924
Max variance at index 68: 23119478833.311092
Pp max index: 68, value: 23119478833.311092
Pp max diag: 23119478833.311092
log_likelihood: [[nan]], y: [[-6.97949891e-05]], cov: [[-5550.11617369]]
Pp eigs: [1.69671608e+10 1.97209911e+10 2.32351160e+10 2.57409270e+10
 3.62647635e+10]
dt_idx: 434, dt: 3163.164361000061
Max variance at index 68: 21773707860.44323
Pp max index: 68, value: 21773707860.44323
Pp max diag: 21773707860.44323
log_likelihood: [[nan]], y: [[0.00155433]], cov: [[-89080.95129116]]
Pp eigs: [1.74806582e+10 1.95604021e+10 2.30505452e+10 2.44202701e+10
 3.26945518e+10]
dt_idx: 435, dt: 1735.2536239624023
Max variance at index 116: 114051887144.3902
Pp max index: 116, value: 114051887144.3902
Pp max diag: 114051887144.3902
log_likelihood: [[-7.306619]], y: [[0.00165711]], cov: [[353401.79798407]]
Pp eigs: [1.79615996e+10 1.95134418e+10 2.41429490e+10 3.10875207e+10
 2.34728363e+11]
dt_idx: 436, dt: 2555.1151371002197
Max variance at index 130: 64787759238.77697
Pp max index: 130, value: 64787759238.77697
Pp max diag: 64787759238.77697
log_likelihood: [[-7.38954547]], y: [[0.00108768]], cov: [[417155.31196725]]
Pp eigs: [1.73543418e+10 1.80629129e+10 2.27787195e+10 3.10154191e+10
 1.72798142e+11]
dt_idx: 437, dt: 3528.628504753113
Max variance at index 130: 66107198997.555084
Pp max index: 130, value: 66107198997.555084
Pp max diag: 66107198997.555084
log_likelihood: [[nan]], y: [[-0.0004139]], cov: [[-21218.14497384]]
Pp eigs: [1.69489855e+10 1.83985309e+10 2.23050691e+10 3.10346802e+10
 1.69112870e+11]
dt_idx: 438, dt: 17342.73158931732
Max variance at index 116: 81889944451.94695
Pp max index: 116, value: 81889944451.94695
Pp max diag: 81889944451.94695
log_likelihood: [[-6.46474879]], y: [[-0.00037731]], cov: [[65618.9970411]]
Pp eigs: [1.81972296e+10 2.12106060e+10 2.66558202e+10 4.68515453e+10
 2.07872146e+11]
dt_idx: 439, dt: 12109.861983299255
Max variance at index 116: 68966183129.60623
Pp max index: 116, value: 68966183129.60623
Pp max diag: 68966183129.60623
log_likelihood: [[-7.11313514]], y: [[0.00202377]], cov: [[239999.76299464]]
Pp eigs: [1.81476333e+10 2.12220323e+10 2.66349273e+10 4.85426729e+10
 1.89860305e+11]
dt_idx: 440, dt: 2275.4594583511353
Max variance at index 130: 36121486525.798386
Pp max index: 130, value: 36121486525.798386
Pp max diag: 36121486525.798386
log_likelihood: [[-6.29072957]], y: [[0.00038145]], cov: [[46331.71897443]]
Pp eigs: [1.57435600e+10 1.89974147e+10 2.23317707e+10 2.71873144e+10
 9.73720816e+10]
dt_idx: 441, dt: 211.6968994140625
Max variance at index 116: 19196473061.624477
Pp max index: 116, value: 19196473061.624477
Pp max diag: 19196473061.624477
log_likelihood: [[-6.42174715]], y: [[0.00067167]], cov: [[60211.41512345]]
Pp eigs: [1.56896418e+10 1.79171648e+10 2.49373383e+10 2.96776850e+10
 5.49871302e+10]
dt_idx: 442, dt: 425.39854621887207
Max variance at index 116: 19080904060.90717
Pp max index: 116, value: 19080904060.90717
Pp max diag: 19080904060.90717
log_likelihood: [[nan]], y: [[0.00174938]], cov: [[-431151.6361297]]
Pp eigs: [1.53023988e+10 1.61555070e+10 2.15508315e+10 2.64683017e+10
 3.87246265e+10]
dt_idx: 443, dt: 7429.486906051636
Max variance at index 116: 22688909722.584595
Pp max index: 116, value: 22688909722.584595
Pp max diag: 22688909722.584595
log_likelihood: [[nan]], y: [[0.00027687]], cov: [[-27619.54754875]]
Pp eigs: [1.51262791e+10 1.64766215e+10 2.35593953e+10 2.86179756e+10
 6.44669930e+10]
dt_idx: 444, dt: 2549.502715110779
Max variance at index 116: 29950813831.28573
Pp max index: 116, value: 29950813831.28573
Pp max diag: 29950813831.28573
log_likelihood: [[-5.32750148]], y: [[2.46428554e-05]], cov: [[6748.839847]]
Pp eigs: [1.55217405e+10 1.66255517e+10 2.43587256e+10 2.82290357e+10
 6.08340335e+10]
dt_idx: 445, dt: 1388.6546258926392
Max variance at index 108: 30502680952.66379
Pp max index: 108, value: 30502680952.66379
Pp max diag: 30502680952.66379
log_likelihood: [[nan]], y: [[0.00067454]], cov: [[-252558.79216218]]
Pp eigs: [1.62539174e+10 1.92131715e+10 2.70352293e+10 3.08420105e+10
 2.43858463e+11]
dt_idx: 446, dt: 15892.77087020874
Max variance at index 116: 171498366594.7546
Pp max index: 116, value: 171498366594.7546
Pp max diag: 171498366594.7546
log_likelihood: [[-8.17645368]], y: [[0.00012125]], cov: [[2012785.81860296]]
Pp eigs: [1.80865089e+10 1.96353043e+10 2.67914300e+10 4.18577055e+10
 7.83287661e+11]
dt_idx: 447, dt: 5987.114015579224
Max variance at index 116: 141781130133.05438
Pp max index: 116, value: 141781130133.05438
Pp max diag: 141781130133.05438
log_likelihood: [[nan]], y: [[0.00379108]], cov: [[-637885.56349349]]
Pp eigs: [1.74763017e+10 1.95766434e+10 2.53711138e+10 4.19208532e+10
 4.62147663e+11]
dt_idx: 448, dt: 6367.535360336304
Max variance at index 116: 369108118303.14465
Pp max index: 116, value: 369108118303.14465
Pp max diag: 369108118303.14465
log_likelihood: [[-7.24881079]], y: [[0.00282754]], cov: [[314816.28278452]]
Pp eigs: [1.93186869e+10 2.53147912e+10 3.80868772e+10 4.05213774e+11
 1.17897419e+12]
dt_idx: 449, dt: 1802.6071367263794
Max variance at index 130: 190511666172.25446
Pp max index: 130, value: 190511666172.25446
Pp max diag: 190511666172.25446
log_likelihood: [[-7.26335743]], y: [[0.0018851]], cov: [[324109.85673419]]
Pp eigs: [1.59696288e+10 2.13235182e+10 2.62385475e+10 4.12097131e+10
 1.13860288e+12]
dt_idx: 450, dt: 6245.560925483704
Max variance at index 100: 46112863825.08656
Pp max index: 100, value: 46112863825.08656
Pp max diag: 46112863825.08656
log_likelihood: [[-7.22981729]], y: [[0.00366387]], cov: [[303081.65051694]]
Pp eigs: [1.57450433e+10 1.99160530e+10 2.57246222e+10 3.81334873e+10
 3.01976333e+11]
dt_idx: 451, dt: 6015.210737228394
Max variance at index 68: 27712987026.633686
Pp max index: 68, value: 27712987026.633686
Pp max diag: 27712987026.633686
log_likelihood: [[-5.14442806]], y: [[-0.00086396]], cov: [[4679.65213397]]
Pp eigs: [1.93553862e+10 2.23540825e+10 2.80897047e+10 3.40478984e+10
 7.45738913e+10]
dt_idx: 452, dt: 1277.694486618042
Max variance at index 130: 93573975069.48387
Pp max index: 130, value: 93573975069.48387
Pp max diag: 93573975069.48387
log_likelihood: [[nan]], y: [[-0.00390717]], cov: [[-550086.91617774]]
Pp eigs: [1.76016768e+10 2.00556611e+10 2.51502851e+10 3.98403249e+10
 2.68639183e+11]
dt_idx: 453, dt: 4226.10661315918
Max variance at index 68: 25545527798.46733
Pp max index: 68, value: 25545527798.46733
Pp max diag: 25545527798.46733
log_likelihood: [[-7.94855959]], y: [[0.00073796]], cov: [[1276001.75933138]]
Pp eigs: [1.56940108e+10 1.95726394e+10 2.20810037e+10 4.70726856e+10
 7.01957104e+10]
dt_idx: 454, dt: 2564.310933113098
Max variance at index 68: 24972715620.995884
Pp max index: 68, value: 24972715620.995884
Pp max diag: 24972715620.995884
log_likelihood: [[nan]], y: [[0.00068798]], cov: [[-1774.31352659]]
Pp eigs: [1.56042026e+10 1.93950757e+10 2.21221808e+10 4.27697757e+10
 6.86572508e+10]
dt_idx: 455, dt: 11051.894617080688
Max variance at index 116: 6702099493569.917
Pp max index: 116, value: 6702099493569.917
Pp max diag: 6702099493569.917
log_likelihood: [[-9.23434118]], y: [[-0.11789397]], cov: [[16698096.47599574]]
Pp eigs: [1.66224591e+10 1.98876810e+10 2.20088465e+10 3.11843526e+10
 1.43551242e+13]
dt_idx: 456, dt: 2274.348695755005
Max variance at index 108: 35874227459.53253
Pp max index: 108, value: 35874227459.53253
Pp max diag: 35874227459.53253
log_likelihood: [[-7.73395225]], y: [[0.00715164]], cov: [[830702.85985055]]
Pp eigs: [1.69382706e+10 1.87649054e+10 2.07923021e+10 3.17595851e+10
 3.95434502e+11]
dt_idx: 457, dt: 3825.5798835754395
Max variance at index 108: 35218369430.23953
Pp max index: 108, value: 35218369430.23953
Pp max diag: 35218369430.23953
log_likelihood: [[-7.4250459]], y: [[0.00225036]], cov: [[447850.49084208]]
Pp eigs: [1.73244233e+10 2.00704606e+10 2.20552307e+10 3.78791906e+10
 3.31400033e+11]
dt_idx: 458, dt: 12020.05997467041
Max variance at index 108: 39228667012.70157
Pp max index: 108, value: 39228667012.70157
Pp max diag: 39228667012.70157
log_likelihood: [[nan]], y: [[0.03280117]], cov: [[-10222363.2536574]]
Pp eigs: [1.65848537e+10 1.95831356e+10 2.49943824e+10 4.58037252e+10
 3.84131803e+11]
dt_idx: 459, dt: 22582.26327610016
Max variance at index 116: 506343818078.77625
Pp max index: 116, value: 506343818078.77625
Pp max diag: 506343818078.77625
log_likelihood: [[nan]], y: [[-0.01687121]], cov: [[-2120700.12898398]]
Pp eigs: [1.75480436e+10 2.07587552e+10 2.50124121e+10 4.49395508e+10
 1.15527172e+12]
dt_idx: 460, dt: 8886.462547302246
Max variance at index 116: 500380848770.5821
Pp max index: 116, value: 500380848770.5821
Pp max diag: 500380848770.5821
log_likelihood: [[nan]], y: [[-0.0044059]], cov: [[-31152.2245731]]
Pp eigs: [1.93246576e+10 2.27299843e+10 2.70979208e+10 7.15663421e+10
 1.13174949e+12]
dt_idx: 461, dt: 2391386.0812749863
Max variance at index 116: 486206272639.37463
Pp max index: 116, value: 486206272639.37463
Pp max diag: 486206272639.37463
log_likelihood: [[nan]], y: [[0.01463437]], cov: [[-51762.83422703]]
Pp eigs: [2.10532123e+10 2.95355344e+10 3.49308035e+10 2.78760986e+11
 1.01837593e+12]
dt_idx: 462, dt: 15832.278303146362
Max variance at index 116: 1197531995413.7517
Pp max index: 116, value: 1197531995413.7517
Pp max diag: 1197531995413.7517
log_likelihood: [[-8.17196933]], y: [[0.04997886]], cov: [[1994814.44304797]]
Pp eigs: [2.09497780e+10 2.95985559e+10 3.29031931e+10 3.79187573e+11
 7.19831102e+12]
dt_idx: 463, dt: 6132.136940956116
Max variance at index 104: 2213470645521.8223
Pp max index: 104, value: 2213470645521.8223
Pp max diag: 2213470645521.8223
log_likelihood: [[-8.4854986]], y: [[0.06676508]], cov: [[3734483.68178963]]
Pp eigs: [2.18907830e+10 3.17738044e+10 3.54930238e+10 8.26782184e+11
 7.82559181e+12]
dt_idx: 464, dt: 8640.238962173462
Max variance at index 116: 487275537211.87384
Pp max index: 116, value: 487275537211.87384
Pp max diag: 487275537211.87384
log_likelihood: [[nan]], y: [[0.01350111]], cov: [[-1221401.95742681]]
Pp eigs: [1.90003853e+10 2.26179331e+10 3.40777439e+10 3.56873618e+10
 9.22756693e+11]
dt_idx: 465, dt: 1352.1897535324097
Max variance at index 116: 1284760222460.1572
Pp max index: 116, value: 1284760222460.1572
Pp max diag: 1284760222460.1572
log_likelihood: [[-8.87506887]], y: [[0.02144783]], cov: [[8139673.87675264]]
Pp eigs: [2.19457558e+10 3.11102446e+10 3.55126282e+10 5.19813771e+11
 3.05681664e+12]
dt_idx: 466, dt: 4463.176728248596
Max variance at index 116: 473888124560.698
Pp max index: 116, value: 473888124560.698
Pp max diag: 473888124560.698
log_likelihood: [[-7.68488722]], y: [[-0.0047239]], cov: [[753057.88757866]]
Pp eigs: [2.08441222e+10 3.11047718e+10 3.36551945e+10 9.00069161e+10
 8.61637951e+11]
dt_idx: 467, dt: 3385.0910215377808
Max variance at index 116: 689513230451.9495
Pp max index: 116, value: 689513230451.9495
Pp max diag: 689513230451.9495
log_likelihood: [[-8.46352387]], y: [[0.00866188]], cov: [[3573909.54448218]]
Pp eigs: [2.09792414e+10 3.10419349e+10 3.53351036e+10 1.17740264e+11
 1.16529604e+12]
dt_idx: 468, dt: 25258.642072677612
Max variance at index 104: 61426619819.27819
Pp max index: 104, value: 61426619819.27819
Pp max diag: 61426619819.27819
log_likelihood: [[-8.48515935]], y: [[-0.01606582]], cov: [[3731950.6893157]]
Pp eigs: [1.97074102e+10 2.20563096e+10 3.34040575e+10 4.09767178e+10
 2.36453327e+11]
dt_idx: 469, dt: 10778.266392707825
Max variance at index 68: 43577512448.25396
Pp max index: 68, value: 43577512448.25396
Pp max diag: 43577512448.25396
log_likelihood: [[nan]], y: [[0.00025907]], cov: [[-8221.67253278]]
Pp eigs: [1.97611977e+10 2.08925633e+10 2.45714472e+10 3.88594559e+10
 6.58170954e+10]
dt_idx: 470, dt: 6704.55747795105
Max variance at index 116: 485491764252.5983
Pp max index: 116, value: 485491764252.5983
Pp max diag: 485491764252.5983
log_likelihood: [[-7.40313159]], y: [[-0.00745369]], cov: [[428645.75791766]]
Pp eigs: [1.79591156e+10 2.31035674e+10 2.88625912e+10 3.55772826e+10
 3.26036914e+12]
dt_idx: 471, dt: 1156.872947692871
Max variance at index 104: 1408546135463.1362
Pp max index: 104, value: 1408546135463.1362
Pp max diag: 1408546135463.1362
log_likelihood: [[nan]], y: [[-0.00418861]], cov: [[-2184033.75193082]]
Pp eigs: [1.80172816e+10 2.32188217e+10 3.06944012e+10 3.68875426e+10
 4.41153075e+12]
dt_idx: 472, dt: 1121.6885652542114
Max variance at index 104: 1840531622021.4807
Pp max index: 104, value: 1840531622021.4807
Pp max diag: 1840531622021.4807
log_likelihood: [[-8.84648937]], y: [[-0.06474391]], cov: [[7687465.31272339]]
Pp eigs: [1.81509639e+10 2.34120554e+10 3.24260346e+10 4.17960684e+10
 5.35191860e+12]
dt_idx: 473, dt: 18634.784152030945
Max variance at index 116: 70161415184644.04
Pp max index: 116, value: 70161415184644.04
Pp max diag: 70161415184644.04
log_likelihood: [[-9.83408915]], y: [[-0.34158043]], cov: [[55411694.68455328]]
Pp eigs: [1.81639824e+10 2.34927396e+10 3.24549859e+10 4.18729476e+10
 1.71249683e+14]
dt_idx: 474, dt: 3535.1969203948975
Max variance at index 106: 5794557097.522018
Pp max index: 106, value: 5794557097.522018
Pp max diag: 5794557097.522018
log_likelihood: [[nan]], y: [[-0.00228223]], cov: [[-254218.76958399]]
Pp eigs: [1.79076730e+10 2.30916144e+10 3.22340424e+10 4.16146976e+10
 1.36385736e+11]
dt_idx: 475, dt: 1593.5988988876343
Max variance at index 118: 11641248258.572395
Pp max index: 118, value: 11641248258.572395
Pp max diag: 11641248258.572395
log_likelihood: [[nan]], y: [[-0.0583357]], cov: [[-16748084.59102672]]
Pp eigs: [1.78960021e+10 2.30209909e+10 3.22222684e+10 4.15948190e+10
 1.74432925e+11]
dt_idx: 476, dt: 2336.031376838684
Max variance at index 116: 3986614108548.845
Pp max index: 116, value: 3986614108548.845
Pp max diag: 3986614108548.845
log_likelihood: [[-7.89180752]], y: [[0.01173268]], cov: [[1139087.41010021]]
Pp eigs: [1.87541866e+10 2.75960562e+10 3.33040829e+10 4.32729127e+10
 9.77582414e+12]
dt_idx: 477, dt: 2625.018900871277
Max variance at index 116: 167908691354.59146
Pp max index: 116, value: 167908691354.59146
Pp max diag: 167908691354.59146
log_likelihood: [[-6.66348883]], y: [[0.00152813]], cov: [[97645.66941443]]
Pp eigs: [1.71833578e+10 1.97438901e+10 3.08926476e+10 4.31839662e+10
 5.14199604e+11]
dt_idx: 478, dt: 13507.021978378296
Max variance at index 70: 15831794620.87918
Pp max index: 70, value: 15831794620.87918
Pp max diag: 15831794620.87918
log_likelihood: [[nan]], y: [[-0.00398408]], cov: [[-409191.02150253]]
Pp eigs: [1.70985082e+10 1.97913762e+10 3.04656089e+10 3.84178876e+10
 4.44897002e+10]
dt_idx: 479, dt: 5320.800650596619
Max variance at index 116: 70379625268.5832
Pp max index: 116, value: 70379625268.5832
Pp max diag: 70379625268.5832
log_likelihood: [[nan]], y: [[-0.00481872]], cov: [[-2602297.26163497]]
Pp eigs: [1.72968794e+10 2.66610726e+10 2.99369373e+10 3.90385385e+10
 1.48821882e+11]
dt_idx: 480, dt: 3240.596218109131
Max variance at index 116: 245840852621.1821
Pp max index: 116, value: 245840852621.1821
Pp max diag: 245840852621.1821
log_likelihood: [[nan]], y: [[0.00260005]], cov: [[-103501.54429241]]
Pp eigs: [2.03682349e+10 2.97197631e+10 3.48229376e+10 4.66161214e+10
 4.46150871e+11]
dt_idx: 481, dt: 1697.8749074935913
Max variance at index 116: 468099629318.5903
Pp max index: 116, value: 468099629318.5903
Pp max diag: 468099629318.5903
log_likelihood: [[-8.08208225]], y: [[-0.00747046]], cov: [[1666585.42191102]]
Pp eigs: [2.21583426e+10 3.00301016e+10 4.24227916e+10 4.78805154e+10
 9.36348643e+11]
dt_idx: 482, dt: 9204.297861099243
Max variance at index 116: 82294608768.02301
Pp max index: 116, value: 82294608768.02301
Pp max diag: 82294608768.02301
log_likelihood: [[nan]], y: [[-0.00089733]], cov: [[-64829.93646373]]
Pp eigs: [1.82965124e+10 2.32346592e+10 3.10224613e+10 4.33181173e+10
 1.31306944e+11]
dt_idx: 483, dt: 3322.254280090332
Max variance at index 116: 73423322376.568
Pp max index: 116, value: 73423322376.568
Pp max diag: 73423322376.568
log_likelihood: [[nan]], y: [[0.00030655]], cov: [[-27492.29076508]]
Pp eigs: [2.15719978e+10 3.01833890e+10 3.94198410e+10 4.25060162e+10
 1.18804716e+11]
dt_idx: 484, dt: 9780.85039806366
Max variance at index 116: 201030046141.8715
Pp max index: 116, value: 201030046141.8715
Pp max diag: 201030046141.8715
log_likelihood: [[nan]], y: [[-0.00090446]], cov: [[-37862.62545639]]
Pp eigs: [2.05031816e+10 2.70765288e+10 4.16219769e+10 4.54530545e+10
 4.04174074e+11]
dt_idx: 485, dt: 8005.213433265686
Max variance at index 116: 344889306915.91693
Pp max index: 116, value: 344889306915.91693
Pp max diag: 344889306915.91693
log_likelihood: [[-7.94232013]], y: [[-0.00221511]], cov: [[1260177.57287017]]
Pp eigs: [2.40891615e+10 2.92519116e+10 4.21439514e+10 5.08305749e+10
 6.39492147e+11]
dt_idx: 486, dt: 12511.321982383728
Max variance at index 116: 80332350183.34802
Pp max index: 116, value: 80332350183.34802
Pp max diag: 80332350183.34802
log_likelihood: [[-5.61779652]], y: [[0.00038027]], cov: [[12060.8020903]]
Pp eigs: [2.01980762e+10 2.79028826e+10 4.02773346e+10 5.03180041e+10
 1.15738079e+11]
dt_idx: 487, dt: 371.91002559661865
Max variance at index 68: 30863049869.074894
Pp max index: 68, value: 30863049869.074894
Pp max diag: 30863049869.074894
log_likelihood: [[-7.48836737]], y: [[0.0009312]], cov: [[508315.5389528]]
Pp eigs: [2.02273441e+10 3.00685087e+10 3.61821986e+10 5.56647957e+10
 9.71442436e+10]
dt_idx: 488, dt: 12868.932384490967
Max variance at index 68: 30626394356.702183
Pp max index: 68, value: 30626394356.702183
Pp max diag: 30626394356.702183
log_likelihood: [[-7.22836665]], y: [[-0.00016477]], cov: [[302203.59928331]]
Pp eigs: [1.95075801e+10 2.29780793e+10 3.11098441e+10 4.02042439e+10
 8.92197292e+10]
dt_idx: 489, dt: 685.2879276275635
Max variance at index 68: 30663079083.81446
Pp max index: 68, value: 30663079083.81446
Pp max diag: 30663079083.81446
log_likelihood: [[nan]], y: [[1.2566589e-05]], cov: [[-20371.9245376]]
Pp eigs: [1.95179367e+10 2.24532617e+10 2.55670738e+10 3.53767995e+10
 6.81058504e+10]
dt_idx: 490, dt: 2988.5556802749634
Max variance at index 100: 36441898865.66915
Pp max index: 100, value: 36441898865.66915
Pp max diag: 36441898865.66915
log_likelihood: [[-6.01210508]], y: [[0.00133044]], cov: [[26538.00398436]]
Pp eigs: [2.07555084e+10 2.30027010e+10 3.42363418e+10 6.68696187e+10
 1.32840858e+11]
dt_idx: 491, dt: 19381.92694377899
Max variance at index 68: 32986274347.378826
Pp max index: 68, value: 32986274347.378826
Pp max diag: 32986274347.378826
log_likelihood: [[nan]], y: [[0.00817849]], cov: [[-1009818.02361599]]
Pp eigs: [1.92230384e+10 2.28320885e+10 2.93983323e+10 5.32902331e+10
 8.48133377e+10]
dt_idx: 492, dt: 29511.368690490723
Max variance at index 116: 116309851169.42746
Pp max index: 116, value: 116309851169.42746
Pp max diag: 116309851169.42746
log_likelihood: [[-7.28450862]], y: [[-0.00113774]], cov: [[338114.59835781]]
Pp eigs: [2.08616776e+10 2.64495876e+10 3.25889354e+10 5.83337705e+10
 2.21201978e+11]
dt_idx: 493, dt: 10965.899460792542
Max variance at index 116: 110652674213.84453
Pp max index: 116, value: 110652674213.84453
Pp max diag: 110652674213.84453
log_likelihood: [[-6.38671581]], y: [[-0.00212438]], cov: [[56137.23230537]]
Pp eigs: [2.06034793e+10 2.37627049e+10 3.11475125e+10 4.76892786e+10
 1.76524459e+11]
dt_idx: 494, dt: 2287074.851958275
Max variance at index 116: 92403752884.00764
Pp max index: 116, value: 92403752884.00764
Pp max diag: 92403752884.00764
log_likelihood: [[nan]], y: [[-0.00315095]], cov: [[-293590.44197715]]
Pp eigs: [2.21378185e+10 2.40422933e+10 3.10345078e+10 4.13794687e+10
 1.38551422e+11]
dt_idx: 495, dt: 40898.14055633545
Max variance at index 116: 105865505265.79543
Pp max index: 116, value: 105865505265.79543
Pp max diag: 105865505265.79543
log_likelihood: [[nan]], y: [[0.00040494]], cov: [[-9450.6354789]]
Pp eigs: [2.20014993e+10 2.42949822e+10 3.23993656e+10 4.25982969e+10
 1.45046618e+11]
dt_idx: 496, dt: 3136.007571220398
Max variance at index 116: 105808555593.5917
Pp max index: 116, value: 105808555593.5917
Pp max diag: 105808555593.5917
log_likelihood: [[-3.33697131]], y: [[0.00018974]], cov: [[125.97274322]]
Pp eigs: [2.16983705e+10 2.78525268e+10 3.20927494e+10 3.91375969e+10
 1.45650937e+11]
dt_idx: 497, dt: 70.2069444656372
Max variance at index 124: 98957526547.61928
Pp max index: 124, value: 98957526547.61928
Pp max diag: 98957526547.61928
log_likelihood: [[nan]], y: [[-0.01367942]], cov: [[-1116731.34004954]]
Pp eigs: [2.31223052e+10 2.73126287e+10 3.31937186e+10 6.02609579e+10
 5.56763098e+11]
dt_idx: 498, dt: 26417.355690956116
Max variance at index 124: 156912184353.64038
Pp max index: 124, value: 156912184353.64038
Pp max diag: 156912184353.64038
log_likelihood: [[-6.89511937]], y: [[0.00561591]], cov: [[155183.20609601]]
Pp eigs: [2.34981181e+10 3.06740747e+10 3.33788638e+10 7.02720138e+10
 8.64077479e+11]
Compilation time: 10.3620 seconds
log_likelihood: [[-2.82104724]], y: [[2.53170627e-06]], cov: [[44.89010565]]
dt_idx: 0, dt: 5563.411975860596
Max variance at index 0: 309513.80937420134
Pp max index: 0, value: 309513.80937420134
Pp max diag: 309513.80937420134
log_likelihood: [[-7.24039473]], y: [[-2.34266825e-06]], cov: [[309561.60089747]]
Pp eigs: [309513.81937409 309513.81937409 309513.81937409 309513.81937409
 309513.81937409]
dt_idx: 1, dt: 32399.220211029053
Max variance at index 0: 14411067.479121901
Pp max index: 0, value: 14411067.479121901
Pp max diag: 14411067.479121901
log_likelihood: [[-9.16070008]], y: [[1.14138913e-06]], cov: [[14411298.85797337]]
Pp eigs: [14411067.48912115 14411067.48912115 14411067.48912115 14411067.48912115
 14411067.48912116]
dt_idx: 2, dt: 8506.611542701721
Max variance at index 0: 21592902.91876944
Pp max index: 0, value: 21592902.91876944
Pp max diag: 21592902.91876944
log_likelihood: [[-9.36301247]], y: [[3.53368951e-06]], cov: [[21598790.53996485]]
Pp eigs: [21592902.92876852 21592902.92876853 21592902.92876853 21592902.92876853
 21592902.92876855]
dt_idx: 3, dt: 4760.21435546875
Max variance at index 0: 26243229.564313866
Pp max index: 0, value: 26243229.564313866
Pp max diag: 26243229.564313866
log_likelihood: [[-9.46043057]], y: [[-7.05108606e-06]], cov: [[26244947.88107052]]
Pp eigs: [26243229.57431286 26243229.57431286 26243229.57431286 26243229.57431286
 26243229.57431286]
dt_idx: 4, dt: 298.50439262390137
Max variance at index 0: 26549941.342825375
Pp max index: 0, value: 26549941.342825375
Pp max diag: 26549941.342825375
log_likelihood: [[-9.46621447]], y: [[3.88178079e-06]], cov: [[26550307.38718788]]
Pp eigs: [26549941.35282436 26549941.35282436 26549941.35282436 26549941.35282437
 26549941.35282438]
dt_idx: 5, dt: 2608.635058403015
Max variance at index 0: 29306125.65124098
Pp max index: 0, value: 29306125.65124098
Pp max diag: 29306125.65124098
log_likelihood: [[-9.51560942]], y: [[-1.6576224e-07]], cov: [[29307141.51494723]]
Pp eigs: [29306125.66123991 29306125.66123991 29306125.66123991 29306125.66123991
 29306125.66123993]
dt_idx: 6, dt: 31946.532212257385
Max variance at index 0: 74096674.31134035
Pp max index: 0, value: 74096674.31134035
Pp max diag: 74096674.31134035
log_likelihood: [[-9.9793945]], y: [[7.46916366e-06]], cov: [[74098951.5405141]]
Pp eigs: [74096674.32133865 74096674.32133867 74096674.32133867 74096674.32133867
 74096674.32133867]
dt_idx: 7, dt: 1653.4421920776367
Max variance at index 0: 76970307.97052322
Pp max index: 0, value: 76970307.97052322
Pp max diag: 76970307.97052322
log_likelihood: [[-9.99853269]], y: [[-4.6812443e-06]], cov: [[76990170.93977846]]
Pp eigs: [76970307.98052152 76970307.98052152 76970307.98052152 76970307.98052153
 76970307.98052153]
dt_idx: 8, dt: 4514.811526298523
Max variance at index 0: 85095327.90283856
Pp max index: 0, value: 85095327.90283856
Pp max diag: 85095327.90283856
log_likelihood: [[-10.04859081]], y: [[2.31818872e-06]], cov: [[85097188.88416299]]
Pp eigs: [85095327.91283675 85095327.91283676 85095327.91283679 85095327.9128368
 85095327.91283683]
dt_idx: 9, dt: 2931.8971738815308
Max variance at index 0: 90589947.05086459
Pp max index: 0, value: 90589947.05086459
Pp max diag: 90589947.05086459
log_likelihood: [[-10.07988005]], y: [[-2.64704644e-06]], cov: [[90592594.3639863]]
Pp eigs: [90589947.06086273 90589947.06086273 90589947.06086275 90589947.06086275
 90589947.06086275]
dt_idx: 10, dt: 1394.7783393859863
Max variance at index 0: 93264208.0576939
Pp max index: 0, value: 93264208.0576939
Pp max diag: 93264208.0576939
log_likelihood: [[-10.09444017]], y: [[-4.5687053e-06]], cov: [[93269458.53574018]]
Pp eigs: [93264208.067692   93264208.067692   93264208.067692   93264208.06769203
 93264208.06769204]
dt_idx: 11, dt: 20261.52481365204
Max variance at index 0: 136498935.52083722
Pp max index: 0, value: 136498935.52083722
Pp max diag: 136498935.52083722
log_likelihood: [[-10.28486581]], y: [[4.77983801e-07]], cov: [[1.36502647e+08]]
Pp eigs: [1.36498936e+08 1.36498936e+08 1.36498936e+08 1.36498936e+08
 1.36498936e+08]
dt_idx: 12, dt: 1128.2659606933594
Max variance at index 0: 139147721.38404956
Pp max index: 0, value: 139147721.38404956
Pp max diag: 139147721.38404956
log_likelihood: [[-10.29487769]], y: [[1.88771091e-05]], cov: [[1.3926349e+08]]
Pp eigs: [1.39147721e+08 1.39147721e+08 1.39147721e+08 1.39147721e+08
 1.39147721e+08]
dt_idx: 13, dt: 1449.171838760376
Max variance at index 0: 142587223.69901153
Pp max index: 0, value: 142587223.69901153
Pp max diag: 142587223.69901153
log_likelihood: [[-10.30667588]], y: [[-2.91749044e-06]], cov: [[1.42588683e+08]]
Pp eigs: [1.42587224e+08 1.42587224e+08 1.42587224e+08 1.42587224e+08
 1.42587224e+08]
dt_idx: 14, dt: 685.9380397796631
Max variance at index 0: 144229887.26522967
Pp max index: 0, value: 144229887.26522967
Pp max diag: 144229887.26522967
log_likelihood: [[-10.31240863]], y: [[-1.85760968e-06]], cov: [[1.44232941e+08]]
Pp eigs: [1.44229887e+08 1.44229887e+08 1.44229887e+08 1.44229887e+08
 1.44229887e+08]
dt_idx: 15, dt: 12142.783394813538
Max variance at index 0: 174866240.6484016
Pp max index: 0, value: 174866240.6484016
Pp max diag: 174866240.6484016
log_likelihood: [[-10.40871676]], y: [[7.5494865e-06]], cov: [[1.74870533e+08]]
Pp eigs: [1.74866241e+08 1.74866241e+08 1.74866241e+08 1.74866241e+08
 1.74866241e+08]
dt_idx: 16, dt: 7423.746766090393
Max variance at index 0: 195048421.8445692
Pp max index: 0, value: 195048421.8445692
Pp max diag: 195048421.8445692
log_likelihood: [[-10.46332378]], y: [[-1.77619307e-06]], cov: [[1.95050779e+08]]
Pp eigs: [1.95048422e+08 1.95048422e+08 1.95048422e+08 1.95048422e+08
 1.95048422e+08]
dt_idx: 17, dt: 15970.07612991333
Max variance at index 0: 242199049.0324481
Pp max index: 0, value: 242199049.0324481
Pp max diag: 242199049.0324481
log_likelihood: [[-10.57157828]], y: [[-4.82064464e-05]], cov: [[2.42201239e+08]]
Pp eigs: [2.42199049e+08 2.42199049e+08 2.42199049e+08 2.42199049e+08
 2.42199049e+08]
dt_idx: 18, dt: 1740.7217817306519
Max variance at index 0: 247646574.81475776
Pp max index: 0, value: 247646574.81475776
Pp max diag: 247646574.81475776
log_likelihood: [[-10.58269955]], y: [[8.08006289e-07]], cov: [[2.47648768e+08]]
Pp eigs: [2.47646575e+08 2.47646575e+08 2.47646575e+08 2.47646575e+08
 2.47646575e+08]
dt_idx: 19, dt: 899.0223426818848
Max variance at index 0: 250483753.38838875
Pp max index: 0, value: 250483753.38838875
Pp max diag: 250483753.38838875
log_likelihood: [[-10.58839214]], y: [[7.49907856e-07]], cov: [[2.50484405e+08]]
Pp eigs: [2.50483753e+08 2.50483753e+08 2.50483753e+08 2.50483753e+08
 2.50483753e+08]
dt_idx: 20, dt: 1074.4504127502441
Max variance at index 0: 253895750.3410545
Pp max index: 0, value: 253895750.3410545
Pp max diag: 253895750.3410545
log_likelihood: [[-10.59516957]], y: [[7.11836848e-06]], cov: [[2.53902799e+08]]
Pp eigs: [2.5389575e+08 2.5389575e+08 2.5389575e+08 2.5389575e+08 2.5389575e+08]
dt_idx: 21, dt: 4778.388277053833
Max variance at index 0: 269349413.26617813
Pp max index: 0, value: 269349413.26617813
Pp max diag: 269349413.26617813
log_likelihood: [[-10.6248086]], y: [[-1.65027488e-06]], cov: [[2.69408704e+08]]
Pp eigs: [2.69349413e+08 2.69349413e+08 2.69349413e+08 2.69349413e+08
 2.69349413e+08]
dt_idx: 22, dt: 1601.344838142395
Max variance at index 0: 274630393.0787131
Pp max index: 0, value: 274630393.0787131
Pp max diag: 274630393.0787131
log_likelihood: [[-10.63441527]], y: [[9.48795142e-07]], cov: [[2.74634991e+08]]
Pp eigs: [2.74630393e+08 2.74630393e+08 2.74630393e+08 2.74630393e+08
 2.74630393e+08]
dt_idx: 23, dt: 15526.959657669067
Max variance at index 0: 328493974.88714415
Pp max index: 0, value: 328493974.88714415
Pp max diag: 328493974.88714415
log_likelihood: [[-10.72396675]], y: [[2.15164149e-06]], cov: [[3.28502967e+08]]
Pp eigs: [3.28493975e+08 3.28493975e+08 3.28493975e+08 3.28493975e+08
 3.28493975e+08]
dt_idx: 24, dt: 17675.110763549805
Max variance at index 0: 395674869.85920644
Pp max index: 0, value: 395674869.85920644
Pp max diag: 395674869.85920644
log_likelihood: [[-10.81699528]], y: [[-7.2674772e-06]], cov: [[3.95678867e+08]]
Pp eigs: [3.9567487e+08 3.9567487e+08 3.9567487e+08 3.9567487e+08 3.9567487e+08]
dt_idx: 25, dt: 17881.837799072266
Max variance at index 0: 469995949.4118708
Pp max index: 0, value: 469995949.4118708
Pp max diag: 469995949.4118708
log_likelihood: [[-10.90311749]], y: [[-1.01558605e-05]], cov: [[4.7005389e+08]]
Pp eigs: [4.69995949e+08 4.69995949e+08 4.69995949e+08 4.69995949e+08
 4.69995949e+08]
dt_idx: 26, dt: 1414.9085750579834
Max variance at index 0: 476149497.0099065
Pp max index: 0, value: 476149497.0099065
Pp max diag: 476149497.0099065
log_likelihood: [[-10.90956673]], y: [[-6.20467856e-06]], cov: [[4.76156141e+08]]
Pp eigs: [4.76149497e+08 4.76149497e+08 4.76149497e+08 4.76149497e+08
 4.76149497e+08]
dt_idx: 27, dt: 2611.2730674743652
Max variance at index 0: 487611192.6265088
Pp max index: 0, value: 487611192.6265088
Pp max diag: 487611192.6265088
log_likelihood: [[-10.92148596]], y: [[6.89165195e-06]], cov: [[4.87643346e+08]]
Pp eigs: [4.87611193e+08 4.87611193e+08 4.87611193e+08 4.87611193e+08
 4.87611193e+08]
dt_idx: 28, dt: 15305.948272705078
Max variance at index 0: 557534344.4235579
Pp max index: 0, value: 557534344.4235579
Pp max diag: 557534344.4235579
log_likelihood: [[-10.9884586]], y: [[1.38842867e-05]], cov: [[5.57537392e+08]]
Pp eigs: [5.57534344e+08 5.57534344e+08 5.57534344e+08 5.57534344e+08
 5.57534344e+08]
dt_idx: 29, dt: 6544.2516622543335
Max variance at index 0: 588859803.7079798
Pp max index: 0, value: 588859803.7079798
Pp max diag: 588859803.7079798
log_likelihood: [[-11.01579973]], y: [[-4.41271714e-07]], cov: [[5.88873758e+08]]
Pp eigs: [5.87576347e+08 5.88859804e+08 5.88859804e+08 5.88859804e+08
 5.88859804e+08]
dt_idx: 30, dt: 2773.7051372528076
Max variance at index 2: 602395001.6731577
Pp max index: 2, value: 602395001.6731577
Pp max diag: 602395001.6731577
log_likelihood: [[-11.0271797]], y: [[5.44316093e-06]], cov: [[6.02430185e+08]]
Pp eigs: [6.01066313e+08 6.01067058e+08 6.02395002e+08 6.02395002e+08
 6.02395002e+08]
dt_idx: 31, dt: 21131.462301254272
Max variance at index 2: 710560557.1077554
Pp max index: 2, value: 710560557.1077554
Pp max diag: 710560557.1077554
log_likelihood: [[-11.10973422]], y: [[2.44955907e-06]], cov: [[7.10579492e+08]]
Pp eigs: [7.08858542e+08 7.08858565e+08 7.08859519e+08 7.10560557e+08
 7.10560557e+08]
dt_idx: 32, dt: 2296318.626564026
Max variance at index 2: 65517370714.033295
Pp max index: 2, value: 65517370714.033295
Pp max diag: 65517370714.033295
log_likelihood: [[-8.95239282]], y: [[0.00106927]], cov: [[9501009.20258595]]
Pp eigs: [6.40272235e+10 6.40272794e+10 6.40272989e+10 6.40281343e+10
 6.55173707e+10]
dt_idx: 33, dt: 25986.13256263733
Max variance at index 2: 66850967356.43206
Pp max index: 2, value: 66850967356.43206
Pp max diag: 66850967356.43206
log_likelihood: [[-5.89557633]], y: [[3.9543615e-05]], cov: [[21020.96577194]]
Pp eigs: [6.53152866e+10 6.53153442e+10 6.53153643e+10 6.53162252e+10
 6.68509674e+10]
dt_idx: 34, dt: 23380.63917350769
Max variance at index 2: 68062304170.86087
Pp max index: 2, value: 68062304170.86087
Pp max diag: 68062304170.86087
log_likelihood: [[-6.69785988]], y: [[7.94095456e-06]], cov: [[104594.12788526]]
Pp eigs: [6.64848752e+10 6.64849344e+10 6.64849550e+10 6.64858393e+10
 6.80623042e+10]
dt_idx: 35, dt: 15320.087171554565
Max variance at index 2: 68861911356.82045
Pp max index: 2, value: 68861911356.82045
Pp max diag: 68861911356.82045
log_likelihood: [[-5.91399959]], y: [[5.8235681e-05]], cov: [[21809.96195936]]
Pp eigs: [6.72567231e+10 6.72567833e+10 6.72568043e+10 6.72577041e+10
 6.88619114e+10]
dt_idx: 36, dt: 22966.191897392273
Max variance at index 2: 70069318352.37645
Pp max index: 2, value: 70069318352.37645
Pp max diag: 70069318352.37645
log_likelihood: [[-5.64253169]], y: [[-0.00012215]], cov: [[12672.45872993]]
Pp eigs: [6.84219127e+10 6.84219745e+10 6.84219961e+10 6.84229196e+10
 7.00693184e+10]
dt_idx: 37, dt: 3162.8281774520874
Max variance at index 2: 70236418341.43823
Pp max index: 2, value: 70236418341.43823
Pp max diag: 70236418341.43823
log_likelihood: [[-5.34977952]], y: [[-8.2795918e-05]], cov: [[7056.34130849]]
Pp eigs: [6.85831417e+10 6.85832037e+10 6.85832253e+10 6.85841521e+10
 7.02364183e+10]
dt_idx: 38, dt: 6808.350652694702
Max variance at index 2: 70596793728.54071
Pp max index: 2, value: 70596793728.54071
Pp max diag: 70596793728.54071
log_likelihood: [[-5.60386902]], y: [[-1.56124379e-05]], cov: [[11729.48429066]]
Pp eigs: [6.89308319e+10 6.89308944e+10 6.89309162e+10 6.89318501e+10
 7.05967937e+10]
dt_idx: 39, dt: 452.69598865509033
Max variance at index 2: 70620788160.50734
Pp max index: 2, value: 70620788160.50734
Pp max diag: 70620788160.50734
log_likelihood: [[-5.66338661]], y: [[0.00079781]], cov: [[13212.20300546]]
Pp eigs: [6.89539806e+10 6.89540431e+10 6.89540650e+10 6.89549994e+10
 7.06207882e+10]
dt_idx: 40, dt: 11026.905187606812
Max variance at index 2: 71206507515.9976
Pp max index: 2, value: 71206507515.9976
Pp max diag: 71206507515.9976
log_likelihood: [[-6.8805317]], y: [[-0.00019696]], cov: [[150721.09184647]]
Pp eigs: [6.95190114e+10 6.95190747e+10 6.95190968e+10 6.95200428e+10
 7.12065075e+10]
dt_idx: 41, dt: 1957.994125366211
Max variance at index 2: 71310763078.12642
Pp max index: 2, value: 71310763078.12642
Pp max diag: 71310763078.12642
log_likelihood: [[-5.5256172]], y: [[-2.85540318e-05]], cov: [[10030.21507593]]
Pp eigs: [6.96194121e+10 6.96195757e+10 6.96196391e+10 6.96206094e+10
 7.13107631e+10]
dt_idx: 42, dt: 13886.705073356628
Max variance at index 2: 72052358728.90027
Pp max index: 2, value: 72052358728.90027
Pp max diag: 72052358728.90027
log_likelihood: [[-5.41292273]], y: [[0.00010873]], cov: [[8006.17494502]]
Pp eigs: [7.03346718e+10 7.03348380e+10 7.03349025e+10 7.03358878e+10
 7.20523587e+10]
dt_idx: 43, dt: 7618.1069622039795
Max variance at index 2: 72460815757.18655
Pp max index: 2, value: 72460815757.18655
Pp max diag: 72460815757.18655
log_likelihood: [[-5.78449795]], y: [[3.63530892e-05]], cov: [[16833.37549401]]
Pp eigs: [7.07284636e+10 7.07287341e+10 7.07287991e+10 7.07297927e+10
 7.24608158e+10]
dt_idx: 44, dt: 2892.1419610977173
Max variance at index 2: 72616184111.38321
Pp max index: 2, value: 72616184111.38321
Pp max diag: 72616184111.38321
log_likelihood: [[-6.19894278]], y: [[-6.27641793e-05]], cov: [[38561.455116]]
Pp eigs: [7.08782818e+10 7.08785532e+10 7.08786183e+10 7.08796152e+10
 7.26161841e+10]
dt_idx: 45, dt: 778.8742904663086
Max variance at index 2: 72658054270.24745
Pp max index: 2, value: 72658054270.24745
Pp max diag: 72658054270.24745
log_likelihood: [[-5.25088797]], y: [[1.19120646e-05]], cov: [[5790.06547632]]
Pp eigs: [7.09186552e+10 7.09189269e+10 7.09189921e+10 7.09199898e+10
 7.26580543e+10]
dt_idx: 46, dt: 6284.635479927063
Max variance at index 2: 72996339473.60439
Pp max index: 2, value: 72996339473.60439
Pp max diag: 72996339473.60439
log_likelihood: [[-6.78921005]], y: [[0.00036524]], cov: [[125560.50403645]]
Pp eigs: [7.12448324e+10 7.12451059e+10 7.12451716e+10 7.12461763e+10
 7.29963395e+10]
dt_idx: 47, dt: 8252.817761421204
Max variance at index 2: 73441756731.80771
Pp max index: 2, value: 73441756731.80771
Pp max diag: 73441756731.80771
log_likelihood: [[-5.44104564]], y: [[9.64809193e-05]], cov: [[8469.3938192]]
Pp eigs: [7.16742555e+10 7.16745411e+10 7.16746074e+10 7.16756212e+10
 7.34417567e+10]
dt_idx: 48, dt: 18485.714696884155
Max variance at index 2: 74444361810.3658
Pp max index: 2, value: 74444361810.3658
Pp max diag: 74444361810.3658
log_likelihood: [[-5.67082122]], y: [[-1.2674639e-05]], cov: [[13410.12609452]]
Pp eigs: [7.26407059e+10 7.26409974e+10 7.26410650e+10 7.26420996e+10
 7.44443618e+10]
dt_idx: 49, dt: 1182.3339357376099
Max variance at index 2: 74508718405.9793
Pp max index: 2, value: 74508718405.9793
Pp max diag: 74508718405.9793
log_likelihood: [[-6.18181367]], y: [[7.40105974e-05]], cov: [[37262.78097051]]
Pp eigs: [7.27027335e+10 7.27030254e+10 7.27030931e+10 7.27041290e+10
 7.45087184e+10]
dt_idx: 50, dt: 1152.5141906738281
Max variance at index 2: 74571478547.90355
Pp max index: 2, value: 74571478547.90355
Pp max diag: 74571478547.90355
log_likelihood: [[-5.97908901]], y: [[9.74773799e-06]], cov: [[24842.24596189]]
Pp eigs: [7.27632215e+10 7.27635137e+10 7.27635816e+10 7.27646188e+10
 7.45714785e+10]
dt_idx: 51, dt: 3549.6656379699707
Max variance at index 2: 74764941080.13063
Pp max index: 2, value: 74764941080.13063
Pp max diag: 74764941080.13063
log_likelihood: [[-6.79327564]], y: [[-0.00019695]], cov: [[126585.62152657]]
Pp eigs: [7.29496741e+10 7.29499675e+10 7.29500355e+10 7.29510768e+10
 7.47649411e+10]
dt_idx: 52, dt: 355.47581672668457
Max variance at index 2: 74784328856.6744
Pp max index: 2, value: 74784328856.6744
Pp max diag: 74784328856.6744
log_likelihood: [[-7.09862689]], y: [[-7.95747642e-05]], cov: [[233135.87505627]]
Pp eigs: [7.29683589e+10 7.29686524e+10 7.29687205e+10 7.29697621e+10
 7.47843289e+10]
dt_idx: 53, dt: 693.5688486099243
Max variance at index 2: 74822163562.80731
Pp max index: 2, value: 74822163562.80731
Pp max diag: 74822163562.80731
log_likelihood: [[-5.36194538]], y: [[8.1336447e-05]], cov: [[7230.14009048]]
Pp eigs: [7.30048215e+10 7.30051152e+10 7.30051833e+10 7.30062257e+10
 7.48221636e+10]
dt_idx: 54, dt: 30.387868881225586
Max variance at index 2: 74823821462.27081
Pp max index: 2, value: 74823821462.27081
Pp max diag: 74823821462.27081
log_likelihood: [[-5.28195074]], y: [[-5.93988852e-05]], cov: [[6161.18503174]]
Pp eigs: [7.30064193e+10 7.30067130e+10 7.30067811e+10 7.30078236e+10
 7.48238215e+10]
dt_idx: 55, dt: 2949.746639251709
Max variance at index 2: 74984840742.22578
Pp max index: 2, value: 74984840742.22578
Pp max diag: 74984840742.22578
log_likelihood: [[-6.17447363]], y: [[0.00014319]], cov: [[36719.75591448]]
Pp eigs: [7.31615905e+10 7.31618897e+10 7.31619581e+10 7.31630039e+10
 7.49848407e+10]
dt_idx: 56, dt: 28593.57012462616
Max variance at index 2: 76554637280.58043
Pp max index: 2, value: 76554637280.58043
Pp max diag: 76554637280.58043
log_likelihood: [[-5.692772]], y: [[-1.32108132e-05]], cov: [[14011.96563503]]
Pp eigs: [7.46740483e+10 7.46744052e+10 7.46744757e+10 7.46755544e+10
 7.65546373e+10]
dt_idx: 57, dt: 3371.18994808197
Max variance at index 2: 76740785425.00098
Pp max index: 2, value: 76740785425.00098
Pp max diag: 76740785425.00098
log_likelihood: [[-6.13239698]], y: [[-0.00044395]], cov: [[33756.11620443]]
Pp eigs: [7.48533641e+10 7.48537223e+10 7.48537931e+10 7.48548757e+10
 7.67407854e+10]
dt_idx: 58, dt: 5884.542679786682
Max variance at index 2: 77066254361.96281
Pp max index: 2, value: 77066254361.96281
Pp max diag: 77066254361.96281
log_likelihood: [[-5.87292218]], y: [[-0.00014646]], cov: [[20089.79566209]]
Pp eigs: [7.51668608e+10 7.51668676e+10 7.51672281e+10 7.51672993e+10
 7.70662544e+10]
dt_idx: 59, dt: 4159.90581035614
Max variance at index 2: 77296749500.73651
Pp max index: 2, value: 77296749500.73651
Pp max diag: 77296749500.73651
log_likelihood: [[-6.30845827]], y: [[0.00014197]], cov: [[48003.99260446]]
Pp eigs: [7.53888671e+10 7.53888738e+10 7.53892359e+10 7.53893075e+10
 7.72967495e+10]
dt_idx: 60, dt: 42324.1041097641
Max variance at index 2: 79661384178.93553
Pp max index: 2, value: 79661384178.93553
Pp max diag: 79661384178.93553
log_likelihood: [[-13.46946565]], y: [[-6.12904774e-06]], cov: [[7.96616579e+10]]
Pp eigs: [7.76656574e+10 7.76656997e+10 7.76657067e+10 7.76660855e+10
 7.96613842e+10]
dt_idx: 61, dt: 9452.50121307373
Max variance at index 68: 78178370592.48755
Pp max index: 68, value: 78178370592.48755
Pp max diag: 78178370592.48755
log_likelihood: [[-5.21521172]], y: [[-1.84989905e-05]], cov: [[5391.32449352]]
Pp eigs: [7.81786461e+10 7.81786500e+10 7.81786928e+10 7.81786999e+10
 7.81790825e+10]
dt_idx: 62, dt: 37974.17283821106
Max variance at index 68: 80255765700.73462
Pp max index: 68, value: 80255765700.73462
Pp max diag: 80255765700.73462
log_likelihood: [[-6.33202306]], y: [[-0.00025286]], cov: [[50320.56142744]]
Pp eigs: [8.02553847e+10 8.02560486e+10 8.02560527e+10 8.02561046e+10
 8.02565026e+10]
dt_idx: 63, dt: 32243.662026405334
Max variance at index 68: 82040424579.82315
Pp max index: 68, value: 82040424579.82315
Pp max diag: 82040424579.82315
log_likelihood: [[-5.33780189]], y: [[-0.00016812]], cov: [[6889.31343899]]
Pp eigs: [8.19913019e+10 8.20400353e+10 8.20407139e+10 8.20407181e+10
 8.20411832e+10]
dt_idx: 64, dt: 2350.099799156189
Max variance at index 68: 82171245264.26938
Pp max index: 68, value: 82171245264.26938
Pp max diag: 82171245264.26938
log_likelihood: [[-5.78588997]], y: [[2.12004979e-05]], cov: [[16880.30568623]]
Pp eigs: [8.20872132e+10 8.21220442e+10 8.21708554e+10 8.21715350e+10
 8.21720055e+10]
dt_idx: 65, dt: 2196852.681731224
Max variance at index 68: 247721153036.0406
Pp max index: 68, value: 247721153036.0406
Pp max diag: 247721153036.0406
log_likelihood: [[-4.97975538]], y: [[3.16902086e-07]], cov: [[3366.51612378]]
Pp eigs: [2.47282427e+11 2.47467882e+11 2.47572891e+11 2.47720024e+11
 2.47722044e+11]
dt_idx: 66, dt: 38928.343116760254
Max variance at index 68: 251416291483.79984
Pp max index: 68, value: 251416291483.79984
Pp max diag: 251416291483.79984
log_likelihood: [[-4.50209406]], y: [[2.89800267e-07]], cov: [[1295.05837144]]
Pp eigs: [2.50971021e+11 2.51159243e+11 2.51265819e+11 2.51415146e+11
 2.51417196e+11]
dt_idx: 67, dt: 11197.086698532104
Max variance at index 68: 252483934147.8402
Pp max index: 68, value: 252483934147.8402
Pp max diag: 252483934147.8402
log_likelihood: [[-4.67082952]], y: [[1.19349426e-05]], cov: [[1814.89333414]]
Pp eigs: [2.52036773e+11 2.52225795e+11 2.52332823e+11 2.52482784e+11
 2.52484843e+11]
dt_idx: 68, dt: 8332.505865097046
Max variance at index 68: 253279829167.63663
Pp max index: 68, value: 253279829167.63663
Pp max diag: 253279829167.63663
log_likelihood: [[-4.02341953]], y: [[6.24516127e-05]], cov: [[497.18490541]]
Pp eigs: [2.52831258e+11 2.53020876e+11 2.53128242e+11 2.53278676e+11
 2.53280741e+11]
dt_idx: 69, dt: 1285.4229936599731
Max variance at index 68: 253402714369.01245
Pp max index: 68, value: 253402714369.01245
Pp max diag: 253402714369.01245
log_likelihood: [[-4.40626566]], y: [[6.84985425e-07]], cov: [[1069.18746831]]
Pp eigs: [2.52953926e+11 2.53143636e+11 2.53251053e+11 2.53401561e+11
 2.53403626e+11]
dt_idx: 70, dt: 775.4501657485962
Max variance at index 68: 253476860307.373
Pp max index: 68, value: 253476860307.373
Pp max diag: 253476860307.373
log_likelihood: [[-4.04013922]], y: [[-1.3315669e-07]], cov: [[514.09155313]]
Pp eigs: [2.53027941e+11 2.53217706e+11 2.53325155e+11 2.53475706e+11
 2.53477772e+11]
dt_idx: 71, dt: 9424.515712738037
Max variance at index 68: 254378821721.78168
Pp max index: 68, value: 254378821721.78168
Pp max diag: 254378821721.78168
log_likelihood: [[-4.07318836]], y: [[4.01794596e-06]], cov: [[549.22031219]]
Pp eigs: [2.53928305e+11 2.54118745e+11 2.54226577e+11 2.54377664e+11
 2.54379737e+11]
dt_idx: 72, dt: 24081.560154914856
Max variance at index 68: 256690405019.03833
Pp max index: 68, value: 256690405019.03833
Pp max diag: 256690405019.03833
log_likelihood: [[-4.77970734]], y: [[9.03212708e-06]], cov: [[2256.42644296]]
Pp eigs: [2.56235794e+11 2.56427966e+11 2.56536777e+11 2.56689237e+11
 2.56691329e+11]
dt_idx: 73, dt: 295.46348571777344
Max variance at index 68: 256718827952.0811
Pp max index: 68, value: 256718827952.0811
Pp max diag: 256718827952.0811
log_likelihood: [[-4.7016083]], y: [[-3.14830008e-05]], cov: [[1930.12402187]]
Pp eigs: [2.56264167e+11 2.56456360e+11 2.56565183e+11 2.56717660e+11
 2.56719752e+11]
dt_idx: 74, dt: 13192.204591751099
Max variance at index 68: 257989406607.48343
Pp max index: 68, value: 257989406607.48343
Pp max diag: 257989406607.48343
log_likelihood: [[-4.24645291]], y: [[-1.91068026e-07]], cov: [[776.68025664]]
Pp eigs: [2.57532495e+11 2.57725640e+11 2.57835002e+11 2.57988233e+11
 2.57990335e+11]
dt_idx: 75, dt: 4853.535985946655
Max variance at index 68: 258457611405.94104
Pp max index: 68, value: 258457611405.94104
Pp max diag: 258457611405.94104
log_likelihood: [[-4.15654889]], y: [[-6.92564836e-06]], cov: [[648.86242463]]
Pp eigs: [2.57999871e+11 2.58193366e+11 2.58302927e+11 2.58456436e+11
 2.58458542e+11]
dt_idx: 76, dt: 5666.186856269836
Max variance at index 68: 259004718217.61487
Pp max index: 68, value: 259004718217.61487
Pp max diag: 259004718217.61487
log_likelihood: [[-4.35350397]], y: [[-2.65361635e-07]], cov: [[962.11199652]]
Pp eigs: [2.58546009e+11 2.58739914e+11 2.58849706e+11 2.59003540e+11
 2.59005651e+11]
dt_idx: 77, dt: 2418.6120958328247
Max variance at index 68: 259238417486.27716
Pp max index: 68, value: 259238417486.27716
Pp max diag: 259238417486.27716
log_likelihood: [[-4.09970884]], y: [[2.12461064e-05]], cov: [[579.13789162]]
Pp eigs: [2.58779294e+11 2.58973374e+11 2.59083266e+11 2.59237238e+11
 2.59239351e+11]
dt_idx: 78, dt: 10136.422439575195
Max variance at index 68: 260218937720.11813
Pp max index: 68, value: 260218937720.11813
Pp max diag: 260218937720.11813
log_likelihood: [[-4.00741814]], y: [[-1.05384507e-06]], cov: [[481.52550955]]
Pp eigs: [2.58805736e+11 2.59758078e+11 2.59952892e+11 2.60063199e+11
 2.60219875e+11]
dt_idx: 79, dt: 32028.20479106903
Max variance at index 68: 263328607618.19174
Pp max index: 68, value: 263328607618.19174
Pp max diag: 263328607618.19174
log_likelihood: [[-5.24037889]], y: [[1.24882361e-06]], cov: [[5669.638973]]
Pp eigs: [2.61898519e+11 2.62862241e+11 2.63059384e+11 2.63171009e+11
 2.63329556e+11]
dt_idx: 80, dt: 12694.02225780487
Max variance at index 68: 264565924586.1874
Pp max index: 68, value: 264565924586.1874
Pp max diag: 264565924586.1874
log_likelihood: [[-4.35988696]], y: [[-9.30385246e-06]], cov: [[974.47303922]]
Pp eigs: [2.63129117e+11 2.64097366e+11 2.64295436e+11 2.64407586e+11
 2.64566878e+11]
dt_idx: 81, dt: 26507.833044052124
Max variance at index 68: 267158548757.29105
Pp max index: 68, value: 267158548757.29105
Pp max diag: 267158548757.29105
log_likelihood: [[-4.16053676]], y: [[-3.78123936e-06]], cov: [[654.0582776]]
Pp eigs: [2.65386082e+11 2.66685399e+11 2.66885410e+11 2.66998659e+11
 2.67159511e+11]
dt_idx: 82, dt: 1395.8108053207397
Max variance at index 68: 267295398633.37927
Pp max index: 68, value: 267295398633.37927
Pp max diag: 267295398633.37927
log_likelihood: [[-4.17579133]], y: [[-2.77768045e-06]], cov: [[674.32055168]]
Pp eigs: [2.65259525e+11 2.66822007e+11 2.67022120e+11 2.67135427e+11
 2.67296362e+11]
dt_idx: 83, dt: 1719.1951503753662
Max variance at index 68: 267463999705.68076
Pp max index: 68, value: 267463999705.68076
Pp max diag: 267463999705.68076
log_likelihood: [[-4.84537984]], y: [[1.4046966e-05]], cov: [[2573.14101319]]
Pp eigs: [2.65309768e+11 2.65426842e+11 2.66990309e+11 2.67190549e+11
 2.67464963e+11]
dt_idx: 84, dt: 3501.7589292526245
Max variance at index 68: 267807571831.36258
Pp max index: 68, value: 267807571831.36258
Pp max diag: 267807571831.36258
log_likelihood: [[-3.80455152]], y: [[6.78398841e-07]], cov: [[320.93094597]]
Pp eigs: [2.65650573e+11 2.65767798e+11 2.67333273e+11 2.67533770e+11
 2.67808537e+11]
dt_idx: 85, dt: 12007.204636573792
Max variance at index 80: 268708895999.9144
Pp max index: 80, value: 268708895999.9144
Pp max diag: 268708895999.9144
log_likelihood: [[-4.454001]], y: [[8.64821526e-06]], cov: [[1176.29497775]]
Pp eigs: [2.66477210e+11 2.66820732e+11 2.66938473e+11 2.68510843e+11
 2.68712224e+11]
dt_idx: 86, dt: 5976.10101890564
Max variance at index 80: 269296328789.60654
Pp max index: 80, value: 269296328789.60654
Pp max diag: 269296328789.60654
log_likelihood: [[-3.77827556]], y: [[-3.26330423e-07]], cov: [[304.50090289]]
Pp eigs: [2.66611629e+11 2.67059764e+11 2.67404038e+11 2.69097843e+11
 2.69299664e+11]
dt_idx: 87, dt: 7863.119212150574
Max variance at index 80: 270070173386.7201
Pp max index: 80, value: 270070173386.7201
Pp max diag: 270070173386.7201
log_likelihood: [[-4.49015527]], y: [[-5.01452399e-06]], cov: [[1264.50177507]]
Pp eigs: [2.66836662e+11 2.67377760e+11 2.67827182e+11 2.68172445e+11
 2.70073519e+11]
dt_idx: 88, dt: 18868.12923336029
Max variance at index 80: 271931349332.00888
Pp max index: 80, value: 271931349332.00888
Pp max diag: 271931349332.00888
log_likelihood: [[-3.88266711]], y: [[1.78175451e-06]], cov: [[375.1992243]]
Pp eigs: [2.68675555e+11 2.69220382e+11 2.69672900e+11 2.70020544e+11
 2.71934718e+11]
dt_idx: 89, dt: 5642.915622711182
Max variance at index 80: 272489146728.30493
Pp max index: 80, value: 272489146728.30493
Pp max diag: 272489146728.30493
log_likelihood: [[-4.47753937]], y: [[-2.12147656e-05]], cov: [[1232.99527602]]
Pp eigs: [2.67990420e+11 2.69226675e+11 2.69772619e+11 2.70574422e+11
 2.72492523e+11]
dt_idx: 90, dt: 11028.328428268433
Max variance at index 80: 273580846398.74435
Pp max index: 80, value: 273580846398.74435
Pp max diag: 273580846398.74435
log_likelihood: [[-4.43430708]], y: [[-6.69481203e-07]], cov: [[1130.86386398]]
Pp eigs: [2.68701427e+11 2.69064103e+11 2.70305304e+11 2.71658451e+11
 2.73584236e+11]
dt_idx: 91, dt: 28619.749082565308
Max variance at index 80: 276423545589.1501
Pp max index: 80, value: 276423545589.1501
Pp max diag: 276423545589.1501
log_likelihood: [[-4.45125075]], y: [[-1.60247259e-05]], cov: [[1169.84252725]]
Pp eigs: [2.66852183e+11 2.71493428e+11 2.71859889e+11 2.73113970e+11
 2.76426971e+11]
dt_idx: 92, dt: 4582.195646286011
Max variance at index 80: 276879967686.3602
Pp max index: 80, value: 276879967686.3602
Pp max diag: 276879967686.3602
log_likelihood: [[-4.53825902]], y: [[1.47908053e-05]], cov: [[1392.20065057]]
Pp eigs: [2.60548515e+11 2.71941710e+11 2.72308779e+11 2.73564928e+11
 2.76883399e+11]
dt_idx: 93, dt: 10041.510699272156
Max variance at index 80: 277881423044.60126
Pp max index: 80, value: 277881423044.60126
Pp max diag: 277881423044.60126
log_likelihood: [[-4.20033192]], y: [[-2.07120448e-05]], cov: [[708.24266025]]
Pp eigs: [2.04387584e+11 2.61490906e+11 2.73293707e+11 2.74554393e+11
 2.77884867e+11]
dt_idx: 94, dt: 5003.867318153381
Max variance at index 122: 275041243603.4299
Pp max index: 122, value: 275041243603.4299
Pp max diag: 275041243603.4299
log_likelihood: [[-4.44810297]], y: [[-1.05902566e-05]], cov: [[1162.5008529]]
Pp eigs: [1.96251305e+11 2.04755117e+11 2.61961117e+11 2.73785142e+11
 2.75048092e+11]
dt_idx: 95, dt: 17909.21649169922
Max variance at index 86: 275471000391.27167
Pp max index: 86, value: 275471000391.27167
Pp max diag: 275471000391.27167
log_likelihood: [[-5.51983201]], y: [[-6.71550977e-06]], cov: [[9914.83067129]]
Pp eigs: [1.77541974e+11 1.97514524e+11 2.06073101e+11 2.63647304e+11
 2.75547438e+11]
dt_idx: 96, dt: 27393.993658065796
Max variance at index 86: 278176168286.9357
Pp max index: 86, value: 278176168286.9357
Pp max diag: 278176168286.9357
log_likelihood: [[-5.99573653]], y: [[0.00020968]], cov: [[25683.29330991]]
Pp eigs: [1.46669195e+11 1.79285463e+11 1.99454147e+11 2.08096814e+11
 2.78253376e+11]
dt_idx: 97, dt: 22453.78444957733
Max variance at index 86: 280402789575.34503
Pp max index: 86, value: 280402789575.34503
Pp max diag: 280402789575.34503
log_likelihood: [[-5.63275186]], y: [[-3.78820595e-06]], cov: [[12426.9980223]]
Pp eigs: [1.21543313e+11 1.47843188e+11 1.80720528e+11 2.01050649e+11
 2.80480631e+11]
dt_idx: 98, dt: 2159446.7591371536
Max variance at index 116: 382026936290.6519
Pp max index: 116, value: 382026936290.6519
Pp max diag: 382026936290.6519
log_likelihood: [[-3.99410219]], y: [[1.13628093e-07]], cov: [[468.87082935]]
Pp eigs: [2.28660218e+11 2.30951460e+11 2.80925350e+11 3.43397464e+11
 3.82027887e+11]
dt_idx: 99, dt: 44986.81519508362
Max variance at index 116: 386361301525.70294
Pp max index: 116, value: 386361301525.70294
Pp max diag: 386361301525.70294
log_likelihood: [[-4.03050218]], y: [[1.52004208e-05]], cov: [[504.27779758]]
Pp eigs: [2.18846749e+11 2.33571768e+11 2.84112647e+11 3.47293551e+11
 3.86362264e+11]
dt_idx: 100, dt: 137491.59906959534
Max variance at index 116: 399747496951.1007
Pp max index: 116, value: 399747496951.1007
Pp max diag: 399747496951.1007
log_likelihood: [[-4.02151434]], y: [[2.16127913e-05]], cov: [[495.29404765]]
Pp eigs: [2.26429098e+11 2.41664293e+11 2.93956252e+11 3.59326174e+11
 3.99748494e+11]
dt_idx: 101, dt: 1745.8701705932617
Max variance at index 116: 399918821411.4077
Pp max index: 116, value: 399918821411.4077
Pp max diag: 399918821411.4077
log_likelihood: [[-4.16585464]], y: [[-9.38811632e-06]], cov: [[661.05180497]]
Pp eigs: [2.26526142e+11 2.41767865e+11 2.94082237e+11 3.59480175e+11
 3.99919819e+11]
dt_idx: 102, dt: 1907.0816555023193
Max variance at index 116: 400106004286.3619
Pp max index: 116, value: 400106004286.3619
Pp max diag: 400106004286.3619
log_likelihood: [[-4.27997875]], y: [[1.86842871e-06]], cov: [[830.54360354]]
Pp eigs: [2.26632168e+11 2.41881025e+11 2.94219883e+11 3.59648430e+11
 4.00107002e+11]
dt_idx: 103, dt: 11934.817485809326
Max variance at index 116: 401278337665.9917
Pp max index: 116, value: 401278337665.9917
Pp max diag: 401278337665.9917
log_likelihood: [[-3.77938707]], y: [[2.20436366e-07]], cov: [[305.17856818]]
Pp eigs: [2.27296213e+11 2.42589751e+11 2.95081964e+11 3.60702221e+11
 4.01279338e+11]
dt_idx: 104, dt: 2112.7165117263794
Max variance at index 68: 360887604284.1092
Pp max index: 68, value: 360887604284.1092
Pp max diag: 360887604284.1092
log_likelihood: [[-4.13559395]], y: [[7.6944086e-06]], cov: [[622.23064836]]
Pp eigs: [2.26270612e+11 2.27413856e+11 2.42715310e+11 2.95234691e+11
 3.60888911e+11]
dt_idx: 105, dt: 5034.440564155579
Max variance at index 68: 361332651212.64484
Pp max index: 68, value: 361332651212.64484
Pp max diag: 361332651212.64484
log_likelihood: [[-4.09536108]], y: [[-3.00928565e-06]], cov: [[574.12382505]]
Pp eigs: [2.26549650e+11 2.27694303e+11 2.43014626e+11 2.95598775e+11
 3.61333960e+11]
dt_idx: 106, dt: 2384.3677377700806
Max variance at index 68: 361543518327.0071
Pp max index: 68, value: 361543518327.0071
Pp max diag: 361543518327.0071
log_likelihood: [[-4.15614131]], y: [[1.37158717e-05]], cov: [[648.33371975]]
Pp eigs: [2.26681860e+11 2.27827182e+11 2.43156445e+11 2.95771281e+11
 3.61544828e+11]
dt_idx: 107, dt: 10026.285075187683
Max variance at index 68: 362430834254.33453
Pp max index: 68, value: 362430834254.33453
Pp max diag: 362430834254.33453
log_likelihood: [[-4.14467631]], y: [[6.00122575e-08]], cov: [[633.63656298]]
Pp eigs: [2.27238193e+11 2.28386325e+11 2.43753211e+11 2.96497176e+11
 3.62432147e+11]
dt_idx: 108, dt: 1741.80207157135
Max variance at index 68: 362585083744.1891
Pp max index: 68, value: 362585083744.1891
Pp max diag: 362585083744.1891
log_likelihood: [[-4.10249969]], y: [[-3.99223688e-05]], cov: [[582.37950981]]
Pp eigs: [2.27334905e+11 2.28483526e+11 2.43856951e+11 2.96623364e+11
 3.62586397e+11]
dt_idx: 109, dt: 5885.259571075439
Max variance at index 68: 363106490000.2998
Pp max index: 68, value: 363106490000.2998
Pp max diag: 363106490000.2998
log_likelihood: [[-4.16613072]], y: [[-1.94766362e-06]], cov: [[661.41690978]]
Pp eigs: [2.27019487e+11 2.27661818e+11 2.28812091e+11 2.97049916e+11
 3.63107805e+11]
dt_idx: 110, dt: 13416.953607559204
Max variance at index 68: 364296454456.9175
Pp max index: 68, value: 364296454456.9175
Pp max diag: 364296454456.9175
log_likelihood: [[-4.10397844]], y: [[7.41289919e-07]], cov: [[584.10444105]]
Pp eigs: [2.27763471e+11 2.28407906e+11 2.29561949e+11 2.98023402e+11
 3.64297774e+11]
dt_idx: 111, dt: 1119.7008800506592
Max variance at index 68: 364395842749.77423
Pp max index: 68, value: 364395842749.77423
Pp max diag: 364395842749.77423
log_likelihood: [[-4.25997641]], y: [[2.8537046e-06]], cov: [[797.97379074]]
Pp eigs: [2.27825610e+11 2.28470221e+11 2.29624579e+11 2.98104709e+11
 3.64397163e+11]
dt_idx: 112, dt: 1956.0594453811646
Max variance at index 68: 364569498804.5813
Pp max index: 68, value: 364569498804.5813
Pp max diag: 364569498804.5813
log_likelihood: [[-4.10811854]], y: [[-5.73374488e-07]], cov: [[588.96102506]]
Pp eigs: [2.27934182e+11 2.28579101e+11 2.29734008e+11 2.98246774e+11
 3.64570820e+11]
dt_idx: 113, dt: 15.832091331481934
Max variance at index 68: 364570904509.068
Pp max index: 68, value: 364570904509.068
Pp max diag: 364570904509.068
log_likelihood: [[-4.22298259]], y: [[-2.00189074e-05]], cov: [[741.06483671]]
Pp eigs: [2.27935061e+11 2.28579982e+11 2.29734894e+11 2.98247924e+11
 3.64572225e+11]
dt_idx: 114, dt: 13889.600413322449
Max variance at index 68: 365805096749.09796
Pp max index: 68, value: 365805096749.09796
Pp max diag: 365805096749.09796
log_likelihood: [[-4.12743216]], y: [[2.23921222e-06]], cov: [[612.15605694]]
Pp eigs: [2.28706696e+11 2.29353801e+11 2.30512623e+11 2.99257591e+11
 3.65806422e+11]
dt_idx: 115, dt: 2505.873620033264
Max variance at index 68: 366027965683.6292
Pp max index: 68, value: 366027965683.6292
Pp max diag: 366027965683.6292
log_likelihood: [[-4.09572356]], y: [[8.38731098e-07]], cov: [[574.54018812]]
Pp eigs: [1.91432769e+11 2.29493536e+11 2.30653064e+11 2.99439915e+11
 3.66029292e+11]
dt_idx: 116, dt: 16548.457575798035
Max variance at index 68: 367501326180.88513
Pp max index: 68, value: 367501326180.88513
Pp max diag: 367501326180.88513
log_likelihood: [[-4.14731157]], y: [[9.57954712e-06]], cov: [[636.98497929]]
Pp eigs: [1.62967312e+11 2.30417309e+11 2.31581504e+11 3.00645241e+11
 3.67502658e+11]
dt_idx: 117, dt: 25116.180660247803
Max variance at index 68: 369742684230.5128
Pp max index: 68, value: 369742684230.5128
Pp max diag: 369742684230.5128
log_likelihood: [[-4.10915226]], y: [[-2.6607851e-05]], cov: [[590.17992327]]
Pp eigs: [1.63961235e+11 2.31822605e+11 2.32993900e+11 3.02478850e+11
 3.69744025e+11]
dt_idx: 118, dt: 218.05411911010742
Max variance at index 68: 369762170661.8829
Pp max index: 68, value: 369762170661.8829
Pp max diag: 369762170661.8829
log_likelihood: [[-4.30687165]], y: [[-3.16554904e-05]], cov: [[876.43824074]]
Pp eigs: [1.60520854e+11 1.63969876e+11 2.31834822e+11 3.02494792e+11
 3.69763511e+11]
dt_idx: 119, dt: 5494.81104850769
Max variance at index 68: 370253370546.8186
Pp max index: 68, value: 370253370546.8186
Pp max diag: 370253370546.8186
log_likelihood: [[-4.31541666]], y: [[-2.68741724e-06]], cov: [[891.5453063]]
Pp eigs: [1.60734093e+11 1.64187697e+11 2.32142797e+11 3.02896633e+11
 3.70254713e+11]
dt_idx: 120, dt: 3376.615665435791
Max variance at index 68: 370555366068.53516
Pp max index: 68, value: 370555366068.53516
Pp max diag: 370555366068.53516
log_likelihood: [[-4.19815277]], y: [[1.87645554e-06]], cov: [[705.16263541]]
Pp eigs: [1.60865195e+11 1.64321616e+11 2.32332143e+11 3.03143689e+11
 3.70556710e+11]
dt_idx: 121, dt: 3558.695625305176
Max variance at index 68: 370873768541.09863
Pp max index: 68, value: 370873768541.09863
Pp max diag: 370873768541.09863
log_likelihood: [[-4.2343128]], y: [[2.0167106e-06]], cov: [[758.0493874]]
Pp eigs: [1.01909508e+11 1.64462811e+11 2.32531776e+11 3.03404167e+11
 3.70875113e+11]
dt_idx: 122, dt: 1411.8006267547607
Max variance at index 68: 371000119456.1363
Pp max index: 68, value: 371000119456.1363
Pp max diag: 371000119456.1363
log_likelihood: [[-4.14144446]], y: [[-1.20157944e-05]], cov: [[629.55414439]]
Pp eigs: [1.01944227e+11 1.64518841e+11 2.32610996e+11 3.03507532e+11
 3.71001465e+11]
dt_idx: 123, dt: 5604.625864982605
Max variance at index 68: 371501907336.604
Pp max index: 68, value: 371501907336.604
Pp max diag: 371501907336.604
log_likelihood: [[-4.31105271]], y: [[4.87739891e-05]], cov: [[883.79785106]]
Pp eigs: [1.02082109e+11 1.64741357e+11 2.32925609e+11 3.03918035e+11
 3.71503254e+11]
dt_idx: 124, dt: 1594.9707527160645
Max variance at index 68: 371644763538.7992
Pp max index: 68, value: 371644763538.7992
Pp max diag: 371644763538.7992
log_likelihood: [[-4.1592812]], y: [[-1.64804927e-06]], cov: [[652.41792296]]
Pp eigs: [1.02121363e+11 1.64804706e+11 2.33015178e+11 3.04034903e+11
 3.71646111e+11]
dt_idx: 125, dt: 45206.27801799774
Max variance at index 68: 375704205683.31854
Pp max index: 68, value: 375704205683.31854
Pp max diag: 375704205683.31854
log_likelihood: [[-3.99398314]], y: [[-5.00788739e-05]], cov: [[468.75920862]]
Pp eigs: [9.98334270e+10 1.03236827e+11 1.66604853e+11 3.07355849e+11
 3.75705568e+11]
dt_idx: 126, dt: 5371.508592605591
Max variance at index 68: 376187900762.91254
Pp max index: 68, value: 376187900762.91254
Pp max diag: 376187900762.91254
log_likelihood: [[-4.40105597]], y: [[-4.77245347e-05]], cov: [[1058.10502847]]
Pp eigs: [8.02057437e+10 9.99619563e+10 1.03369738e+11 1.66819346e+11
 3.76189265e+11]
dt_idx: 127, dt: 1998.26921749115
Max variance at index 68: 376367914233.1956
Pp max index: 68, value: 376367914233.1956
Pp max diag: 376367914233.1956
log_likelihood: [[-4.19358714]], y: [[-1.0076019e-05]], cov: [[698.75292391]]
Pp eigs: [8.02441237e+10 1.00009790e+11 1.03419203e+11 1.66899173e+11
 3.76369280e+11]
dt_idx: 128, dt: 5968.733724594116
Max variance at index 68: 376905840741.4756
Pp max index: 68, value: 376905840741.4756
Pp max diag: 376905840741.4756
log_likelihood: [[-4.32391118]], y: [[-1.34339534e-06]], cov: [[906.82119241]]
Pp eigs: [6.39606796e+10 8.03588132e+10 1.00152730e+11 1.67137715e+11
 3.76907208e+11]
dt_idx: 129, dt: 31240.388007164
Max variance at index 68: 379727092474.48413
Pp max index: 68, value: 379727092474.48413
Pp max diag: 379727092474.48413
log_likelihood: [[-3.93635142]], y: [[8.20384774e-06]], cov: [[417.72602451]]
Pp eigs: [5.56729906e+10 6.44394444e+10 8.09603229e+10 1.68388790e+11
 3.79728470e+11]
dt_idx: 130, dt: 30252.026370048523
Max variance at index 116: 169603939289.11276
Pp max index: 116, value: 169603939289.11276
Pp max diag: 169603939289.11276
log_likelihood: [[-4.23592264]], y: [[9.04866786e-05]], cov: [[760.49398962]]
Pp eigs: [5.60748832e+10 6.49046204e+10 8.15447598e+10 1.14594641e+11
 1.69604356e+11]
dt_idx: 131, dt: 2235382.537033081
Max variance at index 116: 270242005814.4444
Pp max index: 116, value: 270242005814.4444
Pp max diag: 270242005814.4444
log_likelihood: [[-3.73793283]], y: [[-3.7826046e-06]], cov: [[280.89715134]]
Pp eigs: [8.93481112e+10 1.03417161e+11 1.29931073e+11 1.82591796e+11
 2.70242683e+11]
dt_idx: 132, dt: 31750.604655265808
Max variance at index 116: 271821449375.81952
Pp max index: 116, value: 271821449375.81952
Pp max diag: 271821449375.81952
log_likelihood: [[-3.81303284]], y: [[5.7550339e-06]], cov: [[326.42121674]]
Pp eigs: [8.98703112e+10 1.04021588e+11 1.30690462e+11 1.83658963e+11
 2.71822131e+11]
dt_idx: 133, dt: 9499.86834526062
Max variance at index 116: 272294820032.4175
Pp max index: 116, value: 272294820032.4175
Pp max diag: 272294820032.4175
log_likelihood: [[-3.79582156]], y: [[3.26671791e-05]], cov: [[315.37615287]]
Pp eigs: [9.00268183e+10 1.04202739e+11 1.30918057e+11 1.83978801e+11
 2.72295503e+11]
dt_idx: 134, dt: 23949.68793487549
Max variance at index 116: 273489841094.14603
Pp max index: 116, value: 273489841094.14603
Pp max diag: 273489841094.14603
log_likelihood: [[-3.80473302]], y: [[-1.29088614e-05]], cov: [[321.04746339]]
Pp eigs: [9.04219194e+10 1.04660054e+11 1.31492617e+11 1.84786230e+11
 2.73490527e+11]
dt_idx: 135, dt: 3877.604676246643
Max variance at index 116: 273683541653.96378
Pp max index: 116, value: 273683541653.96378
Pp max diag: 273683541653.96378
log_likelihood: [[-3.78201422]], y: [[5.02234846e-06]], cov: [[306.78628454]]
Pp eigs: [9.04859612e+10 1.04734181e+11 1.31585748e+11 1.84917106e+11
 2.73684228e+11]
dt_idx: 136, dt: 6084.171133995056
Max variance at index 116: 273987591346.6816
Pp max index: 116, value: 273987591346.6816
Pp max diag: 273987591346.6816
log_likelihood: [[-3.80507716]], y: [[-2.50567307e-06]], cov: [[321.26850868]]
Pp eigs: [9.05864870e+10 1.04850535e+11 1.31731934e+11 1.85122540e+11
 2.73988278e+11]
dt_idx: 137, dt: 12560.517784118652
Max variance at index 116: 274615764619.64468
Pp max index: 116, value: 274615764619.64468
Pp max diag: 274615764619.64468
log_likelihood: [[-3.69260131]], y: [[-4.05817469e-06]], cov: [[256.55050692]]
Pp eigs: [9.07941753e+10 1.05090927e+11 1.32033956e+11 1.85546972e+11
 2.74616453e+11]
dt_idx: 138, dt: 27554.52193069458
Max variance at index 116: 275996056553.5547
Pp max index: 116, value: 275996056553.5547
Pp max diag: 275996056553.5547
log_likelihood: [[-3.77546984]], y: [[3.84560344e-05]], cov: [[302.79700062]]
Pp eigs: [8.53115214e+10 9.12505312e+10 1.05619142e+11 1.32697594e+11
 2.75996749e+11]
dt_idx: 139, dt: 1831.1778411865234
Max variance at index 116: 276087895082.3564
Pp max index: 116, value: 276087895082.3564
Pp max diag: 276087895082.3564
log_likelihood: [[-3.83931108]], y: [[8.43488418e-06]], cov: [[344.03558573]]
Pp eigs: [8.53399091e+10 9.12808951e+10 1.05654287e+11 1.32741750e+11
 2.76088588e+11]
dt_idx: 140, dt: 2851.6311597824097
Max variance at index 116: 276230939179.049
Pp max index: 116, value: 276230939179.049
Pp max diag: 276230939179.049
log_likelihood: [[-3.76561256]], y: [[-4.1296983e-05]], cov: [[296.88594984]]
Pp eigs: [8.53841247e+10 9.13281888e+10 1.05709028e+11 1.32810525e+11
 2.76231632e+11]
dt_idx: 141, dt: 380.51500129699707
Max variance at index 116: 276250029142.2174
Pp max index: 116, value: 276250029142.2174
Pp max diag: 276250029142.2174
log_likelihood: [[-3.81359578]], y: [[3.49867356e-06]], cov: [[326.78893409]]
Pp eigs: [8.53900254e+10 9.13345003e+10 1.05716333e+11 1.32819703e+11
 2.76250722e+11]
dt_idx: 142, dt: 1737.1298637390137
Max variance at index 116: 276337186237.85913
Pp max index: 116, value: 276337186237.85913
Pp max diag: 276337186237.85913
log_likelihood: [[-3.80433585]], y: [[1.17874223e-05]], cov: [[320.79254634]]
Pp eigs: [8.54169661e+10 9.13633165e+10 1.05749687e+11 1.32861608e+11
 2.76337879e+11]
dt_idx: 143, dt: 3458.033673286438
Max variance at index 116: 276510722730.3509
Pp max index: 116, value: 276510722730.3509
Pp max diag: 276510722730.3509
log_likelihood: [[-3.78974637]], y: [[1.07482123e-06]], cov: [[311.56739658]]
Pp eigs: [8.54706069e+10 9.14206916e+10 1.05816097e+11 1.32945043e+11
 2.76511416e+11]
dt_idx: 144, dt: 3141.150276184082
Max variance at index 116: 276668398891.12354
Pp max index: 116, value: 276668398891.12354
Pp max diag: 276668398891.12354
log_likelihood: [[-3.77622419]], y: [[-1.96271748e-05]], cov: [[303.25417733]]
Pp eigs: [8.55193453e+10 9.14728229e+10 1.05876437e+11 1.33020853e+11
 2.76669093e+11]
dt_idx: 145, dt: 9961.327215194702
Max variance at index 116: 277168691591.2567
Pp max index: 116, value: 277168691591.2567
Pp max diag: 277168691591.2567
log_likelihood: [[-3.8481831]], y: [[-1.95341168e-05]], cov: [[350.19465003]]
Pp eigs: [8.56739879e+10 9.16382310e+10 1.06067891e+11 1.33261392e+11
 2.77169387e+11]
dt_idx: 146, dt: 2079.189818382263
Max variance at index 116: 277273166495.7303
Pp max index: 116, value: 277273166495.7303
Pp max diag: 277273166495.7303
log_likelihood: [[-3.81023756]], y: [[1.59449911e-05]], cov: [[324.60142996]]
Pp eigs: [8.57062816e+10 9.16727728e+10 1.06107871e+11 1.33311623e+11
 2.77273862e+11]
dt_idx: 147, dt: 866.9945545196533
Max variance at index 116: 277316736318.2336
Pp max index: 116, value: 277316736318.2336
Pp max diag: 277316736318.2336
log_likelihood: [[-3.78731624]], y: [[-5.35049329e-06]], cov: [[310.05676895]]
Pp eigs: [8.57197492e+10 9.16871780e+10 1.06124545e+11 1.33332571e+11
 2.77317432e+11]
dt_idx: 148, dt: 2160.6136922836304
Max variance at index 116: 277425328745.12476
Pp max index: 116, value: 277425328745.12476
Pp max diag: 277425328745.12476
log_likelihood: [[-3.85430634]], y: [[1.58334449e-06]], cov: [[354.50966754]]
Pp eigs: [8.17097360e+10 9.17230811e+10 1.06166101e+11 1.33384782e+11
 2.77426025e+11]
dt_idx: 149, dt: 9360.3521194458
Max variance at index 116: 277895998372.962
Pp max index: 116, value: 277895998372.962
Pp max diag: 277895998372.962
log_likelihood: [[-3.84279338]], y: [[6.12662377e-07]], cov: [[346.44001598]]
Pp eigs: [8.18483618e+10 9.18786952e+10 1.06346219e+11 1.33611078e+11
 2.77896696e+11]
dt_idx: 150, dt: 7198.303434371948
Max variance at index 116: 278258194355.0629
Pp max index: 116, value: 278258194355.0629
Pp max diag: 278258194355.0629
log_likelihood: [[-3.81482808]], y: [[-0.00016811]], cov: [[327.59532647]]
Pp eigs: [8.19550390e+10 9.19984454e+10 1.06484825e+11 1.33785220e+11
 2.78258893e+11]
dt_idx: 151, dt: 16149.680150985718
Max variance at index 116: 279071558677.7734
Pp max index: 116, value: 279071558677.7734
Pp max diag: 279071558677.7734
log_likelihood: [[-3.81759547]], y: [[-4.3514827e-06]], cov: [[329.41352617]]
Pp eigs: [6.82268522e+10 8.21945983e+10 1.06796087e+11 1.34176282e+11
 2.79072259e+11]
dt_idx: 152, dt: 6101.366470336914
Max variance at index 116: 279379123303.57935
Pp max index: 116, value: 279379123303.57935
Pp max diag: 279379123303.57935
log_likelihood: [[-3.75518344]], y: [[2.3352969e-07]], cov: [[290.75756507]]
Pp eigs: [6.83020450e+10 8.22851850e+10 1.06913787e+11 1.34324157e+11
 2.79379824e+11]
dt_idx: 153, dt: 14099.482432365417
Max variance at index 70: 134665405047.52895
Pp max index: 70, value: 134665405047.52895
Pp max diag: 134665405047.52895
log_likelihood: [[-3.7898877]], y: [[1.18789396e-06]], cov: [[311.65547355]]
Pp eigs: [6.84759468e+10 8.24946889e+10 9.20369209e+10 1.07185997e+11
 1.34666156e+11]
dt_idx: 154, dt: 4111.678453445435
Max variance at index 70: 134765210656.92151
Pp max index: 70, value: 134765210656.92151
Pp max diag: 134765210656.92151
log_likelihood: [[-3.84948185]], y: [[3.31490863e-05]], cov: [[351.10545843]]
Pp eigs: [6.85266969e+10 8.25558289e+10 9.21051330e+10 1.07265436e+11
 1.34765962e+11]
dt_idx: 155, dt: 2848.304639816284
Max variance at index 70: 134834368791.086
Pp max index: 70, value: 134834368791.086
Pp max diag: 134834368791.086
log_likelihood: [[-3.75926614]], y: [[6.74497697e-05]], cov: [[293.14143684]]
Pp eigs: [6.85618631e+10 8.25981945e+10 9.21523990e+10 1.07320482e+11
 1.34835121e+11]
dt_idx: 156, dt: 138.92957878112793
Max variance at index 112: 107322201901.27548
Pp max index: 112, value: 107322201901.27548
Pp max diag: 107322201901.27548
log_likelihood: [[-3.82900724]], y: [[-7.67858226e-06]], cov: [[337.01835963]]
Pp eigs: [4.31285068e+10 6.85635786e+10 8.26002612e+10 9.21547048e+10
 1.07323168e+11]
dt_idx: 157, dt: 13341.208243370056
Max variance at index 112: 107580199842.90431
Pp max index: 112, value: 107580199842.90431
Pp max diag: 107580199842.90431
log_likelihood: [[-3.87440765]], y: [[-2.37934016e-05]], cov: [[369.05225146]]
Pp eigs: [4.32321859e+10 6.87284025e+10 8.27988288e+10 9.23762407e+10
 1.07581168e+11]
dt_idx: 158, dt: 4859.045395851135
Max variance at index 112: 107674234511.76505
Pp max index: 112, value: 107674234511.76505
Pp max diag: 107674234511.76505
log_likelihood: [[-3.82285691]], y: [[-5.50117131e-06]], cov: [[332.89820445]]
Pp eigs: [4.32699747e+10 6.87884772e+10 8.28712023e+10 9.24569858e+10
 1.07675204e+11]
dt_idx: 159, dt: 25454.485569000244
Max variance at index 112: 108167438825.81454
Pp max index: 112, value: 108167438825.81454
Pp max diag: 108167438825.81454
log_likelihood: [[-3.93714871]], y: [[1.07766094e-05]], cov: [[418.39264946]]
Pp eigs: [4.30823347e+10 4.34681738e+10 6.91035645e+10 9.28804872e+10
 1.08168413e+11]
dt_idx: 160, dt: 146.68957328796387
Max variance at index 112: 108170283974.4189
Pp max index: 112, value: 108170283974.4189
Pp max diag: 108170283974.4189
log_likelihood: [[-3.87672817]], y: [[-7.83108638e-07]], cov: [[370.76901406]]
Pp eigs: [3.39679685e+10 4.34693172e+10 6.91053822e+10 9.28829303e+10
 1.08171258e+11]
dt_idx: 161, dt: 9527.550130844116
Max variance at index 112: 108355148779.03552
Pp max index: 112, value: 108355148779.03552
Pp max diag: 108355148779.03552
log_likelihood: [[-3.87038141]], y: [[1.69709683e-05]], cov: [[366.09239551]]
Pp eigs: [2.75146987e+10 4.35436070e+10 6.92234844e+10 9.30416687e+10
 1.08356124e+11]
dt_idx: 162, dt: 21109.00316619873
Max variance at index 112: 108765229993.53845
Pp max index: 112, value: 108765229993.53845
Pp max diag: 108765229993.53845
log_likelihood: [[-3.84680457]], y: [[4.5333764e-06]], cov: [[349.23046673]]
Pp eigs: [2.76188310e+10 4.37084023e+10 6.94854679e+10 9.33937946e+10
 1.08766209e+11]
dt_idx: 163, dt: 702.5720157623291
Max variance at index 112: 108778890575.70918
Pp max index: 112, value: 108778890575.70918
Pp max diag: 108778890575.70918
log_likelihood: [[-3.929356]], y: [[2.34255725e-06]], cov: [[411.92238388]]
Pp eigs: [2.76222998e+10 4.37138919e+10 6.94941950e+10 9.34055245e+10
 1.08779870e+11]
dt_idx: 164, dt: 2324649.742778778
Max variance at index 116: 135709936855.58061
Pp max index: 116, value: 135709936855.58061
Pp max diag: 135709936855.58061
log_likelihood: [[-3.58262575]], y: [[-1.55984781e-06]], cov: [[205.8966683]]
Pp eigs: [3.92702248e+10 4.01328565e+10 6.35125691e+10 1.00969154e+11
 1.35710279e+11]
dt_idx: 165, dt: 42220.25464344025
Max variance at index 116: 136541191869.05574
Pp max index: 116, value: 136541191869.05574
Pp max diag: 136541191869.05574
log_likelihood: [[-3.57231156]], y: [[-4.62280819e-07]], cov: [[201.69286252]]
Pp eigs: [3.95107642e+10 4.03786797e+10 6.39015985e+10 1.01587614e+11
 1.36541536e+11]
dt_idx: 166, dt: 34126.580307006836
Max variance at index 116: 137214691680.58975
Pp max index: 116, value: 137214691680.58975
Pp max diag: 137214691680.58975
log_likelihood: [[-3.62740459]], y: [[8.7577901e-06]], cov: [[225.18721197]]
Pp eigs: [3.97056542e+10 4.05778507e+10 6.42167981e+10 1.02088702e+11
 1.37215038e+11]
dt_idx: 167, dt: 17625.46671485901
Max variance at index 116: 137563094991.9108
Pp max index: 116, value: 137563094991.9108
Pp max diag: 137563094991.9108
log_likelihood: [[-3.59461749]], y: [[9.58462313e-06]], cov: [[210.89448189]]
Pp eigs: [3.98064713e+10 4.06808824e+10 6.43798517e+10 1.02347917e+11
 1.37563442e+11]
dt_idx: 168, dt: 1553.0743703842163
Max variance at index 116: 137593812907.39362
Pp max index: 116, value: 137593812907.39362
Pp max diag: 137593812907.39362
log_likelihood: [[-3.59892063]], y: [[-5.65918317e-07]], cov: [[212.71732781]]
Pp eigs: [3.98153601e+10 4.06899665e+10 6.43942278e+10 1.02370771e+11
 1.37594160e+11]
dt_idx: 169, dt: 8458.639770507812
Max variance at index 116: 137761166298.0535
Pp max index: 116, value: 137761166298.0535
Pp max diag: 137761166298.0535
log_likelihood: [[-3.64276102]], y: [[9.50523953e-06]], cov: [[232.2106588]]
Pp eigs: [3.98637870e+10 4.07394572e+10 6.44725496e+10 1.02495284e+11
 1.37761514e+11]
dt_idx: 170, dt: 4024.6567640304565
Max variance at index 116: 137840824491.04166
Pp max index: 116, value: 137840824491.04166
Pp max diag: 137840824491.04166
log_likelihood: [[-3.60470203]], y: [[6.79448022e-06]], cov: [[215.19121283]]
Pp eigs: [3.98868376e+10 4.07630141e+10 6.45098298e+10 1.02554550e+11
 1.37841172e+11]
dt_idx: 171, dt: 3333.1556673049927
Max variance at index 116: 137906811120.6677
Pp max index: 116, value: 137906811120.6677
Pp max diag: 137906811120.6677
log_likelihood: [[-3.61773812]], y: [[-9.52948483e-06]], cov: [[220.87549398]]
Pp eigs: [3.99059321e+10 4.07825280e+10 6.45407118e+10 1.02603644e+11
 1.37907159e+11]
dt_idx: 172, dt: 3290.565927505493
Max variance at index 116: 137971967930.43713
Pp max index: 116, value: 137971967930.43713
Pp max diag: 137971967930.43713
log_likelihood: [[-3.58877028]], y: [[6.48152689e-05]], cov: [[208.44255502]]
Pp eigs: [3.99247865e+10 4.08017966e+10 6.45712053e+10 1.02652122e+11
 1.37972316e+11]
dt_idx: 173, dt: 1185.5519571304321
Max variance at index 116: 137995446403.2844
Pp max index: 116, value: 137995446403.2844
Pp max diag: 137995446403.2844
log_likelihood: [[-3.61816102]], y: [[3.56903882e-06]], cov: [[221.06239269]]
Pp eigs: [3.84653341e+10 3.99315804e+10 4.08087398e+10 1.02669590e+11
 1.37995794e+11]
dt_idx: 174, dt: 7588.873194694519
Max variance at index 116: 138145775898.56668
Pp max index: 116, value: 138145775898.56668
Pp max diag: 138145775898.56668
log_likelihood: [[-3.61794048]], y: [[2.11454388e-06]], cov: [[220.9649046]]
Pp eigs: [3.85072375e+10 3.99750811e+10 4.08531960e+10 1.02781436e+11
 1.38146124e+11]
dt_idx: 175, dt: 7197.274669647217
Max variance at index 116: 138288413205.41956
Pp max index: 116, value: 138288413205.41956
Pp max diag: 138288413205.41956
log_likelihood: [[-3.63396082]], y: [[1.90051549e-05]], cov: [[228.15941402]]
Pp eigs: [3.85469968e+10 4.00163559e+10 4.08953775e+10 1.02887559e+11
 1.38288762e+11]
dt_idx: 176, dt: 694.5898866653442
Max variance at index 116: 138302182104.3853
Pp max index: 116, value: 138302182104.3853
Pp max diag: 138302182104.3853
log_likelihood: [[-3.62189989]], y: [[-6.55160099e-06]], cov: [[222.72163252]]
Pp eigs: [3.85508348e+10 4.00203402e+10 4.08994493e+10 1.02897803e+11
 1.38302531e+11]
dt_idx: 177, dt: 6639.033895492554
Max variance at index 116: 138433817848.17523
Pp max index: 116, value: 138433817848.17523
Pp max diag: 138433817848.17523
log_likelihood: [[-3.63441405]], y: [[-1.99238449e-06]], cov: [[228.3663277]]
Pp eigs: [3.85875274e+10 4.00584315e+10 4.09383773e+10 1.02995741e+11
 1.38434167e+11]
dt_idx: 178, dt: 14499.296116828918
Max variance at index 116: 138721490574.3478
Pp max index: 116, value: 138721490574.3478
Pp max diag: 138721490574.3478
log_likelihood: [[-3.62568477]], y: [[-1.92555363e-06]], cov: [[224.41398257]]
Pp eigs: [3.86677144e+10 4.01416751e+10 4.10234495e+10 1.03209772e+11
 1.38721840e+11]
dt_idx: 179, dt: 1720.9693250656128
Max variance at index 116: 138755652452.6286
Pp max index: 116, value: 138755652452.6286
Pp max diag: 138755652452.6286
log_likelihood: [[-3.64359559]], y: [[2.37655545e-06]], cov: [[232.59857296]]
Pp eigs: [3.86772368e+10 4.01515605e+10 4.10335520e+10 1.03235188e+11
 1.38756002e+11]
dt_idx: 180, dt: 6418.722604751587
Max variance at index 116: 138883098381.50876
Pp max index: 116, value: 138883098381.50876
Pp max diag: 138883098381.50876
log_likelihood: [[-3.60402636]], y: [[-3.35494727e-06]], cov: [[214.90061312]]
Pp eigs: [3.87127615e+10 4.01884394e+10 4.10712410e+10 1.03330009e+11
 1.38883449e+11]
dt_idx: 181, dt: 2418.621856689453
Max variance at index 116: 138931133996.69632
Pp max index: 116, value: 138931133996.69632
Pp max diag: 138931133996.69632
log_likelihood: [[-3.62930236]], y: [[7.54898741e-07]], cov: [[226.04354383]]
Pp eigs: [3.87261511e+10 4.02023394e+10 4.10854464e+10 1.03365748e+11
 1.38931484e+11]
dt_idx: 182, dt: 5165.825325012207
Max variance at index 116: 139033755022.4081
Pp max index: 116, value: 139033755022.4081
Pp max diag: 139033755022.4081
log_likelihood: [[-3.65073643]], y: [[9.53877859e-06]], cov: [[235.94430918]]
Pp eigs: [3.87547561e+10 4.02320347e+10 4.11157940e+10 1.03442099e+11
 1.39034106e+11]
dt_idx: 183, dt: 4972.147035598755
Max variance at index 116: 139132559330.37347
Pp max index: 116, value: 139132559330.37347
Pp max diag: 139132559330.37347
log_likelihood: [[-3.62113359]], y: [[1.76115578e-06]], cov: [[222.38055282]]
Pp eigs: [3.87822972e+10 4.02606256e+10 4.11450130e+10 1.03515610e+11
 1.39132910e+11]
dt_idx: 184, dt: 1845.958472251892
Max variance at index 116: 139169249083.61484
Pp max index: 116, value: 139169249083.61484
Pp max diag: 139169249083.61484
log_likelihood: [[-3.6421142]], y: [[-8.07057439e-05]], cov: [[231.91045775]]
Pp eigs: [3.79426229e+10 3.87925242e+10 4.02712425e+10 4.11558631e+10
 1.39169600e+11]
dt_idx: 185, dt: 15262.176520347595
Max variance at index 116: 139472755168.17014
Pp max index: 116, value: 139472755168.17014
Pp max diag: 139472755168.17014
log_likelihood: [[-3.61639059]], y: [[-8.07364686e-06]], cov: [[220.28102611]]
Pp eigs: [3.80253698e+10 3.88771246e+10 4.03590678e+10 4.12456175e+10
 1.39473107e+11]
dt_idx: 186, dt: 2078.9581775665283
Max variance at index 116: 139514119659.0049
Pp max index: 116, value: 139514119659.0049
Pp max diag: 139514119659.0049
log_likelihood: [[-3.62938484]], y: [[-2.62071065e-06]], cov: [[226.08083321]]
Pp eigs: [3.80366472e+10 3.88886547e+10 4.03710374e+10 4.12578501e+10
 1.39514472e+11]
dt_idx: 187, dt: 14040.893113136292
Max variance at index 116: 139793625707.44452
Pp max index: 116, value: 139793625707.44452
Pp max diag: 139793625707.44452
log_likelihood: [[-3.66616344]], y: [[1.34090811e-05]], cov: [[243.33760702]]
Pp eigs: [3.81128508e+10 3.89665652e+10 4.04519178e+10 4.13405071e+10
 1.39793978e+11]
dt_idx: 188, dt: 1573.1948518753052
Max variance at index 116: 139824957602.79767
Pp max index: 116, value: 139824957602.79767
Pp max diag: 139824957602.79767
log_likelihood: [[-3.6337124]], y: [[-2.25325947e-06]], cov: [[228.04608472]]
Pp eigs: [3.81213930e+10 3.89752988e+10 4.04609842e+10 4.13497727e+10
 1.39825310e+11]
dt_idx: 189, dt: 1616.068528175354
Max variance at index 116: 139857146516.58887
Pp max index: 116, value: 139857146516.58887
Pp max diag: 139857146516.58887
log_likelihood: [[-3.5982618]], y: [[-4.13168917e-07]], cov: [[212.43722676]]
Pp eigs: [3.63822643e+10 3.81301689e+10 3.89842712e+10 4.13592918e+10
 1.39857499e+11]
dt_idx: 190, dt: 2355.884430885315
Max variance at index 116: 139904076816.0398
Pp max index: 116, value: 139904076816.0398
Pp max diag: 139904076816.0398
log_likelihood: [[-3.60214893]], y: [[-6.02320322e-07]], cov: [[214.09520379]]
Pp eigs: [3.19599540e+10 3.63944727e+10 3.81429638e+10 4.13731703e+10
 1.39904430e+11]
dt_idx: 191, dt: 11061.99577999115
Max variance at index 116: 53674445740.353584
Pp max index: 116, value: 53674445740.353584
Pp max diag: 53674445740.353584
log_likelihood: [[-3.64293323]], y: [[-1.01504826e-05]], cov: [[232.29065072]]
Pp eigs: [3.20103142e+10 3.64518204e+10 3.82030667e+10 4.14383631e+10
 5.36745788e+10]
dt_idx: 192, dt: 2846.5435304641724
Max variance at index 116: 53696184438.14805
Pp max index: 116, value: 53696184438.14805
Pp max diag: 53696184438.14805
log_likelihood: [[-3.61567393]], y: [[-8.22085559e-06]], cov: [[219.96551508]]
Pp eigs: [2.92937655e+10 3.64665838e+10 3.82185393e+10 4.14551461e+10
 5.36963176e+10]
dt_idx: 193, dt: 27201.24416065216
Max variance at index 116: 53904107657.68567
Pp max index: 116, value: 53904107657.68567
Pp max diag: 53904107657.68567
log_likelihood: [[-3.6498629]], y: [[1.68145676e-06]], cov: [[235.5324588]]
Pp eigs: [2.55001099e+10 2.94071974e+10 3.83665298e+10 4.16156695e+10
 5.39042414e+10]
dt_idx: 194, dt: 27592.2026386261
Max variance at index 116: 54115371863.33532
Pp max index: 116, value: 54115371863.33532
Pp max diag: 54115371863.33532
log_likelihood: [[-3.62948279]], y: [[3.84481442e-06]], cov: [[226.12512967]]
Pp eigs: [1.52608571e+10 2.56000514e+10 3.85168982e+10 4.17787722e+10
 5.41155061e+10]
dt_idx: 195, dt: 14303.32831954956
Max variance at index 116: 54225027259.750496
Pp max index: 116, value: 54225027259.750496
Pp max diag: 54225027259.750496
log_likelihood: [[-3.66238528]], y: [[3.22103971e-05]], cov: [[241.50580322]]
Pp eigs: [1.52917806e+10 2.56519255e+10 3.85949460e+10 4.18634297e+10
 5.42251618e+10]
dt_idx: 196, dt: 46152.264996528625
Max variance at index 116: 54579499633.34407
Pp max index: 116, value: 54579499633.34407
Pp max diag: 54579499633.34407
log_likelihood: [[-3.65258423]], y: [[5.39500149e-05]], cov: [[236.81787869]]
Pp eigs: [1.53917440e+10 2.58196138e+10 3.88472437e+10 4.21370937e+10
 5.45796351e+10]
dt_idx: 197, dt: 2284203.4070711136
Max variance at index 116: 73330594348.39471
Pp max index: 116, value: 73330594348.39471
Pp max diag: 73330594348.39471
log_likelihood: [[-3.43025507]], y: [[2.61827461e-05]], cov: [[151.81050496]]
Pp eigs: [1.99722738e+10 2.06796696e+10 3.46900921e+10 5.21934366e+10
 7.33307801e+10]
dt_idx: 198, dt: 21968.01613521576
Max variance at index 116: 73522121394.90948
Pp max index: 116, value: 73522121394.90948
Pp max diag: 73522121394.90948
log_likelihood: [[-3.46495849]], y: [[1.24275456e-05]], cov: [[162.72146014]]
Pp eigs: [2.00244380e+10 2.07336814e+10 3.47806968e+10 5.23297570e+10
 7.35223076e+10]
dt_idx: 199, dt: 13715.632513046265
Max variance at index 116: 73641805747.84196
Pp max index: 116, value: 73641805747.84196
Pp max diag: 73641805747.84196
log_likelihood: [[-3.47014632]], y: [[9.14299962e-06]], cov: [[164.41859485]]
Pp eigs: [2.00570352e+10 2.07674332e+10 3.48373152e+10 5.24149430e+10
 7.36419923e+10]
dt_idx: 200, dt: 2863.7745885849
Max variance at index 116: 73666805619.69704
Pp max index: 116, value: 73666805619.69704
Pp max diag: 73666805619.69704
log_likelihood: [[-3.44396161]], y: [[3.02642128e-06]], cov: [[156.02966693]]
Pp eigs: [2.00638441e+10 2.07744833e+10 3.48491418e+10 5.24327368e+10
 7.36669922e+10]
dt_idx: 201, dt: 18371.54073524475
Max variance at index 116: 73827267388.09657
Pp max index: 116, value: 73827267388.09657
Pp max diag: 73827267388.09657
log_likelihood: [[-3.46441462]], y: [[1.20973652e-05]], cov: [[162.54455815]]
Pp eigs: [2.01075474e+10 2.08197345e+10 3.49250506e+10 5.25469464e+10
 7.38274544e+10]
dt_idx: 202, dt: 15964.20445728302
Max variance at index 116: 73966820645.64153
Pp max index: 116, value: 73966820645.64153
Pp max diag: 73966820645.64153
log_likelihood: [[-3.48122697]], y: [[7.57353784e-06]], cov: [[168.10299927]]
Pp eigs: [1.92708634e+10 2.08590894e+10 3.49910683e+10 5.26462742e+10
 7.39670081e+10]
dt_idx: 203, dt: 1378.1442279815674
Max variance at index 116: 73978873013.81989
Pp max index: 116, value: 73978873013.81989
Pp max diag: 73978873013.81989
log_likelihood: [[-3.47542289]], y: [[7.51746834e-06]], cov: [[166.16291268]]
Pp eigs: [1.92740035e+10 2.08624882e+10 3.49967698e+10 5.26548525e+10
 7.39790605e+10]
dt_idx: 204, dt: 7147.168815612793
Max variance at index 116: 74041390666.107
Pp max index: 116, value: 74041390666.107
Pp max diag: 74041390666.107
log_likelihood: [[-3.49286908]], y: [[-1.50265308e-05]], cov: [[172.06307118]]
Pp eigs: [1.87848729e+10 1.92902915e+10 2.08801186e+10 5.26993498e+10
 7.40415783e+10]
dt_idx: 205, dt: 4180.305442810059
Max variance at index 116: 74077966763.73703
Pp max index: 116, value: 74077966763.73703
Pp max diag: 74077966763.73703
log_likelihood: [[-3.48189571]], y: [[5.31798867e-06]], cov: [[168.32798277]]
Pp eigs: [1.87941526e+10 1.92998208e+10 2.08904333e+10 5.27253830e+10
 7.40781545e+10]
dt_idx: 206, dt: 8160.482803344727
Max variance at index 116: 74149389530.72348
Pp max index: 116, value: 74149389530.72348
Pp max diag: 74149389530.72348
log_likelihood: [[-3.55256408]], y: [[2.21142658e-05]], cov: [[193.88226594]]
Pp eigs: [1.88122731e+10 1.93184289e+10 2.09105750e+10 5.27762186e+10
 7.41495775e+10]
dt_idx: 207, dt: 14518.69059085846
Max variance at index 116: 74276531720.87192
Pp max index: 116, value: 74276531720.87192
Pp max diag: 74276531720.87192
log_likelihood: [[-3.48540224]], y: [[-3.76167844e-06]], cov: [[169.51262649]]
Pp eigs: [1.88445301e+10 1.93515537e+10 2.09464299e+10 5.28667127e+10
 7.42767200e+10]
dt_idx: 208, dt: 12956.696654319763
Max variance at index 116: 74390071673.41049
Pp max index: 116, value: 74390071673.41049
Pp max diag: 74390071673.41049
log_likelihood: [[-3.47755608]], y: [[-2.29214178e-08]], cov: [[166.8733417]]
Pp eigs: [1.88733361e+10 1.93811348e+10 2.09784488e+10 5.29475254e+10
 7.43902603e+10]
dt_idx: 209, dt: 7684.65679359436
Max variance at index 116: 74457446580.77309
Pp max index: 116, value: 74457446580.77309
Pp max diag: 74457446580.77309
log_likelihood: [[-3.48752139]], y: [[1.84952334e-05]], cov: [[170.23259459]]
Pp eigs: [1.88904296e+10 1.93986882e+10 2.09974490e+10 5.29954798e+10
 7.44576354e+10]
dt_idx: 210, dt: 2748.3484201431274
Max variance at index 116: 74481548757.12704
Pp max index: 116, value: 74481548757.12704
Pp max diag: 74481548757.12704
log_likelihood: [[-3.46181242]], y: [[5.83564337e-05]], cov: [[161.70080897]]
Pp eigs: [1.88965445e+10 1.94049677e+10 2.10042460e+10 5.30126347e+10
 7.44817376e+10]
dt_idx: 211, dt: 3803.619342803955
Max variance at index 116: 74514910678.41437
Pp max index: 116, value: 74514910678.41437
Pp max diag: 74514910678.41437
log_likelihood: [[-3.48289948]], y: [[4.9062956e-06]], cov: [[168.66624574]]
Pp eigs: [1.89050087e+10 1.94136596e+10 2.10136542e+10 5.30363802e+10
 7.45150996e+10]
dt_idx: 212, dt: 5638.314529418945
Max variance at index 116: 74564376300.84367
Pp max index: 116, value: 74564376300.84367
Pp max diag: 74564376300.84367
log_likelihood: [[-3.48240422]], y: [[2.49703607e-05]], cov: [[168.49926275]]
Pp eigs: [1.89175585e+10 1.94265471e+10 2.10276038e+10 5.30715876e+10
 7.45645654e+10]
dt_idx: 213, dt: 3980.8757944107056
Max variance at index 116: 74599309215.35765
Pp max index: 116, value: 74599309215.35765
Pp max diag: 74599309215.35765
log_likelihood: [[-3.47097759]], y: [[-1.20954203e-07]], cov: [[164.69217189]]
Pp eigs: [1.89264213e+10 1.94356483e+10 2.10374551e+10 5.30964513e+10
 7.45994984e+10]
dt_idx: 214, dt: 2585.244240760803
Max variance at index 116: 74621998843.85156
Pp max index: 116, value: 74621998843.85156
Pp max diag: 74621998843.85156
log_likelihood: [[-3.4762495]], y: [[-1.22917094e-05]], cov: [[166.43784288]]
Pp eigs: [1.57499005e+10 1.94415597e+10 2.10438538e+10 5.31126008e+10
 7.46221881e+10]
dt_idx: 215, dt: 596.4788475036621
Max variance at index 116: 74627234300.62248
Pp max index: 116, value: 74627234300.62248
Pp max diag: 74627234300.62248
log_likelihood: [[-3.49850083]], y: [[-1.93436102e-06]], cov: [[174.01205665]]
Pp eigs: [1.57510055e+10 1.94429237e+10 2.10453302e+10 5.31163272e+10
 7.46274235e+10]
dt_idx: 216, dt: 4164.940718650818
Max variance at index 116: 74663795363.70007
Pp max index: 116, value: 74663795363.70007
Pp max diag: 74663795363.70007
log_likelihood: [[-3.50286794]], y: [[-9.72802808e-06]], cov: [[175.53857246]]
Pp eigs: [1.56040621e+10 1.57587222e+10 2.10556406e+10 5.31423497e+10
 7.46639847e+10]
dt_idx: 217, dt: 3170.1733140945435
Max variance at index 116: 74691629049.05681
Pp max index: 116, value: 74691629049.05681
Pp max diag: 74691629049.05681
log_likelihood: [[-3.47642738]], y: [[-2.24358707e-06]], cov: [[166.49706834]]
Pp eigs: [1.56098791e+10 1.57645968e+10 2.10634899e+10 5.31621605e+10
 7.46918185e+10]
dt_idx: 218, dt: 11064.672235488892
Max variance at index 116: 74788809074.99171
Pp max index: 116, value: 74788809074.99171
Pp max diag: 74788809074.99171
log_likelihood: [[-3.48922522]], y: [[-6.71550387e-06]], cov: [[170.81367907]]
Pp eigs: [1.54138058e+10 1.56301889e+10 2.10908953e+10 5.32313289e+10
 7.47889987e+10]
dt_idx: 219, dt: 11872.037094116211
Max variance at index 116: 74893138406.26225
Pp max index: 116, value: 74893138406.26225
Pp max diag: 74893138406.26225
log_likelihood: [[-3.49580246]], y: [[-8.34215499e-06]], cov: [[173.07548858]]
Pp eigs: [1.54353079e+10 1.56519929e+10 2.11203168e+10 5.33055859e+10
 7.48933284e+10]
dt_idx: 220, dt: 1097.0350255966187
Max variance at index 116: 74902781998.01306
Pp max index: 116, value: 74902781998.01306
Pp max diag: 74902781998.01306
log_likelihood: [[-3.48506903]], y: [[1.37026374e-05]], cov: [[169.39969615]]
Pp eigs: [1.54372954e+10 1.56540083e+10 2.11230364e+10 5.33124497e+10
 7.49029720e+10]
dt_idx: 221, dt: 3967.4360570907593
Max variance at index 116: 74937662424.97144
Pp max index: 116, value: 74937662424.97144
Pp max diag: 74937662424.97144
log_likelihood: [[-3.50372876]], y: [[-3.68491619e-06]], cov: [[175.84104729]]
Pp eigs: [1.54444842e+10 1.56612980e+10 2.11328729e+10 2.32631031e+10
 7.49378525e+10]
dt_idx: 222, dt: 10481.347756385803
Max variance at index 116: 75029843475.34856
Pp max index: 116, value: 75029843475.34856
Pp max diag: 75029843475.34856
log_likelihood: [[-3.48686141]], y: [[1.14635092e-06]], cov: [[170.00804494]]
Pp eigs: [1.54634825e+10 1.56805631e+10 2.11588685e+10 2.32917190e+10
 7.50300338e+10]
dt_idx: 223, dt: 6042.620175361633
Max variance at index 116: 75083008289.97882
Pp max index: 116, value: 75083008289.97882
Pp max diag: 75083008289.97882
log_likelihood: [[-3.47488546]], y: [[6.82810349e-07]], cov: [[165.98440752]]
Pp eigs: [1.43297460e+10 1.56916741e+10 2.11738613e+10 2.33082231e+10
 7.50831988e+10]
dt_idx: 224, dt: 11731.896921157837
Max variance at index 116: 75186273682.08488
Pp max index: 116, value: 75186273682.08488
Pp max diag: 75186273682.08488
log_likelihood: [[-3.48888883]], y: [[-5.26075022e-06]], cov: [[170.69879809]]
Pp eigs: [9.83021335e+09 1.43494544e+10 1.57132557e+10 2.33402800e+10
 7.51864644e+10]
dt_idx: 225, dt: 31449.299877166748
Max variance at index 116: 75463383930.16003
Pp max index: 116, value: 75463383930.16003
Pp max diag: 75463383930.16003
log_likelihood: [[-3.49867919]], y: [[-5.06192579e-06]], cov: [[174.07414318]]
Pp eigs: [9.86644372e+09 1.44023415e+10 1.57711694e+10 2.34263040e+10
 7.54635754e+10]
dt_idx: 226, dt: 4784.184445381165
Max variance at index 116: 75505575994.5211
Pp max index: 116, value: 75505575994.5211
Pp max diag: 75505575994.5211
log_likelihood: [[-3.51256298]], y: [[8.59460583e-07]], cov: [[178.97549393]]
Pp eigs: [9.87196006e+09 1.44103940e+10 1.57799872e+10 2.34394018e+10
 7.55057676e+10]
dt_idx: 227, dt: 12794.721263885498
Max variance at index 116: 75618461565.47934
Pp max index: 116, value: 75618461565.47934
Pp max diag: 75618461565.47934
log_likelihood: [[-3.48347452]], y: [[5.15550048e-07]], cov: [[168.86033809]]
Pp eigs: [9.88671912e+09 1.44319384e+10 1.58035794e+10 2.34744451e+10
 7.56186535e+10]
dt_idx: 228, dt: 19648.58508014679
Max variance at index 116: 33321203599.52702
Pp max index: 116, value: 33321203599.52702
Pp max diag: 33321203599.52702
log_likelihood: [[-3.49016521]], y: [[2.35513687e-06]], cov: [[171.13510761]]
Pp eigs: [9.90940208e+09 1.44650497e+10 1.58398377e+10 2.35283026e+10
 3.33212867e+10]
dt_idx: 229, dt: 17003.070733070374
Max variance at index 116: 33387266434.20291
Pp max index: 116, value: 33387266434.20291
Pp max diag: 33387266434.20291
log_likelihood: [[-3.53597465]], y: [[-2.53229794e-05]], cov: [[187.55501905]]
Pp eigs: [9.57676126e+09 9.92904835e+09 1.58712420e+10 2.35749499e+10
 3.33873497e+10]
dt_idx: 230, dt: 2242858.521859169
Max variance at index 116: 42564575363.42477
Pp max index: 116, value: 42564575363.42477
Pp max diag: 42564575363.42477
log_likelihood: [[-3.26914591]], y: [[3.07478731e-05]], cov: [[109.99278341]]
Pp eigs: [1.22092057e+10 1.26582649e+10 2.02338588e+10 3.00550967e+10
 4.25646836e+10]
dt_idx: 231, dt: 6344.8764934539795
Max variance at index 116: 42591807383.88178
Pp max index: 116, value: 42591807383.88178
Pp max diag: 42591807383.88178
log_likelihood: [[-3.33309545]], y: [[1.02786078e-06]], cov: [[125.00001319]]
Pp eigs: [1.22170170e+10 1.26663634e+10 2.02468040e+10 3.00743254e+10
 4.25919157e+10]
dt_idx: 232, dt: 64638.99860858917
Max variance at index 116: 42869633530.36504
Pp max index: 116, value: 42869633530.36504
Pp max diag: 42869633530.36504
log_likelihood: [[-3.37399054]], y: [[9.80439367e-06]], cov: [[135.65352288]]
Pp eigs: [1.22967095e+10 1.27489853e+10 2.03788743e+10 3.02704999e+10
 4.28697427e+10]
dt_idx: 233, dt: 13685.595509529114
Max variance at index 116: 42928548626.95464
Pp max index: 116, value: 42928548626.95464
Pp max diag: 42928548626.95464
log_likelihood: [[-3.40006689]], y: [[-1.53984667e-06]], cov: [[142.91595401]]
Pp eigs: [1.20418890e+10 1.23136089e+10 2.04068807e+10 3.03121002e+10
 4.29286579e+10]
dt_idx: 234, dt: 32761.854654312134
Max variance at index 116: 43069716605.993484
Pp max index: 116, value: 43069716605.993484
Pp max diag: 43069716605.993484
log_likelihood: [[-3.38266191]], y: [[-1.506748e-06]], cov: [[138.02664703]]
Pp eigs: [1.20814876e+10 1.23541019e+10 2.04739878e+10 3.04117796e+10
 4.30698263e+10]
dt_idx: 235, dt: 1396.4414539337158
Max variance at index 116: 43075737867.338394
Pp max index: 116, value: 43075737867.338394
Pp max diag: 43075737867.338394
log_likelihood: [[-3.39994034]], y: [[1.30495496e-06]], cov: [[142.87978629]]
Pp eigs: [1.20831766e+10 1.23558291e+10 2.04768501e+10 3.04160313e+10
 4.30758476e+10]
dt_idx: 236, dt: 4937.693898200989
Max variance at index 116: 43097031230.91598
Pp max index: 116, value: 43097031230.91598
Pp max diag: 43097031230.91598
log_likelihood: [[-3.36055742]], y: [[8.42496203e-07]], cov: [[132.05754443]]
Pp eigs: [1.20891495e+10 1.23619369e+10 2.04869723e+10 3.04310667e+10
 4.30971410e+10]
dt_idx: 237, dt: 26519.29239463806
Max variance at index 116: 43211465314.036606
Pp max index: 116, value: 43211465314.036606
Pp max diag: 43211465314.036606
log_likelihood: [[-3.37044102]], y: [[3.93041411e-06]], cov: [[134.69392331]]
Pp eigs: [1.11834697e+10 1.21212491e+10 2.05413709e+10 3.05118692e+10
 4.32115754e+10]
dt_idx: 238, dt: 5490.612029075623
Max variance at index 116: 43235173159.074165
Pp max index: 116, value: 43235173159.074165
Pp max diag: 43235173159.074165
log_likelihood: [[-3.37529135]], y: [[-1.70264109e-06]], cov: [[136.0069016]]
Pp eigs: [1.11896056e+10 1.21278993e+10 2.05526409e+10 3.05286094e+10
 4.32352833e+10]
dt_idx: 239, dt: 6106.80171585083
Max variance at index 116: 43261547749.49513
Pp max index: 116, value: 43261547749.49513
Pp max diag: 43261547749.49513
log_likelihood: [[-3.38845203]], y: [[-5.45868768e-05]], cov: [[139.63431946]]
Pp eigs: [1.09517853e+10 1.21352976e+10 2.05651786e+10 3.05472326e+10
 4.32616580e+10]
dt_idx: 240, dt: 772.0464153289795
Max variance at index 116: 43264882589.14006
Pp max index: 116, value: 43264882589.14006
Pp max diag: 43264882589.14006
log_likelihood: [[-3.38160038]], y: [[-6.76817524e-06]], cov: [[137.73391722]]
Pp eigs: [1.01593740e+10 1.09526295e+10 1.21362330e+10 3.05495874e+10
 4.32649928e+10]
dt_idx: 241, dt: 14815.927534103394
Max variance at index 116: 43328899606.11064
Pp max index: 116, value: 43328899606.11064
Pp max diag: 43328899606.11064
log_likelihood: [[-3.37212384]], y: [[5.09024161e-06]], cov: [[135.14801883]]
Pp eigs: [1.01744079e+10 1.09688359e+10 1.21541902e+10 3.05947902e+10
 4.33290100e+10]
dt_idx: 242, dt: 1814.4057426452637
Max variance at index 116: 43336741935.50939
Pp max index: 116, value: 43336741935.50939
Pp max diag: 43336741935.50939
log_likelihood: [[-3.80489673]], y: [[-4.89980726e-06]], cov: [[321.1526002]]
Pp eigs: [1.01762496e+10 1.09708212e+10 1.21563901e+10 3.06003277e+10
 4.33368524e+10]
dt_idx: 243, dt: 8968.351958274841
Max variance at index 116: 43375513796.83224
Pp max index: 116, value: 43375513796.83224
Pp max diag: 43375513796.83224
log_likelihood: [[-3.40211443]], y: [[-2.87559486e-07]], cov: [[143.50240477]]
Pp eigs: [1.01853449e+10 1.09806366e+10 1.21672658e+10 3.06277047e+10
 4.33756243e+10]
dt_idx: 244, dt: 2698.851441383362
Max variance at index 116: 43387184148.31008
Pp max index: 116, value: 43387184148.31008
Pp max diag: 43387184148.31008
log_likelihood: [[-3.46877394]], y: [[-9.24983382e-07]], cov: [[163.96792378]]
Pp eigs: [1.01880856e+10 1.09835910e+10 1.21705395e+10 3.06359452e+10
 4.33872947e+10]
dt_idx: 245, dt: 1137.0279989242554
Max variance at index 116: 43392101251.00611
Pp max index: 116, value: 43392101251.00611
Pp max diag: 43392101251.00611
log_likelihood: [[-4.19232]], y: [[-3.68598064e-06]], cov: [[696.98433325]]
Pp eigs: [1.01892404e+10 1.09848358e+10 1.21719187e+10 3.06394172e+10
 4.33922118e+10]
dt_idx: 246, dt: 2604.2491426467896
Max variance at index 116: 43403364223.315636
Pp max index: 116, value: 43403364223.315636
Pp max diag: 43403364223.315636
log_likelihood: [[-3.38324909]], y: [[5.2502249e-06]], cov: [[138.188833]]
Pp eigs: [1.01918856e+10 1.09876871e+10 1.21750781e+10 3.06473700e+10
 4.34034748e+10]
dt_idx: 247, dt: 12524.982474327087
Max variance at index 116: 43457549143.32281
Pp max index: 116, value: 43457549143.32281
Pp max diag: 43457549143.32281
log_likelihood: [[-3.4269462]], y: [[-1.67303432e-05]], cov: [[150.80917993]]
Pp eigs: [1.02046105e+10 1.10014044e+10 1.21902773e+10 3.06856303e+10
 4.34576599e+10]
dt_idx: 248, dt: 7117.762700080872
Max variance at index 116: 43488353670.021866
Pp max index: 116, value: 43488353670.021866
Pp max diag: 43488353670.021866
log_likelihood: [[-3.38171248]], y: [[1.61938775e-05]], cov: [[137.7648022]]
Pp eigs: [1.02118447e+10 1.10092028e+10 1.21989182e+10 3.07073815e+10
 4.34884645e+10]
dt_idx: 249, dt: 12105.452236175537
Max variance at index 116: 43540764136.84281
Pp max index: 116, value: 43540764136.84281
Pp max diag: 43540764136.84281
log_likelihood: [[-3.39763361]], y: [[-2.61232178e-06]], cov: [[142.22213311]]
Pp eigs: [1.02241528e+10 1.10224709e+10 1.22136197e+10 3.07443888e+10
 4.35408751e+10]
dt_idx: 250, dt: 10264.936529159546
Max variance at index 116: 43585225858.8519
Pp max index: 116, value: 43585225858.8519
Pp max diag: 43585225858.8519
log_likelihood: [[-3.36689773]], y: [[2.71761275e-05]], cov: [[133.74277779]]
Pp eigs: [1.02345942e+10 1.10337267e+10 1.22260915e+10 3.07757835e+10
 4.35853370e+10]
dt_idx: 251, dt: 6410.411973953247
Max variance at index 116: 43613001220.00509
Pp max index: 116, value: 43613001220.00509
Pp max diag: 43613001220.00509
log_likelihood: [[-3.35935328]], y: [[9.52754085e-08]], cov: [[131.73989618]]
Pp eigs: [1.02411168e+10 1.10407582e+10 1.22338827e+10 3.07953958e+10
 4.36131124e+10]
dt_idx: 252, dt: 939.4968776702881
Max variance at index 116: 43617072513.8745
Pp max index: 116, value: 43617072513.8745
Pp max diag: 43617072513.8745
log_likelihood: [[-2.91159825]], y: [[2.52523016e-06]], cov: [[53.80247307]]
Pp eigs: [1.02420729e+10 1.10417889e+10 1.22350247e+10 3.07982706e+10
 4.36171837e+10]
dt_idx: 253, dt: 2381.872657775879
Max variance at index 116: 43627394998.98841
Pp max index: 116, value: 43627394998.98841
Pp max diag: 43627394998.98841
log_likelihood: [[-3.72024683]], y: [[1.53628133e-05]], cov: [[271.13492943]]
Pp eigs: [1.02444776e+10 1.10444020e+10 1.22379203e+10 3.08055593e+10
 4.36275062e+10]
dt_idx: 254, dt: 6497.594051361084
Max variance at index 116: 43655559028.10878
Pp max index: 116, value: 43655559028.10878
Pp max diag: 43655559028.10878
log_likelihood: [[-3.38067209]], y: [[7.23341951e-06]], cov: [[137.47844062]]
Pp eigs: [1.02510868e+10 1.10515320e+10 1.22458205e+10 3.08254461e+10
 4.36556703e+10]
dt_idx: 255, dt: 5550.381909370422
Max variance at index 116: 43679623082.975044
Pp max index: 116, value: 43679623082.975044
Pp max diag: 43679623082.975044
log_likelihood: [[-3.4015952]], y: [[-3.46759393e-06]], cov: [[143.35345974]]
Pp eigs: [1.02567380e+10 1.10576239e+10 1.22525706e+10 3.08424379e+10
 4.36797345e+10]
dt_idx: 256, dt: 2082.156494140625
Max variance at index 116: 43688651778.48467
Pp max index: 116, value: 43688651778.48467
Pp max diag: 43688651778.48467
log_likelihood: [[-3.39852614]], y: [[-1.1142213e-05]], cov: [[142.4762347]]
Pp eigs: [1.02588583e+10 1.10599096e+10 1.22551032e+10 3.08488131e+10
 4.36887632e+10]
dt_idx: 257, dt: 9257.874740600586
Max variance at index 116: 43728805010.687
Pp max index: 116, value: 43728805010.687
Pp max diag: 43728805010.687
log_likelihood: [[-3.37308556]], y: [[8.72293609e-07]], cov: [[135.40821859]]
Pp eigs: [6.47253276e+09 1.02682879e+10 1.10700747e+10 3.08771655e+10
 4.37289165e+10]
dt_idx: 258, dt: 9105.465740203857
Max variance at index 68: 30904946766.985077
Pp max index: 68, value: 30904946766.985077
Pp max diag: 30904946766.985077
log_likelihood: [[-3.39807833]], y: [[-6.3415552e-06]], cov: [[142.34868873]]
Pp eigs: [6.47837808e+09 1.02775656e+10 1.10800761e+10 2.22287995e+10
 3.09050613e+10]
dt_idx: 259, dt: 6114.746929168701
Max variance at index 68: 30923685669.43309
Pp max index: 68, value: 30923685669.43309
Pp max diag: 30923685669.43309
log_likelihood: [[-3.37663691]], y: [[4.38999777e-06]], cov: [[136.37340505]]
Pp eigs: [6.45488220e+09 6.48230482e+09 1.02837980e+10 2.22422775e+10
 3.09238003e+10]
dt_idx: 260, dt: 24543.186675071716
Max variance at index 68: 30998944912.29658
Pp max index: 68, value: 30998944912.29658
Pp max diag: 30998944912.29658
log_likelihood: [[-3.3909155]], y: [[-1.7212124e-05]], cov: [[140.32398643]]
Pp eigs: [6.47059838e+09 6.49807482e+09 1.03088280e+10 2.22964079e+10
 3.09990598e+10]
dt_idx: 261, dt: 8667.19078540802
Max variance at index 116: 22315479855.841763
Pp max index: 116, value: 22315479855.841763
Pp max diag: 22315479855.841763
log_likelihood: [[-3.43707503]], y: [[-6.21256e-06]], cov: [[153.89537507]]
Pp eigs: [6.47615198e+09 6.50364748e+09 1.03176730e+10 1.52352564e+10
 2.23155361e+10]
dt_idx: 262, dt: 63782.98226451874
Max variance at index 116: 22456447253.58351
Pp max index: 116, value: 22456447253.58351
Pp max diag: 22456447253.58351
log_likelihood: [[-3.37877834]], y: [[1.75662302e-06]], cov: [[136.95872751]]
Pp eigs: [6.51708499e+09 6.54470630e+09 1.03828575e+10 1.53314934e+10
 2.24565039e+10]
dt_idx: 263, dt: 2260504.16344738
Max variance at index 116: 27674915314.30999
Pp max index: 116, value: 27674915314.30999
Pp max diag: 27674915314.30999
log_likelihood: [[nan]], y: [[-3.94228503e-06]], cov: [[-1.57287806]]
Pp eigs: [8.03223549e+09 8.06499330e+09 1.27959362e+10 1.88940798e+10
 2.76749864e+10]
dt_idx: 264, dt: 11443.998779296875
Max variance at index 110: 91165430267.22299
Pp max index: 110, value: 91165430267.22299
Pp max diag: 91165430267.22299
log_likelihood: [[nan]], y: [[4.11109191e-06]], cov: [[-659.7166325]]
Pp eigs: [8.07298352e+09 1.28070077e+10 1.89120595e+10 2.76470655e+10
 9.24122615e+10]
dt_idx: 265, dt: 3932.2736463546753
Max variance at index 110: 91331067922.306
Pp max index: 110, value: 91331067922.306
Pp max diag: 91331067922.306
log_likelihood: [[-3.40566414]], y: [[-6.27736695e-06]], cov: [[144.52481325]]
Pp eigs: [8.07573542e+09 1.28113383e+10 1.89190971e+10 2.76564848e+10
 9.25855311e+10]
dt_idx: 266, dt: 2149.0061655044556
Max variance at index 110: 91056037212.26096
Pp max index: 110, value: 91056037212.26096
Pp max diag: 91056037212.26096
log_likelihood: [[-3.47073603]], y: [[-2.98879007e-07]], cov: [[164.61262558]]
Pp eigs: [8.07724033e+09 1.28137303e+10 1.89225581e+10 2.76615284e+10
 9.23533234e+10]
dt_idx: 267, dt: 23832.97592163086
Max variance at index 110: 91291103906.31757
Pp max index: 110, value: 91291103906.31757
Pp max diag: 91291103906.31757
log_likelihood: [[-5.75123625]], y: [[-0.00023161]], cov: [[15749.99652626]]
Pp eigs: [8.09392700e+09 1.28399358e+10 1.89616765e+10 2.77189485e+10
 9.25930372e+10]
dt_idx: 268, dt: 11401.844022750854
Max variance at index 110: 55436376795.7553
Pp max index: 110, value: 55436376795.7553
Pp max diag: 55436376795.7553
log_likelihood: [[-4.67547539]], y: [[-4.89567668e-05]], cov: [[1831.83545171]]
Pp eigs: [8.10191346e+09 1.28526175e+10 1.89802195e+10 2.77221887e+10
 5.72252461e+10]
dt_idx: 269, dt: 25871.58669567108
Max variance at index 116: 27865972928.752804
Pp max index: 116, value: 27865972928.752804
Pp max diag: 27865972928.752804
log_likelihood: [[-2.97928491]], y: [[-2.48108124e-05]], cov: [[61.60190263]]
Pp eigs: [8.11988678e+09 8.60626803e+09 1.28850466e+10 1.90241712e+10
 2.78677805e+10]
dt_idx: 270, dt: 3469.2253103256226
Max variance at index 116: 27873837801.466507
Pp max index: 116, value: 27873837801.466507
Pp max diag: 27873837801.466507
log_likelihood: [[-3.21348352]], y: [[-7.01033301e-07]], cov: [[98.40483892]]
Pp eigs: [8.12203537e+09 1.04226098e+10 1.28885298e+10 1.90300010e+10
 2.78774824e+10]
dt_idx: 271, dt: 1751.7761526107788
Max variance at index 116: 27874563099.905415
Pp max index: 116, value: 27874563099.905415
Pp max diag: 27874563099.905415
log_likelihood: [[-3.28180523]], y: [[-2.74753602e-06]], cov: [[112.81320464]]
Pp eigs: [8.12344710e+09 9.67517477e+09 1.28902259e+10 1.90328109e+10
 2.78778222e+10]
dt_idx: 272, dt: 9372.817886352539
Max variance at index 116: 27897125388.05372
Pp max index: 116, value: 27897125388.05372
Pp max diag: 27897125388.05372
log_likelihood: [[-3.30049704]], y: [[4.44003073e-06]], cov: [[117.11039259]]
Pp eigs: [8.13001785e+09 9.68118608e+09 1.29007233e+10 1.90482243e+10
 2.79003929e+10]
dt_idx: 273, dt: 18997.51949596405
Max variance at index 116: 27942981723.73832
Pp max index: 116, value: 27942981723.73832
Pp max diag: 27942981723.73832
log_likelihood: [[-4.32847049]], y: [[8.994657e-06]], cov: [[915.1279671]]
Pp eigs: [7.37084529e+09 8.14340302e+09 1.00137128e+10 1.90794684e+10
 2.79461745e+10]
dt_idx: 274, dt: 8317.69704246521
Max variance at index 116: 27942037616.02302
Pp max index: 116, value: 27942037616.02302
Pp max diag: 27942037616.02302
log_likelihood: [[nan]], y: [[-5.59818247e-06]], cov: [[-3615.52758689]]
Pp eigs: [7.16256069e+09 7.37923248e+09 8.15045015e+09 1.90926277e+10
 2.79528425e+10]
dt_idx: 275, dt: 599.1734800338745
Max variance at index 110: 34686453753.65053
Pp max index: 110, value: 34686453753.65053
Pp max diag: 34686453753.65053
log_likelihood: [[-4.55530146]], y: [[5.57172516e-05]], cov: [[1440.47163254]]
Pp eigs: [7.37952555e+09 8.15058076e+09 1.90935595e+10 2.78942627e+10
 4.42971423e+10]
dt_idx: 276, dt: 9513.11838722229
Max variance at index 110: 34922435758.71047
Pp max index: 110, value: 34922435758.71047
Pp max diag: 34922435758.71047
log_likelihood: [[nan]], y: [[0.00035977]], cov: [[-52129.92324204]]
Pp eigs: [7.38558763e+09 8.15730941e+09 1.91092269e+10 2.79164647e+10
 4.42204471e+10]
dt_idx: 277, dt: 7284.840865135193
Max variance at index 110: 54168702922.1428
Pp max index: 110, value: 54168702922.1428
Pp max diag: 54168702922.1428
log_likelihood: [[-3.35032895]], y: [[5.86257455e-06]], cov: [[129.38349723]]
Pp eigs: [7.39032649e+09 8.16301919e+09 1.91214221e+10 2.79572775e+10
 6.62679809e+10]
dt_idx: 278, dt: 7704.688326835632
Max variance at index 110: 54229788836.50448
Pp max index: 110, value: 54229788836.50448
Pp max diag: 54229788836.50448
log_likelihood: [[nan]], y: [[3.85619649e-05]], cov: [[-138.40510282]]
Pp eigs: [7.28189525e+09 7.39523901e+09 1.91341070e+10 2.79758359e+10
 6.63441538e+10]
dt_idx: 279, dt: 5456.885312080383
Max variance at index 110: 54414750553.83911
Pp max index: 110, value: 54414750553.83911
Pp max diag: 54414750553.83911
log_likelihood: [[-3.53960981]], y: [[9.607297e-06]], cov: [[188.92357223]]
Pp eigs: [7.39624612e+09 8.67829459e+09 1.91431331e+10 2.79901818e+10
 6.67084710e+10]
dt_idx: 280, dt: 11914.17202949524
Max variance at index 110: 37711592976.73116
Pp max index: 110, value: 37711592976.73116
Pp max diag: 37711592976.73116
log_likelihood: [[-3.61215668]], y: [[-4.85309738e-05]], cov: [[218.42359779]]
Pp eigs: [7.17703597e+09 8.48076652e+09 1.91627695e+10 2.80025493e+10
 4.85159169e+10]
dt_idx: 281, dt: 10981.583340644836
Max variance at index 110: 34494461622.07338
Pp max index: 110, value: 34494461622.07338
Pp max diag: 34494461622.07338
log_likelihood: [[-6.89874619]], y: [[0.00236178]], cov: [[156312.94124827]]
Pp eigs: [7.17833957e+09 7.29374341e+09 1.91808274e+10 2.80205527e+10
 4.66579080e+10]
dt_idx: 282, dt: 6342.98228931427
Max variance at index 116: 28100354818.80558
Pp max index: 116, value: 28100354818.80558
Pp max diag: 28100354818.80558
log_likelihood: [[nan]], y: [[-0.00019098]], cov: [[-652.37799347]]
Pp eigs: [6.78490277e+09 7.19148477e+09 1.91912868e+10 2.32099050e+10
 2.81688380e+10]
dt_idx: 283, dt: 10330.310173988342
Max variance at index 116: 28138967412.99374
Pp max index: 116, value: 28138967412.99374
Pp max diag: 28138967412.99374
log_likelihood: [[-3.30522918]], y: [[-2.21888132e-05]], cov: [[118.22401855]]
Pp eigs: [7.19753732e+09 8.15767205e+09 1.92084032e+10 2.80684034e+10
 3.03061679e+10]
dt_idx: 284, dt: 4098.859540939331
Max variance at index 116: 28148688394.339638
Pp max index: 116, value: 28148688394.339638
Pp max diag: 28148688394.339638
log_likelihood: [[-3.37608688]], y: [[1.68378139e-05]], cov: [[136.22347052]]
Pp eigs: [7.19944911e+09 7.83685204e+09 1.12302729e+10 2.80791807e+10
 3.03327496e+10]
dt_idx: 285, dt: 1993.8765230178833
Max variance at index 116: 28150577304.738873
Pp max index: 116, value: 28150577304.738873
Pp max diag: 28150577304.738873
log_likelihood: [[nan]], y: [[-2.76067113e-05]], cov: [[-384.26289916]]
Pp eigs: [7.20062050e+09 8.05519564e+09 1.11628427e+10 2.80473930e+10
 2.90550483e+10]
dt_idx: 286, dt: 4076.7314977645874
Max variance at index 116: 28161697002.676613
Pp max index: 116, value: 28161697002.676613
Pp max diag: 28161697002.676613
log_likelihood: [[-3.65034382]], y: [[-4.6662548e-05]], cov: [[235.75911139]]
Pp eigs: [7.20229054e+09 8.02578864e+09 1.12642492e+10 2.81547657e+10
 5.86481558e+10]
dt_idx: 287, dt: 215.8366298675537
Max variance at index 116: 28157680971.643692
Pp max index: 116, value: 28157680971.643692
Pp max diag: 28157680971.643692
log_likelihood: [[-3.09479276]], y: [[2.42098992e-05]], cov: [[77.61094365]]
Pp eigs: [7.20248849e+09 8.03082337e+09 1.12351371e+10 1.93488596e+10
 2.81605911e+10]
dt_idx: 288, dt: 6293.4489822387695
Max variance at index 116: 28166738591.647076
Pp max index: 116, value: 28166738591.647076
Pp max diag: 28166738591.647076
log_likelihood: [[nan]], y: [[0.00011192]], cov: [[-5005.8669763]]
Pp eigs: [7.04206015e+09 7.20692326e+09 1.09101510e+10 1.90100541e+10
 2.81702093e+10]
dt_idx: 289, dt: 10584.250891685486
Max variance at index 116: 28193711783.418873
Pp max index: 116, value: 28193711783.418873
Pp max diag: 28193711783.418873
log_likelihood: [[-2.74920001]], y: [[1.83673784e-05]], cov: [[38.88167106]]
Pp eigs: [7.06224552e+09 7.21343029e+09 1.09566356e+10 1.99827758e+10
 2.81960457e+10]
dt_idx: 290, dt: 1359.0021886825562
Max variance at index 116: 28193663630.838005
Pp max index: 116, value: 28193663630.838005
Pp max diag: 28193663630.838005
log_likelihood: [[nan]], y: [[9.35349007e-05]], cov: [[-580.5306234]]
Pp eigs: [6.56236285e+09 7.21149722e+09 7.35072029e+09 1.10664450e+10
 2.81997870e+10]
dt_idx: 291, dt: 31954.556730270386
Max variance at index 116: 28282648687.737938
Pp max index: 116, value: 28282648687.737938
Pp max diag: 28282648687.737938
log_likelihood: [[nan]], y: [[-5.42122148e-06]], cov: [[-6.78614235]]
Pp eigs: [6.57517296e+09 7.23411432e+09 7.92901354e+09 1.10842463e+10
 2.82834718e+10]
dt_idx: 292, dt: 13018.32620048523
Max variance at index 110: 64201147172.18558
Pp max index: 110, value: 64201147172.18558
Pp max diag: 64201147172.18558
log_likelihood: [[-2.57928174]], y: [[-8.42853227e-05]], cov: [[27.67934366]]
Pp eigs: [7.24019887e+09 7.67730070e+09 1.10750558e+10 2.83118293e+10
 3.38595907e+11]
dt_idx: 293, dt: 2280.011467933655
Max variance at index 110: 211122171359.5258
Pp max index: 110, value: 211122171359.5258
Pp max diag: 211122171359.5258
log_likelihood: [[nan]], y: [[0.00108471]], cov: [[-95600.89051352]]
Pp eigs: [7.24155949e+09 7.68376744e+09 1.10791018e+10 2.83172317e+10
 1.12535842e+12]
dt_idx: 294, dt: 19943.538990020752
Max variance at index 130: 354205622109.2527
Pp max index: 130, value: 354205622109.2527
Pp max diag: 354205622109.2527
log_likelihood: [[-4.89467986]], y: [[6.99028535e-05]], cov: [[2839.78225345]]
Pp eigs: [7.25392428e+09 7.72440568e+09 1.11164245e+10 2.83656518e+10
 1.73440837e+12]
dt_idx: 295, dt: 35752.866223335266
Max variance at index 130: 301758322257.4394
Pp max index: 130, value: 301758322257.4394
Pp max diag: 301758322257.4394
log_likelihood: [[-4.33453975]], y: [[-0.00021659]], cov: [[926.30395317]]
Pp eigs: [7.13902248e+09 7.74402516e+09 1.11210235e+10 2.84523112e+10
 1.52123209e+12]
dt_idx: 296, dt: 2121191.535516739
Max variance at index 116: 32827222031.508522
Pp max index: 116, value: 32827222031.508522
Pp max diag: 32827222031.508522
log_likelihood: [[nan]], y: [[0.00102837]], cov: [[-176596.53182467]]
Pp eigs: [8.31346116e+09 9.11879155e+09 1.31611678e+10 2.33518144e+10
 9.02539751e+10]
dt_idx: 297, dt: 82013.6476612091
Max variance at index 116: 33486463331.604828
Pp max index: 116, value: 33486463331.604828
Pp max diag: 33486463331.604828
log_likelihood: [[-7.12501144]], y: [[0.00020315]], cov: [[245768.62372909]]
Pp eigs: [8.34350768e+09 9.22942181e+09 1.31834272e+10 2.04376030e+10
 1.82171220e+11]
dt_idx: 298, dt: 51108.54275608063
Max variance at index 130: 34345948365.551765
Pp max index: 130, value: 34345948365.551765
Pp max diag: 34345948365.551765
log_likelihood: [[-6.51290699]], y: [[-0.00018381]], cov: [[72253.56226459]]
Pp eigs: [7.99927704e+09 8.71766255e+09 1.19377516e+10 1.36844129e+10
 2.02144789e+11]
dt_idx: 299, dt: 14343.512511253357
Max variance at index 116: 19536816572.050896
Pp max index: 116, value: 19536816572.050896
Pp max diag: 19536816572.050896
log_likelihood: [[-5.16145536]], y: [[0.00032238]], cov: [[4841.76045073]]
Pp eigs: [8.03846053e+09 8.51770706e+09 1.22218785e+10 1.37858250e+10
 6.43778277e+10]
dt_idx: 300, dt: 8447.38055896759
Max variance at index 116: 27728432085.535988
Pp max index: 116, value: 27728432085.535988
Pp max diag: 27728432085.535988
log_likelihood: [[nan]], y: [[-0.01947141]], cov: [[-1262402.51899209]]
Pp eigs: [8.05274848e+09 8.52351077e+09 1.19720996e+10 1.47350385e+10
 7.45377162e+10]
dt_idx: 301, dt: 24074.575092315674
Max variance at index 116: 22254010336.19479
Pp max index: 116, value: 22254010336.19479
Pp max diag: 22254010336.19479
log_likelihood: [[nan]], y: [[0.00042969]], cov: [[-331640.80185996]]
Pp eigs: [8.04320241e+09 8.55600638e+09 1.14324056e+10 1.37343246e+10
 6.11015846e+10]
dt_idx: 302, dt: 15822.309683799744
Max variance at index 116: 22111097818.72774
Pp max index: 116, value: 22111097818.72774
Pp max diag: 22111097818.72774
log_likelihood: [[nan]], y: [[-0.00113599]], cov: [[-16538.79424682]]
Pp eigs: [8.05613618e+09 8.82090541e+09 1.15730810e+10 1.37125232e+10
 6.50141156e+10]
dt_idx: 303, dt: 2695.4653301239014
Max variance at index 108: 59490533952.58785
Pp max index: 108, value: 59490533952.58785
Pp max diag: 59490533952.58785
log_likelihood: [[-6.55990476]], y: [[0.00432106]], cov: [[79374.50121828]]
Pp eigs: [8.07188979e+09 8.82722331e+09 1.24420536e+10 1.69538132e+10
 2.29781240e+11]
dt_idx: 304, dt: 390.8038902282715
Max variance at index 128: 20524582560.719334
Pp max index: 128, value: 20524582560.719334
Pp max diag: 20524582560.719334
log_likelihood: [[nan]], y: [[-0.00813565]], cov: [[-330727.1237139]]
Pp eigs: [8.42483437e+09 8.65647116e+09 1.22229377e+10 1.50444948e+10
 1.09734782e+11]
dt_idx: 305, dt: 11189.348408699036
Max variance at index 128: 35364446048.86261
Pp max index: 128, value: 35364446048.86261
Pp max diag: 35364446048.86261
log_likelihood: [[-6.97725984]], y: [[-0.00191108]], cov: [[182890.4506161]]
Pp eigs: [8.46248227e+09 8.71241418e+09 1.25979697e+10 1.65149939e+10
 2.92557330e+11]
dt_idx: 306, dt: 85.3113660812378
Max variance at index 116: 22916564237.135044
Pp max index: 116, value: 22916564237.135044
Pp max diag: 22916564237.135044
log_likelihood: [[nan]], y: [[-0.00077257]], cov: [[-16968.63989674]]
Pp eigs: [8.55248160e+09 1.10953370e+10 1.35423183e+10 3.45232464e+10
 8.04352010e+10]
dt_idx: 307, dt: 8158.779590606689
Max variance at index 116: 25580896917.523376
Pp max index: 116, value: 25580896917.523376
Pp max diag: 25580896917.523376
log_likelihood: [[nan]], y: [[0.00267682]], cov: [[-6216.1062305]]
Pp eigs: [9.41342075e+09 1.14806213e+10 1.41274436e+10 3.92303997e+10
 1.05419563e+11]
dt_idx: 308, dt: 8629.538589477539
Max variance at index 84: 394677767947.72217
Pp max index: 84, value: 394677767947.72217
Pp max diag: 394677767947.72217
log_likelihood: [[nan]], y: [[0.02391651]], cov: [[-4117713.809362]]
Pp eigs: [1.00997290e+10 1.28151693e+10 2.00664339e+10 9.95347180e+10
 1.10400387e+12]
dt_idx: 309, dt: 2580.124071121216
Max variance at index 84: 524260166294.4178
Pp max index: 84, value: 524260166294.4178
Pp max diag: 524260166294.4178
log_likelihood: [[-6.80438227]], y: [[0.00574095]], cov: [[129428.9650791]]
Pp eigs: [1.01602819e+10 1.28346370e+10 2.01371982e+10 9.92180371e+10
 1.41218024e+12]
dt_idx: 310, dt: 10774.36182308197
Max variance at index 84: 84057124477.41316
Pp max index: 84, value: 84057124477.41316
Pp max diag: 84057124477.41316
log_likelihood: [[-7.11361113]], y: [[0.00602841]], cov: [[240228.34585589]]
Pp eigs: [1.02555814e+10 1.25061781e+10 2.18844892e+10 4.61020194e+10
 2.94908789e+11]
dt_idx: 311, dt: 4131.6642961502075
Max variance at index 116: 21250082820.45984
Pp max index: 116, value: 21250082820.45984
Pp max diag: 21250082820.45984
log_likelihood: [[nan]], y: [[1.87121281e-06]], cov: [[-620160.63694239]]
Pp eigs: [8.41625809e+09 1.09204798e+10 1.27035578e+10 2.27630026e+10
 7.81482871e+10]
dt_idx: 312, dt: 4926.428541183472
Max variance at index 116: 21238689920.679466
Pp max index: 116, value: 21238689920.679466
Pp max diag: 21238689920.679466
log_likelihood: [[-6.78405773]], y: [[-0.00199364]], cov: [[124273.29182857]]
Pp eigs: [8.97039471e+09 1.20546819e+10 1.85409946e+10 2.84360817e+10
 7.87596638e+10]
dt_idx: 313, dt: 9417.719464302063
Max variance at index 116: 19859597827.506966
Pp max index: 116, value: 19859597827.506966
Pp max diag: 19859597827.506966
log_likelihood: [[-3.39505333]], y: [[-0.00075014]], cov: [[141.49007813]]
Pp eigs: [8.40082761e+09 1.02588883e+10 1.25126641e+10 2.44151739e+10
 4.76027442e+10]
dt_idx: 314, dt: 13968.01403427124
Max variance at index 108: 178162356194.9141
Pp max index: 108, value: 178162356194.9141
Pp max diag: 178162356194.9141
log_likelihood: [[nan]], y: [[-0.25661332]], cov: [[-31539408.8436473]]
Pp eigs: [8.64992637e+09 1.23022226e+10 1.27254144e+10 2.84305648e+10
 1.20043774e+12]
dt_idx: 315, dt: 3420.676769256592
Max variance at index 108: 1024439356363.9519
Pp max index: 108, value: 1024439356363.9519
Pp max diag: 1024439356363.9519
log_likelihood: [[-7.09305824]], y: [[-0.01784857]], cov: [[230553.77570166]]
Pp eigs: [8.68948641e+09 1.23937730e+10 1.28603057e+10 2.87018348e+10
 2.33883139e+12]
dt_idx: 316, dt: 4262.427954673767
Max variance at index 124: 71923586949.15205
Pp max index: 124, value: 71923586949.15205
Pp max diag: 71923586949.15205
log_likelihood: [[nan]], y: [[-0.01150233]], cov: [[-205400.4286696]]
Pp eigs: [8.82908349e+09 1.22623355e+10 1.30645287e+10 3.23951825e+10
 2.42892114e+11]
dt_idx: 317, dt: 357.67062282562256
Max variance at index 108: 76225555083.31796
Pp max index: 108, value: 76225555083.31796
Pp max diag: 76225555083.31796
log_likelihood: [[-7.6513182]], y: [[0.00645669]], cov: [[704158.91608023]]
Pp eigs: [9.11519782e+09 1.21785709e+10 1.26173557e+10 3.05090795e+10
 3.21249550e+11]
dt_idx: 318, dt: 5676.681288719177
Max variance at index 108: 78234923483.30252
Pp max index: 108, value: 78234923483.30252
Pp max diag: 78234923483.30252
log_likelihood: [[nan]], y: [[-0.00165904]], cov: [[-47195.97587658]]
Pp eigs: [8.60866732e+09 1.08248143e+10 1.22648858e+10 2.45127120e+10
 2.98939134e+11]
dt_idx: 319, dt: 11411.270261764526
Max variance at index 108: 79908267548.10133
Pp max index: 108, value: 79908267548.10133
Pp max diag: 79908267548.10133
log_likelihood: [[-5.09348052]], y: [[0.00561062]], cov: [[4226.3075328]]
Pp eigs: [8.61661023e+09 1.07773836e+10 1.25567100e+10 2.28375390e+10
 2.81743029e+11]
dt_idx: 320, dt: 11214.100372314453
Max variance at index 104: 1433774895.1591876
Pp max index: 104, value: 1433774895.1591876
Pp max diag: 1433774895.1591876
log_likelihood: [[nan]], y: [[-0.03769809]], cov: [[-276809.1441352]]
Pp eigs: [8.57551695e+09 1.15327284e+10 1.31392371e+10 2.64880469e+10
 4.13471454e+10]
dt_idx: 321, dt: 8818.218838691711
Max variance at index 108: 442044025912.1318
Pp max index: 108, value: 442044025912.1318
Pp max diag: 442044025912.1318
log_likelihood: [[nan]], y: [[0.01271755]], cov: [[-378133.56779966]]
Pp eigs: [8.72710340e+09 1.20390331e+10 1.52072954e+10 2.81918171e+10
 1.32568488e+12]
dt_idx: 322, dt: 1410.2366590499878
Max variance at index 108: 469754535650.2816
Pp max index: 108, value: 469754535650.2816
Pp max diag: 469754535650.2816
log_likelihood: [[-6.33706483]], y: [[0.0079691]], cov: [[50830.53814095]]
Pp eigs: [1.14067863e+10 1.19535304e+10 1.92077481e+10 3.74334269e+10
 1.50095265e+12]
dt_idx: 323, dt: 41737.83773994446
Max variance at index 70: 8770708740.202232
Pp max index: 70, value: 8770708740.202232
Pp max diag: 8770708740.202232
log_likelihood: [[-5.84680373]], y: [[0.03466172]], cov: [[19067.30411553]]
Pp eigs: [8.86751646e+09 1.16569424e+10 1.24406250e+10 2.38086852e+10
 6.01679822e+10]
dt_idx: 324, dt: 12959.956236839294
Max variance at index 104: 5484726474.912411
Pp max index: 104, value: 5484726474.912411
Pp max diag: 5484726474.912411
log_likelihood: [[-7.71562718]], y: [[0.00185856]], cov: [[800808.6349959]]
Pp eigs: [8.75817693e+09 1.07828769e+10 1.28139741e+10 2.38526279e+10
 4.24456886e+10]
dt_idx: 325, dt: 4604.142133712769
Max variance at index 104: 5091306767.62036
Pp max index: 104, value: 5091306767.62036
Pp max diag: 5091306767.62036
log_likelihood: [[nan]], y: [[3.78273807]], cov: [[-2.480326e+08]]
Pp eigs: [8.86405122e+09 1.07675998e+10 1.28120847e+10 2.37358482e+10
 3.70122853e+10]
dt_idx: 326, dt: 37653.286907196045
Max variance at index 130: 87721446249.32771
Pp max index: 130, value: 87721446249.32771
Pp max diag: 87721446249.32771
log_likelihood: [[nan]], y: [[-0.00325486]], cov: [[-97439.66798821]]
Pp eigs: [8.85073912e+09 1.08965653e+10 1.29759833e+10 2.38098838e+10
 4.58159879e+11]
dt_idx: 327, dt: 30025.674140930176
Max variance at index 130: 86715874157.36354
Pp max index: 130, value: 86715874157.36354
Pp max diag: 86715874157.36354
log_likelihood: [[nan]], y: [[-0.00824024]], cov: [[-58484.79961522]]
Pp eigs: [8.84875941e+09 1.09478933e+10 1.30213024e+10 2.38293226e+10
 4.74487136e+11]
dt_idx: 328, dt: 54861.056844711304
Max variance at index 108: 311448240395.0771
Pp max index: 108, value: 311448240395.0771
Pp max diag: 311448240395.0771
log_likelihood: [[-6.99195864]], y: [[0.00031471]], cov: [[188346.7983596]]
Pp eigs: [1.09328880e+10 1.23996551e+10 1.94403506e+10 2.76992094e+10
 1.30062339e+12]
dt_idx: 329, dt: 2229929.9888677597
Max variance at index 108: 364635852880.64453
Pp max index: 108, value: 364635852880.64453
Pp max diag: 364635852880.64453
log_likelihood: [[-6.72718984]], y: [[0.00873263]], cov: [[110913.13482938]]
Pp eigs: [1.11888358e+10 1.34135611e+10 1.85896015e+10 2.42811050e+10
 1.52699737e+12]
dt_idx: 330, dt: 14429.380716323853
Max variance at index 108: 55818294032.18198
Pp max index: 108, value: 55818294032.18198
Pp max diag: 55818294032.18198
log_likelihood: [[nan]], y: [[-0.00241639]], cov: [[-12584.80908611]]
Pp eigs: [1.03190052e+10 1.35755237e+10 1.64670278e+10 2.56048424e+10
 2.78676262e+11]
dt_idx: 331, dt: 10285.296237945557
Max variance at index 108: 121554940971.13435
Pp max index: 108, value: 121554940971.13435
Pp max diag: 121554940971.13435
log_likelihood: [[nan]], y: [[-0.00112529]], cov: [[-284860.06647544]]
Pp eigs: [1.05414324e+10 1.52887836e+10 1.82812968e+10 6.12873580e+10
 2.58279616e+11]
dt_idx: 332, dt: 15108.896381378174
Max variance at index 108: 123454094893.13954
Pp max index: 108, value: 123454094893.13954
Pp max diag: 123454094893.13954
log_likelihood: [[-4.89086835]], y: [[-0.00427258]], cov: [[2818.21681537]]
Pp eigs: [1.05485131e+10 1.53129182e+10 1.83418048e+10 6.53700716e+10
 2.66425725e+11]
dt_idx: 333, dt: 768.8606443405151
Max variance at index 84: 26786159433.238724
Pp max index: 84, value: 26786159433.238724
Pp max diag: 26786159433.238724
log_likelihood: [[nan]], y: [[0.07504471]], cov: [[-1150944.88478292]]
Pp eigs: [1.36301822e+10 1.78843856e+10 2.35577266e+10 6.43009413e+10
 3.86305393e+11]
dt_idx: 334, dt: 23987.99259185791
Max variance at index 108: 2937511006018.2153
Pp max index: 108, value: 2937511006018.2153
Pp max diag: 2937511006018.2153
log_likelihood: [[-8.97169057]], y: [[0.18903214]], cov: [[9874873.53606028]]
Pp eigs: [1.38052794e+10 1.78507261e+10 2.37135810e+10 5.34802068e+10
 9.12860852e+12]
dt_idx: 335, dt: 9209.245512008667
Max variance at index 124: 45999158206.82007
Pp max index: 124, value: 45999158206.82007
Pp max diag: 45999158206.82007
log_likelihood: [[-8.21704291]], y: [[0.00793132]], cov: [[2182995.87574387]]
Pp eigs: [1.37610167e+10 1.78305704e+10 2.44000818e+10 7.15044372e+10
 1.90378836e+11]
dt_idx: 336, dt: 3637.321315765381
Max variance at index 116: 49730715929.09625
Pp max index: 116, value: 49730715929.09625
Pp max diag: 49730715929.09625
log_likelihood: [[nan]], y: [[0.00307196]], cov: [[-31290.13890862]]
Pp eigs: [1.11308358e+10 1.42866373e+10 2.24534544e+10 2.49187098e+10
 1.59332711e+11]
dt_idx: 337, dt: 10101.423001289368
Max variance at index 116: 96578686666.86304
Pp max index: 116, value: 96578686666.86304
Pp max diag: 96578686666.86304
log_likelihood: [[nan]], y: [[-0.01739028]], cov: [[-3155589.93886302]]
Pp eigs: [1.08604115e+10 1.44754399e+10 2.19134688e+10 2.58054872e+10
 4.15538634e+11]
dt_idx: 338, dt: 4383.8589725494385
Max variance at index 116: 89140487980.11674
Pp max index: 116, value: 89140487980.11674
Pp max diag: 89140487980.11674
log_likelihood: [[-6.36218105]], y: [[-0.00203444]], cov: [[53449.09791355]]
Pp eigs: [1.16730350e+10 1.54577487e+10 2.41281061e+10 2.88333903e+10
 3.94642318e+11]
dt_idx: 339, dt: 9123.563534736633
Max variance at index 116: 17680565150.09224
Pp max index: 116, value: 17680565150.09224
Pp max diag: 17680565150.09224
log_likelihood: [[nan]], y: [[0.0001105]], cov: [[-83538.70253866]]
Pp eigs: [9.82929352e+09 1.34293578e+10 1.86477136e+10 3.52037494e+10
 1.05631119e+11]
dt_idx: 340, dt: 7246.9988803863525
Max variance at index 68: 13473683938.376064
Pp max index: 68, value: 13473683938.376064
Pp max diag: 13473683938.376064
log_likelihood: [[nan]], y: [[0.00778261]], cov: [[-380049.12289437]]
Pp eigs: [1.01719498e+10 1.33708684e+10 2.05166486e+10 2.61059072e+10
 1.06539041e+11]
dt_idx: 341, dt: 3803.163528442383
Max variance at index 116: 92722838460.75778
Pp max index: 116, value: 92722838460.75778
Pp max diag: 92722838460.75778
log_likelihood: [[-5.46690601]], y: [[-0.00172262]], cov: [[8918.96295695]]
Pp eigs: [1.01751797e+10 1.41750427e+10 2.05507232e+10 7.19314913e+10
 2.18081298e+11]
dt_idx: 342, dt: 4835.267731666565
Max variance at index 78: 34745321815.45929
Pp max index: 78, value: 34745321815.45929
Pp max diag: 34745321815.45929
log_likelihood: [[nan]], y: [[0.01240341]], cov: [[-2382527.06024564]]
Pp eigs: [1.02171341e+10 1.50930271e+10 2.17392120e+10 1.20647153e+11
 3.60452568e+11]
dt_idx: 343, dt: 16143.273405075073
Max variance at index 124: 287962067242.2046
Pp max index: 124, value: 287962067242.2046
Pp max diag: 287962067242.2046
log_likelihood: [[nan]], y: [[0.01956041]], cov: [[-1519290.81195327]]
Pp eigs: [1.02443536e+10 1.55136179e+10 2.26034870e+10 1.87570271e+11
 1.43212400e+12]
dt_idx: 344, dt: 3405.997191429138
Max variance at index 124: 107593352411.44852
Pp max index: 124, value: 107593352411.44852
Pp max diag: 107593352411.44852
log_likelihood: [[-6.29212503]], y: [[-0.00125001]], cov: [[46461.20733617]]
Pp eigs: [1.03131970e+10 1.55276549e+10 1.67967604e+10 1.15859638e+11
 6.72558948e+11]
dt_idx: 345, dt: 18267.119897842407
Max variance at index 124: 138234427422.24893
Pp max index: 124, value: 138234427422.24893
Pp max diag: 138234427422.24893
log_likelihood: [[-8.22039692]], y: [[0.00048427]], cov: [[2197688.69854821]]
Pp eigs: [1.03300559e+10 1.12682625e+10 1.56131013e+10 7.45746225e+10
 8.66429670e+11]
dt_idx: 346, dt: 1446.896450996399
Max variance at index 116: 57308869798.59712
Pp max index: 116, value: 57308869798.59712
Pp max diag: 57308869798.59712
log_likelihood: [[nan]], y: [[-0.00016981]], cov: [[-492442.18320366]]
Pp eigs: [1.03356924e+10 1.05730737e+10 1.58280028e+10 2.36622516e+10
 7.88270205e+10]
dt_idx: 347, dt: 8280.943325996399
Max variance at index 116: 57108806372.590126
Pp max index: 116, value: 57108806372.590126
Pp max diag: 57108806372.590126
log_likelihood: [[-8.37579399]], y: [[-0.01420802]], cov: [[2998764.44589328]]
Pp eigs: [1.05253543e+10 1.19766333e+10 1.75036821e+10 3.34811988e+10
 7.75471950e+10]
dt_idx: 348, dt: 4217.257520675659
Max variance at index 116: 41922858232.627
Pp max index: 116, value: 41922858232.627
Pp max diag: 41922858232.627
log_likelihood: [[-7.38799286]], y: [[-0.0026133]], cov: [[415861.9594706]]
Pp eigs: [1.00783136e+10 1.05865990e+10 1.57615103e+10 3.07225766e+10
 5.05218523e+10]
dt_idx: 349, dt: 13709.877067565918
Max variance at index 116: 35893109354.56621
Pp max index: 116, value: 35893109354.56621
Pp max diag: 35893109354.56621
log_likelihood: [[nan]], y: [[0.0035923]], cov: [[-127023.61955244]]
Pp eigs: [9.93268177e+09 1.05850609e+10 1.58668257e+10 3.64925687e+10
 3.95693661e+10]
dt_idx: 350, dt: 18740.716093063354
Max variance at index 116: 47260031288.64478
Pp max index: 116, value: 47260031288.64478
Pp max diag: 47260031288.64478
log_likelihood: [[-6.38133012]], y: [[-0.00163281]], cov: [[55535.80249903]]
Pp eigs: [1.05633388e+10 1.09648247e+10 1.61102426e+10 3.50629573e+10
 1.81162405e+11]
dt_idx: 351, dt: 11800.876944541931
Max variance at index 84: 62717109881.77887
Pp max index: 84, value: 62717109881.77887
Pp max diag: 62717109881.77887
log_likelihood: [[-7.04370492]], y: [[0.00225002]], cov: [[208883.67006548]]
Pp eigs: [1.06072570e+10 1.09389648e+10 1.66199239e+10 4.81467273e+10
 2.53489593e+11]
dt_idx: 352, dt: 1372.5149374008179
Max variance at index 116: 39075829144.97702
Pp max index: 116, value: 39075829144.97702
Pp max diag: 39075829144.97702
log_likelihood: [[nan]], y: [[0.00021764]], cov: [[-249759.00270495]]
Pp eigs: [1.03994501e+10 1.06376681e+10 1.55167019e+10 2.27362628e+10
 6.81184822e+10]
dt_idx: 353, dt: 3289.287407875061
Max variance at index 116: 39189268108.10598
Pp max index: 116, value: 39189268108.10598
Pp max diag: 39189268108.10598
log_likelihood: [[nan]], y: [[0.00158147]], cov: [[-168682.95234889]]
Pp eigs: [1.04637379e+10 1.09457467e+10 1.56685276e+10 2.44582717e+10
 6.79290410e+10]
dt_idx: 354, dt: 3206.1822538375854
Max variance at index 116: 63439158074.99701
Pp max index: 116, value: 63439158074.99701
Pp max diag: 63439158074.99701
log_likelihood: [[-6.72581515]], y: [[-0.00185774]], cov: [[110608.61273688]]
Pp eigs: [1.05217159e+10 1.55217358e+10 1.63444325e+10 2.78786963e+10
 1.30751822e+11]
dt_idx: 355, dt: 519.4860830307007
Max variance at index 116: 55668470749.555756
Pp max index: 116, value: 55668470749.555756
Pp max diag: 55668470749.555756
log_likelihood: [[nan]], y: [[0.00118513]], cov: [[-2927.26134249]]
Pp eigs: [1.05346610e+10 1.47562012e+10 1.57665938e+10 2.52981483e+10
 1.03334179e+11]
dt_idx: 356, dt: 9843.397297859192
Max variance at index 116: 1250889990200.6262
Pp max index: 116, value: 1250889990200.6262
Pp max diag: 1250889990200.6262
log_likelihood: [[-6.57274313]], y: [[0.01122497]], cov: [[81438.97115967]]
Pp eigs: [1.05530822e+10 1.51578114e+10 1.91735687e+10 3.07484527e+10
 4.52073668e+12]
dt_idx: 357, dt: 3185.617537498474
Max variance at index 120: 8052912832.931061
Pp max index: 120, value: 8052912832.931061
Pp max diag: 8052912832.931061
log_likelihood: [[nan]], y: [[0.07981548]], cov: [[-4979940.29873419]]
Pp eigs: [1.05553358e+10 1.48669914e+10 1.90854289e+10 3.12475911e+10
 1.55958340e+11]
dt_idx: 358, dt: 7019.470265388489
Max variance at index 84: 76964445578.35936
Pp max index: 84, value: 76964445578.35936
Pp max diag: 76964445578.35936
log_likelihood: [[-6.9075804]], y: [[-0.00638315]], cov: [[159099.28749126]]
Pp eigs: [1.05615062e+10 1.49112765e+10 1.91039517e+10 3.12622605e+10
 6.00639273e+11]
dt_idx: 359, dt: 13274.911493301392
Max variance at index 116: 379208491287.52
Pp max index: 116, value: 379208491287.52
Pp max diag: 379208491287.52
log_likelihood: [[-8.53646371]], y: [[0.06396473]], cov: [[4135216.98199382]]
Pp eigs: [1.05756255e+10 1.49297099e+10 1.91212466e+10 3.04038259e+10
 1.51059581e+12]
dt_idx: 360, dt: 5281.338792800903
Max variance at index 70: 5155163368.911635
Pp max index: 70, value: 5155163368.911635
Pp max diag: 5155163368.911635
log_likelihood: [[nan]], y: [[0.02375217]], cov: [[-1913218.59864286]]
Pp eigs: [1.05456009e+10 1.46836328e+10 1.91357569e+10 2.12425321e+10
 4.37363540e+10]
dt_idx: 361, dt: 46779.05370807648
Max variance at index 120: 6214259624.0706005
Pp max index: 120, value: 6214259624.0706005
Pp max diag: 6214259624.0706005
log_likelihood: [[nan]], y: [[0.02727926]], cov: [[-1787725.60903926]]
Pp eigs: [1.06335605e+10 1.48647337e+10 1.91925587e+10 3.18536160e+10
 9.50084378e+10]
dt_idx: 362, dt: 2306100.0855531693
Max variance at index 100: 25489497959.08977
Pp max index: 100, value: 25489497959.08977
Pp max diag: 25489497959.08977
log_likelihood: [[-7.08460909]], y: [[-0.00267463]], cov: [[226690.54242946]]
Pp eigs: [1.23404482e+10 1.68337334e+10 2.25442382e+10 3.77294722e+10
 1.74850932e+11]
dt_idx: 363, dt: 20654.478147506714
Max variance at index 68: 15893361373.480907
Pp max index: 68, value: 15893361373.480907
Pp max diag: 15893361373.480907
log_likelihood: [[-6.42801475]], y: [[-0.00033656]], cov: [[60970.92758815]]
Pp eigs: [1.24390711e+10 1.30306865e+10 1.76056126e+10 2.33231076e+10
 5.39386211e+10]
dt_idx: 364, dt: 15548.644859313965
Max variance at index 68: 15910872988.368467
Pp max index: 68, value: 15910872988.368467
Pp max diag: 15910872988.368467
log_likelihood: [[nan]], y: [[0.00014343]], cov: [[-84179.79757908]]
Pp eigs: [1.24001561e+10 1.26592174e+10 1.75896586e+10 2.32863282e+10
 5.09072377e+10]
dt_idx: 365, dt: 4338.859931945801
Max variance at index 68: 17630774917.60234
Pp max index: 68, value: 17630774917.60234
Pp max diag: 17630774917.60234
log_likelihood: [[-6.86263137]], y: [[0.00029181]], cov: [[145420.62386298]]
Pp eigs: [1.25751943e+10 1.33087004e+10 2.05589945e+10 2.46498983e+10
 5.08414323e+10]
dt_idx: 366, dt: 2831.1309633255005
Max variance at index 68: 15122641269.062824
Pp max index: 68, value: 15122641269.062824
Pp max diag: 15122641269.062824
log_likelihood: [[nan]], y: [[-0.00731256]], cov: [[-1896591.7346717]]
Pp eigs: [1.25426963e+10 1.27778522e+10 1.91166078e+10 2.26263182e+10
 4.66225980e+10]
dt_idx: 367, dt: 4079.320527076721
Max variance at index 68: 17450174374.74966
Pp max index: 68, value: 17450174374.74966
Pp max diag: 17450174374.74966
log_likelihood: [[nan]], y: [[-5.60765064e-05]], cov: [[-279706.76447944]]
Pp eigs: [1.17939894e+10 1.26505810e+10 1.89922798e+10 2.30983505e+10
 4.35359947e+10]
dt_idx: 368, dt: 12289.933415412903
Max variance at index 68: 18781816940.172783
Pp max index: 68, value: 18781816940.172783
Pp max diag: 18781816940.172783
log_likelihood: [[-6.37556903]], y: [[0.00069694]], cov: [[54899.58119759]]
Pp eigs: [1.20620149e+10 1.37730947e+10 1.90343868e+10 2.39153329e+10
 4.77594001e+10]
dt_idx: 369, dt: 12423.609751701355
Max variance at index 68: 18310340873.53277
Pp max index: 68, value: 18310340873.53277
Pp max diag: 18310340873.53277
log_likelihood: [[nan]], y: [[-0.00085416]], cov: [[-5884.69434947]]
Pp eigs: [1.16732975e+10 1.34939823e+10 1.90406806e+10 2.38004396e+10
 3.95686544e+10]
dt_idx: 370, dt: 13132.24365901947
Max variance at index 80: 44640589998.8726
Pp max index: 80, value: 44640589998.8726
Pp max diag: 44640589998.8726
log_likelihood: [[-5.32138138]], y: [[0.00453205]], cov: [[6666.73618917]]
Pp eigs: [1.16861600e+10 1.33498317e+10 1.92203113e+10 2.66449211e+10
 2.37166460e+11]
dt_idx: 371, dt: 7371.97235584259
Max variance at index 116: 51832160959.99086
Pp max index: 116, value: 51832160959.99086
Pp max diag: 51832160959.99086
log_likelihood: [[nan]], y: [[-0.02667259]], cov: [[-220210.7599307]]
Pp eigs: [1.17238116e+10 1.28535339e+10 1.70528865e+10 1.98502780e+10
 8.25320838e+10]
dt_idx: 372, dt: 1129.905457496643
Max variance at index 108: 238326070247.97403
Pp max index: 108, value: 238326070247.97403
Pp max diag: 238326070247.97403
log_likelihood: [[-7.93177357]], y: [[0.02378807]], cov: [[1233874.87720987]]
Pp eigs: [1.26492825e+10 1.44260803e+10 1.96639401e+10 3.55877979e+10
 7.51037729e+11]
dt_idx: 373, dt: 8393.168058395386
Max variance at index 116: 32521356975.468704
Pp max index: 116, value: 32521356975.468704
Pp max diag: 32521356975.468704
log_likelihood: [[nan]], y: [[-0.00339694]], cov: [[-305277.21071185]]
Pp eigs: [1.17637604e+10 1.44888040e+10 1.50658272e+10 1.96926712e+10
 4.27559762e+10]
dt_idx: 374, dt: 2225.7137699127197
Max variance at index 116: 31680914761.719532
Pp max index: 116, value: 31680914761.719532
Pp max diag: 31680914761.719532
log_likelihood: [[-5.76811731]], y: [[-0.00066161]], cov: [[16290.8285351]]
Pp eigs: [1.26013529e+10 1.50446716e+10 1.95705331e+10 2.48994049e+10
 4.36794966e+10]
dt_idx: 375, dt: 4375.37980556488
Max variance at index 116: 25828541429.34076
Pp max index: 116, value: 25828541429.34076
Pp max diag: 25828541429.34076
log_likelihood: [[nan]], y: [[0.0031673]], cov: [[-391647.01542312]]
Pp eigs: [1.27237313e+10 1.65356213e+10 1.94334264e+10 2.32514757e+10
 3.10374394e+10]
dt_idx: 376, dt: 8142.892781257629
Max variance at index 116: 30542827296.51883
Pp max index: 116, value: 30542827296.51883
Pp max diag: 30542827296.51883
log_likelihood: [[nan]], y: [[-0.00084775]], cov: [[-6631.80785421]]
Pp eigs: [1.29579925e+10 1.81719816e+10 1.97723034e+10 2.36113259e+10
 7.93876035e+10]
dt_idx: 377, dt: 5494.855375289917
Max variance at index 116: 34905863345.53761
Pp max index: 116, value: 34905863345.53761
Pp max diag: 34905863345.53761
log_likelihood: [[nan]], y: [[-0.00033226]], cov: [[-40232.20976698]]
Pp eigs: [1.50169945e+10 1.63036070e+10 1.91917926e+10 4.09808284e+10
 6.67987170e+10]
dt_idx: 378, dt: 984.9679288864136
Max variance at index 124: 76689076853.61877
Pp max index: 124, value: 76689076853.61877
Pp max diag: 76689076853.61877
log_likelihood: [[-8.16716564]], y: [[0.01788017]], cov: [[1975741.27153058]]
Pp eigs: [1.49605090e+10 1.61630900e+10 1.93662484e+10 2.94256107e+10
 2.18614245e+11]
dt_idx: 379, dt: 14860.875261306763
Max variance at index 116: 25327322909.690914
Pp max index: 116, value: 25327322909.690914
Pp max diag: 25327322909.690914
log_likelihood: [[nan]], y: [[-0.00816822]], cov: [[-475082.1385583]]
Pp eigs: [1.25620229e+10 1.50883583e+10 1.62658878e+10 1.93898432e+10
 4.11471298e+10]
dt_idx: 380, dt: 2199.8542318344116
Max variance at index 116: 21964331771.025764
Pp max index: 116, value: 21964331771.025764
Pp max diag: 21964331771.025764
log_likelihood: [[nan]], y: [[0.00235331]], cov: [[-147913.74709019]]
Pp eigs: [1.27303705e+10 1.54196001e+10 1.80406745e+10 2.24912032e+10
 4.88055907e+10]
dt_idx: 381, dt: 6113.9655294418335
Max variance at index 116: 28539810656.26832
Pp max index: 116, value: 28539810656.26832
Pp max diag: 28539810656.26832
log_likelihood: [[-6.48638129]], y: [[0.00097053]], cov: [[68520.31273695]]
Pp eigs: [1.28649984e+10 1.56048527e+10 1.79870067e+10 2.30809276e+10
 5.56217627e+10]
dt_idx: 382, dt: 2980.734477043152
Max variance at index 68: 17702791639.886433
Pp max index: 68, value: 17702791639.886433
Pp max diag: 17702791639.886433
log_likelihood: [[nan]], y: [[-0.00090758]], cov: [[-208084.16505247]]
Pp eigs: [1.15414062e+10 1.55932386e+10 1.85878108e+10 2.36396169e+10
 3.11047727e+10]
dt_idx: 383, dt: 3769.045078277588
Max variance at index 68: 17699473685.360214
Pp max index: 68, value: 17699473685.360214
Pp max diag: 17699473685.360214
log_likelihood: [[nan]], y: [[-6.01237711e-06]], cov: [[-9418.29449133]]
Pp eigs: [1.23264065e+10 1.51196868e+10 1.92362854e+10 2.41031152e+10
 3.55947579e+10]
dt_idx: 384, dt: 20607.54185295105
Max variance at index 68: 17643862664.356327
Pp max index: 68, value: 17643862664.356327
Pp max diag: 17643862664.356327
log_likelihood: [[-6.55497935]], y: [[-0.00171589]], cov: [[78596.43642532]]
Pp eigs: [1.26046645e+10 1.56838758e+10 1.92646057e+10 2.44011953e+10
 3.91543595e+10]
dt_idx: 385, dt: 3543.537763595581
Max variance at index 68: 17651666054.314087
Pp max index: 68, value: 17651666054.314087
Pp max diag: 17651666054.314087
log_likelihood: [[nan]], y: [[0.0009232]], cov: [[-124375.50028501]]
Pp eigs: [1.17219418e+10 1.42652719e+10 1.71000753e+10 2.12476634e+10
 2.45542472e+10]
dt_idx: 386, dt: 15280.822996139526
Max variance at index 68: 17677462740.478073
Pp max index: 68, value: 17677462740.478073
Pp max diag: 17677462740.478073
log_likelihood: [[nan]], y: [[0.00034984]], cov: [[-47243.88097609]]
Pp eigs: [1.22776176e+10 1.41034073e+10 2.01603799e+10 2.29376564e+10
 5.25065119e+10]
dt_idx: 387, dt: 58135.46773147583
Max variance at index 116: 32090654475.498264
Pp max index: 116, value: 32090654475.498264
Pp max diag: 32090654475.498264
log_likelihood: [[-5.75093113]], y: [[-0.00025979]], cov: [[15740.38827338]]
Pp eigs: [1.30246695e+10 1.79234875e+10 1.96460469e+10 2.80521655e+10
 5.51565052e+10]
dt_idx: 388, dt: 3703.22536277771
Max variance at index 68: 18678540920.95899
Pp max index: 68, value: 18678540920.95899
Pp max diag: 18678540920.95899
log_likelihood: [[nan]], y: [[-0.00025984]], cov: [[-14427.6517112]]
Pp eigs: [1.24300694e+10 1.78109115e+10 1.96800799e+10 2.46750714e+10
 4.02956857e+10]
dt_idx: 389, dt: 7580.451937675476
Max variance at index 116: 49910027588.99438
Pp max index: 116, value: 49910027588.99438
Pp max diag: 49910027588.99438
log_likelihood: [[-6.1526143]], y: [[-9.41703865e-05]], cov: [[35149.0031122]]
Pp eigs: [1.27813133e+10 1.66383541e+10 1.95715283e+10 3.82550241e+10
 1.54352243e+11]
dt_idx: 390, dt: 886.3329277038574
Max variance at index 130: 28983905219.664234
Pp max index: 130, value: 28983905219.664234
Pp max diag: 28983905219.664234
log_likelihood: [[nan]], y: [[2.2589314e-05]], cov: [[-25530.37098559]]
Pp eigs: [1.27339487e+10 1.42268807e+10 1.95441049e+10 4.65737259e+10
 7.09309256e+10]
dt_idx: 391, dt: 45270.63994884491
Max variance at index 130: 31974307864.698387
Pp max index: 130, value: 31974307864.698387
Pp max diag: 31974307864.698387
log_likelihood: [[-5.52313351]], y: [[0.00134834]], cov: [[9980.51474931]]
Pp eigs: [1.32374069e+10 1.62363895e+10 2.28214522e+10 4.94700558e+10
 6.95486220e+10]
dt_idx: 392, dt: 10437.976866722107
Max variance at index 80: 52397814914.50408
Pp max index: 80, value: 52397814914.50408
Pp max diag: 52397814914.50408
log_likelihood: [[nan]], y: [[-0.02854945]], cov: [[-7477850.14429764]]
Pp eigs: [1.26226896e+10 1.62223045e+10 2.41486582e+10 5.21267923e+10
 8.68753549e+11]
dt_idx: 393, dt: 5123.278769493103
Max variance at index 116: 5918430469657.521
Pp max index: 116, value: 5918430469657.521
Pp max diag: 5918430469657.521
log_likelihood: [[nan]], y: [[-0.00082]], cov: [[-25851.52208668]]
Pp eigs: [1.27289775e+10 1.70634931e+10 2.42164077e+10 7.20160945e+10
 1.23794537e+13]
dt_idx: 394, dt: 51610.01269245148
Max variance at index 116: 7688890542577.641
Pp max index: 116, value: 7688890542577.641
Pp max diag: 7688890542577.641
log_likelihood: [[-8.97243134]], y: [[0.03133374]], cov: [[9889514.42679305]]
Pp eigs: [1.47250639e+10 1.71161569e+10 2.39865223e+10 7.71318081e+10
 1.65582820e+13]
dt_idx: 395, dt: 2166020.0085115433
Max variance at index 116: 497298000077.4123
Pp max index: 116, value: 497298000077.4123
Pp max diag: 497298000077.4123
log_likelihood: [[nan]], y: [[0.00050774]], cov: [[-449.11045092]]
Pp eigs: [1.43540605e+10 1.95431451e+10 2.60683768e+10 6.36894895e+10
 1.16244298e+12]
dt_idx: 396, dt: 11757.770186424255
Max variance at index 116: 6331119725659.605
Pp max index: 116, value: 6331119725659.605
Pp max diag: 6331119725659.605
log_likelihood: [[-8.35977573]], y: [[0.02122774]], cov: [[2904217.04991931]]
Pp eigs: [1.45332448e+10 1.93235144e+10 2.57942632e+10 6.12676194e+10
 1.58237997e+13]
dt_idx: 397, dt: 3966.5740365982056
Max variance at index 120: 96434241914.93237
Pp max index: 120, value: 96434241914.93237
Pp max diag: 96434241914.93237
log_likelihood: [[nan]], y: [[0.02262215]], cov: [[-2815475.0938086]]
Pp eigs: [1.44008351e+10 1.93170205e+10 2.54923162e+10 3.90315603e+10
 6.91572472e+11]
dt_idx: 398, dt: 17595.766654014587
Max variance at index 116: 3951126600297.4067
Pp max index: 116, value: 3951126600297.4067
Pp max diag: 3951126600297.4067
log_likelihood: [[-7.0940403]], y: [[-0.00510745]], cov: [[231007.05565222]]
Pp eigs: [1.56601743e+10 1.95659442e+10 2.64954261e+10 1.06485167e+11
 9.09606392e+12]
dt_idx: 399, dt: 53695.97673511505
Max variance at index 124: 66826551677.66143
Pp max index: 124, value: 66826551677.66143
Pp max diag: 66826551677.66143
log_likelihood: [[-4.82957663]], y: [[0.00412393]], cov: [[2493.08501676]]
Pp eigs: [1.42898295e+10 2.03321529e+10 2.57837089e+10 2.14262005e+11
 3.87025490e+11]
dt_idx: 400, dt: 3883.2291412353516
Max variance at index 124: 5355873048185.085
Pp max index: 124, value: 5355873048185.085
Pp max diag: 5355873048185.085
log_likelihood: [[-10.82369891]], y: [[0.24022351]], cov: [[4.01019554e+08]]
Pp eigs: [1.42034502e+10 1.96547691e+10 2.56055143e+10 2.19652246e+11
 3.88522335e+13]
dt_idx: 401, dt: 1676.8718357086182
Max variance at index 124: 3245674035845.177
Pp max index: 124, value: 3245674035845.177
Pp max diag: 3245674035845.177
log_likelihood: [[-10.7371619]], y: [[-1.23798064]], cov: [[3.37287662e+08]]
Pp eigs: [1.42018361e+10 1.96349242e+10 2.55912348e+10 2.14907081e+11
 3.00895818e+13]
dt_idx: 402, dt: 13259.374422073364
Max variance at index 72: 645256075122.2024
Pp max index: 72, value: 645256075122.2024
Pp max diag: 645256075122.2024
log_likelihood: [[nan]], y: [[-0.17425931]], cov: [[-36040809.14473508]]
Pp eigs: [1.42124470e+10 1.96330254e+10 2.55863132e+10 2.14083124e+11
 4.56481459e+12]
dt_idx: 403, dt: 2014.1609935760498
Max variance at index 72: 494787569809.06525
Pp max index: 72, value: 494787569809.06525
Pp max diag: 494787569809.06525
log_likelihood: [[nan]], y: [[-0.01956305]], cov: [[-6743.27099502]]
Pp eigs: [1.42140854e+10 1.96356396e+10 2.55898270e+10 2.14908025e+11
 4.45342998e+12]
dt_idx: 404, dt: 1883.933964729309
Max variance at index 116: 391615119023382.8
Pp max index: 116, value: 391615119023382.8
Pp max diag: 391615119023382.8
log_likelihood: [[-11.18903129]], y: [[6.30456356]], cov: [[8.32701224e+08]]
Pp eigs: [1.42121401e+10 1.98031258e+10 2.57936479e+10 2.04650572e+11
 1.60757455e+15]
dt_idx: 405, dt: 4138.940093040466
Max variance at index 128: 1756754745625.6182
Pp max index: 128, value: 1756754745625.6182
Pp max diag: 1756754745625.6182
log_likelihood: [[nan]], y: [[0.21444295]], cov: [[-3249845.72075738]]
Pp eigs: [1.42156092e+10 1.98113890e+10 2.57986366e+10 2.04139989e+11
 2.08613309e+13]
dt_idx: 406, dt: 1108.5266799926758
Max variance at index 72: 2552392485897.094
Pp max index: 72, value: 2552392485897.094
Pp max diag: 2552392485897.094
log_likelihood: [[-9.61166582]], y: [[-0.21143993]], cov: [[35514604.58235385]]
Pp eigs: [1.42194636e+10 1.98131882e+10 2.63301165e+10 2.04583626e+11
 2.52875557e+13]
dt_idx: 407, dt: 2272.024522781372
Max variance at index 72: 2012259978461.5476
Pp max index: 72, value: 2012259978461.5476
Pp max diag: 2012259978461.5476
log_likelihood: [[nan]], y: [[-0.34494525]], cov: [[-15321206.31359104]]
Pp eigs: [1.42203364e+10 1.98148984e+10 2.63144223e+10 2.02816274e+11
 1.45139109e+13]
dt_idx: 408, dt: 3565.8576889038086
Max variance at index 122: 1309998314078.6362
Pp max index: 122, value: 1309998314078.6362
Pp max diag: 1309998314078.6362
log_likelihood: [[-8.63861659]], y: [[-0.10780986]], cov: [[5072559.619043]]
Pp eigs: [1.42243375e+10 1.98223085e+10 2.62824078e+10 2.00592567e+11
 1.11160626e+13]
dt_idx: 409, dt: 16238.194828987122
Max variance at index 104: 32362341004.177162
Pp max index: 104, value: 32362341004.177162
Pp max diag: 32362341004.177162
log_likelihood: [[-7.36349864]], y: [[0.00322136]], cov: [[395980.48690413]]
Pp eigs: [1.42451214e+10 1.48133630e+10 2.14461435e+10 2.76687819e+10
 2.10199891e+11]
dt_idx: 410, dt: 7007.2207107543945
Max variance at index 104: 34135993427.688187
Pp max index: 104, value: 34135993427.688187
Pp max diag: 34135993427.688187
log_likelihood: [[-7.78899883]], y: [[-0.00356576]], cov: [[927381.77853028]]
Pp eigs: [1.46053895e+10 1.51761765e+10 2.12184728e+10 2.90767969e+10
 2.45362069e+11]
dt_idx: 411, dt: 5455.421211242676
Max variance at index 68: 26679273534.17518
Pp max index: 68, value: 26679273534.17518
Pp max diag: 26679273534.17518
log_likelihood: [[nan]], y: [[0.00433959]], cov: [[-1119735.97275947]]
Pp eigs: [1.46085437e+10 1.50309585e+10 2.13147233e+10 2.84303653e+10
 2.32255682e+11]
dt_idx: 412, dt: 23615.115758895874
Max variance at index 68: 26877179443.211315
Pp max index: 68, value: 26877179443.211315
Pp max diag: 26877179443.211315
log_likelihood: [[nan]], y: [[-0.00898844]], cov: [[-1463366.77828554]]
Pp eigs: [1.49422727e+10 1.53202158e+10 2.13332567e+10 2.85684157e+10
 2.39443141e+11]
dt_idx: 413, dt: 13487.479453086853
Max variance at index 116: 108400129291.83086
Pp max index: 116, value: 108400129291.83086
Pp max diag: 108400129291.83086
log_likelihood: [[-8.82067316]], y: [[0.00649681]], cov: [[7300615.81037111]]
Pp eigs: [1.51895093e+10 1.98125843e+10 2.66444440e+10 1.82064765e+11
 2.52254214e+11]
dt_idx: 414, dt: 2618.5413942337036
Max variance at index 116: 39844584638.42427
Pp max index: 116, value: 39844584638.42427
Pp max diag: 39844584638.42427
log_likelihood: [[-7.64064694]], y: [[-0.00360471]], cov: [[689289.6159841]]
Pp eigs: [1.47653843e+10 1.70775208e+10 2.21521329e+10 3.66624551e+10
 1.84413846e+11]
dt_idx: 415, dt: 105.38922309875488
Max variance at index 68: 21329876486.080452
Pp max index: 68, value: 21329876486.080452
Pp max diag: 21329876486.080452
log_likelihood: [[nan]], y: [[0.00018621]], cov: [[-96062.13156462]]
Pp eigs: [1.45539810e+10 1.82858073e+10 2.28249464e+10 3.01155831e+10
 8.90555486e+10]
dt_idx: 416, dt: 10151.228147506714
Max variance at index 116: 68098373304.41828
Pp max index: 116, value: 68098373304.41828
Pp max diag: 68098373304.41828
log_likelihood: [[nan]], y: [[-0.00064621]], cov: [[-873664.45067563]]
Pp eigs: [1.45486821e+10 1.95125984e+10 2.29498008e+10 6.35404502e+10
 2.03898688e+11]
dt_idx: 417, dt: 15667.052425384521
Max variance at index 116: 92581995734.23334
Pp max index: 116, value: 92581995734.23334
Pp max diag: 92581995734.23334
log_likelihood: [[nan]], y: [[-0.00038849]], cov: [[-46213.8082282]]
Pp eigs: [1.68956666e+10 1.89029421e+10 2.23998196e+10 5.60121374e+10
 1.37710899e+11]
dt_idx: 418, dt: 13075.3491563797
Max variance at index 116: 209862585195.1588
Pp max index: 116, value: 209862585195.1588
Pp max diag: 209862585195.1588
log_likelihood: [[nan]], y: [[-0.00279713]], cov: [[-2136952.42715692]]
Pp eigs: [1.69314006e+10 1.72939449e+10 2.13763589e+10 9.17398509e+10
 3.64879395e+11]
dt_idx: 419, dt: 35579.59630870819
Max variance at index 116: 261452423622.9797
Pp max index: 116, value: 261452423622.9797
Pp max diag: 261452423622.9797
log_likelihood: [[-7.00962481]], y: [[-1.60024993e-05]], cov: [[195120.4906834]]
Pp eigs: [1.69322420e+10 2.02118219e+10 2.20702970e+10 9.29841516e+10
 4.99047922e+11]
dt_idx: 420, dt: 17017.53604698181
Max variance at index 116: 181000993694.96002
Pp max index: 116, value: 181000993694.96002
Pp max diag: 181000993694.96002
log_likelihood: [[-6.23433273]], y: [[-0.00011332]], cov: [[41389.7439496]]
Pp eigs: [1.68268937e+10 2.02470715e+10 2.04625978e+10 4.73437255e+10
 2.79178319e+11]
dt_idx: 421, dt: 13303.571564674377
Max variance at index 124: 22043622263.9027
Pp max index: 124, value: 22043622263.9027
Pp max diag: 22043622263.9027
log_likelihood: [[-7.30942779]], y: [[0.00088565]], cov: [[355392.64686746]]
Pp eigs: [1.49496622e+10 1.78830874e+10 2.09148255e+10 2.30930014e+10
 1.05836844e+11]
dt_idx: 422, dt: 7176.882172584534
Max variance at index 124: 19804809402.189945
Pp max index: 124, value: 19804809402.189945
Pp max diag: 19804809402.189945
log_likelihood: [[nan]], y: [[6.68963816e-05]], cov: [[-10728.52756049]]
Pp eigs: [1.45278927e+10 1.67400209e+10 2.14850851e+10 2.54069777e+10
 7.49628075e+10]
dt_idx: 423, dt: 4283.825168609619
Max variance at index 124: 28906454477.71842
Pp max index: 124, value: 28906454477.71842
Pp max diag: 28906454477.71842
log_likelihood: [[-5.91643843]], y: [[-4.11685645e-05]], cov: [[21916.60391257]]
Pp eigs: [1.38590427e+10 1.77946793e+10 2.13731402e+10 2.45582989e+10
 1.08126260e+11]
dt_idx: 424, dt: 2667.3166847229004
Max variance at index 116: 112234685507.03343
Pp max index: 116, value: 112234685507.03343
Pp max diag: 112234685507.03343
log_likelihood: [[-6.5158493]], y: [[0.00023807]], cov: [[72680.0004758]]
Pp eigs: [1.37048699e+10 1.76362626e+10 2.16331168e+10 2.77684886e+10
 2.09629636e+11]
dt_idx: 425, dt: 15114.879510879517
Max variance at index 124: 18408206591.837803
Pp max index: 124, value: 18408206591.837803
Pp max diag: 18408206591.837803
log_likelihood: [[nan]], y: [[0.00186821]], cov: [[-848969.08587396]]
Pp eigs: [1.28888219e+10 1.77387801e+10 2.20257040e+10 2.38235698e+10
 1.17726183e+11]
dt_idx: 426, dt: 18409.66657447815
Max variance at index 116: 64616547467.71018
Pp max index: 116, value: 64616547467.71018
Pp max diag: 64616547467.71018
log_likelihood: [[nan]], y: [[-0.00011613]], cov: [[-2146.42583991]]
Pp eigs: [1.31188568e+10 1.80711439e+10 1.85320794e+10 2.57992774e+10
 1.08812280e+11]
dt_idx: 427, dt: 22613.236687660217
Max variance at index 116: 60390947601.76622
Pp max index: 116, value: 60390947601.76622
Pp max diag: 60390947601.76622
log_likelihood: [[-6.73736752]], y: [[0.00023858]], cov: [[113193.94764242]]
Pp eigs: [1.35457354e+10 1.80926106e+10 1.88472016e+10 2.86866823e+10
 1.00498247e+11]
dt_idx: 428, dt: 2266986.883167267
Max variance at index 116: 51011388313.988144
Pp max index: 116, value: 51011388313.988144
Pp max diag: 51011388313.988144
log_likelihood: [[nan]], y: [[-0.00027906]], cov: [[-166576.28487935]]
Pp eigs: [1.54656551e+10 1.84066291e+10 2.10770041e+10 2.74653750e+10
 9.04197622e+10]
dt_idx: 429, dt: 14838.895184516907
Max variance at index 116: 50655028387.39276
Pp max index: 116, value: 50655028387.39276
Pp max diag: 50655028387.39276
log_likelihood: [[-5.98237855]], y: [[-0.00048617]], cov: [[25006.22406526]]
Pp eigs: [1.61566014e+10 1.97065877e+10 2.14751333e+10 2.91547814e+10
 9.00394020e+10]
dt_idx: 430, dt: 23865.603185653687
Max variance at index 116: 32734721590.360912
Pp max index: 116, value: 32734721590.360912
Pp max diag: 32734721590.360912
log_likelihood: [[-5.73805596]], y: [[-7.55720575e-05]], cov: [[15340.24218328]]
Pp eigs: [1.62910150e+10 2.02967924e+10 2.14389231e+10 2.91838796e+10
 8.60630472e+10]
dt_idx: 431, dt: 1433.2196216583252
Max variance at index 68: 24120902055.931843
Pp max index: 68, value: 24120902055.931843
Pp max diag: 24120902055.931843
log_likelihood: [[nan]], y: [[-0.00089135]], cov: [[-50505.43150767]]
Pp eigs: [1.67365094e+10 2.08611929e+10 2.17218152e+10 2.90268819e+10
 7.74964294e+10]
dt_idx: 432, dt: 15554.519138336182
Max variance at index 130: 29387020978.121365
Pp max index: 130, value: 29387020978.121365
Pp max diag: 29387020978.121365
log_likelihood: [[-6.64196388]], y: [[0.00136226]], cov: [[93531.23173801]]
Pp eigs: [1.72204759e+10 2.12549713e+10 2.35462370e+10 3.02735015e+10
 1.24996960e+11]
dt_idx: 433, dt: 2982.5936908721924
Max variance at index 68: 23119478833.311092
Pp max index: 68, value: 23119478833.311092
Pp max diag: 23119478833.311092
log_likelihood: [[nan]], y: [[-6.97949891e-05]], cov: [[-5550.11617369]]
Pp eigs: [1.69671608e+10 1.97209911e+10 2.32351160e+10 2.57409270e+10
 3.62647635e+10]
dt_idx: 434, dt: 3163.164361000061
Max variance at index 68: 21773707860.44323
Pp max index: 68, value: 21773707860.44323
Pp max diag: 21773707860.44323
log_likelihood: [[nan]], y: [[0.00155433]], cov: [[-89080.95129116]]
Pp eigs: [1.74806582e+10 1.95604021e+10 2.30505452e+10 2.44202701e+10
 3.26945518e+10]
dt_idx: 435, dt: 1735.2536239624023
Max variance at index 116: 114051887144.3902
Pp max index: 116, value: 114051887144.3902
Pp max diag: 114051887144.3902
log_likelihood: [[-7.306619]], y: [[0.00165711]], cov: [[353401.79798407]]
Pp eigs: [1.79615996e+10 1.95134418e+10 2.41429490e+10 3.10875207e+10
 2.34728363e+11]
dt_idx: 436, dt: 2555.1151371002197
Max variance at index 130: 64787759238.77697
Pp max index: 130, value: 64787759238.77697
Pp max diag: 64787759238.77697
log_likelihood: [[-7.38954547]], y: [[0.00108768]], cov: [[417155.31196725]]
Pp eigs: [1.73543418e+10 1.80629129e+10 2.27787195e+10 3.10154191e+10
 1.72798142e+11]
dt_idx: 437, dt: 3528.628504753113
Max variance at index 130: 66107198997.555084
Pp max index: 130, value: 66107198997.555084
Pp max diag: 66107198997.555084
log_likelihood: [[nan]], y: [[-0.0004139]], cov: [[-21218.14497384]]
Pp eigs: [1.69489855e+10 1.83985309e+10 2.23050691e+10 3.10346802e+10
 1.69112870e+11]
dt_idx: 438, dt: 17342.73158931732
Max variance at index 116: 81889944451.94695
Pp max index: 116, value: 81889944451.94695
Pp max diag: 81889944451.94695
log_likelihood: [[-6.46474879]], y: [[-0.00037731]], cov: [[65618.9970411]]
Pp eigs: [1.81972296e+10 2.12106060e+10 2.66558202e+10 4.68515453e+10
 2.07872146e+11]
dt_idx: 439, dt: 12109.861983299255
Max variance at index 116: 68966183129.60623
Pp max index: 116, value: 68966183129.60623
Pp max diag: 68966183129.60623
log_likelihood: [[-7.11313514]], y: [[0.00202377]], cov: [[239999.76299464]]
Pp eigs: [1.81476333e+10 2.12220323e+10 2.66349273e+10 4.85426729e+10
 1.89860305e+11]
dt_idx: 440, dt: 2275.4594583511353
Max variance at index 130: 36121486525.798386
Pp max index: 130, value: 36121486525.798386
Pp max diag: 36121486525.798386
log_likelihood: [[-6.29072957]], y: [[0.00038145]], cov: [[46331.71897443]]
Pp eigs: [1.57435600e+10 1.89974147e+10 2.23317707e+10 2.71873144e+10
 9.73720816e+10]
dt_idx: 441, dt: 211.6968994140625
Max variance at index 116: 19196473061.624477
Pp max index: 116, value: 19196473061.624477
Pp max diag: 19196473061.624477
log_likelihood: [[-6.42174715]], y: [[0.00067167]], cov: [[60211.41512345]]
Pp eigs: [1.56896418e+10 1.79171648e+10 2.49373383e+10 2.96776850e+10
 5.49871302e+10]
dt_idx: 442, dt: 425.39854621887207
Max variance at index 116: 19080904060.90717
Pp max index: 116, value: 19080904060.90717
Pp max diag: 19080904060.90717
log_likelihood: [[nan]], y: [[0.00174938]], cov: [[-431151.6361297]]
Pp eigs: [1.53023988e+10 1.61555070e+10 2.15508315e+10 2.64683017e+10
 3.87246265e+10]
dt_idx: 443, dt: 7429.486906051636
Max variance at index 116: 22688909722.584595
Pp max index: 116, value: 22688909722.584595
Pp max diag: 22688909722.584595
log_likelihood: [[nan]], y: [[0.00027687]], cov: [[-27619.54754875]]
Pp eigs: [1.51262791e+10 1.64766215e+10 2.35593953e+10 2.86179756e+10
 6.44669930e+10]
dt_idx: 444, dt: 2549.502715110779
Max variance at index 116: 29950813831.28573
Pp max index: 116, value: 29950813831.28573
Pp max diag: 29950813831.28573
log_likelihood: [[-5.32750148]], y: [[2.46428554e-05]], cov: [[6748.839847]]
Pp eigs: [1.55217405e+10 1.66255517e+10 2.43587256e+10 2.82290357e+10
 6.08340335e+10]
dt_idx: 445, dt: 1388.6546258926392
Max variance at index 108: 30502680952.66379
Pp max index: 108, value: 30502680952.66379
Pp max diag: 30502680952.66379
log_likelihood: [[nan]], y: [[0.00067454]], cov: [[-252558.79216218]]
Pp eigs: [1.62539174e+10 1.92131715e+10 2.70352293e+10 3.08420105e+10
 2.43858463e+11]
dt_idx: 446, dt: 15892.77087020874
Max variance at index 116: 171498366594.7546
Pp max index: 116, value: 171498366594.7546
Pp max diag: 171498366594.7546
log_likelihood: [[-8.17645368]], y: [[0.00012125]], cov: [[2012785.81860296]]
Pp eigs: [1.80865089e+10 1.96353043e+10 2.67914300e+10 4.18577055e+10
 7.83287661e+11]
dt_idx: 447, dt: 5987.114015579224
Max variance at index 116: 141781130133.05438
Pp max index: 116, value: 141781130133.05438
Pp max diag: 141781130133.05438
log_likelihood: [[nan]], y: [[0.00379108]], cov: [[-637885.56349349]]
Pp eigs: [1.74763017e+10 1.95766434e+10 2.53711138e+10 4.19208532e+10
 4.62147663e+11]
dt_idx: 448, dt: 6367.535360336304
Max variance at index 116: 369108118303.14465
Pp max index: 116, value: 369108118303.14465
Pp max diag: 369108118303.14465
log_likelihood: [[-7.24881079]], y: [[0.00282754]], cov: [[314816.28278452]]
Pp eigs: [1.93186869e+10 2.53147912e+10 3.80868772e+10 4.05213774e+11
 1.17897419e+12]
dt_idx: 449, dt: 1802.6071367263794
Max variance at index 130: 190511666172.25446
Pp max index: 130, value: 190511666172.25446
Pp max diag: 190511666172.25446
log_likelihood: [[-7.26335743]], y: [[0.0018851]], cov: [[324109.85673419]]
Pp eigs: [1.59696288e+10 2.13235182e+10 2.62385475e+10 4.12097131e+10
 1.13860288e+12]
dt_idx: 450, dt: 6245.560925483704
Max variance at index 100: 46112863825.08656
Pp max index: 100, value: 46112863825.08656
Pp max diag: 46112863825.08656
log_likelihood: [[-7.22981729]], y: [[0.00366387]], cov: [[303081.65051694]]
Pp eigs: [1.57450433e+10 1.99160530e+10 2.57246222e+10 3.81334873e+10
 3.01976333e+11]
dt_idx: 451, dt: 6015.210737228394
Max variance at index 68: 27712987026.633686
Pp max index: 68, value: 27712987026.633686
Pp max diag: 27712987026.633686
log_likelihood: [[-5.14442806]], y: [[-0.00086396]], cov: [[4679.65213397]]
Pp eigs: [1.93553862e+10 2.23540825e+10 2.80897047e+10 3.40478984e+10
 7.45738913e+10]
dt_idx: 452, dt: 1277.694486618042
Max variance at index 130: 93573975069.48387
Pp max index: 130, value: 93573975069.48387
Pp max diag: 93573975069.48387
log_likelihood: [[nan]], y: [[-0.00390717]], cov: [[-550086.91617774]]
Pp eigs: [1.76016768e+10 2.00556611e+10 2.51502851e+10 3.98403249e+10
 2.68639183e+11]
dt_idx: 453, dt: 4226.10661315918
Max variance at index 68: 25545527798.46733
Pp max index: 68, value: 25545527798.46733
Pp max diag: 25545527798.46733
log_likelihood: [[-7.94855959]], y: [[0.00073796]], cov: [[1276001.75933138]]
Pp eigs: [1.56940108e+10 1.95726394e+10 2.20810037e+10 4.70726856e+10
 7.01957104e+10]
dt_idx: 454, dt: 2564.310933113098
Max variance at index 68: 24972715620.995884
Pp max index: 68, value: 24972715620.995884
Pp max diag: 24972715620.995884
log_likelihood: [[nan]], y: [[0.00068798]], cov: [[-1774.31352659]]
Pp eigs: [1.56042026e+10 1.93950757e+10 2.21221808e+10 4.27697757e+10
 6.86572508e+10]
dt_idx: 455, dt: 11051.894617080688
Max variance at index 116: 6702099493569.917
Pp max index: 116, value: 6702099493569.917
Pp max diag: 6702099493569.917
log_likelihood: [[-9.23434118]], y: [[-0.11789397]], cov: [[16698096.47599574]]
Pp eigs: [1.66224591e+10 1.98876810e+10 2.20088465e+10 3.11843526e+10
 1.43551242e+13]
dt_idx: 456, dt: 2274.348695755005
Max variance at index 108: 35874227459.53253
Pp max index: 108, value: 35874227459.53253
Pp max diag: 35874227459.53253
log_likelihood: [[-7.73395225]], y: [[0.00715164]], cov: [[830702.85985055]]
Pp eigs: [1.69382706e+10 1.87649054e+10 2.07923021e+10 3.17595851e+10
 3.95434502e+11]
dt_idx: 457, dt: 3825.5798835754395
Max variance at index 108: 35218369430.23953
Pp max index: 108, value: 35218369430.23953
Pp max diag: 35218369430.23953
log_likelihood: [[-7.4250459]], y: [[0.00225036]], cov: [[447850.49084208]]
Pp eigs: [1.73244233e+10 2.00704606e+10 2.20552307e+10 3.78791906e+10
 3.31400033e+11]
dt_idx: 458, dt: 12020.05997467041
Max variance at index 108: 39228667012.70157
Pp max index: 108, value: 39228667012.70157
Pp max diag: 39228667012.70157
log_likelihood: [[nan]], y: [[0.03280117]], cov: [[-10222363.2536574]]
Pp eigs: [1.65848537e+10 1.95831356e+10 2.49943824e+10 4.58037252e+10
 3.84131803e+11]
dt_idx: 459, dt: 22582.26327610016
Max variance at index 116: 506343818078.77625
Pp max index: 116, value: 506343818078.77625
Pp max diag: 506343818078.77625
log_likelihood: [[nan]], y: [[-0.01687121]], cov: [[-2120700.12898398]]
Pp eigs: [1.75480436e+10 2.07587552e+10 2.50124121e+10 4.49395508e+10
 1.15527172e+12]
dt_idx: 460, dt: 8886.462547302246
Max variance at index 116: 500380848770.5821
Pp max index: 116, value: 500380848770.5821
Pp max diag: 500380848770.5821
log_likelihood: [[nan]], y: [[-0.0044059]], cov: [[-31152.2245731]]
Pp eigs: [1.93246576e+10 2.27299843e+10 2.70979208e+10 7.15663421e+10
 1.13174949e+12]
dt_idx: 461, dt: 2391386.0812749863
Max variance at index 116: 486206272639.37463
Pp max index: 116, value: 486206272639.37463
Pp max diag: 486206272639.37463
log_likelihood: [[nan]], y: [[0.01463437]], cov: [[-51762.83422703]]
Pp eigs: [2.10532123e+10 2.95355344e+10 3.49308035e+10 2.78760986e+11
 1.01837593e+12]
dt_idx: 462, dt: 15832.278303146362
Max variance at index 116: 1197531995413.7517
Pp max index: 116, value: 1197531995413.7517
Pp max diag: 1197531995413.7517
log_likelihood: [[-8.17196933]], y: [[0.04997886]], cov: [[1994814.44304797]]
Pp eigs: [2.09497780e+10 2.95985559e+10 3.29031931e+10 3.79187573e+11
 7.19831102e+12]
dt_idx: 463, dt: 6132.136940956116
Max variance at index 104: 2213470645521.8223
Pp max index: 104, value: 2213470645521.8223
Pp max diag: 2213470645521.8223
log_likelihood: [[-8.4854986]], y: [[0.06676508]], cov: [[3734483.68178963]]
Pp eigs: [2.18907830e+10 3.17738044e+10 3.54930238e+10 8.26782184e+11
 7.82559181e+12]
dt_idx: 464, dt: 8640.238962173462
Max variance at index 116: 487275537211.87384
Pp max index: 116, value: 487275537211.87384
Pp max diag: 487275537211.87384
log_likelihood: [[nan]], y: [[0.01350111]], cov: [[-1221401.95742681]]
Pp eigs: [1.90003853e+10 2.26179331e+10 3.40777439e+10 3.56873618e+10
 9.22756693e+11]
dt_idx: 465, dt: 1352.1897535324097
Max variance at index 116: 1284760222460.1572
Pp max index: 116, value: 1284760222460.1572
Pp max diag: 1284760222460.1572
log_likelihood: [[-8.87506887]], y: [[0.02144783]], cov: [[8139673.87675264]]
Pp eigs: [2.19457558e+10 3.11102446e+10 3.55126282e+10 5.19813771e+11
 3.05681664e+12]
dt_idx: 466, dt: 4463.176728248596
Max variance at index 116: 473888124560.698
Pp max index: 116, value: 473888124560.698
Pp max diag: 473888124560.698
log_likelihood: [[-7.68488722]], y: [[-0.0047239]], cov: [[753057.88757866]]
Pp eigs: [2.08441222e+10 3.11047718e+10 3.36551945e+10 9.00069161e+10
 8.61637951e+11]
dt_idx: 467, dt: 3385.0910215377808
Max variance at index 116: 689513230451.9495
Pp max index: 116, value: 689513230451.9495
Pp max diag: 689513230451.9495
log_likelihood: [[-8.46352387]], y: [[0.00866188]], cov: [[3573909.54448218]]
Pp eigs: [2.09792414e+10 3.10419349e+10 3.53351036e+10 1.17740264e+11
 1.16529604e+12]
dt_idx: 468, dt: 25258.642072677612
Max variance at index 104: 61426619819.27819
Pp max index: 104, value: 61426619819.27819
Pp max diag: 61426619819.27819
log_likelihood: [[-8.48515935]], y: [[-0.01606582]], cov: [[3731950.6893157]]
Pp eigs: [1.97074102e+10 2.20563096e+10 3.34040575e+10 4.09767178e+10
 2.36453327e+11]
dt_idx: 469, dt: 10778.266392707825
Max variance at index 68: 43577512448.25396
Pp max index: 68, value: 43577512448.25396
Pp max diag: 43577512448.25396
log_likelihood: [[nan]], y: [[0.00025907]], cov: [[-8221.67253278]]
Pp eigs: [1.97611977e+10 2.08925633e+10 2.45714472e+10 3.88594559e+10
 6.58170954e+10]
dt_idx: 470, dt: 6704.55747795105
Max variance at index 116: 485491764252.5983
Pp max index: 116, value: 485491764252.5983
Pp max diag: 485491764252.5983
log_likelihood: [[-7.40313159]], y: [[-0.00745369]], cov: [[428645.75791766]]
Pp eigs: [1.79591156e+10 2.31035674e+10 2.88625912e+10 3.55772826e+10
 3.26036914e+12]
dt_idx: 471, dt: 1156.872947692871
Max variance at index 104: 1408546135463.1362
Pp max index: 104, value: 1408546135463.1362
Pp max diag: 1408546135463.1362
log_likelihood: [[nan]], y: [[-0.00418861]], cov: [[-2184033.75193082]]
Pp eigs: [1.80172816e+10 2.32188217e+10 3.06944012e+10 3.68875426e+10
 4.41153075e+12]
dt_idx: 472, dt: 1121.6885652542114
Max variance at index 104: 1840531622021.4807
Pp max index: 104, value: 1840531622021.4807
Pp max diag: 1840531622021.4807
log_likelihood: [[-8.84648937]], y: [[-0.06474391]], cov: [[7687465.31272339]]
Pp eigs: [1.81509639e+10 2.34120554e+10 3.24260346e+10 4.17960684e+10
 5.35191860e+12]
dt_idx: 473, dt: 18634.784152030945
Max variance at index 116: 70161415184644.04
Pp max index: 116, value: 70161415184644.04
Pp max diag: 70161415184644.04
log_likelihood: [[-9.83408915]], y: [[-0.34158043]], cov: [[55411694.68455328]]
Pp eigs: [1.81639824e+10 2.34927396e+10 3.24549859e+10 4.18729476e+10
 1.71249683e+14]
dt_idx: 474, dt: 3535.1969203948975
Max variance at index 106: 5794557097.522018
Pp max index: 106, value: 5794557097.522018
Pp max diag: 5794557097.522018
log_likelihood: [[nan]], y: [[-0.00228223]], cov: [[-254218.76958399]]
Pp eigs: [1.79076730e+10 2.30916144e+10 3.22340424e+10 4.16146976e+10
 1.36385736e+11]
dt_idx: 475, dt: 1593.5988988876343
Max variance at index 118: 11641248258.572395
Pp max index: 118, value: 11641248258.572395
Pp max diag: 11641248258.572395
log_likelihood: [[nan]], y: [[-0.0583357]], cov: [[-16748084.59102672]]
Pp eigs: [1.78960021e+10 2.30209909e+10 3.22222684e+10 4.15948190e+10
 1.74432925e+11]
dt_idx: 476, dt: 2336.031376838684
Max variance at index 116: 3986614108548.845
Pp max index: 116, value: 3986614108548.845
Pp max diag: 3986614108548.845
log_likelihood: [[-7.89180752]], y: [[0.01173268]], cov: [[1139087.41010021]]
Pp eigs: [1.87541866e+10 2.75960562e+10 3.33040829e+10 4.32729127e+10
 9.77582414e+12]
dt_idx: 477, dt: 2625.018900871277
Max variance at index 116: 167908691354.59146
Pp max index: 116, value: 167908691354.59146
Pp max diag: 167908691354.59146
log_likelihood: [[-6.66348883]], y: [[0.00152813]], cov: [[97645.66941443]]
Pp eigs: [1.71833578e+10 1.97438901e+10 3.08926476e+10 4.31839662e+10
 5.14199604e+11]
dt_idx: 478, dt: 13507.021978378296
Max variance at index 70: 15831794620.87918
Pp max index: 70, value: 15831794620.87918
Pp max diag: 15831794620.87918
log_likelihood: [[nan]], y: [[-0.00398408]], cov: [[-409191.02150253]]
Pp eigs: [1.70985082e+10 1.97913762e+10 3.04656089e+10 3.84178876e+10
 4.44897002e+10]
dt_idx: 479, dt: 5320.800650596619
Max variance at index 116: 70379625268.5832
Pp max index: 116, value: 70379625268.5832
Pp max diag: 70379625268.5832
log_likelihood: [[nan]], y: [[-0.00481872]], cov: [[-2602297.26163497]]
Pp eigs: [1.72968794e+10 2.66610726e+10 2.99369373e+10 3.90385385e+10
 1.48821882e+11]
dt_idx: 480, dt: 3240.596218109131
Max variance at index 116: 245840852621.1821
Pp max index: 116, value: 245840852621.1821
Pp max diag: 245840852621.1821
log_likelihood: [[nan]], y: [[0.00260005]], cov: [[-103501.54429241]]
Pp eigs: [2.03682349e+10 2.97197631e+10 3.48229376e+10 4.66161214e+10
 4.46150871e+11]
dt_idx: 481, dt: 1697.8749074935913
Max variance at index 116: 468099629318.5903
Pp max index: 116, value: 468099629318.5903
Pp max diag: 468099629318.5903
log_likelihood: [[-8.08208225]], y: [[-0.00747046]], cov: [[1666585.42191102]]
Pp eigs: [2.21583426e+10 3.00301016e+10 4.24227916e+10 4.78805154e+10
 9.36348643e+11]
dt_idx: 482, dt: 9204.297861099243
Max variance at index 116: 82294608768.02301
Pp max index: 116, value: 82294608768.02301
Pp max diag: 82294608768.02301
log_likelihood: [[nan]], y: [[-0.00089733]], cov: [[-64829.93646373]]
Pp eigs: [1.82965124e+10 2.32346592e+10 3.10224613e+10 4.33181173e+10
 1.31306944e+11]
dt_idx: 483, dt: 3322.254280090332
Max variance at index 116: 73423322376.568
Pp max index: 116, value: 73423322376.568
Pp max diag: 73423322376.568
log_likelihood: [[nan]], y: [[0.00030655]], cov: [[-27492.29076508]]
Pp eigs: [2.15719978e+10 3.01833890e+10 3.94198410e+10 4.25060162e+10
 1.18804716e+11]
dt_idx: 484, dt: 9780.85039806366
Max variance at index 116: 201030046141.8715
Pp max index: 116, value: 201030046141.8715
Pp max diag: 201030046141.8715
log_likelihood: [[nan]], y: [[-0.00090446]], cov: [[-37862.62545639]]
Pp eigs: [2.05031816e+10 2.70765288e+10 4.16219769e+10 4.54530545e+10
 4.04174074e+11]
dt_idx: 485, dt: 8005.213433265686
Max variance at index 116: 344889306915.91693
Pp max index: 116, value: 344889306915.91693
Pp max diag: 344889306915.91693
log_likelihood: [[-7.94232013]], y: [[-0.00221511]], cov: [[1260177.57287017]]
Pp eigs: [2.40891615e+10 2.92519116e+10 4.21439514e+10 5.08305749e+10
 6.39492147e+11]
dt_idx: 486, dt: 12511.321982383728
Max variance at index 116: 80332350183.34802
Pp max index: 116, value: 80332350183.34802
Pp max diag: 80332350183.34802
log_likelihood: [[-5.61779652]], y: [[0.00038027]], cov: [[12060.8020903]]
Pp eigs: [2.01980762e+10 2.79028826e+10 4.02773346e+10 5.03180041e+10
 1.15738079e+11]
dt_idx: 487, dt: 371.91002559661865
Max variance at index 68: 30863049869.074894
Pp max index: 68, value: 30863049869.074894
Pp max diag: 30863049869.074894
log_likelihood: [[-7.48836737]], y: [[0.0009312]], cov: [[508315.5389528]]
Pp eigs: [2.02273441e+10 3.00685087e+10 3.61821986e+10 5.56647957e+10
 9.71442436e+10]
dt_idx: 488, dt: 12868.932384490967
Max variance at index 68: 30626394356.702183
Pp max index: 68, value: 30626394356.702183
Pp max diag: 30626394356.702183
log_likelihood: [[-7.22836665]], y: [[-0.00016477]], cov: [[302203.59928331]]
Pp eigs: [1.95075801e+10 2.29780793e+10 3.11098441e+10 4.02042439e+10
 8.92197292e+10]
dt_idx: 489, dt: 685.2879276275635
Max variance at index 68: 30663079083.81446
Pp max index: 68, value: 30663079083.81446
Pp max diag: 30663079083.81446
log_likelihood: [[nan]], y: [[1.2566589e-05]], cov: [[-20371.9245376]]
Pp eigs: [1.95179367e+10 2.24532617e+10 2.55670738e+10 3.53767995e+10
 6.81058504e+10]
dt_idx: 490, dt: 2988.5556802749634
Max variance at index 100: 36441898865.66915
Pp max index: 100, value: 36441898865.66915
Pp max diag: 36441898865.66915
log_likelihood: [[-6.01210508]], y: [[0.00133044]], cov: [[26538.00398436]]
Pp eigs: [2.07555084e+10 2.30027010e+10 3.42363418e+10 6.68696187e+10
 1.32840858e+11]
dt_idx: 491, dt: 19381.92694377899
Max variance at index 68: 32986274347.378826
Pp max index: 68, value: 32986274347.378826
Pp max diag: 32986274347.378826
log_likelihood: [[nan]], y: [[0.00817849]], cov: [[-1009818.02361599]]
Pp eigs: [1.92230384e+10 2.28320885e+10 2.93983323e+10 5.32902331e+10
 8.48133377e+10]
dt_idx: 492, dt: 29511.368690490723
Max variance at index 116: 116309851169.42746
Pp max index: 116, value: 116309851169.42746
Pp max diag: 116309851169.42746
log_likelihood: [[-7.28450862]], y: [[-0.00113774]], cov: [[338114.59835781]]
Pp eigs: [2.08616776e+10 2.64495876e+10 3.25889354e+10 5.83337705e+10
 2.21201978e+11]
dt_idx: 493, dt: 10965.899460792542
Max variance at index 116: 110652674213.84453
Pp max index: 116, value: 110652674213.84453
Pp max diag: 110652674213.84453
log_likelihood: [[-6.38671581]], y: [[-0.00212438]], cov: [[56137.23230537]]
Pp eigs: [2.06034793e+10 2.37627049e+10 3.11475125e+10 4.76892786e+10
 1.76524459e+11]
dt_idx: 494, dt: 2287074.851958275
Max variance at index 116: 92403752884.00764
Pp max index: 116, value: 92403752884.00764
Pp max diag: 92403752884.00764
log_likelihood: [[nan]], y: [[-0.00315095]], cov: [[-293590.44197715]]
Pp eigs: [2.21378185e+10 2.40422933e+10 3.10345078e+10 4.13794687e+10
 1.38551422e+11]
dt_idx: 495, dt: 40898.14055633545
Max variance at index 116: 105865505265.79543
Pp max index: 116, value: 105865505265.79543
Pp max diag: 105865505265.79543
log_likelihood: [[nan]], y: [[0.00040494]], cov: [[-9450.6354789]]
Pp eigs: [2.20014993e+10 2.42949822e+10 3.23993656e+10 4.25982969e+10
 1.45046618e+11]
dt_idx: 496, dt: 3136.007571220398
Max variance at index 116: 105808555593.5917
Pp max index: 116, value: 105808555593.5917
Pp max diag: 105808555593.5917
log_likelihood: [[-3.33697131]], y: [[0.00018974]], cov: [[125.97274322]]
Pp eigs: [2.16983705e+10 2.78525268e+10 3.20927494e+10 3.91375969e+10
 1.45650937e+11]
dt_idx: 497, dt: 70.2069444656372
Max variance at index 124: 98957526547.61928
Pp max index: 124, value: 98957526547.61928
Pp max diag: 98957526547.61928
log_likelihood: [[nan]], y: [[-0.01367942]], cov: [[-1116731.34004954]]
Pp eigs: [2.31223052e+10 2.73126287e+10 3.31937186e+10 6.02609579e+10
 5.56763098e+11]
dt_idx: 498, dt: 26417.355690956116
Max variance at index 124: 156912184353.64038
Pp max index: 124, value: 156912184353.64038
Pp max diag: 156912184353.64038
log_likelihood: [[-6.89511937]], y: [[0.00561591]], cov: [[155183.20609601]]
Pp eigs: [2.34981181e+10 3.06740747e+10 3.33788638e+10 7.02720138e+10
 8.64077479e+11]
Log-likelihood: nan
Execution time: 6.5136 seconds
